### Starting TaskPrologue of job 304598 on h35-04 at Fri Mar 13 12:34:55 CET 2026
Running on cores 0-383 with governor performance
No GPU known
### Finished TaskPrologue

MPI startup(): Error: Could not open /usr/lib64/libpmi.so
Problems reading symbols for shepherd thread detection: No such device
PITTS: version v0.9.7-11-g58bc68d-dirty
PITTS: MPI #procs: 1
PITTS: OpenMP #threads: 384
PITTS: SIMD implementation: avx512
PITTS: Eigen SIMD implementation: AVX512, FMA, AVX2, AVX, SSE, SSE2, SSE3, SSSE3, SSE4.1, SSE4.2
PITTS: cache sizes (L1/core, L2/core, L3/accessible) [byte]: (49152, 1048576, 805306368)
PITTS: preprocessor definitions: PITTS_DIRECT_MKL_GEMM
wtime: 0.017303
Gramian M^TM wtime (not SYRK!): 0.789818
singular values (new):
4673.58
Difference to sqrt(Gramian eigenvalues): -6.45741e-11
Performance statistics:
function                                                                                                                                                                                       	 time [s]  	 #calls    	 GFlop/s DP	 GFlop/s SP	 GByte/s   	Flops/Byte
<PITTS::MultiVector<double>> :: void PITTS::block_TSQR(const MultiVector<T>&, Tensor2<T>&, int, bool, int) [with T = double](rows: 65536000, cols: 1, reductionFactor: 47, colBlockingSize: 16)	 0.0172695 	 50        	 387.564   	 0         	 1517.96   	 0.255319  
Timing statistics:
function                                                                                                                    	 time [s]  	 #calls    
<PITTS::MultiVector<double>> :: void PITTS::block_TSQR(const MultiVector<T>&, Tensor2<T>&, int, bool, int) [with T = double]	 0.0172695 	 50        
<PITTS::Tensor2<double>> :: void PITTS::Tensor2<T>::resize(long long int, long long int, bool) [with T = double]            	 1.8e-07   	 1         
MPI startup(): Error: Could not open /usr/lib64/libpmi.so
Problems reading symbols for shepherd thread detection: No such device
PITTS: version v0.9.7-11-g58bc68d-dirty
PITTS: MPI #procs: 1
PITTS: OpenMP #threads: 384
PITTS: SIMD implementation: avx512
PITTS: Eigen SIMD implementation: AVX512, FMA, AVX2, AVX, SSE, SSE2, SSE3, SSSE3, SSE4.1, SSE4.2
PITTS: cache sizes (L1/core, L2/core, L3/accessible) [byte]: (49152, 1048576, 805306368)
PITTS: preprocessor definitions: PITTS_DIRECT_MKL_GEMM
wtime: 0.0340791
Gramian M^TM wtime (not SYRK!): 0.818121
singular values (new):
3305.11 3304.96
Difference to sqrt(Gramian eigenvalues):  4.1382e-11 7.45786e-11
Performance statistics:
function                                                                                                                                                                                       	 time [s]  	 #calls    	 GFlop/s DP	 GFlop/s SP	 GByte/s   	Flops/Byte
<PITTS::MultiVector<double>> :: void PITTS::block_TSQR(const MultiVector<T>&, Tensor2<T>&, int, bool, int) [with T = double](rows: 32768000, cols: 2, reductionFactor: 47, colBlockingSize: 16)	 0.0340416 	 50        	 393.227   	 0         	 770.07    	 0.510638  
Timing statistics:
function                                                                                                                    	 time [s]  	 #calls    
<PITTS::MultiVector<double>> :: void PITTS::block_TSQR(const MultiVector<T>&, Tensor2<T>&, int, bool, int) [with T = double]	 0.0340416 	 50        
<PITTS::Tensor2<double>> :: void PITTS::Tensor2<T>::resize(long long int, long long int, bool) [with T = double]            	 5.5e-07   	 1         
MPI startup(): Error: Could not open /usr/lib64/libpmi.so
Problems reading symbols for shepherd thread detection: No such device
PITTS: version v0.9.7-11-g58bc68d-dirty
PITTS: MPI #procs: 1
PITTS: OpenMP #threads: 384
PITTS: SIMD implementation: avx512
PITTS: Eigen SIMD implementation: AVX512, FMA, AVX2, AVX, SSE, SSE2, SSE3, SSSE3, SSE4.1, SSE4.2
PITTS: cache sizes (L1/core, L2/core, L3/accessible) [byte]: (49152, 1048576, 805306368)
PITTS: preprocessor definitions: PITTS_DIRECT_MKL_GEMM
wtime: 0.046617
Gramian M^TM wtime (not SYRK!): 0.0130281
singular values (new):
2337.48 2337.04 2336.93 2336.04
Difference to sqrt(Gramian eigenvalues):            0            0  4.54747e-13 -4.54747e-13
Performance statistics:
function                                                                                                                                                                                       	 time [s]  	 #calls    	 GFlop/s DP	 GFlop/s SP	 GByte/s   	Flops/Byte
<PITTS::MultiVector<double>> :: void PITTS::block_TSQR(const MultiVector<T>&, Tensor2<T>&, int, bool, int) [with T = double](rows: 16384000, cols: 4, reductionFactor: 47, colBlockingSize: 16)	 0.0465811 	 50        	 574.743   	 0         	 562.77    	 1.02128   
Timing statistics:
function                                                                                                                    	 time [s]  	 #calls    
<PITTS::MultiVector<double>> :: void PITTS::block_TSQR(const MultiVector<T>&, Tensor2<T>&, int, bool, int) [with T = double]	 0.0465811 	 50        
<PITTS::Tensor2<double>> :: void PITTS::Tensor2<T>::resize(long long int, long long int, bool) [with T = double]            	 2.8e-07   	 1         
MPI startup(): Error: Could not open /usr/lib64/libpmi.so
Problems reading symbols for shepherd thread detection: No such device
PITTS: version v0.9.7-11-g58bc68d-dirty
PITTS: MPI #procs: 1
PITTS: OpenMP #threads: 384
PITTS: SIMD implementation: avx512
PITTS: Eigen SIMD implementation: AVX512, FMA, AVX2, AVX, SSE, SSE2, SSE3, SSSE3, SSE4.1, SSE4.2
PITTS: cache sizes (L1/core, L2/core, L3/accessible) [byte]: (49152, 1048576, 805306368)
PITTS: preprocessor definitions: PITTS_DIRECT_MKL_GEMM
wtime: 0.0700629
Gramian M^TM wtime (not SYRK!): 0.014473
singular values (new):
 1653.6 1652.92 1652.87  1652.4 1652.21 1651.89 1651.59 1651.41
Difference to sqrt(Gramian eigenvalues):  4.54747e-13            0 -2.27374e-13  2.27374e-13  2.27374e-13  2.27374e-13  2.27374e-13  4.54747e-13
Performance statistics:
function                                                                                                                                                                                      	 time [s]  	 #calls    	 GFlop/s DP	 GFlop/s SP	 GByte/s   	Flops/Byte
<PITTS::MultiVector<double>> :: void PITTS::block_TSQR(const MultiVector<T>&, Tensor2<T>&, int, bool, int) [with T = double](rows: 8192000, cols: 8, reductionFactor: 47, colBlockingSize: 16)	 0.0699585 	 50        	 765.372   	 0         	 374.714   	 2.04255   
Timing statistics:
function                                                                                                                    	 time [s]  	 #calls    
<PITTS::MultiVector<double>> :: void PITTS::block_TSQR(const MultiVector<T>&, Tensor2<T>&, int, bool, int) [with T = double]	 0.0699585 	 50        
<PITTS::Tensor2<double>> :: void PITTS::Tensor2<T>::resize(long long int, long long int, bool) [with T = double]            	 8.9e-07   	 1         
MPI startup(): Error: Could not open /usr/lib64/libpmi.so
Problems reading symbols for shepherd thread detection: No such device
PITTS: version v0.9.7-11-g58bc68d-dirty
PITTS: MPI #procs: 1
PITTS: OpenMP #threads: 384
PITTS: SIMD implementation: avx512
PITTS: Eigen SIMD implementation: AVX512, FMA, AVX2, AVX, SSE, SSE2, SSE3, SSSE3, SSE4.1, SSE4.2
PITTS: cache sizes (L1/core, L2/core, L3/accessible) [byte]: (49152, 1048576, 805306368)
PITTS: preprocessor definitions: PITTS_DIRECT_MKL_GEMM
wtime: 0.082689
Gramian M^TM wtime (not SYRK!): 0.0198889
singular values (new):
1350.68 1350.41 1349.86 1349.83 1349.42  1349.4  1349.1 1348.92 1348.73 1348.48  1348.1 1347.71
Difference to sqrt(Gramian eigenvalues): -2.27374e-13            0 -2.27374e-13  2.27374e-13  2.27374e-13            0 -2.27374e-13            0 -4.54747e-13 -2.27374e-13 -2.27374e-13 -4.54747e-13
Performance statistics:
function                                                                                                                                                                                       	 time [s]  	 #calls    	 GFlop/s DP	 GFlop/s SP	 GByte/s   	Flops/Byte
<PITTS::MultiVector<double>> :: void PITTS::block_TSQR(const MultiVector<T>&, Tensor2<T>&, int, bool, int) [with T = double](rows: 5461000, cols: 12, reductionFactor: 47, colBlockingSize: 16)	 0.0826441 	 50        	 971.776   	 0         	 317.177   	 3.06382   
Timing statistics:
function                                                                                                                    	 time [s]  	 #calls    
<PITTS::MultiVector<double>> :: void PITTS::block_TSQR(const MultiVector<T>&, Tensor2<T>&, int, bool, int) [with T = double]	 0.0826441 	 50        
<PITTS::Tensor2<double>> :: void PITTS::Tensor2<T>::resize(long long int, long long int, bool) [with T = double]            	 8.6e-07   	 1         
MPI startup(): Error: Could not open /usr/lib64/libpmi.so
Problems reading symbols for shepherd thread detection: No such device
PITTS: version v0.9.7-11-g58bc68d-dirty
PITTS: MPI #procs: 1
PITTS: OpenMP #threads: 384
PITTS: SIMD implementation: avx512
PITTS: Eigen SIMD implementation: AVX512, FMA, AVX2, AVX, SSE, SSE2, SSE3, SSSE3, SSE4.1, SSE4.2
PITTS: cache sizes (L1/core, L2/core, L3/accessible) [byte]: (49152, 1048576, 805306368)
PITTS: preprocessor definitions: PITTS_DIRECT_MKL_GEMM
wtime: 0.093863
Gramian M^TM wtime (not SYRK!): 0.0192771
singular values (new):
1170.52  1170.1 1169.82 1169.57  1169.3 1168.95 1168.84 1168.46 1168.36 1168.16 1167.85 1167.52 1167.35 1167.23 1166.92 1166.53
Difference to sqrt(Gramian eigenvalues): -4.54747e-13            0            0  1.13687e-12  2.27374e-13            0  4.54747e-13  2.27374e-13  6.82121e-13            0  2.27374e-13  4.54747e-13  2.27374e-13  2.27374e-13 -2.27374e-13 -2.27374e-13
Performance statistics:
function                                                                                                                                                                                       	 time [s]  	 #calls    	 GFlop/s DP	 GFlop/s SP	 GByte/s   	Flops/Byte
<PITTS::MultiVector<double>> :: void PITTS::block_TSQR(const MultiVector<T>&, Tensor2<T>&, int, bool, int) [with T = double](rows: 4096000, cols: 16, reductionFactor: 47, colBlockingSize: 16)	 0.093817  	 50        	 1141.46   	 0         	 279.422   	 4.08509   
Timing statistics:
function                                                                                                                    	 time [s]  	 #calls    
<PITTS::MultiVector<double>> :: void PITTS::block_TSQR(const MultiVector<T>&, Tensor2<T>&, int, bool, int) [with T = double]	 0.093817  	 50        
<PITTS::Tensor2<double>> :: void PITTS::Tensor2<T>::resize(long long int, long long int, bool) [with T = double]            	 5.4e-07   	 1         
MPI startup(): Error: Could not open /usr/lib64/libpmi.so
Problems reading symbols for shepherd thread detection: No such device
PITTS: version v0.9.7-11-g58bc68d-dirty
PITTS: MPI #procs: 1
PITTS: OpenMP #threads: 384
PITTS: SIMD implementation: avx512
PITTS: Eigen SIMD implementation: AVX512, FMA, AVX2, AVX, SSE, SSE2, SSE3, SSSE3, SSE4.1, SSE4.2
PITTS: cache sizes (L1/core, L2/core, L3/accessible) [byte]: (49152, 1048576, 805306368)
PITTS: preprocessor definitions: PITTS_DIRECT_MKL_GEMM
wtime: 0.139999
Gramian M^TM wtime (not SYRK!): 0.0300291
singular values (new):
829.482 829.041   828.6 828.325 828.126 827.977 827.641 827.523 827.402 827.286 827.226 827.052 826.987 826.774 826.643 826.493 826.354 826.141  825.84 825.653 825.528 825.238  825.13 824.955 824.858 824.577 824.233 824.165   824.1 823.889  823.46  823.25
Difference to sqrt(Gramian eigenvalues):  1.13687e-13 -2.27374e-13  2.27374e-13 -1.13687e-13  2.27374e-13            0  1.13687e-13  2.27374e-13  2.27374e-13  3.41061e-13  1.13687e-13  1.13687e-13  6.82121e-13            0  1.13687e-13            0  2.27374e-13  2.27374e-13  2.27374e-13  2.27374e-13  1.13687e-13  2.27374e-13  1.13687e-13 -1.13687e-13            0  4.54747e-13  2.27374e-13  2.27374e-13  1.13687e-13            0            0  3.41061e-13
Performance statistics:
function                                                                                                                                                                                       	 time [s]  	 #calls    	 GFlop/s DP	 GFlop/s SP	 GByte/s   	Flops/Byte
<PITTS::MultiVector<double>> :: void PITTS::block_TSQR(const MultiVector<T>&, Tensor2<T>&, int, bool, int) [with T = double](rows: 2048000, cols: 32, reductionFactor: 47, colBlockingSize: 16)	 0.139953  	 50        	 1530.35   	 0         	 187.311   	 8.17009   
Timing statistics:
function                                                                                                                    	 time [s]  	 #calls    
<PITTS::MultiVector<double>> :: void PITTS::block_TSQR(const MultiVector<T>&, Tensor2<T>&, int, bool, int) [with T = double]	 0.139953  	 50        
<PITTS::Tensor2<double>> :: void PITTS::Tensor2<T>::resize(long long int, long long int, bool) [with T = double]            	 3.4e-07   	 1         
MPI startup(): Error: Could not open /usr/lib64/libpmi.so
Problems reading symbols for shepherd thread detection: No such device
PITTS: version v0.9.7-11-g58bc68d-dirty
PITTS: MPI #procs: 1
PITTS: OpenMP #threads: 384
PITTS: SIMD implementation: avx512
PITTS: Eigen SIMD implementation: AVX512, FMA, AVX2, AVX, SSE, SSE2, SSE3, SSSE3, SSE4.1, SSE4.2
PITTS: cache sizes (L1/core, L2/core, L3/accessible) [byte]: (49152, 1048576, 805306368)
PITTS: preprocessor definitions: PITTS_DIRECT_MKL_GEMM
wtime: 0.204537
Gramian M^TM wtime (not SYRK!): 0.0461128
singular values (new):
719.535 719.174 718.908 718.732 718.266 718.246 718.042 717.769 717.511 717.332 717.209 717.148 717.094 716.943 716.842 716.712 716.618 716.521 716.294 716.247 716.129 715.992 715.838 715.739 715.648 715.549 715.318 715.215 715.134 714.896 714.824 714.564 714.327 714.192 714.114 713.854 713.767  713.69 713.555 713.495 713.077 712.969  712.92 712.734 712.536 712.207 712.097 711.591
Difference to sqrt(Gramian eigenvalues):            0  1.13687e-13 -2.27374e-13  1.13687e-13 -1.13687e-13 -2.27374e-13  1.13687e-13            0 -2.27374e-13            0 -3.41061e-13 -3.41061e-13 -3.41061e-13 -2.27374e-13  1.13687e-13            0 -4.54747e-13 -1.13687e-13 -1.13687e-13 -3.41061e-13 -1.13687e-13 -3.41061e-13 -2.27374e-13  3.41061e-13  1.13687e-13 -2.27374e-13            0            0            0 -6.82121e-13 -1.13687e-13 -1.13687e-13            0            0 -2.27374e-13 -3.41061e-13 -2.27374e-13 -1.13687e-13 -1.13687e-13            0 -1.13687e-13  1.13687e-13 -2.27374e-13 -2.27374e-13 -2.27374e-13            0            0 -1.13687e-13
Performance statistics:
function                                                                                                                                                                                       	 time [s]  	 #calls    	 GFlop/s DP	 GFlop/s SP	 GByte/s   	Flops/Byte
<PITTS::MultiVector<double>> :: void PITTS::block_TSQR(const MultiVector<T>&, Tensor2<T>&, int, bool, int) [with T = double](rows: 1536000, cols: 48, reductionFactor: 47, colBlockingSize: 16)	 0.204494  	 50        	 1767.41   	 0         	 144.22    	 12.2549   
Timing statistics:
function                                                                                                                    	 time [s]  	 #calls    
<PITTS::MultiVector<double>> :: void PITTS::block_TSQR(const MultiVector<T>&, Tensor2<T>&, int, bool, int) [with T = double]	 0.204494  	 50        
<PITTS::Tensor2<double>> :: void PITTS::Tensor2<T>::resize(long long int, long long int, bool) [with T = double]            	 4.09e-07  	 1         
MPI startup(): Error: Could not open /usr/lib64/libpmi.so
Problems reading symbols for shepherd thread detection: No such device
PITTS: version v0.9.7-11-g58bc68d-dirty
PITTS: MPI #procs: 1
PITTS: OpenMP #threads: 384
PITTS: SIMD implementation: avx512
PITTS: Eigen SIMD implementation: AVX512, FMA, AVX2, AVX, SSE, SSE2, SSE3, SSSE3, SSE4.1, SSE4.2
PITTS: cache sizes (L1/core, L2/core, L3/accessible) [byte]: (49152, 1048576, 805306368)
PITTS: preprocessor definitions: PITTS_DIRECT_MKL_GEMM
wtime: 0.266963
Gramian M^TM wtime (not SYRK!): 0.0556901
singular values (new):
588.435 588.132 587.954 587.896 587.594 587.532 587.421 587.266 587.141 587.016  586.84 586.638 586.615 586.492 586.323   586.1 585.971 585.896 585.701 585.636   585.5  585.37 585.289 585.257 585.186 585.034 584.894 584.775 584.689 584.547 584.385 584.228 584.122 584.082 583.916 583.785  583.75  583.65 583.526 583.242 583.163 583.121 583.006 582.876 582.751 582.644 582.468 582.433  582.36 582.244 582.149 582.028 581.873 581.751 581.638 581.441 581.312 581.112 580.872 580.774 580.695 580.378 580.096 580.062
Difference to sqrt(Gramian eigenvalues):            0  1.13687e-13 -2.27374e-13 -1.13687e-13 -2.27374e-13 -2.27374e-13 -1.13687e-13  1.13687e-13  1.13687e-13 -4.54747e-13 -1.13687e-13  1.13687e-13  1.13687e-13 -3.41061e-13            0 -3.41061e-13 -2.27374e-13  2.27374e-13  1.13687e-13 -3.41061e-13 -3.41061e-13  1.13687e-13  1.13687e-13  2.27374e-13 -1.13687e-13 -2.27374e-13            0 -1.13687e-13 -1.13687e-13 -1.13687e-13            0 -1.13687e-13 -2.27374e-13            0  1.13687e-13  1.13687e-13            0            0 -1.13687e-13 -1.13687e-13            0  1.13687e-13            0            0 -1.13687e-13 -1.13687e-13 -1.13687e-13 -1.13687e-13 -1.13687e-13            0 -1.13687e-13            0            0            0  1.13687e-13            0  1.13687e-13 -3.41061e-13            0  1.13687e-13  1.13687e-13 -2.27374e-13  1.13687e-13            0
Performance statistics:
function                                                                                                                                                                                       	 time [s]  	 #calls    	 GFlop/s DP	 GFlop/s SP	 GByte/s   	Flops/Byte
<PITTS::MultiVector<double>> :: void PITTS::block_TSQR(const MultiVector<T>&, Tensor2<T>&, int, bool, int) [with T = double](rows: 1024000, cols: 64, reductionFactor: 47, colBlockingSize: 16)	 0.266915  	 50        	 1604.83   	 0         	 98.2185   	 16.3394   
Timing statistics:
function                                                                                                                    	 time [s]  	 #calls    
<PITTS::MultiVector<double>> :: void PITTS::block_TSQR(const MultiVector<T>&, Tensor2<T>&, int, bool, int) [with T = double]	 0.266915  	 50        
<PITTS::Tensor2<double>> :: void PITTS::Tensor2<T>::resize(long long int, long long int, bool) [with T = double]            	 2.89e-07  	 1         
MPI startup(): Error: Could not open /usr/lib64/libpmi.so
Problems reading symbols for shepherd thread detection: No such device
PITTS: version v0.9.7-11-g58bc68d-dirty
PITTS: MPI #procs: 1
PITTS: OpenMP #threads: 384
PITTS: SIMD implementation: avx512
PITTS: Eigen SIMD implementation: AVX512, FMA, AVX2, AVX, SSE, SSE2, SSE3, SSSE3, SSE4.1, SSE4.2
PITTS: cache sizes (L1/core, L2/core, L3/accessible) [byte]: (49152, 1048576, 805306368)
PITTS: preprocessor definitions: PITTS_DIRECT_MKL_GEMM
wtime: 0.569343
Gramian M^TM wtime (not SYRK!): 0.094758
singular values (new):
419.439 419.211  419.09 418.844  418.74 418.532 418.439 418.218 418.036  417.95 417.787 417.709 417.617 417.537 417.396 417.311 417.128   417.1 416.921 416.893 416.789 416.699 416.672 416.638 416.389 416.299  416.24 416.172 416.115 415.967 415.897 415.893 415.762  415.56 415.543 415.484 415.402 415.305 415.262 415.146 414.965 414.869 414.825 414.779 414.673 414.599 414.518 414.414 414.302  414.23 414.185 414.069 414.028 413.946 413.817 413.754 413.652 413.536 413.459 413.354 413.249 413.213 413.145 413.131 413.083 413.019 412.961 412.789 412.728 412.687 412.575 412.468 412.391 412.237 412.205 412.007 411.952 411.925 411.838  411.77 411.702 411.599 411.556  411.46  411.34 411.327 411.191 411.108 411.033 410.966 410.878 410.795 410.759 410.685  410.61 410.429 410.343 410.263 410.197 410.087 410.031 409.945 409.818 409.731 409.716  409.64 409.592 409.528 409.436 409.259 409.078 409.049 408.948 408.853 408.753 408.639 408.543 408.375 408.278 408.185 407.981 407.871 407.714 407.579 407.491 407.335 407.169  406.94
Difference to sqrt(Gramian eigenvalues):            0 -5.68434e-14 -2.27374e-13  2.27374e-13  -1.7053e-13 -5.68434e-14 -2.27374e-13  2.27374e-13 -5.68434e-14  1.13687e-13  5.68434e-14  1.13687e-13  5.68434e-14 -3.41061e-13  -1.7053e-13            0            0            0  -1.7053e-13  1.13687e-13 -5.68434e-14   1.7053e-13            0            0            0  1.13687e-13  5.68434e-14 -5.68434e-14   1.7053e-13 -5.68434e-14  5.68434e-14  5.68434e-14            0  1.13687e-13 -5.68434e-14  1.13687e-13            0 -5.68434e-14            0  5.68434e-14  5.68434e-14   1.7053e-13            0  1.13687e-13  2.27374e-13  2.27374e-13            0   1.7053e-13  -1.7053e-13            0 -5.68434e-14  2.84217e-13  1.13687e-13            0  1.13687e-13 -5.68434e-14  1.13687e-13  1.13687e-13  1.13687e-13            0  -1.7053e-13 -5.68434e-14 -5.68434e-14 -5.68434e-14  -1.7053e-13 -5.68434e-14            0 -5.68434e-14  5.68434e-14   1.7053e-13 -1.13687e-13 -1.13687e-13            0  5.68434e-14  5.68434e-14            0  1.13687e-13  5.68434e-14  5.68434e-14            0  5.68434e-14 -1.13687e-13  1.13687e-13  5.68434e-14   1.7053e-13  5.68434e-14            0  5.68434e-14            0            0  5.68434e-14  2.27374e-13   1.7053e-13            0 -5.68434e-14  5.68434e-14   1.7053e-13            0            0  5.68434e-14  5.68434e-14  5.68434e-14            0 -1.13687e-13            0            0   1.7053e-13            0 -5.68434e-14  1.13687e-13  5.68434e-14            0 -5.68434e-14            0  5.68434e-14  3.97904e-13 -1.13687e-13 -1.13687e-13   1.7053e-13  2.84217e-13   1.7053e-13  1.13687e-13  3.41061e-13  1.13687e-13  5.68434e-14  5.68434e-14  1.13687e-13  5.11591e-13
Performance statistics:
function                                                                                                                                                                                       	 time [s]  	 #calls    	 GFlop/s DP	 GFlop/s SP	 GByte/s   	Flops/Byte
<PITTS::MultiVector<double>> :: void PITTS::block_TSQR(const MultiVector<T>&, Tensor2<T>&, int, bool, int) [with T = double](rows: 512000, cols: 128, reductionFactor: 41, colBlockingSize: 16)	 0.569276  	 50        	 1509.5    	 0         	 46.0602   	 32.7723   
Timing statistics:
function                                                                                                                    	 time [s]  	 #calls    
<PITTS::MultiVector<double>> :: void PITTS::block_TSQR(const MultiVector<T>&, Tensor2<T>&, int, bool, int) [with T = double]	 0.569276  	 50        
<PITTS::Tensor2<double>> :: void PITTS::Tensor2<T>::resize(long long int, long long int, bool) [with T = double]            	 4.91e-07  	 1         
MPI startup(): Error: Could not open /usr/lib64/libpmi.so
Problems reading symbols for shepherd thread detection: No such device
PITTS: version v0.9.7-11-g58bc68d-dirty
PITTS: MPI #procs: 1
PITTS: OpenMP #threads: 384
PITTS: SIMD implementation: avx512
PITTS: Eigen SIMD implementation: AVX512, FMA, AVX2, AVX, SSE, SSE2, SSE3, SSSE3, SSE4.1, SSE4.2
PITTS: cache sizes (L1/core, L2/core, L3/accessible) [byte]: (49152, 1048576, 805306368)
PITTS: preprocessor definitions: PITTS_DIRECT_MKL_GEMM
wtime: 1.17908
Gramian M^TM wtime (not SYRK!): 0.584275
singular values (new):
301.219 301.146 300.829 300.745 300.425 300.362 300.322  300.24 300.132 299.981 299.842 299.678 299.574 299.487 299.437 299.316 299.298 299.109 299.019 298.967 298.886 298.852   298.8 298.604 298.518 298.433 298.405 298.242  298.16 298.099 298.022 297.963 297.893 297.867 297.842 297.616 297.571 297.512  297.47 297.446 297.316 297.278 297.209 297.109 297.088 297.026 296.966 296.928 296.852 296.787 296.698 296.656 296.589 296.442 296.398 296.373 296.251 296.227 296.155 296.106 295.992 295.961 295.845 295.821 295.758 295.678 295.648 295.579 295.571 295.506 295.431 295.373 295.307 295.287 295.201 295.153 295.079 295.057 295.004 294.965 294.819 294.772 294.728 294.586 294.549 294.486 294.395 294.293 294.287 294.196 294.155  294.09 294.044 294.001 293.969 293.887 293.831 293.766  293.73 293.679 293.578 293.506 293.488 293.422 293.386 293.347 293.237 293.227 293.174 293.147 293.029 292.948 292.917 292.884 292.851 292.763 292.712 292.639 292.607 292.555 292.462 292.426 292.381 292.281 292.279 292.227 292.125 292.086 292.051 291.964 291.935 291.916  291.76 291.732 291.693 291.625 291.589 291.516 291.413 291.338 291.315  291.28 291.211 291.144 291.099 291.033 290.978 290.929 290.847 290.804 290.763 290.738 290.694 290.586 290.579 290.541 290.366 290.351 290.222 290.183 290.159 290.128 290.116 290.011 289.969 289.946 289.842 289.795 289.728 289.665 289.627  289.54  289.48 289.438 289.363 289.334 289.274 289.169 289.143  289.09 289.052 288.939 288.893 288.775 288.718 288.675 288.602 288.542 288.536 288.444 288.401 288.393  288.32 288.239 288.199 288.122 288.071 287.964 287.959 287.834 287.779 287.688 287.655 287.562 287.467 287.411 287.317 287.263 287.192 287.131  287.12 287.004 286.936 286.906 286.762 286.703 286.678 286.652 286.581 286.455 286.397 286.335 286.295 286.234 286.215 286.108 286.038 286.007 285.903 285.801 285.753 285.622  285.53 285.525 285.442 285.339 285.264 285.157 285.111  285.05 284.906 284.859  284.76 284.666   284.6 284.346 284.338  284.25 284.135 283.987 283.966 283.753 283.581 283.487 283.308 283.037
Difference to sqrt(Gramian eigenvalues):            0 -5.68434e-14 -2.27374e-13  5.68434e-14 -5.68434e-14  1.13687e-13 -5.68434e-14 -1.13687e-13 -5.68434e-14 -5.68434e-14  5.68434e-14 -5.68434e-14            0  -1.7053e-13 -5.68434e-14  5.68434e-14            0   1.7053e-13 -5.68434e-14  5.68434e-14 -5.68434e-14            0  5.68434e-14            0            0 -5.68434e-14 -1.13687e-13  1.13687e-13 -5.68434e-14            0            0 -5.68434e-14            0 -5.68434e-14  5.68434e-14            0 -5.68434e-14  5.68434e-14  5.68434e-14 -5.68434e-14  -1.7053e-13  -1.7053e-13 -5.68434e-14  5.68434e-14 -5.68434e-14 -1.13687e-13  5.68434e-14            0            0  5.68434e-14  5.68434e-14  -1.7053e-13  2.27374e-13  5.68434e-14  5.68434e-14            0  1.13687e-13            0            0 -5.68434e-14            0 -5.68434e-14 -5.68434e-14 -1.13687e-13            0  1.13687e-13            0 -2.27374e-13   1.7053e-13  5.68434e-14            0   1.7053e-13  1.13687e-13            0            0 -5.68434e-14 -1.13687e-13 -5.68434e-14            0            0            0            0 -5.68434e-14  5.68434e-14  5.68434e-14 -5.68434e-14  1.13687e-13  5.68434e-14  1.13687e-13 -5.68434e-14 -5.68434e-14 -1.13687e-13  1.13687e-13 -5.68434e-14 -1.13687e-13 -5.68434e-14 -5.68434e-14 -5.68434e-14 -5.68434e-14  -1.7053e-13  5.68434e-14  1.13687e-13            0  5.68434e-14 -5.68434e-14 -5.68434e-14 -1.13687e-13 -5.68434e-14            0 -5.68434e-14 -5.68434e-14  1.13687e-13 -1.13687e-13 -5.68434e-14            0  -1.7053e-13            0            0            0 -5.68434e-14            0 -5.68434e-14 -5.68434e-14            0  5.68434e-14 -1.13687e-13            0 -5.68434e-14            0  5.68434e-14 -5.68434e-14            0  1.13687e-13  5.68434e-14 -1.13687e-13 -5.68434e-14            0 -5.68434e-14 -5.68434e-14            0            0 -5.68434e-14 -5.68434e-14 -5.68434e-14 -5.68434e-14            0            0 -5.68434e-14            0  -1.7053e-13 -1.13687e-13            0  5.68434e-14            0 -5.68434e-14 -5.68434e-14            0 -5.68434e-14  5.68434e-14 -5.68434e-14  5.68434e-14            0            0            0  -1.7053e-13 -5.68434e-14  1.13687e-13            0 -5.68434e-14            0 -5.68434e-14            0 -1.13687e-13  5.68434e-14            0            0 -1.13687e-13  5.68434e-14  -1.7053e-13            0   1.7053e-13  1.13687e-13            0  5.68434e-14            0  1.13687e-13  5.68434e-14 -1.13687e-13  5.68434e-14            0  5.68434e-14            0            0  1.13687e-13 -5.68434e-14 -1.13687e-13  5.68434e-14  5.68434e-14            0  5.68434e-14            0            0  5.68434e-14 -5.68434e-14 -5.68434e-14            0   1.7053e-13 -5.68434e-14 -1.13687e-13 -5.68434e-14  1.13687e-13  5.68434e-14 -5.68434e-14            0            0            0 -5.68434e-14 -1.13687e-13            0            0  1.13687e-13  -1.7053e-13 -5.68434e-14 -5.68434e-14  5.68434e-14 -5.68434e-14            0            0 -5.68434e-14 -5.68434e-14 -5.68434e-14  5.68434e-14            0 -5.68434e-14            0  1.13687e-13 -5.68434e-14            0            0 -5.68434e-14  5.68434e-14 -1.13687e-13 -2.27374e-13            0 -5.68434e-14 -5.68434e-14            0   1.7053e-13  5.68434e-14            0  1.13687e-13  5.68434e-14   1.7053e-13   1.7053e-13   1.7053e-13 -1.13687e-13
Performance statistics:
function                                                                                                                                                                                       	 time [s]  	 #calls    	 GFlop/s DP	 GFlop/s SP	 GByte/s   	Flops/Byte
<PITTS::MultiVector<double>> :: void PITTS::block_TSQR(const MultiVector<T>&, Tensor2<T>&, int, bool, int) [with T = double](rows: 256000, cols: 256, reductionFactor: 25, colBlockingSize: 16)	 1.17901   	 50        	 1479.91   	 0         	 22.2565   	 66.4935   
Timing statistics:
function                                                                                                                    	 time [s]  	 #calls    
<PITTS::MultiVector<double>> :: void PITTS::block_TSQR(const MultiVector<T>&, Tensor2<T>&, int, bool, int) [with T = double]	 1.17901   	 50        
<PITTS::Tensor2<double>> :: void PITTS::Tensor2<T>::resize(long long int, long long int, bool) [with T = double]            	 1.77e-06  	 1         
MPI startup(): Error: Could not open /usr/lib64/libpmi.so
Problems reading symbols for shepherd thread detection: No such device
PITTS: version v0.9.7-11-g58bc68d-dirty
PITTS: MPI #procs: 1
PITTS: OpenMP #threads: 384
PITTS: SIMD implementation: avx512
PITTS: Eigen SIMD implementation: AVX512, FMA, AVX2, AVX, SSE, SSE2, SSE3, SSSE3, SSE4.1, SSE4.2
PITTS: cache sizes (L1/core, L2/core, L3/accessible) [byte]: (49152, 1048576, 805306368)
PITTS: preprocessor definitions: PITTS_DIRECT_MKL_GEMM
wtime: 1.84834
Gramian M^TM wtime (not SYRK!): 0.920691
singular values (new):
 219.49 219.199 219.009 218.858 218.782 218.713 218.569  218.53 218.347 218.304 218.226 218.167 218.059 217.988 217.958 217.898 217.744 217.591 217.524 217.448 217.376 217.329 217.251 217.166 217.111 217.052 217.017 216.898  216.79 216.742 216.733 216.667 216.591 216.521 216.416 216.343 216.278 216.213 216.147 216.143 216.036 215.965 215.958 215.862 215.765  215.74 215.668 215.609 215.601 215.524 215.453   215.4  215.34 215.332  215.26 215.193 215.152  215.12 215.025 215.008 214.889 214.876 214.873 214.804  214.73 214.691 214.636 214.551 214.511 214.392 214.356 214.345 214.332 214.247 214.239 214.231 214.142 214.065 214.032 213.939 213.893   213.8 213.768 213.713 213.708 213.647 213.605 213.591 213.557 213.493 213.487 213.419 213.327 213.299 213.221 213.134 213.118 213.052 213.049 212.935 212.904 212.855 212.843 212.811 212.756  212.66 212.632 212.525  212.49 212.442 212.423 212.356 212.327 212.288 212.259 212.215 212.185 212.112 212.063 211.996 211.965 211.939 211.921 211.887 211.785 211.772 211.752 211.713 211.638 211.629 211.617 211.528 211.498 211.481 211.461 211.445 211.387 211.346 211.295 211.281 211.241 211.189 211.101  211.05 211.009 210.982 210.929 210.899 210.846 210.798 210.785 210.715 210.649 210.629 210.547 210.525 210.466 210.448 210.384 210.303 210.286 210.249 210.184 210.115 210.101 210.028 209.997 209.967 209.911 209.888 209.821 209.777 209.769 209.741 209.689 209.641 209.623 209.563 209.541 209.477 209.433 209.399 209.375 209.256  209.23 209.189 209.167 209.127 209.102 209.088 209.019 208.988 208.973 208.917 208.901 208.851 208.771 208.762 208.684 208.673 208.648 208.543 208.539   208.5 208.462 208.397  208.35 208.291 208.266 208.241 208.204 208.166 208.143 208.082 208.065 208.021 207.973 207.949 207.875 207.857 207.824 207.752 207.706  207.66 207.636 207.615 207.604  207.58 207.524 207.503 207.425 207.407 207.395 207.311 207.307 207.273 207.254 207.181 207.146 207.127 207.014 206.964 206.934 206.911 206.857 206.839 206.802 206.787 206.736 206.665 206.641 206.635 206.597 206.571 206.503 206.436 206.364 206.345 206.338 206.304 206.197 206.171 206.154 206.134  206.11 206.064 206.014 205.981  205.94 205.889 205.871 205.854 205.817 205.787 205.757 205.664 205.634 205.596 205.564 205.538 205.476 205.443   205.4 205.364 205.351 205.319 205.219 205.183 205.166 205.143 205.079 205.047  204.97 204.932 204.869 204.829 204.824 204.738 204.727  204.71 204.695 204.655   204.6 204.538 204.484 204.463 204.413 204.347 204.302 204.292 204.282 204.174 204.123 204.103 204.072 204.052 203.984 203.962   203.9  203.88 203.854 203.826  203.75 203.705 203.665 203.646 203.599 203.535 203.499 203.461 203.445 203.428 203.364 203.289  203.24 203.203 203.171 203.139 203.082  203.06 203.052 202.989 202.948 202.899 202.872 202.827 202.802 202.743 202.704 202.665  202.57 202.556  202.51 202.509 202.434 202.399 202.389 202.331 202.297 202.222 202.204 202.144 202.119 202.087 202.027 201.964 201.948 201.884 201.856 201.792  201.76 201.713  201.66 201.647 201.621 201.595 201.538 201.463 201.443 201.366 201.332  201.31 201.269 201.203 201.114 201.091 201.053 201.011 200.974 200.947 200.872 200.844 200.812 200.737 200.662 200.644 200.596 200.576 200.498 200.476 200.442 200.385 200.348 200.312 200.254 200.161 200.146 200.119 200.032 200.006 199.964 199.946 199.911 199.875 199.795 199.764 199.692 199.633 199.613 199.605 199.516  199.48 199.432 199.387 199.335  199.29 199.233 199.167 199.099 199.049 199.026 199.015 198.975 198.855 198.842 198.776 198.725 198.698 198.671 198.605 198.522 198.488 198.452 198.401 198.368 198.291 198.259 198.231 198.134  198.09 198.061 198.003  197.95 197.857 197.799 197.752 197.714 197.662 197.605 197.583  197.51 197.476 197.364 197.329 197.322 197.279 197.212 197.094 197.044 196.992 196.961 196.871 196.856 196.817 196.743 196.691 196.624 196.576 196.475 196.409 196.293 196.242 196.195 196.137 196.059 195.983  195.96  195.85 195.798 195.735 195.638 195.586 195.551 195.472 195.402 195.311 195.164 195.148 195.091  194.96 194.942 194.823 194.762  194.67 194.533 194.478 194.379 194.345 194.144  194.04 193.959 193.663
Difference to sqrt(Gramian eigenvalues):  2.84217e-14   1.7053e-13  1.42109e-13 -3.41061e-13  3.12639e-13 -1.42109e-13   1.7053e-13 -2.84217e-14  8.52651e-14  5.68434e-14  2.27374e-13  1.42109e-13 -1.13687e-13   1.7053e-13 -1.42109e-13 -1.13687e-13 -2.84217e-14  3.41061e-13  8.52651e-14            0  1.13687e-13            0  1.13687e-13 -8.52651e-14  1.42109e-13 -2.55795e-13  8.52651e-14  2.84217e-14 -5.68434e-14 -2.84217e-14   1.7053e-13  8.52651e-14  2.84217e-14   1.7053e-13  3.12639e-13   1.7053e-13            0  5.68434e-14  1.13687e-13  5.68434e-14 -8.52651e-14  2.84217e-14  8.52651e-14 -1.13687e-13 -1.13687e-13  -1.7053e-13 -2.84217e-14  8.52651e-14            0 -8.52651e-14  5.68434e-14  5.68434e-14 -5.68434e-14 -5.68434e-14            0  5.68434e-14  1.98952e-13  1.42109e-13            0  8.52651e-14  1.13687e-13  2.84217e-14   1.7053e-13  2.84217e-14 -2.84217e-14  1.13687e-13  5.68434e-14  5.68434e-14  1.42109e-13  5.68434e-14            0  2.84217e-14  2.84217e-14            0  5.68434e-14  2.84217e-14  5.68434e-14  1.42109e-13  5.68434e-14   1.7053e-13 -1.13687e-13  2.84217e-14 -8.52651e-14            0 -5.68434e-14 -5.68434e-14 -8.52651e-14 -2.84217e-14  2.84217e-14            0 -2.27374e-13  8.52651e-14  2.84217e-14  2.84217e-14            0  1.13687e-13  8.52651e-14            0  2.84217e-14 -2.84217e-14  5.68434e-14 -1.13687e-13 -8.52651e-14  8.52651e-14  2.84217e-14            0  8.52651e-14  2.84217e-14 -1.42109e-13 -1.13687e-13 -1.13687e-13  1.98952e-13  2.84217e-14 -2.84217e-14 -5.68434e-14  1.98952e-13            0  1.13687e-13 -2.84217e-14  1.42109e-13  8.52651e-14            0  2.84217e-14            0  1.42109e-13  2.84217e-14 -1.13687e-13 -2.84217e-14 -5.68434e-14 -2.84217e-14 -5.68434e-14  5.68434e-14 -5.68434e-14  8.52651e-14            0 -2.84217e-14 -5.68434e-14  2.84217e-14            0            0 -5.68434e-14            0  2.84217e-14   1.7053e-13  8.52651e-14 -8.52651e-14   1.7053e-13  8.52651e-14            0  5.68434e-14            0            0            0 -2.84217e-14  2.84217e-14 -1.98952e-13 -2.84217e-14  8.52651e-14  5.68434e-14 -1.13687e-13 -2.84217e-14            0            0            0  8.52651e-14  5.68434e-14  2.84217e-14 -2.84217e-14            0            0 -8.52651e-14  2.84217e-14 -5.68434e-14  8.52651e-14 -5.68434e-14 -8.52651e-14 -2.84217e-14            0  2.84217e-14 -5.68434e-14  1.13687e-13  2.84217e-14  2.84217e-14 -5.68434e-14  2.84217e-14 -2.84217e-14  2.84217e-14 -5.68434e-14            0 -2.84217e-14 -2.84217e-14 -1.42109e-13 -2.84217e-14  2.84217e-14 -8.52651e-14 -2.84217e-14  5.68434e-14 -5.68434e-14 -2.84217e-14 -2.84217e-14  5.68434e-14            0  2.84217e-14 -2.84217e-14 -5.68434e-14            0 -5.68434e-14  2.84217e-14  2.84217e-14 -8.52651e-14            0 -8.52651e-14 -2.84217e-14  2.84217e-14 -2.84217e-14            0            0 -2.84217e-14            0 -2.84217e-14  5.68434e-14 -2.84217e-14 -2.84217e-14 -5.68434e-14 -2.84217e-14 -8.52651e-14            0  5.68434e-14  2.84217e-14 -5.68434e-14 -5.68434e-14  2.84217e-14 -8.52651e-14 -2.84217e-14 -1.42109e-13  5.68434e-14 -2.84217e-14 -8.52651e-14            0 -2.84217e-14 -2.84217e-14  5.68434e-14 -8.52651e-14  2.84217e-14  2.84217e-14 -5.68434e-14 -2.84217e-14 -5.68434e-14  5.68434e-14 -5.68434e-14  1.13687e-13            0 -5.68434e-14  5.68434e-14  5.68434e-14 -2.84217e-14 -5.68434e-14 -1.13687e-13  5.68434e-14 -5.68434e-14  2.84217e-14 -5.68434e-14 -8.52651e-14 -2.84217e-14 -2.84217e-14 -8.52651e-14 -8.52651e-14  2.84217e-14 -1.13687e-13 -2.84217e-14 -2.84217e-14 -1.13687e-13 -2.84217e-14 -8.52651e-14  2.84217e-14  8.52651e-14  2.84217e-14 -1.13687e-13            0 -1.13687e-13  5.68434e-14            0            0 -2.84217e-14 -1.13687e-13 -2.84217e-14 -1.13687e-13 -8.52651e-14  2.84217e-14 -1.13687e-13            0 -8.52651e-14 -8.52651e-14            0 -2.84217e-14 -2.84217e-14 -5.68434e-14  2.84217e-14            0  2.84217e-14  8.52651e-14 -5.68434e-14            0 -5.68434e-14 -5.68434e-14  1.13687e-13            0 -2.84217e-14 -8.52651e-14  -1.7053e-13  2.84217e-14 -2.84217e-14 -5.68434e-14            0 -5.68434e-14 -2.84217e-14  8.52651e-14  2.84217e-14            0            0  2.84217e-14 -8.52651e-14 -2.84217e-14 -2.84217e-14 -5.68434e-14 -2.84217e-14            0  2.84217e-14            0  2.84217e-14  5.68434e-14 -2.84217e-14  1.13687e-13 -1.13687e-13 -8.52651e-14  2.84217e-14 -2.84217e-14            0 -2.84217e-14  2.84217e-14 -1.13687e-13 -5.68434e-14 -5.68434e-14 -2.84217e-14 -5.68434e-14  2.84217e-14  5.68434e-14 -2.84217e-14  8.52651e-14  2.84217e-14 -1.13687e-13 -2.84217e-14 -1.13687e-13 -2.84217e-14  2.84217e-14 -2.84217e-14  5.68434e-14  8.52651e-14 -2.84217e-14 -8.52651e-14 -5.68434e-14 -2.84217e-14 -8.52651e-14            0  1.13687e-13  2.84217e-14 -5.68434e-14 -1.13687e-13            0  2.84217e-14 -2.84217e-14 -1.13687e-13 -2.84217e-14  2.84217e-14  5.68434e-14 -5.68434e-14 -5.68434e-14 -1.13687e-13  2.84217e-14 -1.42109e-13            0 -8.52651e-14  2.84217e-14  1.98952e-13            0            0  2.84217e-14 -5.68434e-14  2.84217e-14 -8.52651e-14 -8.52651e-14 -2.84217e-14  5.68434e-14 -8.52651e-14            0  5.68434e-14  8.52651e-14  2.84217e-14 -1.13687e-13 -1.13687e-13 -2.84217e-14 -5.68434e-14 -8.52651e-14            0 -1.42109e-13            0  5.68434e-14            0  1.13687e-13  1.13687e-13 -1.13687e-13 -1.13687e-13            0 -2.84217e-14            0 -8.52651e-14            0            0 -8.52651e-14 -1.42109e-13  2.84217e-14  -1.7053e-13 -8.52651e-14  5.68434e-14 -1.13687e-13 -8.52651e-14 -8.52651e-14 -5.68434e-14  2.84217e-14 -2.84217e-14 -2.84217e-14 -5.68434e-14            0  8.52651e-14  8.52651e-14            0  5.68434e-14   1.7053e-13 -5.68434e-14            0  2.84217e-14            0  8.52651e-14  8.52651e-14 -1.13687e-13  2.84217e-14            0  -1.7053e-13  5.68434e-14  1.42109e-13  1.13687e-13  5.68434e-14  1.13687e-13 -1.13687e-13 -1.98952e-13 -1.42109e-13  1.13687e-13  -1.7053e-13            0 -1.13687e-13 -5.68434e-14 -8.52651e-14 -5.68434e-14  2.84217e-14            0 -1.42109e-13            0 -5.68434e-14 -1.42109e-13 -1.42109e-13            0            0 -1.98952e-13   1.7053e-13  1.13687e-13  1.13687e-13            0  2.84217e-14  8.52651e-14  8.52651e-14 -2.84217e-14 -2.84217e-14  2.84217e-14 -1.98952e-13            0 -4.26326e-13 -1.13687e-13   1.7053e-13 -1.13687e-13 -1.13687e-13 -3.41061e-13 -1.13687e-13 -1.42109e-13 -8.52651e-14  5.68434e-14  2.84217e-13  8.52651e-14            0  1.98952e-13 -2.84217e-14  2.84217e-14 -8.52651e-14 -2.55795e-13  1.42109e-13 -2.55795e-13 -1.13687e-13  2.55795e-13 -1.13687e-13  -1.7053e-13 -8.52651e-14  1.42109e-13  5.68434e-14
Performance statistics:
function                                                                                                                                                                                       	 time [s]  	 #calls    	 GFlop/s DP	 GFlop/s SP	 GByte/s   	Flops/Byte
<PITTS::MultiVector<double>> :: void PITTS::block_TSQR(const MultiVector<T>&, Tensor2<T>&, int, bool, int) [with T = double](rows: 128000, cols: 512, reductionFactor: 25, colBlockingSize: 16)	 1.84825   	 50        	 1888.09   	 0         	 14.2401   	 132.59    
Timing statistics:
function                                                                                                                    	 time [s]  	 #calls    
<PITTS::MultiVector<double>> :: void PITTS::block_TSQR(const MultiVector<T>&, Tensor2<T>&, int, bool, int) [with T = double]	 1.84825   	 50        
<PITTS::Tensor2<double>> :: void PITTS::Tensor2<T>::resize(long long int, long long int, bool) [with T = double]            	 2.03e-06  	 1         
MPI startup(): Error: Could not open /usr/lib64/libpmi.so
Problems reading symbols for shepherd thread detection: No such device
PITTS: version v0.9.7-11-g58bc68d-dirty
PITTS: MPI #procs: 1
PITTS: OpenMP #threads: 384
PITTS: SIMD implementation: avx512
PITTS: Eigen SIMD implementation: AVX512, FMA, AVX2, AVX, SSE, SSE2, SSE3, SSSE3, SSE4.1, SSE4.2
PITTS: cache sizes (L1/core, L2/core, L3/accessible) [byte]: (49152, 1048576, 805306368)
PITTS: preprocessor definitions: PITTS_DIRECT_MKL_GEMM
wtime: 5.13747
Gramian M^TM wtime (not SYRK!): 1.67388
singular values (new):
164.491 164.298 164.041 163.971 163.874 163.737 163.681 163.534 163.433 163.362 163.274 163.207 163.134 163.059 162.972 162.897 162.794 162.707 162.605 162.546 162.534  162.43  162.33 162.289 162.251 162.191 162.145 162.029 162.014 161.963 161.938 161.882 161.808 161.789 161.737 161.636 161.587 161.557  161.52   161.4 161.347 161.301 161.202 161.182  161.14 161.094 161.031 161.014  160.98 160.919 160.899 160.769 160.711 160.682 160.633 160.581 160.534  160.46 160.442 160.392 160.311 160.279 160.257  160.24 160.144 160.137 160.041 160.016 159.999  159.95 159.891 159.847 159.769 159.718 159.678 159.644 159.634 159.573 159.547 159.527 159.471  159.47 159.433 159.307 159.275 159.263 159.173 159.138   159.1 159.053 159.017 159.002 158.966 158.908 158.889 158.834 158.797 158.757 158.723 158.645 158.622 158.607 158.529 158.514  158.45 158.418 158.392 158.354 158.339 158.288 158.239 158.229 158.185 158.124 158.088 158.006 157.986 157.973  157.92 157.899 157.813 157.793 157.788 157.655 157.603 157.567 157.539 157.492 157.471 157.408 157.391 157.375 157.336 157.291 157.258 157.237 157.229 157.211 157.183 157.095 157.059 157.014 157.001 156.957   156.9 156.873 156.838 156.792  156.77 156.746 156.701 156.669 156.629 156.611  156.55 156.529 156.486  156.42 156.408 156.367 156.328 156.301 156.281 156.256 156.234 156.201 156.114 156.096 156.073 156.059 156.003 155.954 155.918 155.909 155.867 155.809 155.777  155.74 155.732 155.683 155.662 155.639 155.631 155.579 155.531 155.501 155.461  155.44 155.376 155.355 155.337 155.318 155.266 155.253 155.196 155.144 155.124  155.08 155.054 155.029 155.017 154.971 154.943 154.913 154.882 154.833 154.798 154.782  154.73 154.725  154.67 154.637 154.588 154.567   154.5 154.478 154.449 154.432 154.364 154.333 154.307 154.259 154.244  154.22 154.187 154.147  154.12 154.109 154.073  154.04 154.031 153.979 153.961 153.954 153.867 153.853 153.828 153.774 153.742 153.707 153.667 153.639 153.633 153.577 153.561 153.521 153.493 153.437 153.436   153.4 153.354 153.333  153.32 153.285 153.262 153.179 153.148 153.132 153.113 153.082 153.048 152.978 152.955  152.94 152.932  152.91 152.897  152.84 152.786 152.749 152.726 152.717 152.665 152.658 152.635 152.597 152.549  152.52 152.511 152.485 152.401 152.395  152.38 152.332 152.312 152.286 152.266 152.227 152.189 152.161 152.107 152.089 152.065 152.055 152.031 151.974 151.964 151.957 151.919 151.826 151.808   151.8 151.767 151.735 151.703  151.68 151.669 151.638 151.613 151.611  151.53 151.483 151.473 151.459  151.42 151.368 151.341 151.314  151.27 151.244 151.214 151.184 151.146 151.126 151.087 151.064 151.011 151.003 150.968 150.904  150.88 150.876 150.844 150.827 150.804  150.77 150.729 150.679 150.652 150.623 150.595 150.579  150.55  150.51 150.483 150.472 150.436 150.399 150.344 150.331 150.317  150.28 150.243 150.202 150.195 150.184  150.14 150.099 150.082 150.054  150.01 149.986 149.978 149.923 149.917  149.83 149.823 149.802 149.786 149.749 149.719 149.711 149.669 149.653 149.612  149.57 149.547  149.51 149.488 149.454 149.447 149.405 149.388 149.365 149.324   149.3 149.294  149.24 149.231 149.205 149.165  149.13   149.1  149.09  149.05 149.008 148.995 148.952 148.911 148.878 148.868 148.849 148.807 148.791 148.777  148.74 148.736 148.687 148.677 148.664 148.586 148.543 148.541 148.524 148.466 148.457 148.444 148.407 148.367 148.307 148.281 148.262 148.239 148.209   148.2 148.166 148.118 148.103 148.071 148.044 148.024 148.005 147.932 147.898 147.882 147.837 147.829 147.779 147.759 147.739 147.671 147.647 147.628 147.623 147.592 147.562 147.532 147.517 147.486 147.406 147.399 147.387 147.359 147.348 147.311 147.242 147.216 147.201 147.164 147.131 147.092 147.076 147.064 147.021 146.998 146.987 146.961 146.934 146.893 146.872 146.826 146.806 146.798 146.774 146.746 146.731 146.682  146.65 146.634 146.601 146.586 146.544 146.516 146.491 146.485 146.447  146.42 146.383 146.339 146.306 146.293 146.264 146.249  146.21  146.15 146.118 146.096 146.093 146.069 146.024 145.986 145.981 145.948 145.917 145.907 145.889 145.874 145.836 145.801 145.777 145.739 145.734 145.719 145.674 145.659 145.571 145.548 145.524 145.494 145.462 145.446 145.398 145.377 145.343 145.322 145.307 145.261 145.252 145.236 145.179  145.13 145.108  145.09 145.078 145.059 145.021 144.993 144.953 144.942 144.895 144.851 144.829 144.821 144.776  144.74 144.714 144.679 144.652 144.637 144.582 144.547 144.533 144.504 144.492 144.481 144.445 144.415 144.372 144.353 144.298 144.269 144.258 144.227 144.196 144.175 144.154 144.149 144.099 144.071  144.05 144.043 143.979 143.949 143.907 143.891 143.861 143.797 143.754  143.74 143.717 143.685 143.673 143.635 143.605 143.582 143.549  143.54 143.507 143.471 143.465 143.424 143.416 143.405 143.374 143.335 143.313  143.28 143.264 143.253 143.204 143.186 143.145 143.129   143.1 143.043 143.034 143.003 142.979   142.9 142.893 142.875 142.819 142.802 142.774  142.75 142.723 142.703 142.667 142.641 142.616 142.601 142.575 142.521 142.486 142.459 142.434 142.424 142.393 142.356 142.338 142.321 142.297 142.265 142.243 142.203 142.152 142.125 142.108 142.064  142.05 142.015 142.007 141.951 141.925 141.896 141.873 141.855  141.82 141.796 141.773 141.753 141.722 141.702 141.655 141.625 141.617 141.585 141.548 141.535 141.494 141.467 141.448 141.426 141.402 141.367 141.346 141.331 141.268 141.245 141.231 141.214 141.179 141.112 141.105 141.066 141.024  140.99 140.959  140.93 140.912 140.872 140.837 140.809 140.759 140.728 140.718 140.697 140.689 140.652 140.606 140.563 140.541 140.517 140.491 140.482  140.44 140.409 140.381 140.367 140.341 140.285 140.275 140.246 140.182 140.161 140.124 140.098 140.084 140.044 140.021 139.995 139.976 139.957  139.94 139.911 139.886 139.836 139.824 139.798 139.753 139.717 139.668  139.65 139.622 139.607 139.573 139.546 139.501 139.491 139.452 139.398 139.365 139.347 139.307 139.286 139.249 139.207 139.176 139.165 139.145 139.113 139.072 139.053 139.034 138.979 138.963 138.914 138.881 138.854 138.817 138.778  138.76 138.752  138.71 138.674 138.645 138.621 138.615 138.597 138.537 138.505 138.457 138.431 138.403 138.392 138.349 138.302 138.286 138.268 138.223 138.197 138.189 138.145   138.1 138.077 138.029 138.019 137.989 137.974 137.916 137.903 137.859  137.83 137.805 137.786 137.714 137.694 137.664 137.656 137.642 137.603 137.562 137.546 137.507 137.489 137.444 137.411 137.383 137.377 137.327 137.307 137.248 137.207 137.171 137.133 137.117 137.095  137.07 137.022 136.999  136.96 136.944 136.929 136.886 136.874 136.827 136.798 136.788 136.729 136.684 136.678 136.645 136.613 136.597 136.528 136.476 136.441 136.395 136.375 136.324 136.292 136.254 136.236 136.216 136.183 136.149 136.115 136.108 136.105 136.061 136.057 136.011  135.99 135.939 135.931 135.888 135.859 135.837 135.785 135.767 135.714 135.681 135.653  135.63 135.596 135.551 135.528 135.521 135.449 135.404 135.396 135.365 135.327  135.27 135.227 135.206 135.191  135.17 135.115 135.094 135.051 135.032 135.003  134.95 134.886 134.862   134.8  134.74 134.725  134.69 134.666 134.638 134.629 134.593 134.581 134.544 134.456 134.402 134.374 134.353 134.297 134.287 134.267 134.257 134.227 134.158 134.133 134.109 134.045 134.011 133.969  133.94 133.895 133.879 133.823 133.816 133.747 133.706 133.696 133.655 133.623 133.585 133.539 133.491 133.456 133.436 133.366 133.312 133.297 133.251 133.204 133.169 133.147 133.126 133.058 133.042 132.986 132.924 132.912 132.857 132.817 132.785 132.725 132.702 132.692 132.643 132.627 132.596 132.579 132.531 132.462 132.425 132.417 132.348 132.276 132.272 132.254 132.108 132.088 132.044 131.991 131.968 131.922 131.902 131.859 131.796 131.771 131.692 131.671 131.643 131.608 131.551 131.505 131.461 131.416 131.332 131.317 131.282 131.275 131.162 131.144 131.119  131.03 131.005 130.976 130.951 130.929 130.895 130.794 130.732 130.729  130.64  130.61 130.533 130.502 130.428 130.377 130.298  130.29 130.229 130.183 130.115 130.076 130.057 129.988 129.906 129.878 129.871 129.766 129.756 129.643 129.616 129.546 129.461 129.393 129.345 129.309 129.258 129.175 129.132 129.066 128.987 128.885 128.822 128.722 128.664 128.526 128.439 128.382 128.285 128.171 128.061 127.936 127.821
Difference to sqrt(Gramian eigenvalues):  2.84217e-13 -3.41061e-13 -1.42109e-13            0  3.97904e-13 -3.12639e-13  -1.7053e-13 -2.84217e-14 -2.55795e-13 -8.52651e-14  5.68434e-14  5.68434e-14 -8.52651e-14  5.68434e-14  5.68434e-14            0 -1.13687e-13  1.13687e-13 -1.42109e-13  -1.7053e-13  5.68434e-14  1.13687e-13 -2.84217e-13  8.52651e-14 -1.42109e-13  -1.7053e-13 -2.84217e-14  1.42109e-13 -2.84217e-14  5.68434e-14 -2.27374e-13 -5.68434e-14 -2.55795e-13   1.7053e-13 -5.68434e-14 -1.13687e-13            0 -3.12639e-13  2.84217e-13 -5.68434e-14 -8.52651e-14  8.52651e-14  2.84217e-13  1.98952e-13            0            0            0 -2.84217e-14            0 -8.52651e-14 -5.68434e-14 -2.84217e-14 -1.42109e-13  1.42109e-13  8.52651e-14            0 -2.84217e-14 -5.68434e-14  2.84217e-14  5.68434e-14  2.84217e-14 -1.13687e-13  5.68434e-14  2.84217e-14  2.84217e-14 -5.68434e-14  -1.7053e-13 -5.68434e-14 -1.13687e-13  2.84217e-14 -1.13687e-13 -1.13687e-13  8.52651e-14  8.52651e-14  2.27374e-13  2.84217e-14  1.13687e-13  2.84217e-14  1.42109e-13 -2.84217e-14   1.7053e-13  8.52651e-14   1.7053e-13  1.13687e-13  1.13687e-13 -2.84217e-14  2.84217e-14  1.98952e-13  2.27374e-13  2.84217e-14 -5.68434e-14  2.84217e-14  1.42109e-13  8.52651e-14  1.13687e-13 -2.84217e-14  2.84217e-14 -5.68434e-14            0  5.68434e-14  5.68434e-14  1.98952e-13  8.52651e-14  8.52651e-14  8.52651e-14  2.84217e-14  8.52651e-14  1.98952e-13  2.84217e-14 -2.84217e-14            0  2.27374e-13  2.84217e-13  5.68434e-14            0  1.13687e-13  2.84217e-14  2.84217e-14   1.7053e-13  5.68434e-14  5.68434e-14  2.84217e-14            0  -1.7053e-13  2.84217e-13 -5.68434e-14  2.84217e-14   1.7053e-13  8.52651e-14  1.42109e-13  2.84217e-14            0  5.68434e-14  5.68434e-14  5.68434e-14 -8.52651e-14 -2.84217e-14 -1.13687e-13  1.13687e-13  2.84217e-14  8.52651e-14 -5.68434e-14            0            0 -2.84217e-14            0  5.68434e-14  8.52651e-14  1.13687e-13  1.13687e-13   1.7053e-13  1.13687e-13  8.52651e-14  2.84217e-14  5.68434e-14  1.42109e-13  1.42109e-13 -8.52651e-14 -2.84217e-14            0  1.13687e-13 -8.52651e-14 -5.68434e-14  5.68434e-14  8.52651e-14  5.68434e-14  1.42109e-13  5.68434e-14  5.68434e-14            0  1.42109e-13  2.84217e-14  8.52651e-14  1.42109e-13  2.84217e-14            0 -2.84217e-14  8.52651e-14 -8.52651e-14  1.13687e-13  8.52651e-14  5.68434e-14 -1.42109e-13 -5.68434e-14  1.42109e-13  2.84217e-14            0  1.42109e-13   1.7053e-13            0  8.52651e-14            0  8.52651e-14  5.68434e-14  2.84217e-14  2.27374e-13   1.7053e-13  5.68434e-14  2.84217e-14   1.7053e-13  5.68434e-14  1.42109e-13  8.52651e-14  5.68434e-14  5.68434e-14  5.68434e-14  2.84217e-14  8.52651e-14 -5.68434e-14 -2.84217e-14  1.13687e-13  8.52651e-14  2.84217e-14  5.68434e-14 -8.52651e-14 -2.84217e-14 -1.42109e-13  5.68434e-14 -2.84217e-14  2.84217e-14            0            0  1.13687e-13  1.13687e-13  8.52651e-14  1.13687e-13 -8.52651e-14   1.7053e-13  5.68434e-14 -2.84217e-14  1.13687e-13 -5.68434e-14 -5.68434e-14  8.52651e-14  2.84217e-14            0  2.84217e-14            0 -1.13687e-13  8.52651e-14  2.84217e-14  2.84217e-14  8.52651e-14 -5.68434e-14  2.84217e-14            0            0  8.52651e-14  5.68434e-14            0  8.52651e-14 -2.84217e-14  5.68434e-14  1.13687e-13  1.13687e-13  8.52651e-14   1.7053e-13   1.7053e-13 -1.13687e-13  1.13687e-13  5.68434e-14  2.84217e-14  5.68434e-14  2.84217e-14 -5.68434e-14  8.52651e-14 -2.84217e-14  2.84217e-14 -1.13687e-13 -2.84217e-14            0  2.84217e-14 -5.68434e-14  2.84217e-14 -5.68434e-14            0            0  5.68434e-14  5.68434e-14  1.13687e-13  2.84217e-14            0  5.68434e-14  5.68434e-14  1.13687e-13 -2.84217e-14            0  5.68434e-14  1.13687e-13 -2.84217e-14  8.52651e-14 -8.52651e-14            0  8.52651e-14  2.84217e-14  8.52651e-14            0 -2.84217e-14            0 -5.68434e-14            0            0  5.68434e-14 -2.84217e-14  2.84217e-14  8.52651e-14  2.84217e-14            0  2.84217e-14            0            0 -5.68434e-14 -2.84217e-14  2.84217e-14 -5.68434e-14 -1.42109e-13  2.84217e-14            0  2.84217e-14  5.68434e-14  1.42109e-13  2.84217e-14  8.52651e-14   1.7053e-13  1.13687e-13  2.84217e-14  8.52651e-14 -2.84217e-14            0   1.7053e-13 -5.68434e-14 -2.84217e-14            0 -2.84217e-14            0 -2.84217e-14 -5.68434e-14            0 -2.84217e-14 -5.68434e-14 -5.68434e-14 -5.68434e-14  2.84217e-14 -2.84217e-14  2.84217e-14 -8.52651e-14  2.84217e-14  8.52651e-14  1.13687e-13 -2.84217e-14 -5.68434e-14 -2.84217e-14  2.84217e-14 -1.13687e-13  2.84217e-14 -5.68434e-14  5.68434e-14 -2.84217e-14  5.68434e-14            0            0            0 -8.52651e-14  5.68434e-14            0            0 -2.84217e-14  5.68434e-14 -2.84217e-14  5.68434e-14  8.52651e-14  5.68434e-14  2.84217e-14  8.52651e-14  8.52651e-14 -5.68434e-14 -2.84217e-14  5.68434e-14  2.84217e-14  2.84217e-14 -1.13687e-13 -2.84217e-14  2.84217e-14            0  2.84217e-14 -8.52651e-14            0  5.68434e-14            0  2.84217e-14            0 -5.68434e-14  1.13687e-13 -2.84217e-14  2.84217e-14  5.68434e-14  8.52651e-14  2.84217e-14  5.68434e-14  2.84217e-14 -2.84217e-14  2.84217e-14  5.68434e-14            0  2.84217e-14  8.52651e-14            0  2.84217e-14  2.84217e-14 -5.68434e-14 -5.68434e-14 -8.52651e-14 -2.84217e-14  2.84217e-14            0 -2.84217e-14            0 -2.84217e-14            0 -5.68434e-14 -5.68434e-14 -5.68434e-14  2.84217e-14            0  5.68434e-14  5.68434e-14  5.68434e-14 -2.84217e-14 -2.84217e-14 -5.68434e-14  2.84217e-14  2.84217e-14            0  5.68434e-14 -5.68434e-14            0  8.52651e-14 -2.84217e-14 -5.68434e-14 -8.52651e-14  2.84217e-14 -2.84217e-14  5.68434e-14  2.84217e-14  1.13687e-13            0            0 -2.84217e-14 -5.68434e-14 -2.84217e-14  2.84217e-14 -2.84217e-14 -2.84217e-14  5.68434e-14  2.84217e-14            0 -5.68434e-14  2.84217e-14            0            0  5.68434e-14  5.68434e-14  2.84217e-14            0            0  5.68434e-14  2.84217e-14 -2.84217e-14            0  2.84217e-14  5.68434e-14  2.84217e-14  5.68434e-14  2.84217e-14 -2.84217e-14 -2.84217e-14  2.84217e-14            0            0 -2.84217e-14  2.84217e-14            0 -5.68434e-14  2.84217e-14  5.68434e-14            0            0  2.84217e-14            0            0  2.84217e-14  1.13687e-13 -8.52651e-14            0  8.52651e-14  5.68434e-14            0  2.84217e-14  5.68434e-14  2.84217e-14            0  5.68434e-14            0            0  2.84217e-14  1.13687e-13  2.84217e-14 -5.68434e-14  5.68434e-14            0  2.84217e-14            0            0  2.84217e-14            0            0  1.98952e-13  5.68434e-14  2.84217e-14            0  5.68434e-14 -5.68434e-14 -2.84217e-14 -8.52651e-14  5.68434e-14            0 -2.84217e-14 -2.84217e-14            0 -2.84217e-14  2.84217e-14 -5.68434e-14 -5.68434e-14 -2.84217e-14  2.84217e-14            0 -2.84217e-14  2.84217e-14  5.68434e-14  2.84217e-14            0  5.68434e-14            0  2.84217e-14  5.68434e-14 -2.84217e-14  2.84217e-14 -5.68434e-14            0            0            0            0  2.84217e-14 -2.84217e-14  2.84217e-14            0 -5.68434e-14  2.84217e-14  2.84217e-14 -2.84217e-14  1.13687e-13 -2.84217e-14 -2.84217e-14  1.42109e-13            0  2.84217e-14            0  2.84217e-14            0 -2.84217e-14            0 -2.84217e-14 -5.68434e-14  2.84217e-14  2.84217e-14            0 -2.84217e-14  8.52651e-14            0  8.52651e-14  2.84217e-14            0  2.84217e-14 -8.52651e-14  5.68434e-14  5.68434e-14  5.68434e-14            0  2.84217e-14            0  2.84217e-14  8.52651e-14  2.84217e-14 -2.84217e-14  5.68434e-14            0  2.84217e-14 -2.84217e-14            0  2.84217e-14  2.84217e-14            0 -2.84217e-14            0 -2.84217e-14            0 -2.84217e-14  2.84217e-14  2.84217e-14            0 -2.84217e-14  2.84217e-14 -2.84217e-14            0  5.68434e-14 -2.84217e-14            0 -5.68434e-14  5.68434e-14 -2.84217e-14  2.84217e-14  8.52651e-14  5.68434e-14            0  2.84217e-14            0 -2.84217e-14            0  2.84217e-14  2.84217e-14  8.52651e-14            0  1.13687e-13  5.68434e-14  1.13687e-13  2.84217e-14  8.52651e-14 -2.84217e-14            0 -2.84217e-14            0 -2.84217e-14  2.84217e-14  2.84217e-14 -2.84217e-14            0            0            0  2.84217e-14            0  2.84217e-14  2.84217e-14            0  2.84217e-14            0  5.68434e-14  2.84217e-14  2.84217e-14 -2.84217e-14  5.68434e-14  8.52651e-14  5.68434e-14  8.52651e-14  5.68434e-14  2.84217e-14            0  2.84217e-14 -2.84217e-14  2.84217e-14  2.84217e-14            0            0  8.52651e-14  2.84217e-14  2.84217e-14 -2.84217e-14            0            0 -2.84217e-14 -2.84217e-14  2.84217e-14  2.84217e-14  2.84217e-14  2.84217e-14            0  8.52651e-14  2.84217e-14  5.68434e-14 -2.84217e-14            0  5.68434e-14            0  5.68434e-14 -2.84217e-14            0  2.84217e-14            0  8.52651e-14            0            0 -5.68434e-14 -2.84217e-14 -1.13687e-13  8.52651e-14            0   1.7053e-13  1.13687e-13  1.42109e-13 -5.68434e-14            0 -2.84217e-14  2.84217e-14  8.52651e-14  2.84217e-14  5.68434e-14            0 -5.68434e-14   1.7053e-13  1.13687e-13  5.68434e-14  2.84217e-14  8.52651e-14  2.84217e-14  8.52651e-14 -2.84217e-14            0  5.68434e-14  5.68434e-14  2.84217e-14  1.42109e-13 -2.84217e-14  2.84217e-14 -5.68434e-14  8.52651e-14  2.84217e-14 -2.84217e-14  2.84217e-14            0  5.68434e-14            0  5.68434e-14  5.68434e-14  8.52651e-14  8.52651e-14  1.13687e-13  5.68434e-14  8.52651e-14  5.68434e-14  5.68434e-14  2.84217e-14  2.84217e-14            0  1.98952e-13  5.68434e-14  5.68434e-14 -5.68434e-14  5.68434e-14 -2.84217e-14 -2.84217e-14  5.68434e-14  8.52651e-14 -1.13687e-13 -2.84217e-14            0 -2.84217e-14 -1.13687e-13  5.68434e-14  2.84217e-14 -5.68434e-14  5.68434e-14 -2.84217e-14  2.27374e-13 -1.13687e-13  1.42109e-13            0  2.84217e-14            0  5.68434e-14  5.68434e-14  5.68434e-14            0  8.52651e-14  8.52651e-14  2.84217e-14  2.84217e-14 -2.84217e-14  8.52651e-14            0 -2.84217e-14 -2.84217e-14   1.7053e-13            0 -1.42109e-13 -8.52651e-14  8.52651e-14 -5.68434e-14  2.84217e-14  2.84217e-14  2.84217e-14  8.52651e-14  5.68434e-14 -5.68434e-14  8.52651e-14  2.84217e-14 -1.13687e-13 -2.84217e-14 -2.84217e-14  2.84217e-14 -1.13687e-13  5.68434e-14 -2.84217e-14            0 -8.52651e-14  8.52651e-14  5.68434e-14            0 -5.68434e-14  5.68434e-14            0            0 -5.68434e-14 -2.84217e-14 -1.13687e-13 -1.42109e-13  2.84217e-14  5.68434e-14  2.84217e-14            0  5.68434e-14  2.84217e-14 -2.84217e-14            0  -1.7053e-13 -2.84217e-14 -1.13687e-13 -8.52651e-14            0            0 -5.68434e-14 -5.68434e-14            0  2.84217e-14 -2.84217e-14  2.55795e-13  1.13687e-13  5.68434e-14 -2.84217e-14            0  1.42109e-13  5.68434e-14            0  8.52651e-14  5.68434e-14 -5.68434e-14 -5.68434e-14 -5.68434e-14  8.52651e-14  5.68434e-14 -1.42109e-13 -2.84217e-14  5.68434e-14 -2.84217e-14 -2.84217e-14  1.13687e-13 -8.52651e-14 -2.84217e-14            0 -1.42109e-13  2.84217e-14  5.68434e-14  8.52651e-14  1.13687e-13  1.98952e-13  5.68434e-14 -2.84217e-14 -2.84217e-14  5.68434e-14  2.84217e-14  5.68434e-14            0 -8.52651e-14  8.52651e-14            0  2.84217e-14 -2.84217e-14 -8.52651e-14 -5.68434e-14 -1.42109e-13 -2.84217e-14  5.68434e-14  5.68434e-14            0 -8.52651e-14 -2.84217e-14  8.52651e-14  8.52651e-14  2.84217e-14 -5.68434e-14  5.68434e-14  1.42109e-13  8.52651e-14 -2.84217e-14            0  8.52651e-14 -1.42109e-13 -5.68434e-14  8.52651e-14            0 -1.13687e-13            0  2.84217e-14  2.84217e-14  1.42109e-13 -3.97904e-13 -1.42109e-13 -8.52651e-14  5.68434e-14 -5.68434e-14   1.7053e-13 -5.68434e-14  1.42109e-13 -2.84217e-14  -1.7053e-13 -1.42109e-13            0            0            0 -2.84217e-14 -5.68434e-14  5.68434e-14 -2.84217e-14 -1.13687e-13 -8.52651e-14  1.42109e-13 -8.52651e-14  1.98952e-13  1.42109e-13            0 -8.52651e-14  2.84217e-14  8.52651e-14            0            0 -5.68434e-14 -1.13687e-13 -2.84217e-14 -1.13687e-13 -2.84217e-14  8.52651e-14 -2.84217e-14 -2.84217e-14 -1.13687e-13 -1.13687e-13  1.13687e-13            0 -1.13687e-13  1.13687e-13 -1.13687e-13 -1.42109e-13 -1.98952e-13 -2.84217e-14 -5.68434e-14  1.42109e-13 -8.52651e-14  1.13687e-13 -5.68434e-14 -5.68434e-14  5.68434e-14  5.68434e-14  5.68434e-14  2.84217e-14 -2.84217e-13            0  5.68434e-14  5.68434e-14  1.13687e-13 -1.98952e-13 -2.84217e-14  8.52651e-14  1.13687e-13  1.98952e-13   1.7053e-13   1.7053e-13  1.13687e-13  1.98952e-13 -1.98952e-13  5.68434e-14            0  -1.7053e-13            0 -2.84217e-14  5.68434e-14  1.42109e-13 -1.98952e-13 -5.68434e-14  2.84217e-14   9.9476e-13  8.52651e-14  1.42109e-13  -1.7053e-13  1.13687e-13            0  1.98952e-13  1.98952e-13  1.13687e-13 -1.13687e-13  1.13687e-13  2.84217e-13  -1.7053e-13  3.12639e-13  5.68434e-14 -3.12639e-13            0   1.7053e-13 -2.84217e-13  3.97904e-13   1.7053e-13  5.68434e-14  1.13687e-13 -5.11591e-13 -1.13687e-13 -1.13687e-13 -2.13163e-13 -2.70006e-13
Performance statistics:
function                                                                                                                                                                                       	 time [s]  	 #calls    	 GFlop/s DP	 GFlop/s SP	 GByte/s   	Flops/Byte
<PITTS::MultiVector<double>> :: void PITTS::block_TSQR(const MultiVector<T>&, Tensor2<T>&, int, bool, int) [with T = double](rows: 64000, cols: 1024, reductionFactor: 25, colBlockingSize: 16)	 5.13736   	 50        	 1358.54   	 0         	 5.18434   	 262.047   
Timing statistics:
function                                                                                                                    	 time [s]  	 #calls    
<PITTS::MultiVector<double>> :: void PITTS::block_TSQR(const MultiVector<T>&, Tensor2<T>&, int, bool, int) [with T = double]	 5.13736   	 50        
<PITTS::Tensor2<double>> :: void PITTS::Tensor2<T>::resize(long long int, long long int, bool) [with T = double]            	 2e-06     	 1         
MPI startup(): Error: Could not open /usr/lib64/libpmi.so
Problems reading symbols for shepherd thread detection: No such device
PITTS: version v0.9.7-11-g58bc68d-dirty
PITTS: MPI #procs: 1
PITTS: OpenMP #threads: 384
PITTS: SIMD implementation: avx512
PITTS: Eigen SIMD implementation: AVX512, FMA, AVX2, AVX, SSE, SSE2, SSE3, SSSE3, SSE4.1, SSE4.2
PITTS: cache sizes (L1/core, L2/core, L3/accessible) [byte]: (49152, 1048576, 805306368)
PITTS: preprocessor definitions: PITTS_DIRECT_MKL_GEMM
wtime: 0.270961
Gramian M^TM wtime (not SYRK!): 6.97967
singular values (new):
14780.1
Difference to sqrt(Gramian eigenvalues): 1.52795e-10
Performance statistics:
function                                                                                                                                                                                        	 time [s]  	 #calls    	 GFlop/s DP	 GFlop/s SP	 GByte/s   	Flops/Byte
<PITTS::MultiVector<double>> :: void PITTS::block_TSQR(const MultiVector<T>&, Tensor2<T>&, int, bool, int) [with T = double](rows: 655360000, cols: 1, reductionFactor: 47, colBlockingSize: 16)	 0.270884  	 50        	 247.081   	 0         	 967.736   	 0.255319  
Timing statistics:
function                                                                                                                    	 time [s]  	 #calls    
<PITTS::MultiVector<double>> :: void PITTS::block_TSQR(const MultiVector<T>&, Tensor2<T>&, int, bool, int) [with T = double]	 0.270884  	 50        
<PITTS::Tensor2<double>> :: void PITTS::Tensor2<T>::resize(long long int, long long int, bool) [with T = double]            	 8.5e-07   	 1         
MPI startup(): Error: Could not open /usr/lib64/libpmi.so
Problems reading symbols for shepherd thread detection: No such device
PITTS: version v0.9.7-11-g58bc68d-dirty
PITTS: MPI #procs: 1
PITTS: OpenMP #threads: 384
PITTS: SIMD implementation: avx512
PITTS: Eigen SIMD implementation: AVX512, FMA, AVX2, AVX, SSE, SSE2, SSE3, SSSE3, SSE4.1, SSE4.2
PITTS: cache sizes (L1/core, L2/core, L3/accessible) [byte]: (49152, 1048576, 805306368)
PITTS: preprocessor definitions: PITTS_DIRECT_MKL_GEMM
wtime: 0.294241
Gramian M^TM wtime (not SYRK!): 7.36843
singular values (new):
10451.5   10451
Difference to sqrt(Gramian eigenvalues): -2.96495e-10 -1.21872e-10
Performance statistics:
function                                                                                                                                                                                        	 time [s]  	 #calls    	 GFlop/s DP	 GFlop/s SP	 GByte/s   	Flops/Byte
<PITTS::MultiVector<double>> :: void PITTS::block_TSQR(const MultiVector<T>&, Tensor2<T>&, int, bool, int) [with T = double](rows: 327680000, cols: 2, reductionFactor: 47, colBlockingSize: 16)	 0.294165  	 50        	 455.054   	 0         	 891.147   	 0.510638  
Timing statistics:
function                                                                                                                    	 time [s]  	 #calls    
<PITTS::MultiVector<double>> :: void PITTS::block_TSQR(const MultiVector<T>&, Tensor2<T>&, int, bool, int) [with T = double]	 0.294165  	 50        
<PITTS::Tensor2<double>> :: void PITTS::Tensor2<T>::resize(long long int, long long int, bool) [with T = double]            	 1.1e-06   	 1         
MPI startup(): Error: Could not open /usr/lib64/libpmi.so
Problems reading symbols for shepherd thread detection: No such device
PITTS: version v0.9.7-11-g58bc68d-dirty
PITTS: MPI #procs: 1
PITTS: OpenMP #threads: 384
PITTS: SIMD implementation: avx512
PITTS: Eigen SIMD implementation: AVX512, FMA, AVX2, AVX, SSE, SSE2, SSE3, SSSE3, SSE4.1, SSE4.2
PITTS: cache sizes (L1/core, L2/core, L3/accessible) [byte]: (49152, 1048576, 805306368)
PITTS: preprocessor definitions: PITTS_DIRECT_MKL_GEMM
wtime: 0.320177
Gramian M^TM wtime (not SYRK!): 0.26634
singular values (new):
7390.94 7390.47  7389.7  7389.5
Difference to sqrt(Gramian eigenvalues): -9.09495e-13 -9.09495e-13  9.09495e-13            0
Performance statistics:
function                                                                                                                                                                                        	 time [s]  	 #calls    	 GFlop/s DP	 GFlop/s SP	 GByte/s   	Flops/Byte
<PITTS::MultiVector<double>> :: void PITTS::block_TSQR(const MultiVector<T>&, Tensor2<T>&, int, bool, int) [with T = double](rows: 163840000, cols: 4, reductionFactor: 47, colBlockingSize: 16)	 0.320102  	 50        	 836.364   	 0         	 818.939   	 1.02128   
Timing statistics:
function                                                                                                                    	 time [s]  	 #calls    
<PITTS::MultiVector<double>> :: void PITTS::block_TSQR(const MultiVector<T>&, Tensor2<T>&, int, bool, int) [with T = double]	 0.320102  	 50        
<PITTS::Tensor2<double>> :: void PITTS::Tensor2<T>::resize(long long int, long long int, bool) [with T = double]            	 8.1e-07   	 1         
MPI startup(): Error: Could not open /usr/lib64/libpmi.so
Problems reading symbols for shepherd thread detection: No such device
PITTS: version v0.9.7-11-g58bc68d-dirty
PITTS: MPI #procs: 1
PITTS: OpenMP #threads: 384
PITTS: SIMD implementation: avx512
PITTS: Eigen SIMD implementation: AVX512, FMA, AVX2, AVX, SSE, SSE2, SSE3, SSSE3, SSE4.1, SSE4.2
PITTS: cache sizes (L1/core, L2/core, L3/accessible) [byte]: (49152, 1048576, 805306368)
PITTS: preprocessor definitions: PITTS_DIRECT_MKL_GEMM
wtime: 0.36461
Gramian M^TM wtime (not SYRK!): 0.267485
singular values (new):
5226.79 5226.29 5226.04 5225.52  5225.3 5224.92 5224.48 5224.03
Difference to sqrt(Gramian eigenvalues):            0 -9.09495e-13            0  9.09495e-13  9.09495e-13  9.09495e-13  1.81899e-12            0
Performance statistics:
function                                                                                                                                                                                       	 time [s]  	 #calls    	 GFlop/s DP	 GFlop/s SP	 GByte/s   	Flops/Byte
<PITTS::MultiVector<double>> :: void PITTS::block_TSQR(const MultiVector<T>&, Tensor2<T>&, int, bool, int) [with T = double](rows: 81920000, cols: 8, reductionFactor: 47, colBlockingSize: 16)	 0.364522  	 50        	 1468.89   	 0         	 719.145   	 2.04255   
Timing statistics:
function                                                                                                                    	 time [s]  	 #calls    
<PITTS::MultiVector<double>> :: void PITTS::block_TSQR(const MultiVector<T>&, Tensor2<T>&, int, bool, int) [with T = double]	 0.364522  	 50        
<PITTS::Tensor2<double>> :: void PITTS::Tensor2<T>::resize(long long int, long long int, bool) [with T = double]            	 1.53e-06  	 1         
MPI startup(): Error: Could not open /usr/lib64/libpmi.so
Problems reading symbols for shepherd thread detection: No such device
PITTS: version v0.9.7-11-g58bc68d-dirty
PITTS: MPI #procs: 1
PITTS: OpenMP #threads: 384
PITTS: SIMD implementation: avx512
PITTS: Eigen SIMD implementation: AVX512, FMA, AVX2, AVX, SSE, SSE2, SSE3, SSSE3, SSE4.1, SSE4.2
PITTS: cache sizes (L1/core, L2/core, L3/accessible) [byte]: (49152, 1048576, 805306368)
PITTS: preprocessor definitions: PITTS_DIRECT_MKL_GEMM
wtime: 0.360552
Gramian M^TM wtime (not SYRK!): 0.273431
singular values (new):
4267.94 4267.62 4267.53 4267.35 4266.78 4266.69 4266.36 4266.31 4266.13 4265.77 4265.61 4265.32
Difference to sqrt(Gramian eigenvalues): -9.09495e-13 -9.09495e-13 -9.09495e-13 -9.09495e-13 -9.09495e-13 -1.81899e-12 -9.09495e-13 -9.09495e-13 -9.09495e-13 -9.09495e-13            0  1.81899e-12
Performance statistics:
function                                                                                                                                                                                        	 time [s]  	 #calls    	 GFlop/s DP	 GFlop/s SP	 GByte/s   	Flops/Byte
<PITTS::MultiVector<double>> :: void PITTS::block_TSQR(const MultiVector<T>&, Tensor2<T>&, int, bool, int) [with T = double](rows: 54610000, cols: 12, reductionFactor: 47, colBlockingSize: 16)	 0.36044   	 50        	 2228.16   	 0         	 727.245   	 3.06383   
Timing statistics:
function                                                                                                                    	 time [s]  	 #calls    
<PITTS::MultiVector<double>> :: void PITTS::block_TSQR(const MultiVector<T>&, Tensor2<T>&, int, bool, int) [with T = double]	 0.36044   	 50        
<PITTS::Tensor2<double>> :: void PITTS::Tensor2<T>::resize(long long int, long long int, bool) [with T = double]            	 1.77e-06  	 1         
MPI startup(): Error: Could not open /usr/lib64/libpmi.so
Problems reading symbols for shepherd thread detection: No such device
PITTS: version v0.9.7-11-g58bc68d-dirty
PITTS: MPI #procs: 1
PITTS: OpenMP #threads: 384
PITTS: SIMD implementation: avx512
PITTS: Eigen SIMD implementation: AVX512, FMA, AVX2, AVX, SSE, SSE2, SSE3, SSSE3, SSE4.1, SSE4.2
PITTS: cache sizes (L1/core, L2/core, L3/accessible) [byte]: (49152, 1048576, 805306368)
PITTS: preprocessor definitions: PITTS_DIRECT_MKL_GEMM
wtime: 0.351526
Gramian M^TM wtime (not SYRK!): 0.268043
singular values (new):
3697.09  3696.5 3696.13 3696.02 3695.88 3695.69 3695.26 3695.14 3694.92 3694.74 3694.39 3694.14 3693.66 3693.46 3693.33 3692.58
Difference to sqrt(Gramian eigenvalues): -4.54747e-13 -9.09495e-13            0 -4.54747e-13  4.54747e-13  4.54747e-13            0 -1.36424e-12            0            0 -4.54747e-13  4.54747e-13            0            0 -4.54747e-13  4.54747e-13
Performance statistics:
function                                                                                                                                                                                        	 time [s]  	 #calls    	 GFlop/s DP	 GFlop/s SP	 GByte/s   	Flops/Byte
<PITTS::MultiVector<double>> :: void PITTS::block_TSQR(const MultiVector<T>&, Tensor2<T>&, int, bool, int) [with T = double](rows: 40960000, cols: 16, reductionFactor: 47, colBlockingSize: 16)	 0.351448  	 50        	 3047.07   	 0         	 745.898   	 4.0851    
Timing statistics:
function                                                                                                                    	 time [s]  	 #calls    
<PITTS::MultiVector<double>> :: void PITTS::block_TSQR(const MultiVector<T>&, Tensor2<T>&, int, bool, int) [with T = double]	 0.351448  	 50        
<PITTS::Tensor2<double>> :: void PITTS::Tensor2<T>::resize(long long int, long long int, bool) [with T = double]            	 1.32e-06  	 1         
MPI startup(): Error: Could not open /usr/lib64/libpmi.so
Problems reading symbols for shepherd thread detection: No such device
PITTS: version v0.9.7-11-g58bc68d-dirty
PITTS: MPI #procs: 1
PITTS: OpenMP #threads: 384
PITTS: SIMD implementation: avx512
PITTS: Eigen SIMD implementation: AVX512, FMA, AVX2, AVX, SSE, SSE2, SSE3, SSSE3, SSE4.1, SSE4.2
PITTS: cache sizes (L1/core, L2/core, L3/accessible) [byte]: (49152, 1048576, 805306368)
PITTS: preprocessor definitions: PITTS_DIRECT_MKL_GEMM
wtime: 0.424748
Gramian M^TM wtime (not SYRK!): 0.284361
singular values (new):
 2615.7 2615.51 2615.14 2614.86 2614.63 2614.47 2614.32 2614.06 2613.98 2613.71 2613.61 2613.58 2613.52 2613.33 2612.98  2612.9  2612.6 2612.55 2612.22 2612.02 2611.93 2611.81  2611.7 2611.59 2611.55 2611.42 2610.98 2610.93 2610.58 2610.42 2610.26 2609.86
Difference to sqrt(Gramian eigenvalues): -4.54747e-13            0  4.54747e-13  4.54747e-13  4.54747e-13  9.09495e-13 -4.54747e-13 -9.09495e-13  4.54747e-13 -4.54747e-13  4.54747e-13            0            0 -4.54747e-13            0  4.54747e-13 -9.09495e-13 -4.54747e-13            0            0 -9.09495e-13  9.09495e-13 -4.54747e-13 -1.36424e-12 -4.54747e-13 -4.54747e-13 -1.36424e-12            0            0  9.09495e-13            0 -9.09495e-13
Performance statistics:
function                                                                                                                                                                                        	 time [s]  	 #calls    	 GFlop/s DP	 GFlop/s SP	 GByte/s   	Flops/Byte
<PITTS::MultiVector<double>> :: void PITTS::block_TSQR(const MultiVector<T>&, Tensor2<T>&, int, bool, int) [with T = double](rows: 20480000, cols: 32, reductionFactor: 47, colBlockingSize: 16)	 0.424653  	 50        	 5043.59   	 0         	 617.315   	 8.1702    
Timing statistics:
function                                                                                                                    	 time [s]  	 #calls    
<PITTS::MultiVector<double>> :: void PITTS::block_TSQR(const MultiVector<T>&, Tensor2<T>&, int, bool, int) [with T = double]	 0.424653  	 50        
<PITTS::Tensor2<double>> :: void PITTS::Tensor2<T>::resize(long long int, long long int, bool) [with T = double]            	 1.79e-06  	 1         
MPI startup(): Error: Could not open /usr/lib64/libpmi.so
Problems reading symbols for shepherd thread detection: No such device
PITTS: version v0.9.7-11-g58bc68d-dirty
PITTS: MPI #procs: 1
PITTS: OpenMP #threads: 384
PITTS: SIMD implementation: avx512
PITTS: Eigen SIMD implementation: AVX512, FMA, AVX2, AVX, SSE, SSE2, SSE3, SSSE3, SSE4.1, SSE4.2
PITTS: cache sizes (L1/core, L2/core, L3/accessible) [byte]: (49152, 1048576, 805306368)
PITTS: preprocessor definitions: PITTS_DIRECT_MKL_GEMM
wtime: 0.538313
Gramian M^TM wtime (not SYRK!): 0.339617
singular values (new):
2266.46 2266.25 2265.96 2265.77 2265.59 2265.34 2265.19 2265.11 2264.97 2264.74 2264.56 2264.48 2264.31  2264.2 2264.16 2263.88 2263.85 2263.58 2263.45 2263.38  2263.2 2263.05 2262.82 2262.74 2262.71 2262.63 2262.43 2262.33 2262.05 2261.84 2261.75  2261.6 2261.48 2261.37 2261.34 2261.17 2261.07 2260.85 2260.84 2260.69 2260.42 2260.31  2260.2  2260.1 2259.61 2259.55 2259.24 2258.86
Difference to sqrt(Gramian eigenvalues): -9.09495e-13 -4.54747e-13 -4.54747e-13            0 -4.54747e-13            0 -1.36424e-12 -4.54747e-13 -1.36424e-12  9.09495e-13 -9.09495e-13  4.54747e-13 -9.09495e-13  4.54747e-13            0 -1.36424e-12            0 -4.54747e-13 -9.09495e-13 -1.36424e-12  4.54747e-13            0 -9.09495e-13 -4.54747e-13  4.54747e-13 -9.09495e-13 -4.54747e-13            0 -1.36424e-12            0 -9.09495e-13 -9.09495e-13 -9.09495e-13 -4.54747e-13  1.36424e-12            0            0 -4.54747e-13 -4.54747e-13  4.54747e-13 -4.54747e-13 -9.09495e-13            0 -1.36424e-12            0            0            0 -9.09495e-13
Performance statistics:
function                                                                                                                                                                                        	 time [s]  	 #calls    	 GFlop/s DP	 GFlop/s SP	 GByte/s   	Flops/Byte
<PITTS::MultiVector<double>> :: void PITTS::block_TSQR(const MultiVector<T>&, Tensor2<T>&, int, bool, int) [with T = double](rows: 15360000, cols: 48, reductionFactor: 47, colBlockingSize: 16)	 0.538234  	 50        	 6715      	 0         	 547.927   	 12.2553   
Timing statistics:
function                                                                                                                    	 time [s]  	 #calls    
<PITTS::MultiVector<double>> :: void PITTS::block_TSQR(const MultiVector<T>&, Tensor2<T>&, int, bool, int) [with T = double]	 0.538234  	 50        
<PITTS::Tensor2<double>> :: void PITTS::Tensor2<T>::resize(long long int, long long int, bool) [with T = double]            	 1.2e-06   	 1         
MPI startup(): Error: Could not open /usr/lib64/libpmi.so
Problems reading symbols for shepherd thread detection: No such device
PITTS: version v0.9.7-11-g58bc68d-dirty
PITTS: MPI #procs: 1
PITTS: OpenMP #threads: 384
PITTS: SIMD implementation: avx512
PITTS: Eigen SIMD implementation: AVX512, FMA, AVX2, AVX, SSE, SSE2, SSE3, SSSE3, SSE4.1, SSE4.2
PITTS: cache sizes (L1/core, L2/core, L3/accessible) [byte]: (49152, 1048576, 805306368)
PITTS: preprocessor definitions: PITTS_DIRECT_MKL_GEMM
wtime: 0.624629
Gramian M^TM wtime (not SYRK!): 0.337327
singular values (new):
 1852.1 1851.71 1851.64 1851.38 1851.11 1850.97 1850.74 1850.62  1850.4  1850.3 1850.09 1849.97 1849.86 1849.73  1849.6 1849.52 1849.37 1849.29 1849.23    1849 1848.88 1848.82 1848.73 1848.57 1848.54  1848.4  1848.3 1848.17 1848.03 1847.95 1847.84  1847.7 1847.61 1847.41 1847.22 1847.17 1847.07    1847  1846.9 1846.63 1846.53 1846.52 1846.37 1846.24 1846.12 1846.05    1846  1845.8 1845.67 1845.52 1845.37 1845.27 1844.95 1844.78 1844.73 1844.55 1844.54 1844.35 1844.31 1844.01  1843.6 1843.53 1843.44 1843.27
Difference to sqrt(Gramian eigenvalues):            0            0 -4.54747e-13            0  4.54747e-13            0            0            0            0 -4.54747e-13            0  2.27374e-13  4.54747e-13  4.54747e-13  6.82121e-13  2.27374e-13  6.82121e-13            0  6.82121e-13            0            0 -4.54747e-13            0  2.27374e-13            0 -2.27374e-13 -2.27374e-13  2.27374e-13  2.27374e-13  1.59162e-12  9.09495e-13            0  2.27374e-13  6.82121e-13 -2.27374e-13 -2.27374e-13  6.82121e-13  4.54747e-13  2.27374e-13  2.27374e-13  2.27374e-13  4.54747e-13 -2.27374e-13 -2.27374e-13  6.82121e-13 -4.54747e-13  2.27374e-13  2.27374e-13  4.54747e-13  9.09495e-13            0            0  6.82121e-13 -2.27374e-13  2.27374e-13  2.27374e-13            0  9.09495e-13            0 -2.27374e-13            0 -6.82121e-13  2.27374e-13  1.13687e-12
Performance statistics:
function                                                                                                                                                                                        	 time [s]  	 #calls    	 GFlop/s DP	 GFlop/s SP	 GByte/s   	Flops/Byte
<PITTS::MultiVector<double>> :: void PITTS::block_TSQR(const MultiVector<T>&, Tensor2<T>&, int, bool, int) [with T = double](rows: 10240000, cols: 64, reductionFactor: 47, colBlockingSize: 16)	 0.624544  	 50        	 6858.68   	 0         	 419.74    	 16.3403   
Timing statistics:
function                                                                                                                    	 time [s]  	 #calls    
<PITTS::MultiVector<double>> :: void PITTS::block_TSQR(const MultiVector<T>&, Tensor2<T>&, int, bool, int) [with T = double]	 0.624544  	 50        
<PITTS::Tensor2<double>> :: void PITTS::Tensor2<T>::resize(long long int, long long int, bool) [with T = double]            	 9.4e-07   	 1         
MPI startup(): Error: Could not open /usr/lib64/libpmi.so
Problems reading symbols for shepherd thread detection: No such device
PITTS: version v0.9.7-11-g58bc68d-dirty
PITTS: MPI #procs: 1
PITTS: OpenMP #threads: 384
PITTS: SIMD implementation: avx512
PITTS: Eigen SIMD implementation: AVX512, FMA, AVX2, AVX, SSE, SSE2, SSE3, SSSE3, SSE4.1, SSE4.2
PITTS: cache sizes (L1/core, L2/core, L3/accessible) [byte]: (49152, 1048576, 805306368)
PITTS: preprocessor definitions: PITTS_DIRECT_MKL_GEMM
wtime: 1.19448
Gramian M^TM wtime (not SYRK!): 0.555402
singular values (new):
1312.66 1312.46 1312.36 1312.28    1312 1311.82 1311.66 1311.63 1311.56 1311.31 1311.23 1311.04 1310.95 1310.85 1310.69 1310.66 1310.53 1310.42 1310.35 1310.21 1310.08 1310.04 1309.99 1309.83 1309.78 1309.68 1309.58 1309.48 1309.41  1309.4 1309.22 1309.17 1309.07 1309.02 1308.81 1308.75 1308.65 1308.62 1308.54 1308.49 1308.39 1308.32 1308.22 1308.09 1307.97 1307.94 1307.77 1307.75  1307.6 1307.53 1307.47 1307.39 1307.34  1307.2 1307.16 1307.06 1306.99 1306.98 1306.91 1306.81 1306.67 1306.61 1306.57  1306.5 1306.45 1306.36 1306.27 1306.18 1306.05 1305.94 1305.89 1305.87 1305.72 1305.63 1305.52 1305.48 1305.31 1305.28 1305.16 1305.12 1304.98  1304.9 1304.79 1304.75 1304.72 1304.57 1304.52 1304.43 1304.37 1304.26 1304.22 1304.09 1304.05 1303.85 1303.83 1303.73 1303.64 1303.57 1303.52 1303.45 1303.26 1303.24 1303.16  1303.1 1303.02 1302.86 1302.77 1302.69 1302.62 1302.43 1302.38 1302.22 1302.17 1302.08 1301.97 1301.82 1301.72 1301.63 1301.45 1301.33 1301.26 1301.19 1301.01 1300.89 1300.73 1300.62 1300.54 1299.95
Difference to sqrt(Gramian eigenvalues): -2.27374e-13            0  2.27374e-13  2.27374e-13 -2.27374e-13            0  2.27374e-13            0            0 -2.27374e-13  2.27374e-13 -2.27374e-13 -2.27374e-13 -4.54747e-13  4.54747e-13 -2.27374e-13            0 -2.27374e-13 -4.54747e-13            0  2.27374e-13 -4.54747e-13  2.27374e-13 -2.27374e-13  4.54747e-13  2.27374e-13 -2.27374e-13            0  4.54747e-13  2.27374e-13 -2.27374e-13            0  4.54747e-13 -9.09495e-13  2.27374e-13 -6.82121e-13            0 -4.54747e-13  2.27374e-13            0 -2.27374e-13 -4.54747e-13  4.54747e-13 -2.27374e-13  2.27374e-13  2.27374e-13            0            0  4.54747e-13  2.27374e-13  2.27374e-13 -4.54747e-13            0            0 -2.27374e-13 -2.27374e-13  2.27374e-13  2.27374e-13 -4.54747e-13 -4.54747e-13            0 -2.27374e-13 -4.54747e-13            0            0            0 -2.27374e-13            0            0 -2.27374e-13  2.27374e-13 -6.82121e-13  2.27374e-13  2.27374e-13  4.54747e-13            0 -2.27374e-13 -2.27374e-13  2.27374e-13  4.54747e-13  2.27374e-13            0 -6.82121e-13  2.27374e-13 -4.54747e-13  2.27374e-13            0 -2.27374e-13            0 -4.54747e-13  2.27374e-13 -2.27374e-13 -6.82121e-13  2.27374e-13  2.27374e-13  2.27374e-13 -4.54747e-13  2.27374e-13  2.27374e-13  2.27374e-13 -2.27374e-13 -2.27374e-13 -2.27374e-13            0 -9.09495e-13  2.27374e-13  6.82121e-13            0  2.27374e-13  2.27374e-13  2.27374e-13 -2.27374e-13            0 -2.27374e-13  2.27374e-13 -2.27374e-13 -2.27374e-13 -4.54747e-13 -2.27374e-13            0 -2.27374e-13            0 -4.54747e-13  4.54747e-13 -2.27374e-13 -4.54747e-13 -2.27374e-13 -4.54747e-13
Performance statistics:
function                                                                                                                                                                                        	 time [s]  	 #calls    	 GFlop/s DP	 GFlop/s SP	 GByte/s   	Flops/Byte
<PITTS::MultiVector<double>> :: void PITTS::block_TSQR(const MultiVector<T>&, Tensor2<T>&, int, bool, int) [with T = double](rows: 5120000, cols: 128, reductionFactor: 47, colBlockingSize: 16)	 1.19433   	 50        	 7173.15   	 0         	 219.497   	 32.68     
Timing statistics:
function                                                                                                                    	 time [s]  	 #calls    
<PITTS::MultiVector<double>> :: void PITTS::block_TSQR(const MultiVector<T>&, Tensor2<T>&, int, bool, int) [with T = double]	 1.19433   	 50        
<PITTS::Tensor2<double>> :: void PITTS::Tensor2<T>::resize(long long int, long long int, bool) [with T = double]            	 1.58e-06  	 1         
MPI startup(): Error: Could not open /usr/lib64/libpmi.so
Problems reading symbols for shepherd thread detection: No such device
PITTS: version v0.9.7-11-g58bc68d-dirty
PITTS: MPI #procs: 1
PITTS: OpenMP #threads: 384
PITTS: SIMD implementation: avx512
PITTS: Eigen SIMD implementation: AVX512, FMA, AVX2, AVX, SSE, SSE2, SSE3, SSSE3, SSE4.1, SSE4.2
PITTS: cache sizes (L1/core, L2/core, L3/accessible) [byte]: (49152, 1048576, 805306368)
PITTS: preprocessor definitions: PITTS_DIRECT_MKL_GEMM
wtime: 2.22707
Gramian M^TM wtime (not SYRK!): 1.39685
singular values (new):
932.996 932.631 932.363 932.286 932.108 931.875 931.801 931.659  931.61 931.438 931.333 931.291 931.145 931.078 930.962 930.859 930.833 930.804 930.725  930.52 930.481 930.385  930.28 930.255 930.213 930.104 930.076 929.917 929.865 929.809 929.693 929.613 929.593 929.485 929.387 929.331 929.283 929.198 929.135 929.036 928.943 928.934 928.817 928.748 928.729 928.639 928.562 928.538 928.455 928.422 928.406 928.331 928.281 928.222  928.09 928.002 927.979 927.933 927.809 927.737 927.705 927.647 927.618 927.559 927.493 927.415 927.371 927.332 927.258 927.158 927.086 927.018 926.946  926.93 926.887 926.826 926.793  926.74 926.682 926.608 926.447 926.386 926.373 926.314 926.258 926.238 926.202 926.133 926.069 925.984 925.919 925.843 925.711 925.669  925.64 925.594 925.567 925.551 925.379 925.306 925.303 925.213 925.154 925.134 925.021 924.972 924.886 924.861 924.805 924.754 924.726  924.66 924.614 924.494 924.462  924.43 924.356 924.285 924.228 924.211 924.174 924.138 924.085 924.027 923.999 923.935  923.81 923.752 923.744 923.669  923.62 923.579  923.49 923.458 923.441 923.337  923.32 923.247 923.167 923.142 923.102 923.014 922.972  922.88 922.832 922.782 922.701 922.656 922.592  922.52 922.488 922.438 922.392 922.309  922.19 922.186  922.15 922.021 921.974 921.894 921.782 921.757 921.717 921.691 921.632 921.579 921.544 921.453  921.38 921.243 921.226 921.163 921.087  921.06 920.995 920.913 920.846  920.77 920.692 920.648 920.624 920.527 920.434 920.403 920.335 920.307 920.275 920.226 920.208 920.153 920.094 919.975  919.95 919.899 919.847 919.801 919.739 919.701 919.603 919.547 919.427 919.394 919.348 919.266 919.199 919.111 919.017 918.935 918.918 918.797 918.722 918.685 918.667  918.62  918.52 918.459 918.389 918.248 918.234  918.16 918.103 918.002 917.896 917.871 917.856 917.664  917.62 917.469 917.446  917.34 917.294 917.198 917.173 917.114 917.059 916.986 916.799 916.758 916.614 916.491 916.464 916.386 916.367 916.213 916.174 915.979  915.88 915.746 915.715 915.411 915.363 915.316 915.279 915.138 914.879 914.748
Difference to sqrt(Gramian eigenvalues):  1.13687e-13  2.27374e-13            0  2.27374e-13  2.27374e-13  2.27374e-13  3.41061e-13  2.27374e-13  5.68434e-13  1.13687e-13 -1.13687e-13 -2.27374e-13 -2.27374e-13  1.13687e-13  1.13687e-13  3.41061e-13  1.13687e-13            0 -2.27374e-13  1.13687e-13  1.13687e-13  1.13687e-13            0  3.41061e-13  2.27374e-13  3.41061e-13  3.41061e-13  1.13687e-13  4.54747e-13  3.41061e-13            0  5.68434e-13  2.27374e-13            0            0 -2.27374e-13  1.13687e-13  1.13687e-13            0 -1.13687e-13            0  1.13687e-13            0  3.41061e-13  3.41061e-13  3.41061e-13  1.13687e-13  4.54747e-13            0  1.13687e-13 -1.13687e-13            0 -1.13687e-13            0  1.13687e-13            0 -1.13687e-13            0  3.41061e-13 -1.13687e-13  1.13687e-13  3.41061e-13  3.41061e-13 -1.13687e-13  1.13687e-13  2.27374e-13  5.68434e-13 -4.54747e-13  1.13687e-13            0  1.13687e-13 -3.41061e-13  2.27374e-13            0 -1.13687e-13 -4.54747e-13 -1.13687e-13  4.54747e-13  3.41061e-13  2.27374e-13            0            0  2.27374e-13  1.13687e-13  1.13687e-13  4.54747e-13  2.27374e-13 -2.27374e-13  1.13687e-13 -1.13687e-13  1.13687e-13  1.13687e-13  1.13687e-13  3.41061e-13            0 -2.27374e-13  2.27374e-13  2.27374e-13 -1.13687e-13            0  2.27374e-13  1.13687e-13            0  2.27374e-13  2.27374e-13  4.54747e-13  2.27374e-13  2.27374e-13            0  2.27374e-13  1.13687e-13  5.68434e-13  1.13687e-13  2.27374e-13 -2.27374e-13            0  4.54747e-13  2.27374e-13            0            0  2.27374e-13 -2.27374e-13  3.41061e-13 -1.13687e-13            0  1.13687e-13  1.13687e-13 -3.41061e-13  2.27374e-13  1.13687e-13  3.41061e-13  1.13687e-13 -2.27374e-13  2.27374e-13  1.13687e-13 -5.68434e-13            0  4.54747e-13            0 -1.13687e-13            0 -1.13687e-13 -1.13687e-13  3.41061e-13  1.13687e-13 -2.27374e-13  1.13687e-13 -2.27374e-13  1.13687e-13  1.13687e-13  1.13687e-13            0 -1.13687e-13  1.13687e-13  2.27374e-13 -1.13687e-13  1.13687e-13 -2.27374e-13  2.27374e-13  2.27374e-13  1.13687e-13 -1.13687e-13            0 -2.27374e-13  1.13687e-13            0  2.27374e-13            0  1.13687e-13 -1.13687e-13  4.54747e-13            0 -1.13687e-13  3.41061e-13  2.27374e-13 -2.27374e-13  1.13687e-13            0  3.41061e-13 -1.13687e-13  1.13687e-13  2.27374e-13  1.13687e-13  1.13687e-13  2.27374e-13  1.13687e-13  1.13687e-13  4.54747e-13            0 -1.13687e-13  4.54747e-13  2.27374e-13  4.54747e-13            0            0  1.13687e-13  2.27374e-13  1.13687e-13  2.27374e-13 -1.13687e-13            0 -2.27374e-13            0 -1.13687e-13  1.13687e-13            0            0  2.27374e-13 -2.27374e-13  1.13687e-13  3.41061e-13  2.27374e-13  1.13687e-13  1.13687e-13 -1.13687e-13  1.13687e-13  1.13687e-13  1.13687e-13  2.27374e-13 -2.27374e-13 -1.13687e-13  1.13687e-13            0 -3.41061e-13 -1.13687e-13  1.13687e-13  1.13687e-13            0  1.13687e-13  2.27374e-13 -1.13687e-13  1.13687e-13  3.41061e-13  3.41061e-13 -3.41061e-13  1.13687e-13  3.41061e-13  1.13687e-13  1.13687e-13  2.27374e-13  3.41061e-13  1.13687e-13  1.13687e-13  1.13687e-13  4.54747e-13  1.13687e-13  4.54747e-13  3.41061e-13  3.41061e-13  3.41061e-13  4.54747e-13  1.13687e-13  2.27374e-13  4.54747e-13  2.27374e-13  5.68434e-13
Performance statistics:
function                                                                                                                                                                                        	 time [s]  	 #calls    	 GFlop/s DP	 GFlop/s SP	 GByte/s   	Flops/Byte
<PITTS::MultiVector<double>> :: void PITTS::block_TSQR(const MultiVector<T>&, Tensor2<T>&, int, bool, int) [with T = double](rows: 2560000, cols: 256, reductionFactor: 25, colBlockingSize: 16)	 2.22698   	 50        	 7834.97   	 0         	 117.725   	 66.5533   
Timing statistics:
function                                                                                                                    	 time [s]  	 #calls    
<PITTS::MultiVector<double>> :: void PITTS::block_TSQR(const MultiVector<T>&, Tensor2<T>&, int, bool, int) [with T = double]	 2.22698   	 50        
<PITTS::Tensor2<double>> :: void PITTS::Tensor2<T>::resize(long long int, long long int, bool) [with T = double]            	 2.09e-06  	 1         
MPI startup(): Error: Could not open /usr/lib64/libpmi.so
Problems reading symbols for shepherd thread detection: No such device
PITTS: version v0.9.7-11-g58bc68d-dirty
PITTS: MPI #procs: 1
PITTS: OpenMP #threads: 384
PITTS: SIMD implementation: avx512
PITTS: Eigen SIMD implementation: AVX512, FMA, AVX2, AVX, SSE, SSE2, SSE3, SSSE3, SSE4.1, SSE4.2
PITTS: cache sizes (L1/core, L2/core, L3/accessible) [byte]: (49152, 1048576, 805306368)
PITTS: preprocessor definitions: PITTS_DIRECT_MKL_GEMM
wtime: 4.71607
Gramian M^TM wtime (not SYRK!): 3.3432
singular values (new):
 666.06 665.955 665.772 665.663 665.566 665.417 665.354 665.199 665.012 664.849 664.826 664.738 664.595 664.546  664.46 664.397 664.359  664.23 664.181 664.121 664.021 664.004 663.951 663.863 663.839  663.68 663.664 663.612 663.532 663.498  663.42 663.401 663.375 663.318 663.188 663.105 663.056 662.954 662.884 662.801 662.755 662.689 662.661  662.58 662.522 662.472  662.37 662.352 662.333 662.276 662.154 662.123 662.033  662.01 661.987  661.92  661.87 661.801 661.691 661.637 661.602 661.575 661.511 661.438 661.392 661.364 661.323 661.316 661.228 661.191 661.164 661.116 661.098 661.008 660.931  660.89 660.819 660.795 660.751 660.678 660.635 660.607 660.542 660.495 660.437 660.403 660.333 660.204  660.17 660.134 660.077 660.054 659.999 659.951 659.937 659.854 659.841 659.785 659.708 659.652 659.604 659.583 659.547 659.501 659.481 659.442 659.404 659.304 659.299  659.27 659.197 659.164 659.082 659.051 659.014 658.961 658.922 658.867 658.781 658.749  658.73 658.699 658.658 658.615 658.564 658.513 658.448 658.442 658.412 658.322 658.275 658.261 658.209  658.17 658.123 658.077 658.036 658.029 657.969  657.94 657.923 657.832 657.804 657.778 657.759  657.73 657.667 657.602 657.572 657.524 657.467 657.417 657.386 657.313 657.266 657.256 657.211 657.147 657.104 657.008 656.993  656.95 656.936 656.882 656.858  656.82 656.769 656.718 656.682 656.646 656.637 656.591 656.534 656.472 656.454 656.407 656.355 656.333 656.278 656.208 656.201  656.18  656.13 656.083 656.041 656.025  655.96 655.908 655.861 655.827 655.788 655.733 655.687 655.649 655.616 655.574   655.5  655.48 655.455 655.394 655.374 655.328 655.286 655.221 655.184  655.17 655.148 655.105 655.086 655.035     655 654.971 654.942 654.882 654.825 654.773  654.76 654.705 654.668   654.6 654.587 654.548 654.487 654.471 654.445 654.343 654.327 654.277 654.245 654.184 654.153  654.13 654.088 654.059 654.015  654.01 653.992 653.956 653.912 653.851 653.812 653.759 653.725 653.659 653.634 653.602 653.565 653.519 653.508 653.433 653.395 653.381 653.353  653.32 653.299 653.238 653.167 653.158 653.108 653.018 652.996 652.943 652.927 652.888 652.848 652.839 652.758 652.703 652.636 652.611  652.58 652.528 652.503 652.461 652.423 652.381 652.331 652.328 652.278 652.232 652.206 652.135 652.112 652.084 652.074 652.035 652.011 651.945 651.937 651.914 651.857 651.822 651.739 651.718 651.683 651.663  651.61 651.565  651.51 651.465 651.425 651.401 651.368 651.332 651.272 651.212 651.185 651.145 651.131 651.072 650.998 650.994 650.958 650.894 650.889 650.845 650.803 650.775 650.703  650.67 650.617 650.585 650.541 650.484 650.471  650.39 650.347 650.303 650.246 650.198 650.175 650.106 650.093 650.035 650.007 650.001 649.951 649.895 649.831 649.785 649.765  649.68 649.658 649.611 649.589 649.567  649.53 649.466 649.418 649.392 649.348 649.328 649.242 649.201 649.118 649.104 649.068 648.985 648.952 648.922 648.915 648.841 648.792 648.769 648.706 648.654 648.615 648.591 648.556 648.527 648.467 648.405 648.388 648.348  648.29 648.265 648.229 648.169 648.107 648.063  648.03 647.995 647.985 647.968 647.927 647.846 647.797 647.768 647.691 647.687 647.633 647.555 647.515 647.452 647.399 647.376 647.338 647.299 647.253 647.213 647.199  647.15 647.094 647.077 647.027 646.961 646.871 646.857 646.818 646.765 646.713 646.653 646.636 646.579 646.545 646.518 646.483 646.392 646.342 646.296 646.269 646.254 646.205 646.149 646.101 646.036 646.021 645.969 645.934 645.914 645.874 645.838 645.697 645.679 645.667  645.61 645.574 645.531 645.408 645.392 645.276 645.218 645.165 645.119 645.079 645.029 644.973 644.886 644.856 644.799 644.724 644.673 644.658 644.616 644.571 644.497 644.435 644.416 644.342 644.295 644.241 644.181 644.115  644.08 644.036 643.959 643.879 643.845  643.79 643.715 643.692 643.626  643.56 643.505 643.447 643.412 643.368 643.268 643.232 643.135  643.08 643.051 642.975 642.918  642.83 642.766 642.738 642.692 642.584  642.54 642.507 642.439 642.353 642.262 642.146 642.087 641.956 641.881 641.746 641.646 641.533 641.523 641.439 641.361 641.322 641.251 641.107 641.044 640.946 640.804 640.635 640.395
Difference to sqrt(Gramian eigenvalues): -3.41061e-13  4.54747e-13 -3.41061e-13  1.13687e-13  2.27374e-13  2.27374e-13 -3.41061e-13 -5.68434e-13 -1.13687e-13            0 -2.27374e-13            0  2.27374e-13 -4.54747e-13  3.41061e-13 -2.27374e-13  2.27374e-13 -3.41061e-13 -4.54747e-13 -2.27374e-13            0 -1.13687e-13  3.41061e-13 -2.27374e-13 -4.54747e-13 -1.13687e-13 -1.13687e-13 -1.13687e-13  3.41061e-13  3.41061e-13  1.13687e-13 -2.27374e-13  4.54747e-13 -9.09495e-13  3.41061e-13  2.27374e-13 -3.41061e-13  6.82121e-13 -1.13687e-13  2.27374e-13 -1.13687e-13  2.27374e-13 -3.41061e-13  2.27374e-13            0 -5.68434e-13 -3.41061e-13 -1.13687e-13 -2.27374e-13            0  1.13687e-13 -7.95808e-13 -6.82121e-13 -2.27374e-13 -4.54747e-13 -5.68434e-13  1.13687e-13 -2.27374e-13 -4.54747e-13  2.27374e-13 -3.41061e-13  3.41061e-13  2.27374e-13            0 -2.27374e-13 -1.13687e-13 -1.13687e-13 -1.13687e-13  1.13687e-13 -2.27374e-13  5.68434e-13 -2.27374e-13            0            0  1.13687e-13            0  5.68434e-13            0  1.13687e-13 -2.27374e-13  1.13687e-13            0 -1.13687e-13 -1.13687e-13 -3.41061e-13  4.54747e-13  2.27374e-13            0  2.27374e-13 -1.13687e-13 -2.27374e-13  1.13687e-13 -1.13687e-13            0 -1.13687e-13 -1.13687e-13 -2.27374e-13 -4.54747e-13 -3.41061e-13  4.54747e-13  2.27374e-13 -2.27374e-13 -1.13687e-13  1.13687e-13 -2.27374e-13  3.41061e-13            0  1.13687e-13            0  1.13687e-13  3.41061e-13 -1.13687e-13 -1.13687e-13  1.13687e-13 -2.27374e-13  2.27374e-13  1.13687e-13 -3.41061e-13            0  3.41061e-13 -3.41061e-13 -2.27374e-13  1.13687e-13 -1.13687e-13  1.13687e-13  2.27374e-13  2.27374e-13  1.13687e-13  2.27374e-13  2.27374e-13  1.13687e-13  1.13687e-13  1.13687e-13 -3.41061e-13  1.13687e-13  1.13687e-13            0  2.27374e-13  3.41061e-13            0            0 -1.13687e-13  1.13687e-13 -2.27374e-13  1.13687e-13  4.54747e-13 -2.27374e-13 -2.27374e-13  2.27374e-13 -1.13687e-13 -1.13687e-13            0  1.13687e-13 -3.41061e-13 -1.13687e-13  2.27374e-13 -1.13687e-13 -3.41061e-13 -1.13687e-13  1.13687e-13  1.13687e-13            0            0  1.13687e-13 -1.13687e-13 -1.13687e-13 -3.41061e-13 -1.13687e-13  1.13687e-13            0 -2.27374e-13            0  1.13687e-13  1.13687e-13 -1.13687e-13            0  1.13687e-13            0            0 -2.27374e-13            0  2.27374e-13  1.13687e-13 -2.27374e-13            0            0 -1.13687e-13            0 -2.27374e-13            0  2.27374e-13 -1.13687e-13  2.27374e-13 -2.27374e-13            0 -1.13687e-13 -1.13687e-13            0 -2.27374e-13  2.27374e-13 -2.27374e-13            0  2.27374e-13  2.27374e-13            0            0  1.13687e-13 -2.27374e-13 -1.13687e-13 -1.13687e-13  3.41061e-13            0  3.41061e-13            0            0  1.13687e-13 -1.13687e-13            0  2.27374e-13            0 -1.13687e-13  1.13687e-13  2.27374e-13            0 -1.13687e-13  1.13687e-13            0            0 -1.13687e-13            0  1.13687e-13 -4.54747e-13            0 -1.13687e-13            0 -3.41061e-13 -2.27374e-13  1.13687e-13 -1.13687e-13            0            0  1.13687e-13  1.13687e-13            0 -2.27374e-13            0  1.13687e-13  1.13687e-13            0 -2.27374e-13  1.13687e-13  1.13687e-13  3.41061e-13            0            0 -2.27374e-13  1.13687e-13 -1.13687e-13 -1.13687e-13 -2.27374e-13  2.27374e-13 -1.13687e-13            0            0 -2.27374e-13            0 -1.13687e-13  2.27374e-13  2.27374e-13            0            0            0 -1.13687e-13  1.13687e-13  2.27374e-13            0  1.13687e-13  2.27374e-13            0            0  1.13687e-13            0  1.13687e-13            0 -1.13687e-13 -1.13687e-13  1.13687e-13  1.13687e-13 -1.13687e-13            0            0            0 -3.41061e-13  3.41061e-13 -3.41061e-13  2.27374e-13 -1.13687e-13            0  1.13687e-13  1.13687e-13 -1.13687e-13  2.27374e-13            0            0            0 -2.27374e-13            0 -2.27374e-13            0 -3.41061e-13 -3.41061e-13 -1.13687e-13 -3.41061e-13 -1.13687e-13 -3.41061e-13            0  1.13687e-13            0  2.27374e-13 -1.13687e-13 -3.41061e-13 -2.27374e-13 -2.27374e-13 -3.41061e-13 -3.41061e-13            0 -1.13687e-13            0  2.27374e-13 -3.41061e-13 -1.13687e-13 -1.13687e-13  1.13687e-13            0 -2.27374e-13 -2.27374e-13  1.13687e-13 -1.13687e-13  5.68434e-13 -1.13687e-13  1.13687e-13            0  1.13687e-13  1.13687e-13 -1.13687e-13            0  2.27374e-13  2.27374e-13  1.13687e-13            0  2.27374e-13  1.13687e-13 -2.27374e-13 -4.54747e-13            0  1.13687e-13  1.13687e-13            0  2.27374e-13 -2.27374e-13  2.27374e-13            0 -2.27374e-13 -1.13687e-13            0  1.13687e-13 -2.27374e-13 -1.13687e-13 -1.13687e-13  2.27374e-13 -3.41061e-13 -2.27374e-13 -4.54747e-13 -2.27374e-13  1.13687e-13  4.54747e-13  2.27374e-13  1.13687e-13            0 -1.13687e-13 -1.13687e-13 -1.13687e-13 -1.13687e-13 -1.13687e-13            0 -1.13687e-13 -1.13687e-13 -2.27374e-13 -2.27374e-13 -2.27374e-13  1.13687e-13            0 -1.13687e-13  1.13687e-13 -1.13687e-13 -1.13687e-13 -4.54747e-13  3.41061e-13 -1.13687e-13 -1.13687e-13            0  1.13687e-13  3.41061e-13  2.27374e-13  1.13687e-13 -1.13687e-13  2.27374e-13 -1.13687e-13 -1.13687e-13  1.13687e-13  1.13687e-13  2.27374e-13  2.27374e-13  2.27374e-13 -1.13687e-13 -2.27374e-13  2.27374e-13 -5.68434e-13            0 -1.13687e-13 -1.13687e-13 -2.27374e-13 -1.13687e-13  2.27374e-13 -1.13687e-13  4.54747e-13 -1.13687e-13 -1.13687e-13  3.41061e-13            0  3.41061e-13 -3.41061e-13  1.13687e-13  1.13687e-13  2.27374e-13  1.13687e-13            0 -2.27374e-13 -1.13687e-13  4.54747e-13  2.27374e-13 -1.13687e-13 -3.41061e-13 -5.68434e-13            0 -2.27374e-13 -3.41061e-13 -2.27374e-13  1.13687e-13            0 -1.13687e-13 -1.13687e-13            0 -2.27374e-13 -1.13687e-13 -2.27374e-13  4.54747e-13  2.27374e-13 -1.13687e-13  1.13687e-13  2.27374e-13  5.68434e-13  4.54747e-13  2.27374e-13            0 -2.27374e-13  5.68434e-13  2.27374e-13            0  2.27374e-13 -1.13687e-13 -2.27374e-13  3.41061e-13  4.54747e-13  2.27374e-13 -4.54747e-13  6.82121e-13  2.27374e-13 -3.41061e-13 -6.82121e-13 -5.68434e-13 -4.54747e-13  1.13687e-13 -1.13687e-13  1.13687e-13 -3.41061e-13 -3.41061e-13 -3.41061e-13  1.13687e-13 -3.41061e-13 -2.27374e-13 -9.09495e-13  6.82121e-13 -1.13687e-13  2.27374e-13  2.27374e-13  2.27374e-13            0 -1.13687e-13  1.13687e-13 -2.27374e-13 -4.54747e-13 -7.95808e-13  1.13687e-13  2.27374e-13 -1.13687e-13 -2.27374e-13 -1.13687e-13  5.68434e-13  7.95808e-13  1.13687e-13 -7.95808e-13
Performance statistics:
function                                                                                                                                                                                        	 time [s]  	 #calls    	 GFlop/s DP	 GFlop/s SP	 GByte/s   	Flops/Byte
<PITTS::MultiVector<double>> :: void PITTS::block_TSQR(const MultiVector<T>&, Tensor2<T>&, int, bool, int) [with T = double](rows: 1280000, cols: 512, reductionFactor: 25, colBlockingSize: 16)	 4.71598   	 50        	 7399.66   	 0         	 55.6086   	 133.067   
Timing statistics:
function                                                                                                                    	 time [s]  	 #calls    
<PITTS::MultiVector<double>> :: void PITTS::block_TSQR(const MultiVector<T>&, Tensor2<T>&, int, bool, int) [with T = double]	 4.71598   	 50        
<PITTS::Tensor2<double>> :: void PITTS::Tensor2<T>::resize(long long int, long long int, bool) [with T = double]            	 1.89e-06  	 1         
MPI startup(): Error: Could not open /usr/lib64/libpmi.so
Problems reading symbols for shepherd thread detection: No such device
PITTS: version v0.9.7-11-g58bc68d-dirty
PITTS: MPI #procs: 1
PITTS: OpenMP #threads: 384
PITTS: SIMD implementation: avx512
PITTS: Eigen SIMD implementation: AVX512, FMA, AVX2, AVX, SSE, SSE2, SSE3, SSSE3, SSE4.1, SSE4.2
PITTS: cache sizes (L1/core, L2/core, L3/accessible) [byte]: (49152, 1048576, 805306368)
PITTS: preprocessor definitions: PITTS_DIRECT_MKL_GEMM
wtime: 13.591
Gramian M^TM wtime (not SYRK!): 7.05018
singular values (new):
480.201 479.995 479.856 479.696  479.65 479.511 479.453 479.371 479.288 479.189 479.158 479.064 478.927 478.856 478.737 478.704 478.632 478.583 478.516 478.433 478.349  478.33 478.255 478.162 478.131 478.075 478.007 477.955 477.915 477.884 477.826 477.693 477.614 477.609 477.552 477.495 477.436   477.4 477.378 477.311 477.237 477.191 477.095 477.053 477.026 476.953 476.877  476.85 476.807  476.78 476.712 476.622 476.605 476.566 476.555 476.475 476.437 476.378 476.288 476.255 476.182 476.155 476.067 475.996 475.983 475.971 475.934 475.873 475.865 475.795 475.748 475.703 475.677 475.626 475.615  475.55  475.49  475.47 475.446 475.322 475.275 475.257 475.194 475.186 475.144 475.128 475.098 475.052 474.987 474.936 474.883 474.851 474.838 474.801 474.743 474.719 474.675 474.651  474.61 474.586  474.55 474.504 474.491 474.462 474.404 474.395 474.326 474.308 474.251 474.159 474.152 474.146 474.086 474.071 474.039 474.002 473.915 473.898 473.878 473.799 473.786 473.711 473.695 473.657 473.654  473.61 473.568 473.519 473.509 473.467 473.431 473.399  473.34 473.313 473.261 473.223 473.178 473.145 473.131 473.123 473.075 473.024 473.011 472.976  472.93 472.884 472.854 472.804 472.782 472.742 472.717 472.686 472.655 472.623 472.604 472.556 472.501 472.466 472.447 472.443 472.391 472.352 472.276 472.255 472.224 472.177 472.151 472.129 472.119 472.092  472.01 471.984 471.928 471.909 471.887 471.831 471.814 471.781 471.769 471.751 471.722 471.681 471.649 471.617 471.592 471.498  471.47  471.45 471.405 471.374 471.345  471.31 471.281 471.272 471.244 471.221   471.2  471.14 471.089 471.045 471.035 471.017 470.968 470.931 470.902  470.87  470.84  470.81 470.786 470.749 470.732 470.692 470.643 470.612 470.579 470.533  470.51 470.485 470.435 470.428 470.392 470.374 470.341  470.34  470.29 470.243 470.211 470.184 470.152 470.125 470.104 470.072 470.014 469.977 469.945  469.92 469.862 469.824 469.818 469.796 469.772 469.718 469.675 469.662 469.608 469.584 469.571 469.515 469.499 469.467  469.43 469.401 469.388 469.349 469.296 469.285 469.271 469.231 469.204  469.16 469.133 469.103 469.065  469.05 469.001 468.959 468.947   468.9 468.871 468.858  468.79  468.77 468.741  468.73 468.683 468.658   468.6 468.577 468.551 468.507 468.479 468.447 468.429 468.407 468.372 468.363 468.336 468.329  468.27 468.248 468.214 468.203 468.165 468.105 468.073  468.07 468.045 468.002 467.985 467.934 467.897 467.866  467.86 467.836 467.764 467.722 467.695 467.679 467.653 467.632 467.569 467.558 467.543  467.53   467.5 467.439 467.391 467.374  467.35 467.342 467.322 467.306 467.265 467.224 467.201 467.162 467.127 467.097 467.072 467.064 467.007 466.958  466.93 466.919 466.895 466.851 466.838 466.807 466.762 466.717 466.708 466.677 466.632 466.617 466.559 466.549 466.515 466.492 466.449 466.436 466.401 466.375 466.341 466.305 466.269 466.254 466.223 466.192 466.154 466.137  466.11 466.104 466.066 466.006 465.975 465.937 465.915 465.904 465.883 465.859 465.834 465.779 465.755 465.738 465.724 465.712 465.666 465.654 465.606 465.552  465.53 465.495 465.476 465.437 465.406 465.372 465.337 465.328 465.286 465.257  465.24 465.218 465.193 465.156 465.108 465.086 465.059 465.036 465.009 465.004  464.95 464.923 464.893 464.859 464.828 464.816 464.786 464.768 464.736   464.7 464.656 464.632 464.612 464.587 464.563 464.502 464.496 464.466 464.438 464.433 464.389 464.347 464.297 464.273 464.262 464.212 464.186  464.13 464.105 464.089 464.072 464.015     464 463.956 463.946 463.923 463.871 463.868 463.856 463.819 463.798 463.762 463.731 463.686 463.668 463.609 463.582 463.574 463.553 463.529 463.504 463.481 463.457  463.42 463.391  463.36 463.353 463.305 463.297  463.25 463.236 463.229 463.187 463.149 463.128 463.121 463.041 462.996 462.979 462.935 462.913 462.894 462.875 462.859 462.808 462.767 462.759 462.709  462.66 462.651 462.619 462.602 462.584 462.548 462.514 462.503 462.475 462.444 462.408 462.387 462.359 462.331 462.301 462.287 462.258  462.23 462.191 462.161 462.127  462.12 462.082 462.056  462.03 462.019 461.984 461.945 461.933 461.879 461.843 461.833   461.8 461.763 461.751 461.732 461.698  461.67 461.623 461.613 461.547 461.531  461.48 461.447 461.435 461.426  461.41 461.387  461.35 461.308 461.277 461.252 461.219 461.184 461.167 461.162 461.121 461.088 461.065 461.052 461.018     461 460.965 460.951 460.898 460.865 460.835 460.814  460.78 460.758 460.714 460.691 460.662 460.629 460.601 460.588 460.574 460.524 460.498 460.495 460.453 460.426 460.396 460.357 460.348 460.297 460.288 460.247 460.236 460.175 460.139  460.13 460.082 460.075 460.065 460.045 460.013 459.956 459.946 459.905 459.864 459.852 459.842 459.823 459.758 459.748 459.704 459.673  459.63 459.608 459.565 459.541 459.517 459.502 459.473 459.412 459.393 459.367 459.335 459.314 459.255 459.227 459.213 459.179 459.168 459.152 459.113 459.093 459.073 459.058 459.031  459.01 458.962 458.942 458.927 458.881 458.839 458.796 458.786 458.727 458.703 458.678 458.657  458.64 458.604 458.547  458.52 458.512 458.494 458.446 458.415 458.398 458.358 458.344 458.333 458.317 458.259 458.246 458.191 458.172 458.142 458.116 458.078 458.059  458.05 458.007 457.959 457.954 457.898 457.888 457.873 457.848 457.818 457.752 457.688 457.682 457.662 457.634 457.626 457.564 457.536 457.509  457.49 457.454 457.445 457.415 457.398 457.375 457.352 457.304 457.296 457.239 457.202 457.177 457.169 457.156 457.101 457.074 457.028 456.999 456.987 456.944 456.937 456.915 456.886 456.855 456.811 456.775  456.76 456.735  456.71  456.67 456.656 456.643 456.617 456.588 456.562 456.501  456.48 456.447 456.409 456.368 456.344 456.312 456.266 456.261  456.22 456.163 456.161 456.115 456.084  456.08 456.051 456.046 455.992 455.961 455.944 455.899 455.875  455.84 455.778 455.751 455.734 455.704 455.672 455.658 455.647 455.606 455.596  455.55 455.526 455.501 455.453 455.416 455.407 455.355 455.327 455.301 455.294 455.256 455.243 455.186  455.18 455.134 455.094 455.085 455.064 455.031  455.01 454.973 454.921 454.892  454.88 454.845  454.79 454.786 454.735 454.724 454.685 454.666 454.638 454.635 454.594 454.584 454.497  454.47 454.449 454.431 454.395 454.356 454.344  454.32 454.304 454.237 454.195 454.175 454.148   454.1 454.071 454.017 454.005 453.967 453.933 453.892 453.834 453.822 453.792 453.752 453.719 453.708 453.698 453.628 453.608 453.564 453.525 453.512 453.484 453.459 453.423 453.375 453.369 453.331 453.286 453.252 453.227 453.207 453.145 453.128 453.103  453.06 453.041 452.992 452.961 452.908 452.898 452.888 452.845 452.811 452.803 452.731 452.715 452.686 452.654 452.618 452.598 452.568 452.556 452.495 452.413 452.393 452.334 452.315 452.299 452.272 452.262 452.227 452.163 452.151 452.121 452.104 452.083 452.043 452.026 452.002 451.958 451.935 451.889 451.836 451.812 451.763 451.729 451.721 451.691 451.647 451.627 451.612  451.56 451.525 451.483  451.46 451.423 451.396 451.326 451.287 451.238 451.208 451.188 451.168 451.115  451.08 451.036 450.999 450.972 450.947 450.894 450.872 450.837 450.814 450.803  450.74 450.686 450.644 450.622 450.595 450.566   450.5 450.486 450.478 450.403 450.377 450.318 450.308 450.285 450.255 450.242 450.174 450.129 450.121 450.076  450.05     450 449.972 449.917 449.881 449.859 449.807 449.803  449.77 449.765 449.679 449.648 449.586 449.571  449.54 449.486 449.467 449.439 449.394 449.342 449.304 449.288 449.236 449.157 449.119 449.114 449.076 449.025 449.016 448.965 448.922 448.868 448.849  448.79 448.774 448.751 448.686 448.641 448.619 448.572 448.559 448.484 448.401 448.391 448.345 448.288 448.267 448.217 448.196 448.123 448.078 448.022 448.012 447.978  447.95 447.888 447.847 447.794 447.721 447.681 447.648 447.592 447.567 447.535 447.515 447.432 447.406 447.381  447.34 447.291 447.244 447.151 447.148 447.069 447.002 446.966 446.917 446.904 446.862 446.798 446.741 446.721 446.681 446.613 446.567 446.532 446.436 446.398 446.344 446.337 446.242 446.166 446.122 446.108 446.077 445.962 445.898 445.867 445.809 445.796 445.722 445.671 445.607 445.527 445.462 445.357  445.32 445.288 445.173  445.14 445.034 444.957 444.908  444.85 444.747 444.676 444.609 444.577 444.494  444.43 444.356 444.264 444.198 444.056  444.04 443.915 443.617
Difference to sqrt(Gramian eigenvalues): -2.27374e-13  4.54747e-13  5.11591e-13 -5.68434e-14   1.7053e-13 -5.11591e-13  5.11591e-13 -1.13687e-13  2.27374e-13 -2.84217e-13  9.09495e-13            0  1.19371e-12  2.84217e-13  2.27374e-13  1.13687e-13 -3.97904e-13  3.41061e-13  1.13687e-13 -3.97904e-13 -4.54747e-13 -2.84217e-13 -6.25278e-13 -4.54747e-13 -2.84217e-13  5.68434e-14  3.97904e-13  3.41061e-13  5.68434e-14  2.84217e-13  2.84217e-13 -7.95808e-13  5.11591e-13  5.68434e-14 -5.68434e-14 -2.27374e-13  8.52651e-13  3.97904e-13  5.11591e-13  5.68434e-14  -1.7053e-13  2.27374e-13  2.27374e-13  5.11591e-13  2.27374e-13 -2.84217e-13  3.41061e-13  2.27374e-13   1.7053e-13            0            0  6.82121e-13 -2.27374e-13  5.68434e-14 -2.27374e-13  5.68434e-13 -2.27374e-13  5.68434e-13 -1.13687e-13  2.84217e-13  3.97904e-13  5.68434e-13 -3.41061e-13  3.41061e-13  1.13687e-13 -2.27374e-13  5.68434e-14 -4.54747e-13 -1.13687e-13 -5.68434e-13 -3.97904e-13   1.7053e-13 -2.27374e-13  5.68434e-13 -3.97904e-13 -3.97904e-13  3.97904e-13  5.68434e-14 -1.13687e-13 -3.97904e-13            0 -2.84217e-13  3.41061e-13 -5.68434e-14  3.97904e-13 -5.68434e-13   1.7053e-13   1.7053e-13  1.13687e-13 -5.68434e-14  5.68434e-14 -1.13687e-13  5.11591e-13  2.84217e-13            0 -1.13687e-13 -5.68434e-14 -1.13687e-13 -1.13687e-13            0            0 -5.68434e-14  5.68434e-14            0   1.7053e-13            0 -5.68434e-14 -5.68434e-14  2.27374e-13            0   1.7053e-13 -5.68434e-14  3.97904e-13   1.7053e-13  2.84217e-13 -1.13687e-13  3.97904e-13  5.68434e-13  1.13687e-13   1.7053e-13            0  5.68434e-14 -5.68434e-14  2.27374e-13  -1.7053e-13  2.27374e-13 -2.84217e-13   1.7053e-13 -4.54747e-13 -5.68434e-14 -1.13687e-13  5.68434e-14   1.7053e-13            0 -2.27374e-13 -5.68434e-14 -2.27374e-13  2.27374e-13  1.13687e-13  -1.7053e-13 -2.27374e-13  -1.7053e-13 -2.27374e-13 -1.13687e-13 -5.68434e-14  2.84217e-13 -5.68434e-14 -2.27374e-13  -1.7053e-13  2.27374e-13 -1.13687e-13  -1.7053e-13  1.13687e-13  5.68434e-14 -5.68434e-14  3.41061e-13            0 -2.27374e-13  5.68434e-14 -1.13687e-13   1.7053e-13            0            0  5.68434e-14  3.97904e-13  -1.7053e-13  4.54747e-13  -1.7053e-13  -1.7053e-13 -5.68434e-14  2.27374e-13  5.68434e-14            0   1.7053e-13  2.27374e-13   1.7053e-13 -5.68434e-14  1.13687e-13 -5.68434e-14   1.7053e-13  1.13687e-13  1.13687e-13  2.27374e-13  1.13687e-13  5.68434e-14            0   1.7053e-13  1.13687e-13            0            0  1.13687e-13  1.13687e-13            0 -5.68434e-14 -1.13687e-13 -2.27374e-13  3.41061e-13            0  5.68434e-14  5.68434e-14 -2.27374e-13 -5.68434e-14            0   1.7053e-13  5.68434e-14 -1.13687e-13 -2.27374e-13  3.41061e-13 -2.27374e-13  5.68434e-14 -2.84217e-13  2.84217e-13  2.27374e-13  2.84217e-13            0  3.41061e-13  3.97904e-13 -5.68434e-14            0  5.68434e-14 -2.27374e-13  -1.7053e-13 -1.13687e-13  5.68434e-14 -2.27374e-13            0  1.13687e-13            0            0  5.68434e-14  1.13687e-13 -2.84217e-13 -1.13687e-13  1.13687e-13  5.68434e-14  3.97904e-13 -5.68434e-14  5.68434e-14 -1.13687e-13  2.27374e-13   1.7053e-13  1.13687e-13  5.68434e-14   1.7053e-13            0  1.13687e-13   1.7053e-13   1.7053e-13 -5.68434e-14  5.68434e-14 -2.27374e-13  1.13687e-13 -1.13687e-13  5.68434e-14 -5.68434e-14  1.13687e-13  5.68434e-14 -5.68434e-14  1.13687e-13 -2.27374e-13   1.7053e-13  -1.7053e-13 -2.27374e-13 -5.68434e-14  3.97904e-13 -1.13687e-13  5.68434e-14  2.27374e-13   1.7053e-13 -5.68434e-14 -5.68434e-14  2.84217e-13            0  1.13687e-13  5.68434e-14            0   1.7053e-13  4.54747e-13  2.27374e-13 -2.27374e-13            0  1.13687e-13  5.68434e-14  2.84217e-13   1.7053e-13  1.13687e-13 -5.68434e-14   1.7053e-13  5.68434e-14  -1.7053e-13            0 -1.13687e-13  5.68434e-14  3.97904e-13 -5.68434e-14            0  2.27374e-13 -5.68434e-14  2.84217e-13  -1.7053e-13  2.27374e-13 -1.13687e-13            0            0            0 -2.84217e-13 -5.68434e-14 -5.68434e-14 -5.68434e-14  2.27374e-13   1.7053e-13  1.13687e-13  1.13687e-13  1.13687e-13  -1.7053e-13 -5.68434e-14 -5.68434e-14  5.68434e-14  5.68434e-14            0 -1.13687e-13 -5.68434e-14   1.7053e-13  -1.7053e-13  1.13687e-13  5.68434e-14   1.7053e-13  1.13687e-13  2.84217e-13 -5.68434e-14  5.68434e-14  3.97904e-13  3.41061e-13  1.13687e-13  2.84217e-13  5.68434e-14  2.84217e-13  5.68434e-14  1.13687e-13  2.27374e-13  5.68434e-14  3.97904e-13  1.13687e-13            0  2.27374e-13  5.68434e-14  3.41061e-13 -5.68434e-14  5.68434e-14 -5.68434e-14   1.7053e-13  5.68434e-14 -5.68434e-14  1.13687e-13 -5.68434e-14            0            0  5.68434e-14  -1.7053e-13 -5.68434e-14  1.13687e-13  5.68434e-14 -2.27374e-13  5.68434e-14  1.13687e-13  5.68434e-14 -5.68434e-14            0  2.27374e-13 -5.68434e-14   1.7053e-13   1.7053e-13            0  -1.7053e-13   1.7053e-13            0   1.7053e-13            0  5.68434e-14            0  5.68434e-14  -1.7053e-13 -5.68434e-14  1.13687e-13 -1.13687e-13            0   1.7053e-13  1.13687e-13  5.68434e-14            0 -5.68434e-14   1.7053e-13   1.7053e-13 -2.27374e-13  1.13687e-13   1.7053e-13 -5.68434e-14  5.68434e-14            0   1.7053e-13  5.68434e-14  1.13687e-13  5.68434e-14            0  1.13687e-13            0  2.27374e-13  1.13687e-13  5.68434e-14   1.7053e-13  5.68434e-14            0  1.13687e-13  5.68434e-14  2.27374e-13  5.68434e-14 -5.68434e-14  1.13687e-13  5.68434e-14 -2.84217e-13            0  1.13687e-13            0 -5.68434e-14            0 -5.68434e-14            0  5.68434e-14  2.27374e-13   1.7053e-13  1.13687e-13   1.7053e-13 -5.68434e-14 -1.13687e-13  5.68434e-14  1.13687e-13 -5.68434e-14  5.68434e-14            0 -1.13687e-13            0  -1.7053e-13  2.27374e-13  2.84217e-13  5.68434e-14 -5.68434e-14  5.68434e-14  1.13687e-13  2.84217e-13  1.13687e-13  2.27374e-13 -5.68434e-14            0  1.13687e-13            0  1.13687e-13  2.27374e-13 -5.68434e-14  5.68434e-14  5.68434e-14 -1.13687e-13 -5.68434e-14  3.41061e-13  1.13687e-13  1.13687e-13  3.41061e-13  2.84217e-13  1.13687e-13  3.41061e-13 -5.68434e-14  5.68434e-14  2.84217e-13            0 -5.68434e-14  1.13687e-13            0   1.7053e-13   1.7053e-13 -1.13687e-13 -1.13687e-13            0            0   1.7053e-13  1.13687e-13            0  5.68434e-14 -5.68434e-14  5.68434e-14  1.13687e-13            0  2.27374e-13   1.7053e-13 -5.68434e-14            0 -5.68434e-14            0  5.68434e-14   1.7053e-13            0  1.13687e-13  1.13687e-13   1.7053e-13  5.68434e-14   1.7053e-13 -5.68434e-14  5.68434e-14  1.13687e-13            0  5.68434e-14            0            0   1.7053e-13            0  1.13687e-13  1.13687e-13  1.13687e-13  3.41061e-13  1.13687e-13  1.13687e-13            0 -5.68434e-14  1.13687e-13            0  5.68434e-14  5.68434e-14 -5.68434e-14            0  1.13687e-13   1.7053e-13 -5.68434e-14   1.7053e-13  2.27374e-13            0            0            0  5.68434e-14  1.13687e-13            0            0 -5.68434e-14   1.7053e-13  5.68434e-14            0  1.13687e-13  1.13687e-13 -5.68434e-14 -5.68434e-14            0            0   1.7053e-13  5.68434e-14 -5.68434e-14  1.13687e-13  5.68434e-14  5.68434e-14   1.7053e-13 -5.68434e-14            0  5.68434e-14  1.13687e-13  1.13687e-13            0            0            0  5.68434e-14            0            0   1.7053e-13            0            0 -5.68434e-14  5.68434e-14  5.68434e-14  1.13687e-13  1.13687e-13   1.7053e-13  1.13687e-13  5.68434e-14 -1.13687e-13 -5.68434e-14  1.13687e-13   1.7053e-13  5.68434e-14 -1.13687e-13  5.68434e-14 -5.68434e-14  5.68434e-14 -5.68434e-14 -1.13687e-13  -1.7053e-13 -5.68434e-14  -1.7053e-13  -1.7053e-13 -5.68434e-14 -5.68434e-14 -5.68434e-14  5.68434e-14   1.7053e-13  5.68434e-14            0  2.27374e-13            0            0 -5.68434e-14  5.68434e-14  3.97904e-13            0 -5.68434e-14 -1.13687e-13 -5.68434e-14  -1.7053e-13  1.13687e-13  5.68434e-14  -1.7053e-13 -1.13687e-13  1.13687e-13 -5.68434e-14  2.27374e-13  1.13687e-13 -5.68434e-14  5.68434e-14            0  5.68434e-14 -5.68434e-14  5.68434e-14  1.13687e-13  1.13687e-13  2.84217e-13  2.27374e-13  1.13687e-13  5.68434e-14  2.84217e-13            0            0  1.13687e-13  5.68434e-14  1.13687e-13  1.13687e-13  2.27374e-13  1.13687e-13            0 -1.13687e-13 -5.68434e-14            0  2.84217e-13  2.84217e-13  2.84217e-13  1.13687e-13            0 -5.68434e-14   1.7053e-13 -5.68434e-14            0   1.7053e-13   1.7053e-13            0  5.68434e-14            0            0            0  1.13687e-13   1.7053e-13   1.7053e-13  5.68434e-14 -5.68434e-14 -1.13687e-13            0 -5.68434e-14            0  5.68434e-14   1.7053e-13  1.13687e-13  1.13687e-13   1.7053e-13  1.13687e-13  2.84217e-13 -5.68434e-14  1.13687e-13  1.13687e-13            0 -2.27374e-13  1.13687e-13  5.68434e-14  1.13687e-13 -1.13687e-13  1.13687e-13  1.13687e-13  5.68434e-14  2.84217e-13  1.13687e-13  2.27374e-13  1.13687e-13  1.13687e-13  1.13687e-13            0            0  1.13687e-13 -1.13687e-13 -5.68434e-14 -5.68434e-14            0  5.68434e-14            0  5.68434e-14 -5.68434e-14 -5.68434e-14  -1.7053e-13  1.13687e-13  2.84217e-13 -5.68434e-14  -1.7053e-13            0 -5.68434e-14 -2.84217e-13  1.13687e-13            0 -2.27374e-13 -1.13687e-13  2.84217e-13            0 -5.68434e-14   1.7053e-13            0 -1.13687e-13  2.84217e-13  5.68434e-14  2.84217e-13  2.27374e-13 -1.13687e-13  5.68434e-14  1.13687e-13  2.84217e-13            0  1.13687e-13  5.68434e-14  2.27374e-13  2.27374e-13  5.68434e-14   1.7053e-13 -5.68434e-14 -5.68434e-14  1.13687e-13  1.13687e-13  2.27374e-13  3.97904e-13  3.97904e-13   1.7053e-13  5.68434e-14  2.84217e-13 -2.27374e-13  -1.7053e-13  2.84217e-13 -5.68434e-14  2.27374e-13  2.84217e-13  1.13687e-13  5.68434e-14            0   1.7053e-13  3.41061e-13 -2.84217e-13 -2.27374e-13 -2.27374e-13            0 -5.68434e-14  1.13687e-13 -5.68434e-14 -2.27374e-13 -5.68434e-14  1.13687e-13  5.68434e-14   1.7053e-13            0  5.68434e-14  1.13687e-13            0  5.68434e-14  -1.7053e-13  5.68434e-14            0  5.68434e-14  2.27374e-13  1.13687e-13 -2.27374e-13  1.13687e-13  1.13687e-13 -5.68434e-14 -1.13687e-13  1.13687e-13  2.84217e-13 -5.68434e-14            0  5.68434e-14            0  2.27374e-13  -1.7053e-13  3.97904e-13 -5.68434e-14  -1.7053e-13 -2.27374e-13  2.84217e-13  1.13687e-13  -1.7053e-13  5.68434e-14  5.68434e-14            0            0  5.11591e-13 -1.13687e-13  1.13687e-13  5.68434e-14  1.13687e-13 -1.13687e-13 -5.68434e-14   1.7053e-13  2.84217e-13  3.41061e-13  4.54747e-13 -5.68434e-14  1.13687e-13  1.13687e-13  3.97904e-13  2.84217e-13  2.84217e-13  1.13687e-13  5.68434e-14  3.97904e-13  5.68434e-14 -2.27374e-13   1.7053e-13  2.27374e-13 -1.13687e-13  1.13687e-13  5.68434e-14            0 -2.84217e-13   1.7053e-13  2.84217e-13 -5.68434e-14  5.68434e-14  5.68434e-14  2.84217e-13  3.97904e-13 -5.68434e-14  2.84217e-13 -5.68434e-14 -1.13687e-13            0 -5.68434e-14  5.68434e-14  5.68434e-14 -2.27374e-13  2.84217e-13 -3.41061e-13  5.68434e-14   1.7053e-13  5.68434e-14  5.68434e-14 -1.13687e-13  5.11591e-13  3.41061e-13  1.13687e-13  5.68434e-14  5.11591e-13  1.13687e-13 -5.68434e-14  2.84217e-13  -1.7053e-13 -2.27374e-13 -5.68434e-14            0            0  5.68434e-14  5.68434e-14  3.97904e-13  3.41061e-13            0   1.7053e-13  5.68434e-13  1.13687e-13            0 -2.84217e-13  4.54747e-13  -1.7053e-13  5.68434e-14 -5.68434e-14  3.97904e-13            0 -5.68434e-14  2.84217e-13 -5.68434e-14   1.7053e-13  1.13687e-13 -1.13687e-13  1.13687e-13  -1.7053e-13  2.84217e-13 -5.68434e-14 -2.84217e-13 -5.68434e-14  3.41061e-13  2.27374e-13   1.7053e-13  2.84217e-13  3.97904e-13  2.84217e-13  1.13687e-13 -6.25278e-13  6.25278e-13   1.7053e-13  2.84217e-13            0   1.7053e-13  2.27374e-13 -1.13687e-13 -2.84217e-13  -1.7053e-13  1.13687e-13 -5.68434e-14 -2.84217e-13  2.27374e-13   1.7053e-13 -5.68434e-14  1.13687e-13 -1.13687e-13  1.13687e-13 -5.68434e-14  5.68434e-14 -5.11591e-13 -5.11591e-13   1.7053e-13 -1.13687e-13  1.13687e-13   1.7053e-13 -3.41061e-13 -1.13687e-13 -2.84217e-13            0  4.54747e-13  1.13687e-13  3.97904e-13  2.84217e-13   1.7053e-13  3.41061e-13 -5.68434e-14 -1.13687e-13  -1.7053e-13            0 -5.68434e-14  -1.7053e-13  2.84217e-13 -5.68434e-14 -6.25278e-13   1.7053e-13  1.13687e-13  5.68434e-13   1.7053e-13 -1.13687e-13  2.27374e-13  2.84217e-13   1.7053e-13  1.13687e-13  1.13687e-13 -2.84217e-13 -1.13687e-13            0  9.66338e-13  2.27374e-13  5.68434e-14   1.7053e-13  4.54747e-13  5.68434e-14 -2.27374e-13  2.27374e-13  5.11591e-13 -3.41061e-13 -1.13687e-13  5.68434e-14 -1.13687e-13  2.27374e-13 -3.97904e-13  5.68434e-14  4.54747e-13 -5.68434e-14 -1.13687e-13 -2.84217e-13 -7.38964e-13 -5.68434e-14   1.7053e-13  1.13687e-13  2.27374e-13            0            0  5.68434e-14  3.41061e-13 -2.27374e-13 -1.02318e-12  4.54747e-13 -1.13687e-13 -3.97904e-13  4.54747e-13  1.13687e-13 -5.11591e-13  2.27374e-13   1.7053e-13 -2.84217e-13  1.13687e-13 -6.25278e-13            0  -1.7053e-13  9.09495e-13  3.97904e-13   1.7053e-13 -2.27374e-13  9.09495e-13   1.7053e-13  4.54747e-13  5.68434e-13 -3.97904e-13  1.13687e-13 -6.25278e-13 -9.09495e-13 -1.13687e-13  -1.7053e-13
Performance statistics:
function                                                                                                                                                                                        	 time [s]  	 #calls    	 GFlop/s DP	 GFlop/s SP	 GByte/s   	Flops/Byte
<PITTS::MultiVector<double>> :: void PITTS::block_TSQR(const MultiVector<T>&, Tensor2<T>&, int, bool, int) [with T = double](rows: 640000, cols: 1024, reductionFactor: 25, colBlockingSize: 16)	 13.5909   	 50        	 5135.29   	 0         	 19.3191   	 265.815   
Timing statistics:
function                                                                                                                    	 time [s]  	 #calls    
<PITTS::MultiVector<double>> :: void PITTS::block_TSQR(const MultiVector<T>&, Tensor2<T>&, int, bool, int) [with T = double]	 13.5909   	 50        
<PITTS::Tensor2<double>> :: void PITTS::Tensor2<T>::resize(long long int, long long int, bool) [with T = double]            	 2.56e-06  	 1         
MPI startup(): Error: Could not open /usr/lib64/libpmi.so
Problems reading symbols for shepherd thread detection: No such device
PITTS: version v0.9.7-11-g58bc68d-dirty
PITTS: MPI #procs: 1
PITTS: OpenMP #threads: 384
PITTS: SIMD implementation: avx512
PITTS: Eigen SIMD implementation: AVX512, FMA, AVX2, AVX, SSE, SSE2, SSE3, SSSE3, SSE4.1, SSE4.2
PITTS: cache sizes (L1/core, L2/core, L3/accessible) [byte]: (49152, 1048576, 805306368)
PITTS: preprocessor definitions: PITTS_DIRECT_MKL_GEMM
wtime: 2.70825
Gramian M^TM wtime (not SYRK!): 69.5161
singular values (new):
46738.6
Difference to sqrt(Gramian eigenvalues): 2.6921e-09
Performance statistics:
function                                                                                                                                                                                         	 time [s]  	 #calls    	 GFlop/s DP	 GFlop/s SP	 GByte/s   	Flops/Byte
<PITTS::MultiVector<double>> :: void PITTS::block_TSQR(const MultiVector<T>&, Tensor2<T>&, int, bool, int) [with T = double](rows: 6553600000, cols: 1, reductionFactor: 47, colBlockingSize: 16)	 2.70815   	 50        	 247.144   	 0         	 967.98    	 0.255319  
Timing statistics:
function                                                                                                                    	 time [s]  	 #calls    
<PITTS::MultiVector<double>> :: void PITTS::block_TSQR(const MultiVector<T>&, Tensor2<T>&, int, bool, int) [with T = double]	 2.70815   	 50        
<PITTS::Tensor2<double>> :: void PITTS::Tensor2<T>::resize(long long int, long long int, bool) [with T = double]            	 1.12e-06  	 1         
MPI startup(): Error: Could not open /usr/lib64/libpmi.so
Problems reading symbols for shepherd thread detection: No such device
PITTS: version v0.9.7-11-g58bc68d-dirty
PITTS: MPI #procs: 1
PITTS: OpenMP #threads: 384
PITTS: SIMD implementation: avx512
PITTS: Eigen SIMD implementation: AVX512, FMA, AVX2, AVX, SSE, SSE2, SSE3, SSSE3, SSE4.1, SSE4.2
PITTS: cache sizes (L1/core, L2/core, L3/accessible) [byte]: (49152, 1048576, 805306368)
PITTS: preprocessor definitions: PITTS_DIRECT_MKL_GEMM
wtime: 2.72612
Gramian M^TM wtime (not SYRK!): 3.09944e-06
singular values (new):
33049.9 33048.7
Difference to sqrt(Gramian eigenvalues): 33049.9 33048.7
Performance statistics:
function                                                                                                                                                                                         	 time [s]  	 #calls    	 GFlop/s DP	 GFlop/s SP	 GByte/s   	Flops/Byte
<PITTS::MultiVector<double>> :: void PITTS::block_TSQR(const MultiVector<T>&, Tensor2<T>&, int, bool, int) [with T = double](rows: 3276800000, cols: 2, reductionFactor: 47, colBlockingSize: 16)	 2.72602   	 50        	 491.049   	 0         	 961.637   	 0.510638  
Timing statistics:
function                                                                                                                    	 time [s]  	 #calls    
<PITTS::MultiVector<double>> :: void PITTS::block_TSQR(const MultiVector<T>&, Tensor2<T>&, int, bool, int) [with T = double]	 2.72602   	 50        
<PITTS::Tensor2<double>> :: void PITTS::Tensor2<T>::resize(long long int, long long int, bool) [with T = double]            	 1.6e-06   	 1         
MPI startup(): Error: Could not open /usr/lib64/libpmi.so
Problems reading symbols for shepherd thread detection: No such device
PITTS: version v0.9.7-11-g58bc68d-dirty
PITTS: MPI #procs: 1
PITTS: OpenMP #threads: 384
PITTS: SIMD implementation: avx512
PITTS: Eigen SIMD implementation: AVX512, FMA, AVX2, AVX, SSE, SSE2, SSE3, SSSE3, SSE4.1, SSE4.2
PITTS: cache sizes (L1/core, L2/core, L3/accessible) [byte]: (49152, 1048576, 805306368)
PITTS: preprocessor definitions: PITTS_DIRECT_MKL_GEMM
wtime: 2.81757
Gramian M^TM wtime (not SYRK!): 2.77976
singular values (new):
23370.5 23369.8 23368.8 23368.3
Difference to sqrt(Gramian eigenvalues):  7.27596e-12 -7.27596e-12  3.63798e-12            0
Performance statistics:
function                                                                                                                                                                                         	 time [s]  	 #calls    	 GFlop/s DP	 GFlop/s SP	 GByte/s   	Flops/Byte
<PITTS::MultiVector<double>> :: void PITTS::block_TSQR(const MultiVector<T>&, Tensor2<T>&, int, bool, int) [with T = double](rows: 1638400000, cols: 4, reductionFactor: 47, colBlockingSize: 16)	 2.81748   	 50        	 950.215   	 0         	 930.419   	 1.02128   
Timing statistics:
function                                                                                                                    	 time [s]  	 #calls    
<PITTS::MultiVector<double>> :: void PITTS::block_TSQR(const MultiVector<T>&, Tensor2<T>&, int, bool, int) [with T = double]	 2.81748   	 50        
<PITTS::Tensor2<double>> :: void PITTS::Tensor2<T>::resize(long long int, long long int, bool) [with T = double]            	 1.53e-06  	 1         
MPI startup(): Error: Could not open /usr/lib64/libpmi.so
Problems reading symbols for shepherd thread detection: No such device
PITTS: version v0.9.7-11-g58bc68d-dirty
PITTS: MPI #procs: 1
PITTS: OpenMP #threads: 384
PITTS: SIMD implementation: avx512
PITTS: Eigen SIMD implementation: AVX512, FMA, AVX2, AVX, SSE, SSE2, SSE3, SSSE3, SSE4.1, SSE4.2
PITTS: cache sizes (L1/core, L2/core, L3/accessible) [byte]: (49152, 1048576, 805306368)
PITTS: preprocessor definitions: PITTS_DIRECT_MKL_GEMM
wtime: 2.87987
Gramian M^TM wtime (not SYRK!): 2.81042
singular values (new):
16526.1 16525.5 16525.1 16524.9 16524.3   16524 16523.5 16523.4
Difference to sqrt(Gramian eigenvalues):  7.27596e-12 -3.63798e-12 -3.63798e-12            0  3.63798e-12  3.63798e-12 -3.63798e-12  3.63798e-12
Performance statistics:
function                                                                                                                                                                                        	 time [s]  	 #calls    	 GFlop/s DP	 GFlop/s SP	 GByte/s   	Flops/Byte
<PITTS::MultiVector<double>> :: void PITTS::block_TSQR(const MultiVector<T>&, Tensor2<T>&, int, bool, int) [with T = double](rows: 819200000, cols: 8, reductionFactor: 47, colBlockingSize: 16)	 2.87977   	 50        	 1859.32   	 0         	 910.294   	 2.04255   
Timing statistics:
function                                                                                                                    	 time [s]  	 #calls    
<PITTS::MultiVector<double>> :: void PITTS::block_TSQR(const MultiVector<T>&, Tensor2<T>&, int, bool, int) [with T = double]	 2.87977   	 50        
<PITTS::Tensor2<double>> :: void PITTS::Tensor2<T>::resize(long long int, long long int, bool) [with T = double]            	 2.209e-06 	 1         
MPI startup(): Error: Could not open /usr/lib64/libpmi.so
Problems reading symbols for shepherd thread detection: No such device
PITTS: version v0.9.7-11-g58bc68d-dirty
PITTS: MPI #procs: 1
PITTS: OpenMP #threads: 384
PITTS: SIMD implementation: avx512
PITTS: Eigen SIMD implementation: AVX512, FMA, AVX2, AVX, SSE, SSE2, SSE3, SSSE3, SSE4.1, SSE4.2
PITTS: cache sizes (L1/core, L2/core, L3/accessible) [byte]: (49152, 1048576, 805306368)
PITTS: preprocessor definitions: PITTS_DIRECT_MKL_GEMM
wtime: 2.8995
Gramian M^TM wtime (not SYRK!): 2.81472
singular values (new):
13494.3   13493 13492.6 13492.5 13492.4 13492.1   13492 13491.6 13491.3 13491.1   13491 13490.3
Difference to sqrt(Gramian eigenvalues):  3.63798e-12  1.81899e-12 -1.81899e-12 -3.63798e-12  1.81899e-12 -3.63798e-12 -7.27596e-12            0            0  1.81899e-12 -3.63798e-12 -1.81899e-12
Performance statistics:
function                                                                                                                                                                                         	 time [s]  	 #calls    	 GFlop/s DP	 GFlop/s SP	 GByte/s   	Flops/Byte
<PITTS::MultiVector<double>> :: void PITTS::block_TSQR(const MultiVector<T>&, Tensor2<T>&, int, bool, int) [with T = double](rows: 546100000, cols: 12, reductionFactor: 47, colBlockingSize: 16)	 2.89939   	 50        	 2769.95   	 0         	 904.081   	 3.06383   
Timing statistics:
function                                                                                                                    	 time [s]  	 #calls    
<PITTS::MultiVector<double>> :: void PITTS::block_TSQR(const MultiVector<T>&, Tensor2<T>&, int, bool, int) [with T = double]	 2.89939   	 50        
<PITTS::Tensor2<double>> :: void PITTS::Tensor2<T>::resize(long long int, long long int, bool) [with T = double]            	 2.26e-06  	 1         
MPI startup(): Error: Could not open /usr/lib64/libpmi.so
Problems reading symbols for shepherd thread detection: No such device
PITTS: version v0.9.7-11-g58bc68d-dirty
PITTS: MPI #procs: 1
PITTS: OpenMP #threads: 384
PITTS: SIMD implementation: avx512
PITTS: Eigen SIMD implementation: AVX512, FMA, AVX2, AVX, SSE, SSE2, SSE3, SSSE3, SSE4.1, SSE4.2
PITTS: cache sizes (L1/core, L2/core, L3/accessible) [byte]: (49152, 1048576, 805306368)
PITTS: preprocessor definitions: PITTS_DIRECT_MKL_GEMM
wtime: 2.93484
Gramian M^TM wtime (not SYRK!): 2.84034
singular values (new):
11686.5 11686.3   11686 11685.9 11685.6 11685.4 11684.9 11684.7 11684.6 11684.4 11684.3   11684   11684 11683.4 11683.2 11682.8
Difference to sqrt(Gramian eigenvalues):  9.09495e-12            0  3.63798e-12  3.63798e-12            0 -1.81899e-12  5.45697e-12 -3.63798e-12  3.63798e-12  5.45697e-12  3.63798e-12 -5.45697e-12  3.63798e-12            0  3.63798e-12  5.45697e-12
Performance statistics:
function                                                                                                                                                                                         	 time [s]  	 #calls    	 GFlop/s DP	 GFlop/s SP	 GByte/s   	Flops/Byte
<PITTS::MultiVector<double>> :: void PITTS::block_TSQR(const MultiVector<T>&, Tensor2<T>&, int, bool, int) [with T = double](rows: 409600000, cols: 16, reductionFactor: 47, colBlockingSize: 16)	 2.93473   	 50        	 3649.01   	 0         	 893.246   	 4.08511   
Timing statistics:
function                                                                                                                    	 time [s]  	 #calls    
<PITTS::MultiVector<double>> :: void PITTS::block_TSQR(const MultiVector<T>&, Tensor2<T>&, int, bool, int) [with T = double]	 2.93473   	 50        
<PITTS::Tensor2<double>> :: void PITTS::Tensor2<T>::resize(long long int, long long int, bool) [with T = double]            	 2.17e-06  	 1         
MPI startup(): Error: Could not open /usr/lib64/libpmi.so
Problems reading symbols for shepherd thread detection: No such device
PITTS: version v0.9.7-11-g58bc68d-dirty
PITTS: MPI #procs: 1
PITTS: OpenMP #threads: 384
PITTS: SIMD implementation: avx512
PITTS: Eigen SIMD implementation: AVX512, FMA, AVX2, AVX, SSE, SSE2, SSE3, SSSE3, SSE4.1, SSE4.2
PITTS: cache sizes (L1/core, L2/core, L3/accessible) [byte]: (49152, 1048576, 805306368)
PITTS: preprocessor definitions: PITTS_DIRECT_MKL_GEMM
wtime: 3.07941
Gramian M^TM wtime (not SYRK!): 3.26302
singular values (new):
8265.68 8265.13 8264.92 8264.69 8264.24 8263.97 8263.84 8263.64 8263.53 8263.27 8263.21 8262.99  8262.8 8262.71 8262.59 8262.36  8262.3 8262.13 8262.01 8261.94 8261.65  8261.6 8261.33 8261.15 8260.98 8260.69 8260.52 8260.32 8260.16    8260 8259.68  8259.2
Difference to sqrt(Gramian eigenvalues):            0            0  1.81899e-12            0  1.81899e-12  3.63798e-12  1.81899e-12  1.81899e-12  5.45697e-12            0 -5.45697e-12            0  7.27596e-12  1.81899e-12  1.81899e-12  1.81899e-12  1.81899e-12  1.81899e-12            0 -7.27596e-12  1.81899e-12            0  1.81899e-12            0            0  1.81899e-12  1.81899e-12 -3.63798e-12 -1.81899e-12 -3.63798e-12  1.81899e-12 -1.81899e-12
Performance statistics:
function                                                                                                                                                                                         	 time [s]  	 #calls    	 GFlop/s DP	 GFlop/s SP	 GByte/s   	Flops/Byte
<PITTS::MultiVector<double>> :: void PITTS::block_TSQR(const MultiVector<T>&, Tensor2<T>&, int, bool, int) [with T = double](rows: 204800000, cols: 32, reductionFactor: 47, colBlockingSize: 16)	 3.0793    	 50        	 6955.38   	 0         	 851.309   	 8.17021   
Timing statistics:
function                                                                                                                    	 time [s]  	 #calls    
<PITTS::MultiVector<double>> :: void PITTS::block_TSQR(const MultiVector<T>&, Tensor2<T>&, int, bool, int) [with T = double]	 3.0793    	 50        
<PITTS::Tensor2<double>> :: void PITTS::Tensor2<T>::resize(long long int, long long int, bool) [with T = double]            	 2.09e-06  	 1         
MPI startup(): Error: Could not open /usr/lib64/libpmi.so
Problems reading symbols for shepherd thread detection: No such device
PITTS: version v0.9.7-11-g58bc68d-dirty
PITTS: MPI #procs: 1
PITTS: OpenMP #threads: 384
PITTS: SIMD implementation: avx512
PITTS: Eigen SIMD implementation: AVX512, FMA, AVX2, AVX, SSE, SSE2, SSE3, SSSE3, SSE4.1, SSE4.2
PITTS: cache sizes (L1/core, L2/core, L3/accessible) [byte]: (49152, 1048576, 805306368)
PITTS: preprocessor definitions: PITTS_DIRECT_MKL_GEMM
wtime: 3.59184
Gramian M^TM wtime (not SYRK!): 3.32229
singular values (new):
7159.42 7158.95 7158.67 7158.36 7158.18    7158 7157.92 7157.82 7157.53 7157.39 7157.24 7157.05 7156.99 7156.86 7156.53 7156.39 7156.31 7156.24 7156.17 7156.04 7155.73  7155.6 7155.56 7155.53 7155.36 7155.08 7155.04 7154.94 7154.81 7154.74 7154.48 7154.38 7154.25 7154.19 7154.16  7153.8 7153.77 7153.69 7153.38 7153.33    7153 7152.92 7152.83 7152.39 7152.27 7152.01 7151.51 7151.42
Difference to sqrt(Gramian eigenvalues): -9.09495e-13 -1.81899e-12            0  3.63798e-12            0 -4.54747e-12 -9.09495e-13  3.63798e-12 -2.72848e-12  1.81899e-12  9.09495e-13 -9.09495e-13 -2.72848e-12  9.09495e-13 -9.09495e-13 -2.72848e-12  9.09495e-13 -9.09495e-13 -1.81899e-12  9.09495e-13  1.81899e-12            0  1.81899e-12            0  2.72848e-12            0  9.09495e-13  2.72848e-12 -1.81899e-12 -1.81899e-12 -1.81899e-12  1.81899e-12  2.72848e-12 -2.72848e-12  3.63798e-12  2.72848e-12  1.81899e-12 -9.09495e-13            0 -9.09495e-13  1.81899e-12 -3.63798e-12 -9.09495e-13 -9.09495e-13 -9.09495e-13 -9.09495e-13            0  1.81899e-12
Performance statistics:
function                                                                                                                                                                                         	 time [s]  	 #calls    	 GFlop/s DP	 GFlop/s SP	 GByte/s   	Flops/Byte
<PITTS::MultiVector<double>> :: void PITTS::block_TSQR(const MultiVector<T>&, Tensor2<T>&, int, bool, int) [with T = double](rows: 153600000, cols: 48, reductionFactor: 47, colBlockingSize: 16)	 3.59175   	 50        	 10062.6   	 0         	 821.083   	 12.2553   
Timing statistics:
function                                                                                                                    	 time [s]  	 #calls    
<PITTS::MultiVector<double>> :: void PITTS::block_TSQR(const MultiVector<T>&, Tensor2<T>&, int, bool, int) [with T = double]	 3.59175   	 50        
<PITTS::Tensor2<double>> :: void PITTS::Tensor2<T>::resize(long long int, long long int, bool) [with T = double]            	 1.7e-06   	 1         
MPI startup(): Error: Could not open /usr/lib64/libpmi.so
Problems reading symbols for shepherd thread detection: No such device
PITTS: version v0.9.7-11-g58bc68d-dirty
PITTS: MPI #procs: 1
PITTS: OpenMP #threads: 384
PITTS: SIMD implementation: avx512
PITTS: Eigen SIMD implementation: AVX512, FMA, AVX2, AVX, SSE, SSE2, SSE3, SSSE3, SSE4.1, SSE4.2
PITTS: cache sizes (L1/core, L2/core, L3/accessible) [byte]: (49152, 1048576, 805306368)
PITTS: preprocessor definitions: PITTS_DIRECT_MKL_GEMM
wtime: 3.55151
Gramian M^TM wtime (not SYRK!): 3.27062
singular values (new):
5846.54 5846.37 5846.19 5845.99  5845.8 5845.59  5845.5 5845.28 5845.25 5844.99 5844.96 5844.87 5844.73 5844.56 5844.36 5844.32 5844.13 5843.98 5843.96 5843.75 5843.71 5843.67 5843.48 5843.32 5843.24 5843.18 5843.03 5842.94 5842.84 5842.66 5842.59 5842.45 5842.29 5842.23 5842.03    5842 5841.96 5841.79 5841.68  5841.6 5841.51 5841.32 5841.25  5841.2 5841.02 5840.94 5840.78 5840.65 5840.58 5840.47 5840.31 5840.16 5840.13 5839.83  5839.7 5839.62 5839.48 5839.23 5839.19 5839.04 5838.87 5838.59 5838.22 5837.85
Difference to sqrt(Gramian eigenvalues):  2.72848e-12  4.54747e-12            0  4.54747e-12            0 -9.09495e-13 -9.09495e-13 -3.63798e-12 -1.81899e-12            0  2.72848e-12  9.09495e-13  9.09495e-13  2.72848e-12 -1.81899e-12 -9.09495e-13 -9.09495e-13 -9.09495e-13  9.09495e-13  2.72848e-12  4.54747e-12  9.09495e-13  2.72848e-12  1.81899e-12  2.72848e-12 -9.09495e-13  1.81899e-12 -9.09495e-13  1.81899e-12  9.09495e-13 -9.09495e-13 -9.09495e-13  2.72848e-12 -9.09495e-13 -9.09495e-13 -9.09495e-13 -2.72848e-12            0 -1.81899e-12  9.09495e-13  1.81899e-12  2.72848e-12  9.09495e-13  9.09495e-13 -9.09495e-13 -9.09495e-13 -9.09495e-13            0 -4.54747e-12  9.09495e-13            0 -9.09495e-13 -9.09495e-13  9.09495e-13  3.63798e-12  9.09495e-13 -9.09495e-13  1.81899e-12            0  9.09495e-13  4.27463e-11            0  9.09495e-13 -9.09495e-13
Performance statistics:
function                                                                                                                                                                                         	 time [s]  	 #calls    	 GFlop/s DP	 GFlop/s SP	 GByte/s   	Flops/Byte
<PITTS::MultiVector<double>> :: void PITTS::block_TSQR(const MultiVector<T>&, Tensor2<T>&, int, bool, int) [with T = double](rows: 102400000, cols: 64, reductionFactor: 47, colBlockingSize: 16)	 3.55142   	 50        	 12061.5   	 0         	 738.14    	 16.3404   
Timing statistics:
function                                                                                                                    	 time [s]  	 #calls    
<PITTS::MultiVector<double>> :: void PITTS::block_TSQR(const MultiVector<T>&, Tensor2<T>&, int, bool, int) [with T = double]	 3.55142   	 50        
<PITTS::Tensor2<double>> :: void PITTS::Tensor2<T>::resize(long long int, long long int, bool) [with T = double]            	 2.18e-06  	 1         
MPI startup(): Error: Could not open /usr/lib64/libpmi.so
Problems reading symbols for shepherd thread detection: No such device
PITTS: version v0.9.7-11-g58bc68d-dirty
PITTS: MPI #procs: 1
PITTS: OpenMP #threads: 384
PITTS: SIMD implementation: avx512
PITTS: Eigen SIMD implementation: AVX512, FMA, AVX2, AVX, SSE, SSE2, SSE3, SSSE3, SSE4.1, SSE4.2
PITTS: cache sizes (L1/core, L2/core, L3/accessible) [byte]: (49152, 1048576, 805306368)
PITTS: preprocessor definitions: PITTS_DIRECT_MKL_GEMM
wtime: 6.09566
Gramian M^TM wtime (not SYRK!): 4.23446
singular values (new):
4137.44 4137.38 4136.93 4136.65 4136.57 4136.48 4136.31 4136.21 4136.17 4135.98  4135.9 4135.69 4135.57 4135.45 4135.35 4135.29 4135.21 4135.12 4135.02    4135 4134.77 4134.68 4134.58 4134.53 4134.32 4134.26 4134.19 4134.14 4134.09 4133.97 4133.88 4133.83 4133.77 4133.69 4133.61 4133.51 4133.41 4133.32 4133.22 4133.18 4133.07 4132.91 4132.89 4132.81 4132.75  4132.7 4132.58 4132.49 4132.45 4132.38 4132.29 4132.22    4132 4131.97 4131.87  4131.8 4131.77 4131.66  4131.6 4131.55 4131.46 4131.39 4131.28 4131.19 4131.11 4131.05    4131 4130.93 4130.86 4130.74 4130.69 4130.52 4130.46 4130.38 4130.28 4130.18 4130.15 4130.13 4129.99 4129.97 4129.91  4129.7 4129.69  4129.6  4129.5 4129.43  4129.4 4129.14 4129.12 4129.09    4129 4128.95 4128.78  4128.7 4128.64  4128.6 4128.51 4128.41 4128.31 4128.27 4128.15 4128.11 4127.93 4127.86 4127.73 4127.68 4127.58 4127.49 4127.41 4127.35 4127.27 4127.16 4127.09 4126.98 4126.84 4126.78 4126.73  4126.5 4126.43 4126.31 4126.06 4126.01 4125.87 4125.63 4125.51 4125.29 4125.13 4125.05
Difference to sqrt(Gramian eigenvalues): -4.54747e-12  2.72848e-12 -5.45697e-12            0 -9.09495e-13  3.63798e-12            0 -1.81899e-12  9.09495e-13  2.72848e-12            0 -1.81899e-12            0 -9.09495e-13 -9.09495e-13  9.09495e-13            0 -2.72848e-12  9.09495e-13 -1.81899e-12            0  1.81899e-12 -9.09495e-13            0 -9.09495e-13 -1.81899e-12            0  9.09495e-13 -2.72848e-12 -2.72848e-12 -2.72848e-12 -2.72848e-12 -1.81899e-12            0  9.09495e-13 -1.81899e-12 -9.09495e-13  9.09495e-13  1.81899e-12 -9.09495e-13  9.09495e-13 -9.09495e-13 -2.72848e-12 -1.81899e-12 -9.09495e-13 -1.81899e-12 -9.09495e-13 -2.72848e-12 -9.09495e-13 -1.81899e-12  9.09495e-13  9.09495e-13            0  9.09495e-13 -9.09495e-13 -9.09495e-13            0            0 -1.81899e-12  9.09495e-13 -9.09495e-13            0            0 -3.63798e-12            0  9.09495e-13            0  9.09495e-13  9.09495e-13 -9.09495e-13 -1.81899e-12 -9.09495e-13 -9.09495e-13 -1.81899e-12  9.09495e-13 -9.09495e-13  2.72848e-12            0 -4.54747e-12            0 -9.09495e-13 -9.09495e-13 -9.09495e-13 -2.72848e-12  1.81899e-12 -2.72848e-12 -1.81899e-12  9.09495e-13            0  9.09495e-13            0            0  9.09495e-13 -1.81899e-12  9.09495e-13 -9.09495e-13  9.09495e-13 -9.09495e-13  1.81899e-12  1.81899e-12            0 -1.81899e-12 -1.81899e-12  9.09495e-13 -9.09495e-13 -3.63798e-12  1.81899e-12            0 -3.63798e-12 -2.72848e-12 -9.09495e-13  2.72848e-12 -2.72848e-12  3.63798e-12            0            0  2.72848e-12            0 -2.72848e-12 -2.72848e-12 -1.81899e-12            0 -2.72848e-12 -9.09495e-13 -9.09495e-13  9.09495e-13  9.09495e-13            0
Performance statistics:
function                                                                                                                                                                                         	 time [s]  	 #calls    	 GFlop/s DP	 GFlop/s SP	 GByte/s   	Flops/Byte
<PITTS::MultiVector<double>> :: void PITTS::block_TSQR(const MultiVector<T>&, Tensor2<T>&, int, bool, int) [with T = double](rows: 51200000, cols: 128, reductionFactor: 47, colBlockingSize: 16)	 6.09556   	 50        	 14054.6   	 0         	 430.058   	 32.6808   
Timing statistics:
function                                                                                                                    	 time [s]  	 #calls    
<PITTS::MultiVector<double>> :: void PITTS::block_TSQR(const MultiVector<T>&, Tensor2<T>&, int, bool, int) [with T = double]	 6.09556   	 50        
<PITTS::Tensor2<double>> :: void PITTS::Tensor2<T>::resize(long long int, long long int, bool) [with T = double]            	 1.96e-06  	 1         
MPI startup(): Error: Could not open /usr/lib64/libpmi.so
Problems reading symbols for shepherd thread detection: No such device
PITTS: version v0.9.7-11-g58bc68d-dirty
PITTS: MPI #procs: 1
PITTS: OpenMP #threads: 384
PITTS: SIMD implementation: avx512
PITTS: Eigen SIMD implementation: AVX512, FMA, AVX2, AVX, SSE, SSE2, SSE3, SSSE3, SSE4.1, SSE4.2
PITTS: cache sizes (L1/core, L2/core, L3/accessible) [byte]: (49152, 1048576, 805306368)
PITTS: preprocessor definitions: PITTS_DIRECT_MKL_GEMM
wtime: 11.5016
Gramian M^TM wtime (not SYRK!): 9.43735
singular values (new):
2930.54 2929.93 2929.86 2929.68 2929.46 2929.32  2929.2 2929.14 2929.08 2929.01 2928.84 2928.73 2928.71 2928.63 2928.52 2928.36 2928.34  2928.1 2928.09    2928 2927.93  2927.8 2927.71 2927.62 2927.56 2927.54 2927.44 2927.36 2927.33 2927.21 2927.17 2927.14 2927.01 2926.87 2926.78 2926.76  2926.6 2926.58 2926.55 2926.45 2926.41 2926.33 2926.31 2926.24 2926.17 2926.07 2926.03    2926 2925.91 2925.87 2925.84 2925.71 2925.65 2925.56 2925.48 2925.42 2925.37 2925.35 2925.22 2925.17 2925.14 2925.03 2925.02 2924.97 2924.89 2924.82 2924.76 2924.67 2924.56 2924.53 2924.49 2924.41 2924.35 2924.28 2924.26 2924.23 2924.15 2924.06 2924.05 2923.91 2923.86 2923.79 2923.74  2923.7 2923.65 2923.52 2923.48 2923.47 2923.42 2923.34  2923.3 2923.22 2923.21 2923.17 2923.06 2922.93  2922.9 2922.85 2922.81 2922.71 2922.66 2922.63 2922.57 2922.53 2922.49 2922.41 2922.39 2922.34 2922.25 2922.21 2922.14 2922.07 2922.03 2921.99 2921.98 2921.85 2921.82 2921.77 2921.74 2921.68 2921.63 2921.61 2921.54 2921.49 2921.37 2921.32 2921.29 2921.27 2921.23 2921.15  2921.1 2921.02 2920.98 2920.92 2920.85 2920.82  2920.7 2920.67 2920.62 2920.56 2920.52  2920.5  2920.4 2920.35 2920.33 2920.27 2920.15 2920.15 2920.09 2920.01 2919.98 2919.89 2919.81 2919.74 2919.69 2919.64 2919.56 2919.48 2919.47 2919.43 2919.35  2919.3 2919.28 2919.19 2919.14 2919.08 2919.02 2918.96 2918.92 2918.87 2918.78 2918.74 2918.58 2918.52 2918.47 2918.45  2918.4 2918.36 2918.33 2918.24 2918.14 2918.07 2918.06 2917.98 2917.88 2917.84 2917.81 2917.76 2917.72 2917.64 2917.59 2917.48 2917.44 2917.38 2917.29 2917.25 2917.18 2917.17 2917.05 2916.96 2916.93 2916.81 2916.79 2916.74 2916.66  2916.6 2916.56 2916.49 2916.41 2916.34 2916.28  2916.2 2916.15 2916.05 2915.95 2915.94 2915.84 2915.82 2915.73 2915.67 2915.63  2915.6 2915.53 2915.49 2915.37  2915.3 2915.23 2915.12 2915.03 2914.97 2914.89 2914.84 2914.77 2914.68 2914.58  2914.5 2914.47 2914.38 2914.32 2914.17 2914.06 2913.92  2913.9 2913.81 2913.73 2913.53 2913.46  2913.4 2913.24 2913.14 2913.06 2912.93 2912.76 2912.55 2912.39 2912.17
Difference to sqrt(Gramian eigenvalues): -4.54747e-12 -9.09495e-13  4.09273e-12 -2.27374e-12  3.63798e-12 -1.81899e-12 -4.54747e-13 -1.36424e-12 -1.36424e-12 -3.63798e-12  2.27374e-12            0  4.54747e-13  4.54747e-13 -9.09495e-13  1.36424e-12  4.54747e-13 -3.63798e-12 -9.09495e-13  2.27374e-12  4.54747e-13 -9.09495e-13  1.81899e-12 -4.09273e-12            0  1.81899e-12 -9.09495e-13  9.09495e-13  2.27374e-12 -9.09495e-13  4.54747e-13 -4.54747e-13  9.09495e-13            0            0 -4.54747e-13 -1.36424e-12 -1.81899e-12 -2.27374e-12 -1.36424e-12 -9.09495e-13            0 -1.81899e-12            0  4.54747e-13  4.54747e-13 -2.27374e-12 -9.09495e-13 -4.54747e-13  4.09273e-12  4.54747e-13            0  4.54747e-13  4.54747e-13 -1.36424e-12 -4.54747e-13 -1.36424e-12            0 -4.54747e-13  4.54747e-13  1.36424e-12  9.09495e-13            0 -2.27374e-12            0 -1.36424e-12  1.81899e-12 -1.36424e-12            0  4.54747e-13 -1.81899e-12  1.36424e-12 -9.09495e-13  1.36424e-12            0  1.36424e-12 -4.54747e-13            0            0 -4.54747e-13 -3.18323e-12 -1.81899e-12  1.36424e-12            0  4.54747e-13 -9.09495e-13            0 -1.36424e-12  9.09495e-13            0            0 -4.54747e-13            0  1.81899e-12 -4.54747e-13  1.81899e-12  1.36424e-12 -9.09495e-13 -1.36424e-12  1.36424e-12 -9.09495e-13 -1.81899e-12 -4.54747e-13  4.54747e-13  4.54747e-13 -4.54747e-13  4.54747e-13  9.09495e-13  4.54747e-13            0            0 -9.09495e-13 -4.54747e-13  4.54747e-13 -4.54747e-13 -9.09495e-13  4.54747e-13 -9.09495e-13            0 -1.36424e-12  4.54747e-13  9.09495e-13  4.54747e-13  1.81899e-12  4.54747e-13  1.36424e-12            0            0 -2.27374e-12 -4.54747e-13            0 -4.54747e-13 -1.81899e-12 -1.36424e-12  9.09495e-13            0  4.54747e-13            0 -4.54747e-13  9.09495e-13 -9.09495e-13            0 -9.09495e-13  4.54747e-13 -9.09495e-13            0 -9.09495e-13            0            0  4.54747e-13 -9.09495e-13 -4.54747e-13  4.54747e-13  9.09495e-13 -1.81899e-12 -4.54747e-13 -9.09495e-13  4.54747e-13  1.81899e-12  4.54747e-13 -4.54747e-13            0  4.54747e-13  9.09495e-13 -4.54747e-13  9.09495e-13  9.09495e-13 -4.54747e-13 -4.54747e-13 -4.54747e-13            0  9.09495e-13  4.54747e-13            0            0            0  9.09495e-13  1.36424e-12  2.27374e-12  4.54747e-13 -4.54747e-13 -1.36424e-12            0  9.09495e-13  4.54747e-13  1.36424e-12 -4.54747e-13 -9.09495e-13  1.81899e-12 -4.54747e-13 -4.54747e-13  1.36424e-12 -4.54747e-13  4.54747e-13 -9.09495e-13 -1.36424e-12 -9.09495e-13 -4.54747e-13 -9.09495e-13 -4.54747e-13  9.09495e-13  9.09495e-13 -1.36424e-12 -2.27374e-12  1.81899e-12  1.81899e-12 -4.54747e-13            0 -9.09495e-13 -1.36424e-12 -4.54747e-13  9.09495e-13 -4.54747e-13  4.09273e-12 -9.09495e-13            0  4.54747e-13 -1.36424e-12 -1.81899e-12 -4.54747e-13 -4.54747e-13  1.36424e-12  1.36424e-12 -1.81899e-12 -1.81899e-12  4.54747e-13 -9.09495e-13 -1.36424e-12 -4.54747e-13 -9.09495e-13 -2.27374e-12            0  2.72848e-12  4.54747e-13 -4.54747e-13            0  1.81899e-12 -4.54747e-13  1.36424e-12  3.18323e-12            0  9.09495e-13  4.54747e-13 -3.63798e-12 -4.54747e-13 -9.09495e-13  3.18323e-12  1.36424e-12  1.36424e-12  9.09495e-13 -1.81899e-12 -9.09495e-13 -4.54747e-13 -3.18323e-12  1.81899e-12  3.18323e-12
Performance statistics:
function                                                                                                                                                                                         	 time [s]  	 #calls    	 GFlop/s DP	 GFlop/s SP	 GByte/s   	Flops/Byte
<PITTS::MultiVector<double>> :: void PITTS::block_TSQR(const MultiVector<T>&, Tensor2<T>&, int, bool, int) [with T = double](rows: 25600000, cols: 256, reductionFactor: 25, colBlockingSize: 16)	 11.5015   	 50        	 15170.4   	 0         	 227.923   	 66.5593   
Timing statistics:
function                                                                                                                    	 time [s]  	 #calls    
<PITTS::MultiVector<double>> :: void PITTS::block_TSQR(const MultiVector<T>&, Tensor2<T>&, int, bool, int) [with T = double]	 11.5015   	 50        
<PITTS::Tensor2<double>> :: void PITTS::Tensor2<T>::resize(long long int, long long int, bool) [with T = double]            	 1.66e-06  	 1         
MPI startup(): Error: Could not open /usr/lib64/libpmi.so
Problems reading symbols for shepherd thread detection: No such device
PITTS: version v0.9.7-11-g58bc68d-dirty
PITTS: MPI #procs: 1
PITTS: OpenMP #threads: 384
PITTS: SIMD implementation: avx512
PITTS: Eigen SIMD implementation: AVX512, FMA, AVX2, AVX, SSE, SSE2, SSE3, SSSE3, SSE4.1, SSE4.2
PITTS: cache sizes (L1/core, L2/core, L3/accessible) [byte]: (49152, 1048576, 805306368)
PITTS: preprocessor definitions: PITTS_DIRECT_MKL_GEMM
wtime: 23.6919
Gramian M^TM wtime (not SYRK!): 21.884
singular values (new):
2078.48 2078.18 2078.05 2077.93 2077.74 2077.66 2077.64 2077.58 2077.38 2077.19 2077.11    2077 2076.96 2076.94 2076.82 2076.73 2076.69 2076.63 2076.53 2076.49 2076.41 2076.36 2076.23 2076.14 2076.08 2076.05 2075.99 2075.93 2075.83 2075.79 2075.75 2075.71 2075.67 2075.64 2075.51 2075.45  2075.4 2075.34 2075.28 2075.24 2075.14 2075.06 2075.05    2075 2074.95 2074.88 2074.85  2074.8 2074.77 2074.66 2074.55 2074.53 2074.46 2074.43 2074.42 2074.28 2074.26 2074.24  2074.2 2074.07 2074.02    2074 2073.91 2073.85 2073.83  2073.8 2073.77 2073.69 2073.66  2073.6  2073.5 2073.45 2073.41 2073.38 2073.36 2073.28 2073.22  2073.2 2073.14 2073.09 2073.04    2073 2072.98 2072.91 2072.83 2072.78 2072.76 2072.73  2072.7 2072.66 2072.63 2072.58 2072.53 2072.49 2072.45 2072.35 2072.32 2072.24 2072.21 2072.16 2072.06 2072.05 2071.98 2071.95 2071.92  2071.9 2071.79 2071.77 2071.72 2071.67 2071.64  2071.6 2071.58 2071.53 2071.46 2071.43  2071.4 2071.34 2071.29 2071.26 2071.19 2071.15 2071.11 2071.06    2071 2070.95 2070.94 2070.86 2070.83  2070.8 2070.74 2070.69 2070.68 2070.66 2070.53 2070.52 2070.47 2070.44 2070.41 2070.36  2070.3 2070.29 2070.25 2070.17 2070.17 2070.14 2070.08 2070.05 2069.98 2069.96 2069.87 2069.79 2069.77 2069.73 2069.72 2069.66 2069.63 2069.61 2069.57  2069.5 2069.48 2069.41 2069.37 2069.33 2069.29 2069.29 2069.22 2069.18 2069.15 2069.12 2069.11 2069.03 2069.02 2068.96 2068.89 2068.87 2068.84 2068.82 2068.71 2068.68 2068.61 2068.55 2068.52 2068.51 2068.44  2068.4 2068.35 2068.33  2068.3 2068.26 2068.22 2068.17 2068.16 2068.07 2068.05 2067.99  2067.9 2067.88 2067.87 2067.82 2067.77 2067.72 2067.68 2067.65  2067.6 2067.58 2067.55 2067.52 2067.45 2067.38 2067.34 2067.33 2067.29 2067.25 2067.24 2067.21 2067.15 2067.15 2067.08 2067.05 2067.01 2066.96 2066.89 2066.84 2066.82  2066.8 2066.72  2066.7 2066.63 2066.61 2066.58 2066.54 2066.49 2066.47 2066.43  2066.4 2066.36 2066.35 2066.28 2066.27 2066.22 2066.19 2066.13  2066.1 2066.06 2066.01 2065.97  2065.9 2065.87 2065.81 2065.78 2065.73 2065.71 2065.64 2065.61 2065.61 2065.58 2065.53 2065.49 2065.43 2065.41 2065.33 2065.29 2065.28 2065.26 2065.23 2065.19 2065.17 2065.06 2065.04 2065.02 2064.96 2064.92 2064.88 2064.86 2064.84 2064.81 2064.76  2064.7 2064.69 2064.59 2064.55 2064.49 2064.47 2064.46 2064.44 2064.37 2064.31 2064.26 2064.22  2064.2 2064.15 2064.13 2064.09 2064.08 2064.03 2064.01 2063.94 2063.92 2063.88 2063.85 2063.78 2063.68 2063.65 2063.64 2063.59 2063.52  2063.5 2063.49 2063.41 2063.39 2063.35 2063.31 2063.28 2063.21 2063.14 2063.13 2063.08 2063.04 2063.02 2063.02 2062.92  2062.9 2062.84 2062.82 2062.73  2062.7 2062.67 2062.64 2062.62  2062.6 2062.54 2062.48 2062.46 2062.39 2062.33 2062.29 2062.27 2062.23 2062.21 2062.13 2062.13  2062.1 2062.08    2062 2061.97 2061.92 2061.86 2061.83  2061.8 2061.72 2061.68 2061.66 2061.59 2061.56 2061.52 2061.46 2061.44 2061.39 2061.35 2061.31 2061.26 2061.23 2061.21 2061.17 2061.12 2061.05 2061.04 2060.96 2060.91 2060.87 2060.86  2060.8 2060.78 2060.75 2060.65 2060.62 2060.59 2060.54 2060.49 2060.49 2060.44 2060.39 2060.35 2060.31 2060.27 2060.25 2060.15 2060.14  2060.1 2060.08 2060.02 2059.98 2059.95  2059.9 2059.83 2059.76 2059.71 2059.68 2059.63  2059.6 2059.53  2059.5 2059.42 2059.35 2059.33 2059.26 2059.26 2059.21 2059.17 2059.13  2059.1 2059.03 2058.98 2058.96  2058.9  2058.9 2058.82 2058.75 2058.72 2058.66  2058.6 2058.53 2058.52  2058.5 2058.44 2058.39 2058.38 2058.31 2058.26 2058.18 2058.17 2058.11 2058.09 2058.05 2057.97 2057.92 2057.89 2057.82 2057.78 2057.75  2057.7 2057.62 2057.61 2057.55  2057.5 2057.41 2057.32 2057.29 2057.25 2057.23 2057.14 2057.08 2057.05 2056.99  2056.9 2056.87 2056.85 2056.82 2056.78  2056.7 2056.65 2056.57 2056.51 2056.49 2056.44 2056.39 2056.35  2056.3 2056.24 2056.15  2056.1 2056.02 2055.98 2055.89 2055.86 2055.76 2055.73 2055.69 2055.58 2055.51 2055.45 2055.41 2055.33 2055.28 2055.16 2055.09 2055.01 2054.99 2054.86 2054.83 2054.71 2054.69  2054.6 2054.48 2054.41  2054.4 2054.28 2054.23 2054.17 2054.14 2054.01 2053.93 2053.85 2053.68 2053.54 2053.48 2053.37 2053.12 2053.02 2052.75 2052.67
Difference to sqrt(Gramian eigenvalues): -2.27374e-12 -1.36424e-12 -1.36424e-12  1.36424e-12  4.09273e-12  2.27374e-12 -4.54747e-12  1.36424e-12  4.54747e-13 -3.18323e-12  1.81899e-12 -9.09495e-13 -3.18323e-12 -4.09273e-12  1.81899e-12            0  1.36424e-12 -4.54747e-13 -1.36424e-12  1.36424e-12 -9.09495e-13 -4.09273e-12 -2.27374e-12  1.81899e-12 -4.54747e-13  1.36424e-12            0  1.81899e-12 -1.81899e-12 -2.27374e-12 -4.09273e-12  9.09495e-13 -4.54747e-13  4.54747e-13 -2.27374e-12            0  1.81899e-12 -2.72848e-12            0  4.54747e-13 -1.81899e-12  9.09495e-13  1.36424e-12 -1.36424e-12  4.54747e-13  9.09495e-13  1.36424e-12  9.09495e-13  1.81899e-12  1.36424e-12  1.81899e-12  4.54747e-13  4.54747e-13 -1.36424e-12            0 -9.09495e-13 -3.18323e-12  9.09495e-13            0  9.09495e-13 -4.54747e-13  4.54747e-13 -1.36424e-12 -2.27374e-12 -4.54747e-13            0  4.54747e-13  4.54747e-13  9.09495e-13  9.09495e-13 -2.27374e-12  2.72848e-12            0  1.36424e-12  4.54747e-13 -2.27374e-12 -1.81899e-12  9.09495e-13 -4.54747e-13            0  1.36424e-12            0 -9.09495e-13  9.09495e-13 -4.54747e-13 -1.36424e-12            0 -1.36424e-12  9.09495e-13            0            0 -9.09495e-13  4.54747e-13  1.36424e-12 -4.54747e-13  4.54747e-13 -1.36424e-12  9.09495e-13  9.09495e-13 -4.54747e-13 -9.09495e-13 -4.54747e-13            0            0  4.54747e-13            0            0  9.09495e-13  9.09495e-13 -2.72848e-12 -9.09495e-13 -1.36424e-12 -1.36424e-12  4.54747e-13  4.54747e-13  9.09495e-13  4.54747e-13            0 -4.54747e-13 -2.27374e-12 -9.09495e-13            0 -2.27374e-12 -4.54747e-13  9.09495e-13 -4.54747e-13 -1.81899e-12 -4.54747e-13 -1.36424e-12  4.54747e-13 -1.81899e-12            0 -9.09495e-13  4.54747e-13 -4.54747e-13 -1.36424e-12 -4.54747e-13  4.54747e-13  9.09495e-13 -9.09495e-13  1.81899e-12            0  1.36424e-12 -9.09495e-13 -9.09495e-13            0  9.09495e-13  4.54747e-13  4.54747e-13            0 -9.09495e-13            0  9.09495e-13  4.54747e-13  1.81899e-12 -9.09495e-13 -4.54747e-13  9.09495e-13            0 -4.54747e-13            0 -9.09495e-13 -9.09495e-13 -4.54747e-13 -4.54747e-13  4.54747e-13            0            0 -9.09495e-13 -9.09495e-13            0 -9.09495e-13  4.54747e-13  4.54747e-13            0  4.54747e-13  4.54747e-13 -1.36424e-12  4.54747e-13  9.09495e-13            0 -4.54747e-13  4.54747e-13  9.09495e-13 -1.81899e-12 -4.54747e-13  1.81899e-12  4.54747e-13  4.54747e-13  9.09495e-13 -4.54747e-13  9.09495e-13            0 -9.09495e-13 -4.54747e-13 -4.54747e-13  4.54747e-13 -9.09495e-13  4.54747e-13  1.36424e-12            0            0 -4.54747e-13            0            0  9.09495e-13  4.54747e-13  4.54747e-13 -4.54747e-13 -4.54747e-13 -4.54747e-13 -9.09495e-13 -4.54747e-13            0            0 -4.54747e-13            0            0            0            0  9.09495e-13            0            0            0  4.54747e-13 -9.09495e-13 -1.36424e-12            0            0  4.54747e-13 -4.54747e-13            0 -9.09495e-13  4.54747e-13  4.54747e-13            0  4.54747e-13 -4.54747e-13 -9.09495e-13  9.09495e-13            0 -9.09495e-13 -4.54747e-13 -4.54747e-13            0 -9.09495e-13  4.54747e-13 -9.09495e-13 -1.81899e-12 -9.09495e-13 -4.54747e-13            0 -4.54747e-13 -4.54747e-13  4.54747e-13  4.54747e-13            0 -9.09495e-13 -4.54747e-13            0            0 -9.09495e-13            0  9.09495e-13 -1.36424e-12 -9.09495e-13 -4.54747e-13 -4.54747e-13 -4.54747e-13            0            0            0  4.54747e-13            0 -4.54747e-13            0  1.36424e-12            0            0 -9.09495e-13 -4.54747e-13  9.09495e-13  4.54747e-13  4.54747e-13 -4.54747e-13  4.54747e-13            0 -4.54747e-13  4.54747e-13 -9.09495e-13            0  4.54747e-13 -4.54747e-13            0            0  4.54747e-13 -1.36424e-12            0  4.54747e-13  1.81899e-12 -4.54747e-13 -4.54747e-13  4.54747e-13 -9.09495e-13  9.09495e-13 -9.09495e-13  4.54747e-13  9.09495e-13  9.09495e-13            0 -4.54747e-13  4.54747e-13  4.54747e-13  1.36424e-12 -4.54747e-13            0 -4.54747e-13 -1.36424e-12 -4.54747e-13            0 -4.54747e-13            0 -9.09495e-13            0 -4.54747e-13  4.54747e-13            0 -4.54747e-13            0 -4.54747e-13  4.54747e-13 -4.54747e-13 -4.54747e-13 -9.09495e-13  9.09495e-13 -4.54747e-13 -9.09495e-13  4.54747e-13  1.36424e-12 -9.09495e-13 -4.54747e-13  4.54747e-13 -1.36424e-12 -9.09495e-13  9.09495e-13  9.09495e-13 -4.54747e-13            0 -4.54747e-13 -1.81899e-12            0 -4.54747e-13 -4.54747e-13            0            0            0  4.54747e-13  4.54747e-13 -4.54747e-13  9.09495e-13  1.81899e-12 -4.54747e-13  4.54747e-13  4.54747e-13  1.36424e-12 -1.81899e-12            0            0 -2.72848e-12 -4.54747e-13 -9.09495e-13 -1.36424e-12 -1.36424e-12 -9.09495e-13 -1.81899e-12 -4.54747e-13 -9.09495e-13 -1.36424e-12            0 -4.54747e-13 -4.54747e-13 -4.54747e-13            0 -4.54747e-13 -9.09495e-13 -9.09495e-13            0  4.54747e-13  4.54747e-13            0            0            0  1.81899e-12 -4.54747e-13            0 -9.09495e-13  1.81899e-12  4.54747e-13  9.09495e-13  9.09495e-13 -1.81899e-12  9.09495e-13 -4.54747e-13            0            0            0  4.54747e-13  9.09495e-13 -4.54747e-13 -2.27374e-12 -2.27374e-12 -9.09495e-13            0  4.54747e-13 -4.54747e-13 -4.54747e-13            0 -9.09495e-13 -9.09495e-13 -9.09495e-13 -1.36424e-12            0  4.54747e-13 -4.54747e-13  4.54747e-13  9.09495e-13 -9.09495e-13 -9.09495e-13  4.54747e-13            0  1.36424e-12  1.36424e-12 -9.09495e-13 -9.09495e-13  4.54747e-13            0  9.09495e-13 -9.09495e-13 -9.09495e-13            0            0            0  1.81899e-12  4.54747e-13            0  4.54747e-13 -9.09495e-13 -4.54747e-13            0 -9.09495e-13  9.09495e-13            0            0  1.36424e-12  1.81899e-12 -9.09495e-13 -9.09495e-13  4.54747e-13 -9.09495e-13  4.54747e-13 -4.54747e-13            0            0 -9.09495e-13            0 -4.54747e-13 -2.72848e-12 -1.81899e-12            0 -2.72848e-12            0 -2.27374e-12  4.54747e-13 -9.09495e-13 -2.72848e-12 -1.81899e-12  9.09495e-13 -1.36424e-12 -9.09495e-13  9.09495e-13 -2.27374e-12  1.36424e-12 -9.09495e-13  9.09495e-13  2.72848e-12  9.09495e-13 -4.54747e-13  4.54747e-13 -1.36424e-12 -9.09495e-13  1.81899e-12  1.36424e-12 -4.54747e-13  9.09495e-13 -2.27374e-12            0 -1.36424e-12 -2.27374e-12            0  5.00222e-12  1.81899e-12 -9.09495e-13  1.81899e-12  9.09495e-13  2.72848e-12 -4.54747e-13 -1.81899e-12  4.54747e-13 -1.81899e-12  1.81899e-12 -2.27374e-12  3.63798e-12
Performance statistics:
function                                                                                                                                                                                         	 time [s]  	 #calls    	 GFlop/s DP	 GFlop/s SP	 GByte/s   	Flops/Byte
<PITTS::MultiVector<double>> :: void PITTS::block_TSQR(const MultiVector<T>&, Tensor2<T>&, int, bool, int) [with T = double](rows: 12800000, cols: 512, reductionFactor: 25, colBlockingSize: 16)	 23.6918   	 50        	 14729.4   	 0         	 110.652   	 133.115   
Timing statistics:
function                                                                                                                    	 time [s]  	 #calls    
<PITTS::MultiVector<double>> :: void PITTS::block_TSQR(const MultiVector<T>&, Tensor2<T>&, int, bool, int) [with T = double]	 23.6918   	 50        
<PITTS::Tensor2<double>> :: void PITTS::Tensor2<T>::resize(long long int, long long int, bool) [with T = double]            	 1.73e-06  	 1         
MPI startup(): Error: Could not open /usr/lib64/libpmi.so
Problems reading symbols for shepherd thread detection: No such device
PITTS: version v0.9.7-11-g58bc68d-dirty
PITTS: MPI #procs: 1
PITTS: OpenMP #threads: 384
PITTS: SIMD implementation: avx512
PITTS: Eigen SIMD implementation: AVX512, FMA, AVX2, AVX, SSE, SSE2, SSE3, SSSE3, SSE4.1, SSE4.2
PITTS: cache sizes (L1/core, L2/core, L3/accessible) [byte]: (49152, 1048576, 805306368)
PITTS: preprocessor definitions: PITTS_DIRECT_MKL_GEMM
wtime: 51.1786
Gramian M^TM wtime (not SYRK!): 48.1934
singular values (new):
   1479 1478.73 1478.64 1478.54 1478.36 1478.31 1478.15 1478.09 1478.05 1477.85 1477.75 1477.63  1477.6 1477.57 1477.51 1477.36 1477.28 1477.27 1477.23 1477.16  1477.1 1477.03 1476.96 1476.95 1476.87  1476.8 1476.71 1476.64 1476.62 1476.58 1476.52  1476.5 1476.41 1476.36 1476.32 1476.27 1476.21 1476.17 1476.15 1476.09 1475.97 1475.91 1475.87 1475.81 1475.72 1475.69 1475.63 1475.57 1475.57 1475.49 1475.45 1475.36 1475.32 1475.29 1475.28 1475.25 1475.21 1475.13 1475.09 1475.05 1475.01 1474.96 1474.94 1474.85 1474.83 1474.76 1474.72  1474.7 1474.63 1474.58 1474.57 1474.53 1474.51 1474.44 1474.37 1474.35 1474.28 1474.27 1474.21 1474.18 1474.11 1474.09 1474.07 1473.97 1473.95 1473.92 1473.86 1473.83  1473.8 1473.76 1473.74  1473.7 1473.63 1473.61 1473.58 1473.54  1473.5 1473.48 1473.46 1473.41 1473.36 1473.34 1473.31 1473.26 1473.21 1473.19 1473.17 1473.05 1473.02 1472.96 1472.94 1472.93 1472.91 1472.87 1472.82 1472.76 1472.71 1472.67 1472.62 1472.61 1472.54 1472.51 1472.49 1472.47 1472.42 1472.35 1472.31 1472.27 1472.24  1472.2 1472.17 1472.13 1472.11 1472.06 1472.03 1471.99 1471.97 1471.93 1471.88 1471.85 1471.81 1471.77 1471.75 1471.71 1471.69 1471.64 1471.62 1471.61 1471.53 1471.49 1471.45 1471.43 1471.41 1471.37 1471.34 1471.29 1471.24 1471.21 1471.21 1471.18 1471.13 1471.11 1471.07 1471.04    1471 1470.96 1470.93 1470.91 1470.88 1470.83  1470.8 1470.77 1470.74 1470.69 1470.67 1470.62 1470.61 1470.54 1470.53 1470.48 1470.47 1470.43 1470.41 1470.35 1470.34 1470.28 1470.22 1470.19 1470.16 1470.15 1470.13 1470.09 1470.04 1470.02 1469.96 1469.96 1469.93 1469.92 1469.85 1469.81 1469.78 1469.76 1469.71 1469.68 1469.66 1469.62  1469.6 1469.53 1469.51 1469.47 1469.46 1469.42 1469.37 1469.36 1469.31 1469.29 1469.25 1469.23 1469.18 1469.15 1469.13  1469.1 1469.06 1469.01    1469 1468.98 1468.97 1468.94 1468.89 1468.89 1468.84 1468.83  1468.8 1468.73 1468.71 1468.64 1468.64  1468.6 1468.58 1468.53 1468.49 1468.47 1468.45 1468.42 1468.35  1468.3  1468.3 1468.26 1468.22  1468.2 1468.16 1468.12 1468.11 1468.09 1468.05 1468.05 1468.01 1467.95 1467.94 1467.89 1467.89 1467.85 1467.84  1467.8 1467.77 1467.75 1467.71 1467.69 1467.64 1467.61  1467.6 1467.57 1467.55 1467.49 1467.49 1467.45 1467.43 1467.42 1467.34 1467.31  1467.3 1467.28 1467.23 1467.21  1467.2 1467.16 1467.07 1467.06 1467.01 1466.98 1466.95 1466.93 1466.89 1466.87 1466.87  1466.8 1466.77 1466.73 1466.72 1466.69 1466.66 1466.61 1466.59 1466.56 1466.55 1466.48 1466.47 1466.42 1466.41  1466.4 1466.33 1466.31 1466.29 1466.28 1466.23 1466.22 1466.19 1466.14 1466.12  1466.1 1466.08 1466.06 1466.02    1466 1465.96 1465.93  1465.9 1465.86 1465.84 1465.82 1465.77 1465.75 1465.71 1465.68 1465.64 1465.62 1465.59 1465.56 1465.54 1465.51 1465.49 1465.43  1465.4 1465.38 1465.35 1465.33  1465.3 1465.29 1465.26 1465.22 1465.21 1465.19 1465.13 1465.12 1465.06 1465.04 1465.02    1465 1464.95 1464.92 1464.91 1464.87 1464.85  1464.8 1464.76 1464.73  1464.7 1464.69 1464.64 1464.61 1464.59 1464.55 1464.54 1464.52 1464.48 1464.46 1464.42  1464.4 1464.37 1464.35 1464.33 1464.29 1464.26 1464.23 1464.21 1464.16 1464.15 1464.12 1464.09 1464.06 1464.05 1464.03 1463.98 1463.94 1463.93 1463.88 1463.88  1463.8 1463.79 1463.77 1463.72 1463.71 1463.68 1463.65 1463.63  1463.6 1463.57 1463.53 1463.52 1463.47 1463.45 1463.44 1463.43 1463.41 1463.38 1463.35 1463.29 1463.27 1463.27 1463.24 1463.22 1463.18 1463.15 1463.12 1463.09 1463.05    1463 1462.99 1462.96 1462.94 1462.91  1462.9 1462.87 1462.83 1462.79 1462.75 1462.73  1462.7 1462.67 1462.64 1462.64 1462.57 1462.55  1462.5 1462.49 1462.45 1462.44 1462.42 1462.39 1462.37 1462.34  1462.3 1462.27 1462.22 1462.22 1462.18 1462.16 1462.14 1462.12 1462.05 1462.03    1462 1461.96 1461.96 1461.93 1461.91 1461.85 1461.84 1461.79 1461.78 1461.74 1461.73 1461.69 1461.67 1461.66 1461.63  1461.6 1461.59 1461.53 1461.49 1461.46 1461.43 1461.41  1461.4 1461.36 1461.34 1461.31 1461.29 1461.24 1461.22  1461.2 1461.15 1461.13  1461.1 1461.05 1461.03 1461.01 1460.95 1460.94 1460.93  1460.9 1460.88 1460.83 1460.82 1460.78 1460.77 1460.73 1460.67 1460.66 1460.65 1460.61 1460.58 1460.54 1460.53 1460.49 1460.49 1460.44  1460.4 1460.39 1460.36 1460.34 1460.31 1460.27 1460.25 1460.22 1460.18 1460.16 1460.13 1460.08 1460.05 1460.04 1460.04 1459.98 1459.96 1459.92 1459.88 1459.84 1459.83 1459.81 1459.77 1459.72  1459.7  1459.7 1459.66 1459.62  1459.6 1459.58 1459.56 1459.51 1459.49 1459.46 1459.44 1459.39 1459.37 1459.33 1459.32 1459.29 1459.26 1459.24 1459.22 1459.17 1459.13  1459.1 1459.08 1459.06 1459.02 1458.98 1458.96 1458.95  1458.9 1458.89 1458.84 1458.82 1458.79 1458.76 1458.74 1458.73 1458.71 1458.68 1458.62 1458.59 1458.58 1458.55 1458.53 1458.49 1458.48 1458.44  1458.4 1458.39 1458.35 1458.33 1458.31 1458.28 1458.25  1458.2 1458.18 1458.15 1458.12 1458.11 1458.09 1458.04 1458.02    1458 1457.96 1457.93 1457.91  1457.9 1457.88 1457.82  1457.8 1457.72 1457.72  1457.7 1457.68 1457.65 1457.62 1457.59 1457.57 1457.52  1457.5 1457.48 1457.43 1457.42 1457.39 1457.32 1457.31  1457.3 1457.26  1457.2 1457.17 1457.16 1457.13 1457.11 1457.07 1457.06 1457.03    1457 1456.99 1456.96 1456.91  1456.9 1456.86 1456.81 1456.79 1456.77 1456.72 1456.71 1456.69 1456.65 1456.62 1456.58 1456.56 1456.54 1456.48 1456.48 1456.41 1456.41 1456.38 1456.32 1456.31 1456.28 1456.27 1456.25  1456.2 1456.18 1456.15 1456.14  1456.1  1456.1 1456.06 1456.02    1456 1455.95 1455.94 1455.91 1455.87 1455.86 1455.81 1455.79 1455.71  1455.7 1455.69 1455.65 1455.64 1455.62 1455.54 1455.54 1455.52 1455.48 1455.47 1455.43 1455.38 1455.38 1455.36 1455.33 1455.28 1455.24 1455.21 1455.18 1455.16 1455.14 1455.11 1455.09 1455.07 1455.02    1455 1454.99 1454.96 1454.94 1454.91 1454.87 1454.83 1454.83 1454.74 1454.73  1454.7 1454.68 1454.65 1454.62 1454.59 1454.58 1454.52  1454.5 1454.47 1454.42 1454.38 1454.36 1454.32 1454.28 1454.26 1454.23 1454.22 1454.18 1454.15 1454.12 1454.08 1454.05 1454.03 1454.02 1453.98 1453.95 1453.92 1453.88 1453.82  1453.8 1453.77 1453.74  1453.7 1453.68 1453.65 1453.64 1453.58 1453.57 1453.55 1453.49 1453.48 1453.47 1453.44 1453.41 1453.37 1453.34  1453.3 1453.28 1453.27  1453.2 1453.18 1453.14 1453.12  1453.1 1453.08 1453.07 1453.02 1452.98 1452.92 1452.89 1452.86 1452.84 1452.79 1452.75 1452.72  1452.7 1452.67 1452.66 1452.64 1452.59 1452.58  1452.5 1452.49 1452.45 1452.43  1452.4 1452.35 1452.34 1452.31 1452.28 1452.23 1452.22 1452.19 1452.17 1452.14  1452.1 1452.07 1452.01 1452.01 1451.96 1451.94 1451.92 1451.88 1451.86 1451.78 1451.77 1451.73 1451.71 1451.71 1451.65 1451.61  1451.6 1451.55 1451.48 1451.47 1451.43  1451.4 1451.39 1451.34 1451.29 1451.25 1451.22 1451.19 1451.19 1451.15  1451.1 1451.09 1451.06 1451.03 1451.01 1450.97 1450.94 1450.91 1450.86 1450.84 1450.79 1450.78 1450.73 1450.69 1450.69 1450.63  1450.6 1450.56 1450.52 1450.49 1450.43 1450.42  1450.4 1450.36  1450.3 1450.29 1450.27 1450.25 1450.19 1450.15 1450.13 1450.11 1450.08 1450.06 1449.97 1449.93 1449.91  1449.9 1449.86 1449.83 1449.76 1449.74 1449.72 1449.67 1449.64 1449.57 1449.55 1449.49 1449.47 1449.44  1449.4 1449.39 1449.35 1449.32 1449.24 1449.18 1449.14 1449.13  1449.1 1449.08 1449.04 1448.99 1448.93 1448.91 1448.88 1448.84 1448.83 1448.78 1448.76 1448.74 1448.73 1448.68 1448.67 1448.61  1448.6 1448.55 1448.52 1448.44 1448.43 1448.38 1448.35 1448.32 1448.27 1448.24 1448.18 1448.15 1448.07 1448.04 1448.03 1448.02    1448 1447.91 1447.88 1447.84 1447.77 1447.74  1447.7 1447.68 1447.65 1447.63  1447.6 1447.53 1447.51  1447.5 1447.42  1447.4 1447.38 1447.35 1447.29 1447.26  1447.2 1447.16 1447.12 1447.07 1447.03    1447 1446.92 1446.88 1446.87 1446.81 1446.77 1446.71 1446.68 1446.64 1446.59 1446.54 1446.49 1446.42 1446.39 1446.37 1446.32 1446.26 1446.21 1446.19 1446.14 1446.07 1446.04 1446.02 1445.97 1445.87 1445.84 1445.82 1445.78 1445.74  1445.7 1445.64 1445.57 1445.48 1445.47  1445.4 1445.36 1445.32 1445.28 1445.22 1445.18 1445.14 1445.12 1445.04 1444.97 1444.89 1444.85 1444.83  1444.8 1444.71 1444.67  1444.6 1444.55 1444.47  1444.4 1444.38 1444.37 1444.24 1444.14 1444.12 1444.07 1443.98 1443.96 1443.91 1443.84 1443.78 1443.67 1443.58 1443.47 1443.45 1443.29 1443.17 1443.07 1443.01 1442.87 1442.84 1442.75 1442.65 1442.52  1442.4
Difference to sqrt(Gramian eigenvalues):            0 -6.82121e-13  2.50111e-12 -6.82121e-13 -1.59162e-12  2.27374e-13            0  2.04636e-12  2.27374e-13 -1.36424e-12 -2.27374e-13  4.54747e-13 -9.09495e-13 -1.13687e-12  9.09495e-13 -1.13687e-12            0 -4.54747e-13  2.27374e-13 -2.27374e-13 -4.54747e-13 -9.09495e-13 -2.27374e-13  2.27374e-13 -4.54747e-13 -2.27374e-13  4.54747e-13  4.54747e-13            0 -2.27374e-13 -6.82121e-13  2.04636e-12 -1.13687e-12 -2.27374e-13 -6.82121e-13  9.09495e-13 -2.27374e-13            0 -4.54747e-13 -1.59162e-12 -9.09495e-13  2.27374e-13 -6.82121e-13  1.36424e-12 -6.82121e-13            0  4.54747e-13  4.54747e-13  1.13687e-12 -2.27374e-13            0  2.27374e-13            0 -6.82121e-13 -6.82121e-13  2.27374e-13 -6.82121e-13 -6.82121e-13 -2.27374e-13  6.82121e-13  2.27374e-13 -2.27374e-13            0 -4.54747e-13 -4.54747e-13 -1.81899e-12 -2.27374e-13 -9.09495e-13  6.82121e-13 -4.54747e-13 -2.27374e-13 -2.27374e-13 -6.82121e-13 -4.54747e-13 -9.09495e-13  4.54747e-13 -2.27374e-13 -2.27374e-13 -4.54747e-13  2.27374e-13  2.27374e-13 -4.54747e-13  1.13687e-12 -1.13687e-12 -6.82121e-13  2.27374e-13  2.27374e-13            0            0 -2.27374e-13  2.27374e-13            0            0            0  2.27374e-13  1.36424e-12  2.27374e-13  4.54747e-13  2.27374e-13            0 -4.54747e-13 -9.09495e-13 -6.82121e-13            0  4.54747e-13 -6.82121e-13  6.82121e-13 -2.27374e-13 -4.54747e-13 -4.54747e-13 -2.27374e-13  6.82121e-13  1.13687e-12  2.27374e-13 -6.82121e-13 -9.09495e-13 -2.27374e-13 -6.82121e-13 -4.54747e-13            0  4.54747e-13  2.27374e-13            0  6.82121e-13 -6.82121e-13 -2.27374e-13            0  6.82121e-13  4.54747e-13  6.82121e-13 -2.27374e-13  4.54747e-13            0            0            0  2.27374e-13 -6.82121e-13  6.82121e-13  2.27374e-13 -2.27374e-13            0            0 -1.13687e-12            0  2.27374e-13  2.27374e-13            0            0 -4.54747e-13 -9.09495e-13  4.54747e-13  2.27374e-13  6.82121e-13  4.54747e-13  4.54747e-13 -4.54747e-13 -9.09495e-13 -9.09495e-13 -4.54747e-13 -6.82121e-13  2.27374e-13 -6.82121e-13 -1.36424e-12  9.09495e-13 -1.13687e-12 -4.54747e-13 -2.27374e-13  2.27374e-13 -2.27374e-13 -6.82121e-13 -4.54747e-13            0            0            0 -2.27374e-13 -6.82121e-13            0 -9.09495e-13 -2.27374e-13  9.09495e-13  4.54747e-13            0 -6.82121e-13 -4.54747e-13 -9.09495e-13            0 -2.27374e-13  9.09495e-13            0 -6.82121e-13 -4.54747e-13  4.54747e-13 -2.27374e-13            0 -2.27374e-13  2.27374e-13 -6.82121e-13 -6.82121e-13 -4.54747e-13 -2.27374e-13            0  2.27374e-13  2.27374e-13            0 -2.27374e-13 -2.27374e-13 -2.27374e-13            0            0 -2.27374e-13            0            0  2.27374e-13 -2.27374e-13 -4.54747e-13  9.09495e-13 -6.82121e-13  2.27374e-13  2.27374e-13 -2.27374e-13  6.82121e-13 -2.27374e-13  2.27374e-13            0  2.27374e-13            0 -4.54747e-13 -4.54747e-13 -2.27374e-13            0 -4.54747e-13 -2.27374e-13 -9.09495e-13  2.27374e-13 -6.82121e-13  4.54747e-13 -6.82121e-13 -9.09495e-13 -4.54747e-13  9.09495e-13  6.82121e-13            0 -2.27374e-13            0 -2.27374e-13 -4.54747e-13  2.27374e-13 -2.27374e-13            0            0  4.54747e-13            0  2.27374e-13  2.27374e-13            0            0  4.54747e-13            0  2.27374e-13  4.54747e-13            0  9.09495e-13  4.54747e-13            0            0 -2.27374e-13 -4.54747e-13 -2.27374e-13 -1.13687e-12  4.54747e-13 -6.82121e-13 -9.09495e-13 -2.27374e-13 -6.82121e-13 -6.82121e-13 -4.54747e-13  4.54747e-13  4.54747e-13 -4.54747e-13 -9.09495e-13 -9.09495e-13            0 -4.54747e-13  2.27374e-13  2.27374e-13  4.54747e-13  4.54747e-13            0  2.27374e-13 -4.54747e-13 -9.09495e-13  2.27374e-13  2.27374e-13 -1.13687e-12 -4.54747e-13 -9.09495e-13 -4.54747e-13            0            0 -6.82121e-13 -6.82121e-13  6.82121e-13            0 -2.27374e-13  4.54747e-13            0 -2.27374e-13 -2.27374e-13 -2.27374e-13 -2.27374e-13 -2.27374e-13 -6.82121e-13 -4.54747e-13  2.27374e-13 -4.54747e-13 -6.82121e-13 -9.09495e-13            0 -6.82121e-13 -6.82121e-13 -4.54747e-13  4.54747e-13 -6.82121e-13  4.54747e-13            0 -1.13687e-12 -4.54747e-13 -4.54747e-13 -2.27374e-13  2.27374e-13 -6.82121e-13 -2.27374e-13 -9.09495e-13  4.54747e-13  6.82121e-13 -6.82121e-13 -4.54747e-13 -1.13687e-12  6.82121e-13  6.82121e-13 -2.27374e-13 -2.27374e-13 -4.54747e-13  4.54747e-13 -6.82121e-13 -1.36424e-12 -1.36424e-12 -6.82121e-13 -6.82121e-13 -4.54747e-13 -9.09495e-13 -1.13687e-12 -9.09495e-13 -9.09495e-13  4.54747e-13  6.82121e-13 -2.27374e-13 -6.82121e-13 -6.82121e-13  2.27374e-13  4.54747e-13 -2.27374e-13            0 -9.09495e-13 -1.36424e-12 -4.54747e-13 -9.09495e-13 -6.82121e-13  2.27374e-13 -2.27374e-13  4.54747e-13  2.27374e-13  2.27374e-13 -4.54747e-13            0 -2.27374e-13  2.27374e-13 -4.54747e-13  4.54747e-13 -9.09495e-13 -6.82121e-13  4.54747e-13  4.54747e-13  2.27374e-13 -1.13687e-12 -4.54747e-13 -4.54747e-13 -2.27374e-13 -4.54747e-13            0 -2.27374e-13            0  2.27374e-13            0  2.27374e-13            0 -6.82121e-13  9.09495e-13 -9.09495e-13 -2.27374e-13  4.54747e-13  4.54747e-13 -6.82121e-13 -4.54747e-13 -6.82121e-13 -4.54747e-13  2.27374e-13            0 -1.36424e-12 -4.54747e-13            0  6.82121e-13            0 -2.27374e-13  2.27374e-13 -9.09495e-13            0  6.82121e-13 -9.09495e-13 -4.54747e-13            0 -9.09495e-13 -9.09495e-13  4.54747e-13 -2.27374e-13 -4.54747e-13  4.54747e-13 -4.54747e-13 -6.82121e-13  2.27374e-13            0 -4.54747e-13  6.82121e-13  2.27374e-13  4.54747e-13 -4.54747e-13  2.27374e-13 -1.36424e-12 -4.54747e-13            0            0  4.54747e-13            0 -2.27374e-13 -2.27374e-13 -2.27374e-13  2.27374e-13  2.27374e-13  2.27374e-13 -4.54747e-13 -2.27374e-13  2.27374e-13 -4.54747e-13 -6.82121e-13 -6.82121e-13  2.27374e-13  2.27374e-13  6.82121e-13            0  4.54747e-13            0            0  2.27374e-13 -6.82121e-13  2.27374e-13  4.54747e-13 -1.13687e-12 -6.82121e-13  2.27374e-13            0  4.54747e-13  2.27374e-13 -4.54747e-13  4.54747e-13  4.54747e-13 -2.27374e-13  2.27374e-13  2.27374e-13 -6.82121e-13  4.54747e-13            0 -1.36424e-12 -2.27374e-13  2.27374e-13            0  2.27374e-13 -6.82121e-13  6.82121e-13            0  2.27374e-13 -6.82121e-13  2.27374e-13 -1.36424e-12 -6.82121e-13 -1.13687e-12  9.09495e-13  2.27374e-13 -4.54747e-13            0 -2.27374e-13 -2.27374e-13            0  2.27374e-13            0            0 -1.59162e-12            0 -6.82121e-13 -1.13687e-12  4.54747e-13 -6.82121e-13 -4.54747e-13 -6.82121e-13 -2.27374e-13 -2.27374e-13 -4.54747e-13 -4.54747e-13  6.82121e-13 -2.27374e-13 -6.82121e-13 -2.27374e-13 -2.27374e-13 -9.09495e-13 -4.54747e-13 -2.27374e-13  2.27374e-13 -2.27374e-13 -4.54747e-13 -4.54747e-13            0 -9.09495e-13 -4.54747e-13  4.54747e-13 -6.82121e-13 -4.54747e-13  4.54747e-13            0 -2.27374e-13  4.54747e-13 -4.54747e-13            0 -4.54747e-13 -6.82121e-13            0 -2.27374e-13 -6.82121e-13            0 -2.27374e-13  4.54747e-13            0  4.54747e-13 -9.09495e-13  2.27374e-13 -4.54747e-13            0  2.27374e-13 -2.27374e-13 -2.27374e-13 -4.54747e-13  4.54747e-13 -6.82121e-13 -2.27374e-13 -2.27374e-13 -4.54747e-13 -6.82121e-13 -6.82121e-13            0            0 -2.27374e-13 -2.27374e-13 -4.54747e-13 -2.27374e-13 -2.27374e-13  2.27374e-13 -2.27374e-13 -4.54747e-13 -2.27374e-13 -6.82121e-13 -2.27374e-13 -4.54747e-13  2.27374e-13 -2.27374e-13  2.27374e-13 -2.27374e-13 -6.82121e-13 -9.09495e-13 -4.54747e-13  4.54747e-13 -4.54747e-13  2.27374e-13            0 -2.27374e-13 -4.54747e-13 -2.27374e-13            0 -4.54747e-13 -2.27374e-13 -2.27374e-13  2.27374e-13 -2.27374e-13 -6.82121e-13 -2.27374e-13            0 -2.27374e-13 -6.82121e-13 -4.54747e-13  4.54747e-13  2.27374e-13 -4.54747e-13  2.27374e-13  2.27374e-13  4.54747e-13 -6.82121e-13 -2.27374e-13  4.54747e-13  4.54747e-13  2.27374e-13  2.27374e-13            0            0  2.27374e-13 -4.54747e-13            0 -6.82121e-13 -4.54747e-13            0            0  2.27374e-13  2.27374e-13 -6.82121e-13 -4.54747e-13 -4.54747e-13 -9.09495e-13  2.27374e-13  4.54747e-13  4.54747e-13 -2.27374e-13 -4.54747e-13 -6.82121e-13  4.54747e-13 -6.82121e-13 -4.54747e-13            0 -2.27374e-13 -2.27374e-13 -2.27374e-13            0  6.82121e-13  4.54747e-13            0 -2.27374e-13 -2.27374e-13  4.54747e-13  2.27374e-13 -4.54747e-13 -2.27374e-13 -4.54747e-13  2.27374e-13  2.27374e-13  6.82121e-13  2.27374e-13 -1.59162e-12 -6.82121e-13 -2.27374e-13 -4.54747e-13 -9.09495e-13            0  2.27374e-13 -2.27374e-13 -4.54747e-13  9.09495e-13 -9.09495e-13  2.27374e-13  4.54747e-13 -6.82121e-13            0 -9.09495e-13 -4.54747e-13 -2.27374e-13 -1.13687e-12  6.82121e-13 -1.13687e-12 -4.54747e-13 -2.27374e-13 -2.27374e-13            0  2.27374e-13  4.54747e-13  6.82121e-13 -2.27374e-13 -9.09495e-13 -4.54747e-13  2.27374e-13 -2.27374e-13  4.54747e-13 -6.82121e-13            0 -2.27374e-13 -2.27374e-13  2.27374e-13  2.27374e-13  2.27374e-13 -4.54747e-13 -4.54747e-13            0  6.82121e-13            0 -2.27374e-13 -2.27374e-13            0 -4.54747e-13            0  6.82121e-13 -2.27374e-13 -2.27374e-13 -2.27374e-13 -4.54747e-13  2.27374e-13            0  6.82121e-13            0 -2.27374e-13 -4.54747e-13 -4.54747e-13 -2.27374e-13  6.82121e-13 -4.54747e-13 -6.82121e-13  4.54747e-13 -4.54747e-13 -2.27374e-13  2.27374e-13 -1.13687e-12            0            0            0  4.54747e-13 -9.09495e-13 -6.82121e-13            0            0 -4.54747e-13 -6.82121e-13 -2.27374e-13 -2.27374e-13 -1.59162e-12  4.54747e-13            0 -2.27374e-13 -2.27374e-13 -2.27374e-13 -6.82121e-13 -1.13687e-12 -2.27374e-13 -4.54747e-13  2.27374e-13 -4.54747e-13 -4.54747e-13            0  9.09495e-13 -4.54747e-13  2.27374e-13 -2.27374e-13            0            0  2.27374e-13  2.27374e-13  6.82121e-13 -4.54747e-13  4.54747e-13 -1.13687e-12            0  4.54747e-13 -4.54747e-13  2.27374e-13  2.27374e-13 -2.27374e-13 -2.27374e-13 -4.54747e-13 -2.27374e-13 -4.54747e-13 -4.54747e-13 -2.27374e-13  2.27374e-13 -2.27374e-13 -4.54747e-13  2.27374e-13  2.27374e-13            0 -9.09495e-13  4.54747e-13  2.27374e-13  2.27374e-13 -2.27374e-13  9.09495e-13 -4.54747e-13 -4.54747e-13  2.27374e-13 -6.82121e-13  2.27374e-13            0 -4.54747e-13 -2.27374e-13            0  4.54747e-13  6.82121e-13  4.54747e-13  9.09495e-13  2.27374e-13 -2.27374e-13 -2.27374e-13 -6.82121e-13  2.27374e-13 -4.54747e-13            0 -4.54747e-13 -2.27374e-13  2.27374e-13 -4.54747e-13 -6.82121e-13 -6.82121e-13 -4.54747e-13 -9.09495e-13  4.54747e-13 -2.27374e-13            0 -2.27374e-13            0 -4.54747e-13 -2.27374e-13  6.82121e-13 -2.27374e-13 -2.27374e-13 -9.09495e-13 -6.82121e-13 -9.09495e-13 -4.54747e-13            0            0  6.82121e-13 -1.13687e-12 -1.59162e-12  2.27374e-13  4.54747e-13  2.27374e-13  2.27374e-13            0 -6.82121e-13            0 -4.54747e-13  2.27374e-13 -2.27374e-13 -2.27374e-13  2.27374e-13 -2.27374e-13  2.27374e-13            0 -4.54747e-13  2.27374e-13 -2.27374e-13            0 -2.27374e-13 -2.27374e-13            0 -9.09495e-13 -2.27374e-13  2.27374e-13 -4.54747e-13            0  2.27374e-13  2.27374e-13 -1.13687e-12            0 -9.09495e-13 -6.82121e-13  4.54747e-13  2.27374e-13  4.54747e-13  4.54747e-13  6.82121e-13 -4.54747e-13  2.27374e-13  4.54747e-13  6.82121e-13  2.27374e-13 -1.13687e-12 -2.27374e-13 -6.82121e-13  2.27374e-13  2.27374e-13            0            0 -2.27374e-13            0 -6.82121e-13            0 -6.82121e-13 -4.54747e-13 -6.82121e-13 -4.54747e-13            0 -2.27374e-13 -2.27374e-13 -2.27374e-13 -6.82121e-13 -6.82121e-13 -2.27374e-13  4.54747e-13  4.54747e-13  4.54747e-13  2.27374e-13  1.13687e-12 -2.27374e-13  1.13687e-12  2.27374e-13            0 -6.82121e-13            0  6.82121e-13  2.27374e-13  1.13687e-12 -1.13687e-12 -1.59162e-12 -9.09495e-13            0 -1.59162e-12 -1.36424e-12 -4.54747e-13 -6.82121e-13 -6.82121e-13 -1.59162e-12 -1.13687e-12 -1.13687e-12 -6.82121e-13  2.27374e-13            0  2.27374e-13  2.27374e-13  4.54747e-13 -1.13687e-12 -1.59162e-12 -6.82121e-13 -4.54747e-13 -1.13687e-12 -6.82121e-13 -2.27374e-13 -9.09495e-13 -4.54747e-13            0  1.59162e-12  6.82121e-13            0 -1.13687e-12 -2.27374e-13 -1.59162e-12 -1.13687e-12 -1.13687e-12 -1.36424e-12 -1.59162e-12 -4.54747e-13 -1.13687e-12            0            0 -4.54747e-13  6.82121e-13  1.13687e-12  2.27374e-13 -2.27374e-13            0            0  2.27374e-13 -2.27374e-13 -6.82121e-13 -2.27374e-13 -9.09495e-13            0  9.09495e-13  1.59162e-12  1.36424e-12  6.82121e-13            0  6.82121e-13            0  6.36646e-12 -9.09495e-13 -1.36424e-12 -9.09495e-13            0 -9.09495e-13  2.27374e-13 -2.27374e-13 -2.27374e-13            0 -6.82121e-13 -2.27374e-13 -9.09495e-13  1.36424e-12 -1.36424e-12  2.27374e-13 -1.59162e-12  2.27374e-13            0  4.54747e-13  6.82121e-13  4.54747e-13  2.27374e-13 -4.54747e-13 -1.13687e-12  1.13687e-12 -6.82121e-13  1.13687e-12 -6.82121e-13  9.09495e-13 -1.36424e-12 -4.54747e-13  6.82121e-13 -9.09495e-13  2.27374e-13 -2.27374e-13 -6.82121e-13 -1.36424e-12  4.54747e-13 -2.27374e-13  2.27374e-13
Performance statistics:
function                                                                                                                                                                                         	 time [s]  	 #calls    	 GFlop/s DP	 GFlop/s SP	 GByte/s   	Flops/Byte
<PITTS::MultiVector<double>> :: void PITTS::block_TSQR(const MultiVector<T>&, Tensor2<T>&, int, bool, int) [with T = double](rows: 6400000, cols: 1024, reductionFactor: 25, colBlockingSize: 16)	 51.1785   	 50        	 13637.2   	 0         	 51.2298   	 266.197   
Timing statistics:
function                                                                                                                    	 time [s]  	 #calls    
<PITTS::MultiVector<double>> :: void PITTS::block_TSQR(const MultiVector<T>&, Tensor2<T>&, int, bool, int) [with T = double]	 51.1785   	 50        
<PITTS::Tensor2<double>> :: void PITTS::Tensor2<T>::resize(long long int, long long int, bool) [with T = double]            	 2.81e-06  	 1         
MPI startup(): Error: Could not open /usr/lib64/libpmi.so
Problems reading symbols for shepherd thread detection: No such device
PITTS: version v0.9.7-11-g58bc68d-dirty
PITTS: MPI #procs: 1
PITTS: OpenMP #threads: 384
PITTS: SIMD implementation: avx512
PITTS: Eigen SIMD implementation: AVX512, FMA, AVX2, AVX, SSE, SSE2, SSE3, SSSE3, SSE4.1, SSE4.2
PITTS: cache sizes (L1/core, L2/core, L3/accessible) [byte]: (49152, 1048576, 805306368)
PITTS: preprocessor definitions: PITTS_DIRECT_MKL_GEMM
MPI startup(): Error: Could not open /usr/lib64/libpmi.so
Problems reading symbols for shepherd thread detection: No such device
PITTS: version v0.9.7-11-g58bc68d-dirty
PITTS: MPI #procs: 1
PITTS: OpenMP #threads: 384
PITTS: SIMD implementation: avx512
PITTS: Eigen SIMD implementation: AVX512, FMA, AVX2, AVX, SSE, SSE2, SSE3, SSSE3, SSE4.1, SSE4.2
PITTS: cache sizes (L1/core, L2/core, L3/accessible) [byte]: (49152, 1048576, 805306368)
PITTS: preprocessor definitions: PITTS_DIRECT_MKL_GEMM
wtime: 2.66479
Gramian M^TM wtime (not SYRK!): 2.14577e-06
singular values (new):
104512 104511
Difference to sqrt(Gramian eigenvalues): 104512 104511
Performance statistics:
function                                                                                                                                                                                          	 time [s]  	 #calls    	 GFlop/s DP	 GFlop/s SP	 GByte/s   	Flops/Byte
<PITTS::MultiVector<double>> :: void PITTS::block_TSQR(const MultiVector<T>&, Tensor2<T>&, int, bool, int) [with T = double](rows: 32768000000, cols: 2, reductionFactor: 47, colBlockingSize: 16)	 2.66478   	 5         	 502.333   	 0         	 983.735   	 0.510638  
Timing statistics:
function                                                                                                                    	 time [s]  	 #calls    
<PITTS::MultiVector<double>> :: void PITTS::block_TSQR(const MultiVector<T>&, Tensor2<T>&, int, bool, int) [with T = double]	 2.66478   	 5         
<PITTS::Tensor2<double>> :: void PITTS::Tensor2<T>::resize(long long int, long long int, bool) [with T = double]            	 1.77e-06  	 1         
MPI startup(): Error: Could not open /usr/lib64/libpmi.so
Problems reading symbols for shepherd thread detection: No such device
PITTS: version v0.9.7-11-g58bc68d-dirty
PITTS: MPI #procs: 1
PITTS: OpenMP #threads: 384
PITTS: SIMD implementation: avx512
PITTS: Eigen SIMD implementation: AVX512, FMA, AVX2, AVX, SSE, SSE2, SSE3, SSSE3, SSE4.1, SSE4.2
PITTS: cache sizes (L1/core, L2/core, L3/accessible) [byte]: (49152, 1048576, 805306368)
PITTS: preprocessor definitions: PITTS_DIRECT_MKL_GEMM
wtime: 2.73946
Gramian M^TM wtime (not SYRK!): 1.19209e-06
singular values (new):
73901.1 73900.8 73900.7 73900.1
Difference to sqrt(Gramian eigenvalues): 73901.1 73900.8 73900.7 73900.1
Performance statistics:
function                                                                                                                                                                                          	 time [s]  	 #calls    	 GFlop/s DP	 GFlop/s SP	 GByte/s   	Flops/Byte
<PITTS::MultiVector<double>> :: void PITTS::block_TSQR(const MultiVector<T>&, Tensor2<T>&, int, bool, int) [with T = double](rows: 16384000000, cols: 4, reductionFactor: 47, colBlockingSize: 16)	 2.73944   	 5         	 977.284   	 0         	 956.924   	 1.02128   
Timing statistics:
function                                                                                                                    	 time [s]  	 #calls    
<PITTS::MultiVector<double>> :: void PITTS::block_TSQR(const MultiVector<T>&, Tensor2<T>&, int, bool, int) [with T = double]	 2.73944   	 5         
<PITTS::Tensor2<double>> :: void PITTS::Tensor2<T>::resize(long long int, long long int, bool) [with T = double]            	 2.46e-06  	 1         
MPI startup(): Error: Could not open /usr/lib64/libpmi.so
Problems reading symbols for shepherd thread detection: No such device
PITTS: version v0.9.7-11-g58bc68d-dirty
PITTS: MPI #procs: 1
PITTS: OpenMP #threads: 384
PITTS: SIMD implementation: avx512
PITTS: Eigen SIMD implementation: AVX512, FMA, AVX2, AVX, SSE, SSE2, SSE3, SSSE3, SSE4.1, SSE4.2
PITTS: cache sizes (L1/core, L2/core, L3/accessible) [byte]: (49152, 1048576, 805306368)
PITTS: preprocessor definitions: PITTS_DIRECT_MKL_GEMM
wtime: 2.7767
Gramian M^TM wtime (not SYRK!): 9.53674e-07
singular values (new):
52257.4 52256.6 52256.6   52256 52255.7 52255.2 52254.9 52254.4
Difference to sqrt(Gramian eigenvalues): 52257.4 52256.6 52256.6   52256 52255.7 52255.2 52254.9 52254.4
Performance statistics:
function                                                                                                                                                                                         	 time [s]  	 #calls    	 GFlop/s DP	 GFlop/s SP	 GByte/s   	Flops/Byte
<PITTS::MultiVector<double>> :: void PITTS::block_TSQR(const MultiVector<T>&, Tensor2<T>&, int, bool, int) [with T = double](rows: 8192000000, cols: 8, reductionFactor: 47, colBlockingSize: 16)	 2.77669   	 5         	 1928.35   	 0         	 944.089   	 2.04255   
Timing statistics:
function                                                                                                                    	 time [s]  	 #calls    
<PITTS::MultiVector<double>> :: void PITTS::block_TSQR(const MultiVector<T>&, Tensor2<T>&, int, bool, int) [with T = double]	 2.77669   	 5         
<PITTS::Tensor2<double>> :: void PITTS::Tensor2<T>::resize(long long int, long long int, bool) [with T = double]            	 1.8e-06   	 1         
MPI startup(): Error: Could not open /usr/lib64/libpmi.so
Problems reading symbols for shepherd thread detection: No such device
PITTS: version v0.9.7-11-g58bc68d-dirty
PITTS: MPI #procs: 1
PITTS: OpenMP #threads: 384
PITTS: SIMD implementation: avx512
PITTS: Eigen SIMD implementation: AVX512, FMA, AVX2, AVX, SSE, SSE2, SSE3, SSSE3, SSE4.1, SSE4.2
PITTS: cache sizes (L1/core, L2/core, L3/accessible) [byte]: (49152, 1048576, 805306368)
PITTS: preprocessor definitions: PITTS_DIRECT_MKL_GEMM
wtime: 2.77914
Gramian M^TM wtime (not SYRK!): 1.27665
singular values (new):
42666.8 42666.6 42666.3   42666 42665.7 42665.5 42665.2 42665.1 42664.9 42664.4 42663.8 42663.6
Difference to sqrt(Gramian eigenvalues): 22949.9 22950.3 22950.6 22950.5 22950.7 22950.6 22950.4 22950.6 22950.6 22950.4   22950 22950.6
Performance statistics:
function                                                                                                                                                                                          	 time [s]  	 #calls    	 GFlop/s DP	 GFlop/s SP	 GByte/s   	Flops/Byte
<PITTS::MultiVector<double>> :: void PITTS::block_TSQR(const MultiVector<T>&, Tensor2<T>&, int, bool, int) [with T = double](rows: 5461000000, cols: 12, reductionFactor: 47, colBlockingSize: 16)	 2.77913   	 5         	 2889.81   	 0         	 943.202   	 3.06383   
Timing statistics:
function                                                                                                                    	 time [s]  	 #calls    
<PITTS::MultiVector<double>> :: void PITTS::block_TSQR(const MultiVector<T>&, Tensor2<T>&, int, bool, int) [with T = double]	 2.77913   	 5         
<PITTS::Tensor2<double>> :: void PITTS::Tensor2<T>::resize(long long int, long long int, bool) [with T = double]            	 1.93e-06  	 1         
MPI startup(): Error: Could not open /usr/lib64/libpmi.so
Problems reading symbols for shepherd thread detection: No such device
PITTS: version v0.9.7-11-g58bc68d-dirty
PITTS: MPI #procs: 1
PITTS: OpenMP #threads: 384
PITTS: SIMD implementation: avx512
PITTS: Eigen SIMD implementation: AVX512, FMA, AVX2, AVX, SSE, SSE2, SSE3, SSSE3, SSE4.1, SSE4.2
PITTS: cache sizes (L1/core, L2/core, L3/accessible) [byte]: (49152, 1048576, 805306368)
PITTS: preprocessor definitions: PITTS_DIRECT_MKL_GEMM
wtime: 2.79168
Gramian M^TM wtime (not SYRK!): 1.90735e-06
singular values (new):
36952.4   36952 36951.8 36951.4 36951.3 36951.2   36951 36950.8 36950.5 36950.2 36949.8 36949.6 36949.3 36949.2 36948.9 36948.5
Difference to sqrt(Gramian eigenvalues): 36952.4   36952 36951.8 36951.4 36951.3 36951.2   36951 36950.8 36950.5 36950.2 36949.8 36949.6 36949.3 36949.2 36948.9 36948.5
Performance statistics:
function                                                                                                                                                                                          	 time [s]  	 #calls    	 GFlop/s DP	 GFlop/s SP	 GByte/s   	Flops/Byte
<PITTS::MultiVector<double>> :: void PITTS::block_TSQR(const MultiVector<T>&, Tensor2<T>&, int, bool, int) [with T = double](rows: 4096000000, cols: 16, reductionFactor: 47, colBlockingSize: 16)	 2.79166   	 5         	 3836.01   	 0         	 939.024   	 4.08511   
Timing statistics:
function                                                                                                                    	 time [s]  	 #calls    
<PITTS::MultiVector<double>> :: void PITTS::block_TSQR(const MultiVector<T>&, Tensor2<T>&, int, bool, int) [with T = double]	 2.79166   	 5         
<PITTS::Tensor2<double>> :: void PITTS::Tensor2<T>::resize(long long int, long long int, bool) [with T = double]            	 1.78e-06  	 1         
MPI startup(): Error: Could not open /usr/lib64/libpmi.so
Problems reading symbols for shepherd thread detection: No such device
PITTS: version v0.9.7-11-g58bc68d-dirty
PITTS: MPI #procs: 1
PITTS: OpenMP #threads: 384
PITTS: SIMD implementation: avx512
PITTS: Eigen SIMD implementation: AVX512, FMA, AVX2, AVX, SSE, SSE2, SSE3, SSSE3, SSE4.1, SSE4.2
PITTS: cache sizes (L1/core, L2/core, L3/accessible) [byte]: (49152, 1048576, 805306368)
PITTS: preprocessor definitions: PITTS_DIRECT_MKL_GEMM
wtime: 2.81101
Gramian M^TM wtime (not SYRK!): 2.8113
singular values (new):
26130.7 26130.5 26130.3 26130.1   26130 26129.6 26129.3 26129.2 26129.2 26128.9 26128.6 26128.5 26128.4 26128.2   26128 26127.9 26127.8 26127.6 26127.5 26127.2 26127.2 26127.1 26126.9 26126.8 26126.6 26126.5 26126.1   26126 26125.8 26125.4 26125.2 26125.1
Difference to sqrt(Gramian eigenvalues):            0            0            0  1.45519e-11  3.63798e-12 -1.09139e-11  3.63798e-12 -3.63798e-12  7.27596e-12  3.63798e-12            0 -7.27596e-12 -3.63798e-12 -1.09139e-11 -7.27596e-12  7.27596e-12 -1.09139e-11  3.63798e-12  1.09139e-11            0  7.27596e-12            0 -3.63798e-12 -1.09139e-11  3.63798e-12  1.09139e-11 -3.63798e-12  7.27596e-12 -3.63798e-12  3.63798e-12 -3.63798e-12 -7.27596e-12
Performance statistics:
function                                                                                                                                                                                          	 time [s]  	 #calls    	 GFlop/s DP	 GFlop/s SP	 GByte/s   	Flops/Byte
<PITTS::MultiVector<double>> :: void PITTS::block_TSQR(const MultiVector<T>&, Tensor2<T>&, int, bool, int) [with T = double](rows: 2048000000, cols: 32, reductionFactor: 47, colBlockingSize: 16)	 2.811     	 5         	 7619.27   	 0         	 932.566   	 8.17021   
Timing statistics:
function                                                                                                                    	 time [s]  	 #calls    
<PITTS::MultiVector<double>> :: void PITTS::block_TSQR(const MultiVector<T>&, Tensor2<T>&, int, bool, int) [with T = double]	 2.811     	 5         
<PITTS::Tensor2<double>> :: void PITTS::Tensor2<T>::resize(long long int, long long int, bool) [with T = double]            	 1.61e-06  	 1         
MPI startup(): Error: Could not open /usr/lib64/libpmi.so
Problems reading symbols for shepherd thread detection: No such device
PITTS: version v0.9.7-11-g58bc68d-dirty
PITTS: MPI #procs: 1
PITTS: OpenMP #threads: 384
PITTS: SIMD implementation: avx512
PITTS: Eigen SIMD implementation: AVX512, FMA, AVX2, AVX, SSE, SSE2, SSE3, SSSE3, SSE4.1, SSE4.2
PITTS: cache sizes (L1/core, L2/core, L3/accessible) [byte]: (49152, 1048576, 805306368)
PITTS: preprocessor definitions: PITTS_DIRECT_MKL_GEMM
wtime: 3.18469
Gramian M^TM wtime (not SYRK!): 3.16412
singular values (new):
  22631 22630.7 22630.4 22630.3 22630.1   22630 22629.8 22629.7 22629.6 22629.5 22629.4 22629.3 22629.1 22628.9 22628.7 22628.5 22628.4 22628.3 22628.1 22628.1   22628 22627.9 22627.7 22627.5 22627.4 22627.2   22627 22626.9 22626.7 22626.7 22626.7 22626.5 22626.4 22626.2 22626.1   22626 22625.9 22625.5 22625.5 22625.3 22625.1 22624.9 22624.8 22624.6 22624.2   22624 22623.8 22623.7
Difference to sqrt(Gramian eigenvalues): -7.27596e-12 -3.63798e-12            0            0 -1.09139e-11  7.27596e-12 -3.63798e-12 -1.09139e-11  3.63798e-12 -7.27596e-12 -3.63798e-12 -3.63798e-12 -7.27596e-12 -7.27596e-12 -3.63798e-12 -7.27596e-12 -1.09139e-11            0            0 -1.45519e-11  3.63798e-12 -3.63798e-12 -3.63798e-12 -1.09139e-11 -3.63798e-12 -7.27596e-12            0 -3.63798e-12 -7.27596e-12 -1.09139e-11 -2.18279e-11 -7.27596e-12            0  7.27596e-12 -3.63798e-12 -3.63798e-12  3.63798e-12 -3.63798e-12 -3.63798e-12 -3.63798e-12  3.63798e-12 -3.63798e-12 -1.09139e-11  3.63798e-12 -7.27596e-12  3.63798e-12  7.27596e-12 -3.63798e-12
Performance statistics:
function                                                                                                                                                                                          	 time [s]  	 #calls    	 GFlop/s DP	 GFlop/s SP	 GByte/s   	Flops/Byte
<PITTS::MultiVector<double>> :: void PITTS::block_TSQR(const MultiVector<T>&, Tensor2<T>&, int, bool, int) [with T = double](rows: 1536000000, cols: 48, reductionFactor: 47, colBlockingSize: 16)	 3.18468   	 5         	 11348.8   	 0         	 926.034   	 12.2553   
Timing statistics:
function                                                                                                                    	 time [s]  	 #calls    
<PITTS::MultiVector<double>> :: void PITTS::block_TSQR(const MultiVector<T>&, Tensor2<T>&, int, bool, int) [with T = double]	 3.18468   	 5         
<PITTS::Tensor2<double>> :: void PITTS::Tensor2<T>::resize(long long int, long long int, bool) [with T = double]            	 2.391e-06 	 1         
MPI startup(): Error: Could not open /usr/lib64/libpmi.so
Problems reading symbols for shepherd thread detection: No such device
PITTS: version v0.9.7-11-g58bc68d-dirty
PITTS: MPI #procs: 1
PITTS: OpenMP #threads: 384
PITTS: SIMD implementation: avx512
PITTS: Eigen SIMD implementation: AVX512, FMA, AVX2, AVX, SSE, SSE2, SSE3, SSSE3, SSE4.1, SSE4.2
PITTS: cache sizes (L1/core, L2/core, L3/accessible) [byte]: (49152, 1048576, 805306368)
PITTS: preprocessor definitions: PITTS_DIRECT_MKL_GEMM
wtime: 3.07393
Gramian M^TM wtime (not SYRK!): 2.87977
singular values (new):
18479.6 18479.4 18479.2 18478.6 18478.5 18478.4 18478.3 18478.3 18478.1   18478 18477.8 18477.7 18477.7 18477.4 18477.3 18477.1   18477 18476.9 18476.8 18476.6 18476.5 18476.5 18476.3 18476.3 18476.1 18475.9 18475.8 18475.7 18475.5 18475.5 18475.4 18475.4 18475.2 18474.9 18474.9 18474.8 18474.7 18474.5 18474.4 18474.4 18474.3 18474.2   18474 18473.8 18473.6 18473.6 18473.4 18473.4 18473.2 18473.1   18473 18472.9 18472.8 18472.7 18472.5 18472.4 18472.3 18472.1 18471.9 18471.7 18471.7 18471.3 18471.2 18470.6
Difference to sqrt(Gramian eigenvalues):            0 -3.63798e-12 -7.27596e-12            0            0            0  3.63798e-12 -3.63798e-12  3.63798e-12 -7.27596e-12 -7.27596e-12            0 -3.63798e-12            0  3.63798e-12  3.63798e-12            0  3.63798e-12            0            0  7.27596e-12  7.27596e-12            0  7.27596e-12  3.63798e-12  1.45519e-11  1.09139e-11  3.63798e-12  3.63798e-12  7.27596e-12  7.27596e-12  7.27596e-12  3.63798e-12            0            0  3.63798e-12  3.63798e-12            0  3.63798e-12  7.27596e-12            0 -3.63798e-12 -3.63798e-12 -3.63798e-12 -7.27596e-12  3.63798e-12            0 -3.63798e-12            0  3.63798e-12            0  1.09139e-11 -3.63798e-12  3.63798e-12  7.27596e-12  7.27596e-12  3.63798e-12            0  1.09139e-11  1.81899e-11  7.27596e-12  3.63798e-12            0 -3.63798e-12
Performance statistics:
function                                                                                                                                                                                          	 time [s]  	 #calls    	 GFlop/s DP	 GFlop/s SP	 GByte/s   	Flops/Byte
<PITTS::MultiVector<double>> :: void PITTS::block_TSQR(const MultiVector<T>&, Tensor2<T>&, int, bool, int) [with T = double](rows: 1024000000, cols: 64, reductionFactor: 47, colBlockingSize: 16)	 3.07392   	 5         	 13935.1   	 0         	 852.801   	 16.3404   
Timing statistics:
function                                                                                                                    	 time [s]  	 #calls    
<PITTS::MultiVector<double>> :: void PITTS::block_TSQR(const MultiVector<T>&, Tensor2<T>&, int, bool, int) [with T = double]	 3.07392   	 5         
<PITTS::Tensor2<double>> :: void PITTS::Tensor2<T>::resize(long long int, long long int, bool) [with T = double]            	 2.01e-06  	 1         
MPI startup(): Error: Could not open /usr/lib64/libpmi.so
Problems reading symbols for shepherd thread detection: No such device
PITTS: version v0.9.7-11-g58bc68d-dirty
PITTS: MPI #procs: 1
PITTS: OpenMP #threads: 384
PITTS: SIMD implementation: avx512
PITTS: Eigen SIMD implementation: AVX512, FMA, AVX2, AVX, SSE, SSE2, SSE3, SSSE3, SSE4.1, SSE4.2
PITTS: cache sizes (L1/core, L2/core, L3/accessible) [byte]: (49152, 1048576, 805306368)
PITTS: preprocessor definitions: PITTS_DIRECT_MKL_GEMM
wtime: 5.44776
Gramian M^TM wtime (not SYRK!): 4.01898
singular values (new):
13070.4 13069.8 13069.7 13069.6 13069.5 13069.4 13069.1 13069.1   13069 13068.9 13068.6 13068.4 13068.4 13068.2 13068.1   13068 13067.9 13067.8 13067.8 13067.6 13067.6 13067.6 13067.5 13067.4 13067.3 13067.3 13067.1 13066.9 13066.8 13066.7 13066.6 13066.5 13066.5 13066.4 13066.3 13066.3 13066.2 13066.2 13066.1 13065.9 13065.8 13065.7 13065.6 13065.5 13065.5 13065.3 13065.3 13065.2 13065.1   13065   13065 13064.9 13064.8 13064.8 13064.7 13064.6 13064.6 13064.4 13064.4 13064.3 13064.3 13064.2 13064.1   13064 13063.9 13063.9 13063.8 13063.7 13063.6 13063.5 13063.4 13063.3 13063.3 13063.2 13063.2 13063.1   13063 13062.9 13062.9 13062.8 13062.6 13062.5 13062.5 13062.4 13062.3 13062.2 13062.1 13062.1   13062 13061.9 13061.8 13061.7 13061.6 13061.5 13061.5 13061.4 13061.3 13061.2 13061.1 13061.1 13060.9 13060.8 13060.6 13060.6 13060.5 13060.4 13060.4 13060.2 13060.2 13060.1   13060 13059.9 13059.9 13059.6 13059.6 13059.5 13059.3 13059.1   13059 13058.8 13058.8 13058.7 13058.5 13058.4 13058.3   13058 13057.8 13057.4
Difference to sqrt(Gramian eigenvalues): -7.27596e-12  5.45697e-12 -9.09495e-12  3.63798e-12            0  3.63798e-12  5.45697e-12            0            0 -1.81899e-12  9.09495e-12 -1.81899e-12 -1.81899e-12            0  3.63798e-12  5.45697e-12 -1.81899e-12  1.81899e-12 -3.63798e-12 -1.81899e-12 -1.09139e-11            0  7.27596e-12 -1.81899e-12  1.81899e-12 -1.81899e-12 -5.45697e-12 -3.63798e-12 -7.27596e-12 -3.63798e-12  3.63798e-12            0 -1.09139e-11  1.81899e-12 -1.81899e-12 -3.63798e-12 -1.81899e-12 -7.27596e-12 -3.63798e-12 -1.81899e-12 -1.81899e-12  9.09495e-12 -1.81899e-12  1.81899e-12 -1.81899e-12 -5.45697e-12 -3.63798e-12 -3.63798e-12 -1.81899e-12 -1.81899e-12            0            0 -1.81899e-12 -1.81899e-12  1.81899e-12  1.81899e-12  1.81899e-12  1.81899e-12 -1.81899e-12 -1.81899e-12  5.45697e-12            0  3.63798e-12            0  1.81899e-12            0  1.81899e-12 -1.81899e-12 -5.45697e-12 -3.63798e-12 -3.63798e-12            0            0  1.81899e-12 -3.63798e-12 -1.81899e-12 -5.45697e-12 -1.81899e-12 -5.45697e-12 -1.81899e-12 -1.81899e-12 -1.81899e-12 -3.63798e-12 -3.63798e-12            0  1.81899e-12            0  1.81899e-12 -1.81899e-12            0            0  3.63798e-12  1.81899e-12 -3.63798e-12  1.81899e-12 -9.09495e-12 -5.45697e-12  9.09495e-12            0 -5.45697e-12 -3.63798e-12 -7.27596e-12 -3.63798e-12  3.63798e-12 -7.27596e-12 -1.81899e-12            0  3.63798e-12            0 -3.63798e-12 -1.81899e-12 -1.81899e-12 -5.45697e-12  5.45697e-12  7.27596e-12            0            0 -5.45697e-12            0 -3.63798e-12            0  3.63798e-12 -1.81899e-12 -1.81899e-12 -1.09139e-11  5.45697e-12            0  1.81899e-12
Performance statistics:
function                                                                                                                                                                                          	 time [s]  	 #calls    	 GFlop/s DP	 GFlop/s SP	 GByte/s   	Flops/Byte
<PITTS::MultiVector<double>> :: void PITTS::block_TSQR(const MultiVector<T>&, Tensor2<T>&, int, bool, int) [with T = double](rows: 512000000, cols: 128, reductionFactor: 47, colBlockingSize: 16)	 5.44776   	 5         	 15725.9   	 0         	 481.196   	 32.6808   
Timing statistics:
function                                                                                                                    	 time [s]  	 #calls    
<PITTS::MultiVector<double>> :: void PITTS::block_TSQR(const MultiVector<T>&, Tensor2<T>&, int, bool, int) [with T = double]	 5.44776   	 5         
<PITTS::Tensor2<double>> :: void PITTS::Tensor2<T>::resize(long long int, long long int, bool) [with T = double]            	 1.41e-06  	 1         
MPI startup(): Error: Could not open /usr/lib64/libpmi.so
Problems reading symbols for shepherd thread detection: No such device
PITTS: version v0.9.7-11-g58bc68d-dirty
PITTS: MPI #procs: 1
PITTS: OpenMP #threads: 384
PITTS: SIMD implementation: avx512
PITTS: Eigen SIMD implementation: AVX512, FMA, AVX2, AVX, SSE, SSE2, SSE3, SSSE3, SSE4.1, SSE4.2
PITTS: cache sizes (L1/core, L2/core, L3/accessible) [byte]: (49152, 1048576, 805306368)
PITTS: preprocessor definitions: PITTS_DIRECT_MKL_GEMM
wtime: 10.4474
Gramian M^TM wtime (not SYRK!): 8.89809
singular values (new):
9246.65 9246.51 9246.26 9246.16 9246.04 9245.93 9245.82 9245.76 9245.66 9245.49 9245.35 9245.15 9245.09 9245.02 9244.89 9244.79 9244.77 9244.73 9244.58  9244.5 9244.43 9244.37 9244.31 9244.19 9244.08 9244.04 9243.91  9243.9 9243.79 9243.76 9243.61  9243.6 9243.54 9243.49 9243.35 9243.21 9243.18  9243.1 9243.03 9242.96 9242.88 9242.79 9242.76 9242.72 9242.64 9242.62 9242.58 9242.48 9242.37 9242.33 9242.31 9242.22 9242.16  9242.1 9242.04 9241.98 9241.87 9241.78 9241.78 9241.74 9241.65 9241.61 9241.57 9241.55 9241.39 9241.27 9241.22 9241.16 9241.14  9241.1 9240.96 9240.87 9240.86  9240.8 9240.73  9240.7  9240.6 9240.55 9240.47 9240.42 9240.38 9240.35 9240.25 9240.15 9240.09 9240.02    9240 9239.97 9239.83 9239.81  9239.8 9239.74 9239.66 9239.63  9239.6 9239.49 9239.41 9239.38 9239.29 9239.23 9239.16 9239.13 9239.07 9239.04 9238.96 9238.86 9238.85 9238.76 9238.62 9238.58 9238.55 9238.53 9238.47 9238.44 9238.35 9238.29 9238.26  9238.2 9238.16 9238.05 9238.03    9238 9237.94 9237.92 9237.85 9237.75 9237.69 9237.64 9237.59 9237.52 9237.45 9237.39 9237.32 9237.27 9237.25  9237.2 9237.12 9237.07    9237 9236.97 9236.86 9236.84 9236.78 9236.65 9236.63 9236.59 9236.55 9236.49 9236.45 9236.38  9236.3 9236.25 9236.22 9236.16 9236.13 9236.07 9236.03 9235.98 9235.86 9235.81 9235.68 9235.62 9235.58 9235.56 9235.51 9235.48 9235.41  9235.4 9235.28 9235.25  9235.2 9235.16  9235.1 9234.97 9234.93 9234.89 9234.81 9234.77 9234.73 9234.65 9234.61 9234.57 9234.46 9234.39 9234.33 9234.28 9234.23 9234.18 9234.13 9234.06 9233.95 9233.84 9233.79 9233.75 9233.68 9233.63 9233.62 9233.52 9233.45 9233.43 9233.37 9233.27 9233.21 9233.13 9233.12 9233.05 9232.96 9232.91 9232.85 9232.72 9232.63  9232.6 9232.48 9232.45 9232.42 9232.34 9232.28  9232.2 9232.13 9232.02 9232.01 9231.95 9231.87 9231.84 9231.78 9231.65 9231.62 9231.53 9231.43 9231.34 9231.26 9231.24 9231.15 9231.05 9231.01 9230.88 9230.67 9230.67 9230.59  9230.5 9230.44 9230.33 9230.31 9230.18 9230.15 9230.03 9229.94 9229.82 9229.72 9229.56 9229.43 9229.35 9229.27 9229.09 9228.88 9228.55
Difference to sqrt(Gramian eigenvalues): -5.45697e-12 -1.81899e-12  5.45697e-12  1.81899e-12 -1.81899e-12  7.27596e-12            0  5.45697e-12  1.81899e-12  5.45697e-12            0  3.63798e-12  1.81899e-12 -3.63798e-12 -3.63798e-12            0 -3.63798e-12  3.63798e-12            0  1.81899e-12  1.81899e-12  1.81899e-12 -1.09139e-11            0 -5.45697e-12  3.63798e-12 -1.81899e-12 -9.09495e-12            0            0  1.81899e-12            0  5.45697e-12  5.45697e-12  3.63798e-12            0 -3.63798e-12 -3.63798e-12 -1.81899e-12  1.81899e-12            0            0            0 -1.81899e-12  1.81899e-12            0            0            0            0  1.81899e-12  1.81899e-12            0 -3.63798e-12  1.81899e-12 -1.81899e-12 -1.81899e-12 -1.81899e-12            0            0 -1.81899e-12  1.81899e-12            0            0 -1.81899e-12 -5.45697e-12 -5.45697e-12            0  1.81899e-12 -3.63798e-12 -1.81899e-12 -3.63798e-12 -3.63798e-12 -1.81899e-12            0            0 -1.81899e-12  1.81899e-12 -5.45697e-12 -3.63798e-12            0            0 -1.81899e-12  1.81899e-12            0 -1.81899e-12 -3.63798e-12 -1.81899e-12 -3.63798e-12 -1.81899e-12 -3.63798e-12  3.63798e-12 -3.63798e-12 -1.81899e-12 -1.81899e-12 -1.81899e-12            0 -3.63798e-12            0 -3.63798e-12 -1.81899e-12 -3.63798e-12  5.45697e-12 -1.81899e-12            0  1.81899e-12  5.45697e-12  3.63798e-12 -1.81899e-12  5.45697e-12  1.81899e-12  1.81899e-12            0 -1.81899e-12            0 -3.63798e-12  1.81899e-12  1.09139e-11  3.63798e-12 -1.81899e-12            0  1.81899e-12  1.81899e-12            0  1.81899e-12 -1.81899e-12            0 -3.63798e-12 -3.63798e-12 -3.63798e-12 -3.63798e-12            0            0 -1.81899e-12  3.63798e-12  1.81899e-12 -3.63798e-12 -3.63798e-12  3.63798e-12 -1.81899e-12 -3.63798e-12            0  1.81899e-12  3.63798e-12            0 -1.81899e-12 -1.81899e-12            0 -1.81899e-12            0 -3.63798e-12  1.81899e-12  7.27596e-12            0  3.63798e-12 -3.63798e-12 -3.63798e-12  1.81899e-12 -1.81899e-12            0 -1.81899e-12            0 -1.81899e-12  1.81899e-12  1.81899e-12            0            0  1.81899e-12  1.81899e-12 -1.81899e-12            0 -3.63798e-12  3.63798e-12 -3.63798e-12            0            0 -1.81899e-12            0  5.45697e-12  1.81899e-12            0  1.81899e-12 -1.81899e-12  3.63798e-12 -3.63798e-12 -1.81899e-12            0  5.45697e-12 -1.81899e-12  1.81899e-12 -1.81899e-12 -1.81899e-12  1.81899e-12  1.81899e-12            0  1.81899e-12            0            0            0 -3.63798e-12 -1.81899e-12 -7.27596e-12  1.81899e-12            0  1.81899e-12            0  3.63798e-12 -1.81899e-12            0  3.63798e-12            0            0  1.81899e-12  1.81899e-12            0  3.63798e-12 -1.81899e-12 -1.81899e-12  1.81899e-12            0 -3.63798e-12 -1.81899e-12 -1.81899e-12  1.81899e-12  1.81899e-12            0 -9.09495e-12  3.63798e-12  1.81899e-12 -1.81899e-12 -3.63798e-12  5.45697e-12            0  1.81899e-12            0  1.81899e-12            0 -9.09495e-12            0            0 -1.81899e-12 -1.81899e-12 -1.81899e-12  1.81899e-12 -1.81899e-12  3.63798e-12  1.81899e-12            0  1.81899e-12            0  1.81899e-12 -1.81899e-12            0            0  1.81899e-12            0            0
Performance statistics:
function                                                                                                                                                                                          	 time [s]  	 #calls    	 GFlop/s DP	 GFlop/s SP	 GByte/s   	Flops/Byte
<PITTS::MultiVector<double>> :: void PITTS::block_TSQR(const MultiVector<T>&, Tensor2<T>&, int, bool, int) [with T = double](rows: 256000000, cols: 256, reductionFactor: 25, colBlockingSize: 16)	 10.4474   	 5         	 16701.1   	 0         	 250.918   	 66.5599   
Timing statistics:
function                                                                                                                    	 time [s]  	 #calls    
<PITTS::MultiVector<double>> :: void PITTS::block_TSQR(const MultiVector<T>&, Tensor2<T>&, int, bool, int) [with T = double]	 10.4474   	 5         
<PITTS::Tensor2<double>> :: void PITTS::Tensor2<T>::resize(long long int, long long int, bool) [with T = double]            	 2.14e-06  	 1         
MPI startup(): Error: Could not open /usr/lib64/libpmi.so
Problems reading symbols for shepherd thread detection: No such device
PITTS: version v0.9.7-11-g58bc68d-dirty
PITTS: MPI #procs: 1
PITTS: OpenMP #threads: 384
PITTS: SIMD implementation: avx512
PITTS: Eigen SIMD implementation: AVX512, FMA, AVX2, AVX, SSE, SSE2, SSE3, SSSE3, SSE4.1, SSE4.2
PITTS: cache sizes (L1/core, L2/core, L3/accessible) [byte]: (49152, 1048576, 805306368)
PITTS: preprocessor definitions: PITTS_DIRECT_MKL_GEMM
wtime: 21.5552
Gramian M^TM wtime (not SYRK!): 21.077
singular values (new):
6544.72 6544.51 6544.37 6544.31 6544.16 6544.12    6544 6543.83 6543.68 6543.64 6543.59 6543.51  6543.4 6543.35 6543.17 6543.08 6543.04 6542.94 6542.86 6542.82 6542.76 6542.69 6542.65 6542.61 6542.45 6542.43 6542.37 6542.33 6542.28 6542.14 6542.13 6542.08 6542.05    6542 6541.93 6541.89 6541.78 6541.76  6541.7 6541.63 6541.54 6541.45 6541.39 6541.33 6541.32 6541.24  6541.2 6541.12 6541.02    6541 6540.98 6540.88 6540.83 6540.82 6540.77 6540.72 6540.66 6540.58 6540.55 6540.51 6540.46 6540.31 6540.27 6540.23 6540.21 6540.18 6540.08 6540.03 6540.02 6539.99 6539.99 6539.88 6539.82 6539.81 6539.76 6539.72 6539.68 6539.63 6539.54 6539.52 6539.48 6539.42 6539.38 6539.34 6539.24 6539.21 6539.19 6539.07 6539.06    6539 6538.96 6538.88 6538.86 6538.83 6538.76 6538.69 6538.63 6538.58 6538.53 6538.52 6538.46 6538.42 6538.36 6538.33 6538.29 6538.27  6538.2 6538.16 6538.09 6538.04 6538.01 6537.95 6537.91 6537.86 6537.82 6537.77 6537.74  6537.7 6537.62 6537.61 6537.57 6537.51 6537.45 6537.45 6537.43  6537.4 6537.37 6537.31 6537.25 6537.25 6537.15 6537.09 6537.06 6536.97 6536.93 6536.89 6536.88 6536.82  6536.8 6536.76 6536.72 6536.69 6536.65 6536.63 6536.56 6536.51 6536.47 6536.44  6536.4 6536.34  6536.3 6536.28 6536.22 6536.17 6536.13 6536.07 6536.03 6535.99 6535.95 6535.92 6535.88 6535.79 6535.75 6535.69 6535.65 6535.63 6535.62 6535.56 6535.51 6535.47 6535.44 6535.42 6535.36 6535.35 6535.29 6535.28 6535.21 6535.19 6535.15 6535.06 6535.03 6534.96 6534.94  6534.9 6534.89 6534.82 6534.79 6534.78 6534.74 6534.67  6534.6 6534.58 6534.56 6534.53 6534.41 6534.39 6534.32  6534.3 6534.28 6534.26 6534.19 6534.16 6534.11 6534.08 6533.99 6533.94 6533.93  6533.9 6533.89 6533.85 6533.78 6533.74 6533.69 6533.65 6533.58 6533.57 6533.54 6533.49 6533.43 6533.37 6533.35  6533.3 6533.28 6533.26 6533.22 6533.19 6533.15 6533.09 6533.05 6533.04    6533 6532.96 6532.89 6532.87 6532.78 6532.77 6532.75 6532.72 6532.71 6532.65  6532.6 6532.55 6532.47 6532.44 6532.43 6532.39 6532.34 6532.32 6532.26 6532.24 6532.16 6532.12  6532.1 6532.06    6532 6531.98 6531.95 6531.92 6531.85 6531.81  6531.8 6531.76 6531.73  6531.7 6531.62 6531.57 6531.54  6531.5 6531.46 6531.43  6531.4 6531.35 6531.33 6531.26 6531.24 6531.21 6531.19 6531.14  6531.1 6531.03    6531 6530.96 6530.93 6530.87 6530.81  6530.8 6530.71 6530.71 6530.64 6530.61 6530.56 6530.54 6530.49 6530.46  6530.4 6530.39 6530.36 6530.31 6530.29 6530.23 6530.16 6530.13 6530.13 6530.07    6530 6529.98 6529.93 6529.89 6529.83 6529.79 6529.78 6529.77 6529.74 6529.64 6529.63 6529.57 6529.53  6529.5 6529.45 6529.37 6529.34 6529.33  6529.3 6529.25 6529.19 6529.14  6529.1 6529.07 6529.03    6529 6528.93 6528.91 6528.83 6528.79 6528.75 6528.73 6528.68 6528.65 6528.61 6528.56 6528.55 6528.52 6528.49 6528.42 6528.39 6528.34  6528.3 6528.27 6528.22  6528.2 6528.18 6528.08 6528.03    6528 6527.99 6527.94 6527.88 6527.85  6527.8 6527.72 6527.66 6527.63 6527.59 6527.55 6527.52 6527.47 6527.43  6527.4 6527.38 6527.32 6527.26 6527.25 6527.22 6527.17 6527.09 6527.06 6526.99 6526.97 6526.94  6526.9 6526.87  6526.8 6526.78 6526.74 6526.66 6526.63 6526.57 6526.53 6526.48 6526.45 6526.42 6526.37 6526.35 6526.28 6526.21 6526.19 6526.12 6526.09 6526.02 6526.01 6525.98 6525.94  6525.9 6525.87 6525.83 6525.77 6525.73 6525.68 6525.63 6525.58 6525.53 6525.48 6525.42 6525.39 6525.31 6525.25 6525.22 6525.18 6525.15 6525.08 6525.03    6525 6524.96 6524.91 6524.89 6524.84 6524.81 6524.76 6524.66 6524.63  6524.6 6524.54  6524.5 6524.45 6524.36 6524.35 6524.26 6524.23 6524.17 6524.12 6524.03 6523.98 6523.95 6523.94 6523.87 6523.78 6523.77 6523.76  6523.7 6523.62 6523.56 6523.54 6523.46 6523.43 6523.27 6523.25 6523.21 6523.13  6523.1 6523.08 6523.03 6522.99 6522.94 6522.88 6522.81 6522.74 6522.65 6522.61 6522.53 6522.49 6522.41 6522.33  6522.3 6522.26 6522.18 6522.08 6521.99 6521.96 6521.87 6521.84  6521.8 6521.74 6521.74 6521.68 6521.65 6521.51 6521.46 6521.45 6521.32 6521.29 6521.16 6521.09 6521.01 6520.97 6520.84 6520.82 6520.68 6520.64 6520.59 6520.52 6520.38 6520.32 6520.27 6520.22 6519.98 6519.92 6519.86  6519.8  6519.6  6519.4 6519.26 6519.18
Difference to sqrt(Gramian eigenvalues): -8.18545e-12  7.27596e-12 -3.63798e-12 -6.36646e-12  6.36646e-12  4.54747e-12  9.09495e-13  1.81899e-12  6.36646e-12 -4.54747e-12 -1.81899e-12  5.45697e-12  1.81899e-12            0  2.72848e-12  2.72848e-12 -4.54747e-12  4.54747e-12  4.54747e-12            0  1.81899e-12 -3.63798e-12  9.09495e-13 -4.54747e-12  3.63798e-12  9.09495e-13  9.09495e-13 -2.72848e-12 -4.54747e-12 -5.45697e-12  3.63798e-12 -9.09495e-13  2.72848e-12  3.63798e-12 -9.09495e-13  9.09495e-13  1.81899e-12  9.09495e-13  1.81899e-12            0            0 -9.09495e-13 -2.72848e-12  9.09495e-13 -4.54747e-12 -3.63798e-12 -1.81899e-12  2.72848e-12  2.72848e-12 -3.63798e-12 -5.45697e-12            0  9.09495e-13 -9.09495e-13  5.45697e-12 -9.09495e-13  3.63798e-12 -5.45697e-12            0 -1.81899e-12 -2.72848e-12  3.63798e-12 -7.27596e-12  1.81899e-12 -2.72848e-12  3.63798e-12  9.09495e-13 -9.09495e-13  9.09495e-13 -1.81899e-12 -9.09495e-13  9.09495e-13  5.45697e-12 -3.63798e-12  3.63798e-12 -3.63798e-12  3.63798e-12  3.63798e-12 -6.36646e-12 -5.45697e-12            0 -1.81899e-12 -4.54747e-12            0 -1.81899e-12 -2.72848e-12 -2.72848e-12 -4.54747e-12 -6.36646e-12 -3.63798e-12  2.72848e-12 -3.63798e-12  2.72848e-12 -9.09495e-13 -9.09495e-13  9.09495e-13  9.09495e-13            0            0  2.72848e-12 -5.45697e-12 -2.72848e-12 -9.09495e-13            0 -9.09495e-13 -2.72848e-12 -2.72848e-12 -2.72848e-12 -3.63798e-12  9.09495e-13  9.09495e-13  6.36646e-12 -1.81899e-12            0  1.81899e-12 -2.72848e-12  2.72848e-12  1.81899e-12 -2.72848e-12 -9.09495e-13  9.09495e-13  2.72848e-12 -1.81899e-12  9.09495e-13 -3.63798e-12  4.54747e-12            0 -2.72848e-12  4.54747e-12            0  9.09495e-13            0  1.81899e-12 -2.72848e-12 -3.63798e-12  3.63798e-12  1.81899e-12 -9.09495e-13  9.09495e-13            0  2.72848e-12 -5.45697e-12 -5.45697e-12  9.09495e-13 -3.63798e-12 -9.09495e-13 -1.81899e-12 -1.81899e-12  9.09495e-13 -8.18545e-12 -1.81899e-12 -3.63798e-12 -9.09495e-13 -3.63798e-12 -1.81899e-12 -9.09495e-13  9.09495e-13 -1.81899e-12  1.81899e-12 -2.72848e-12            0 -1.81899e-12            0 -5.45697e-12  9.09495e-13            0 -9.09495e-13  1.81899e-12 -2.72848e-12 -4.54747e-12            0            0            0            0 -2.72848e-12 -1.81899e-12  2.72848e-12 -1.81899e-12 -2.72848e-12            0 -3.63798e-12  9.09495e-13            0 -3.63798e-12  1.81899e-12 -9.09495e-13 -9.09495e-13  9.09495e-13  1.81899e-12 -1.81899e-12  9.09495e-13  2.72848e-12 -1.81899e-12  1.81899e-12 -1.81899e-12            0            0 -2.72848e-12 -9.09495e-13            0 -2.72848e-12 -1.81899e-12 -2.72848e-12 -2.72848e-12 -3.63798e-12            0 -4.54747e-12 -4.54747e-12  2.72848e-12 -3.63798e-12  1.81899e-12 -9.09495e-13 -3.63798e-12 -3.63798e-12 -3.63798e-12 -3.63798e-12 -9.09495e-13  9.09495e-13  2.72848e-12 -9.09495e-13            0 -9.09495e-13 -1.81899e-12 -1.81899e-12 -9.09495e-13  1.81899e-12            0 -9.09495e-13 -9.09495e-13 -1.81899e-12  9.09495e-13  2.72848e-12            0 -1.81899e-12 -2.72848e-12            0 -9.09495e-13 -1.81899e-12 -1.81899e-12 -9.09495e-13 -9.09495e-13 -9.09495e-13 -9.09495e-13 -1.81899e-12 -1.81899e-12 -2.72848e-12 -4.54747e-12 -9.09495e-13 -2.72848e-12 -4.54747e-12 -9.09495e-13  1.81899e-12 -6.36646e-12  1.81899e-12 -1.81899e-12 -9.09495e-13  9.09495e-13            0 -9.09495e-13 -1.81899e-12  2.72848e-12  2.72848e-12 -9.09495e-13 -9.09495e-13  2.72848e-12  9.09495e-13 -2.72848e-12 -3.63798e-12            0 -9.09495e-13 -2.72848e-12 -1.81899e-12 -2.72848e-12            0 -9.09495e-13  9.09495e-13            0 -1.81899e-12 -3.63798e-12 -9.09495e-13 -4.54747e-12 -1.81899e-12 -9.09495e-13 -6.36646e-12 -4.54747e-12            0 -1.81899e-12 -1.81899e-12 -9.09495e-13            0 -9.09495e-13 -9.09495e-13            0  9.09495e-13 -2.72848e-12 -1.81899e-12 -9.09495e-13 -9.09495e-13 -1.81899e-12  2.72848e-12            0  2.72848e-12  9.09495e-13  9.09495e-13 -9.09495e-13 -9.09495e-13  1.81899e-12  9.09495e-13  9.09495e-13            0 -1.81899e-12 -2.72848e-12 -1.81899e-12            0 -9.09495e-13            0  1.81899e-12 -2.72848e-12 -1.81899e-12 -1.81899e-12  9.09495e-13  9.09495e-13  2.72848e-12 -9.09495e-13 -1.81899e-12 -1.81899e-12 -1.81899e-12 -2.72848e-12            0 -9.09495e-13 -3.63798e-12 -1.81899e-12 -1.81899e-12 -1.81899e-12 -9.09495e-13  9.09495e-13 -9.09495e-13  1.81899e-12  3.63798e-12  9.09495e-13  9.09495e-13  3.63798e-12  1.81899e-12  4.54747e-12  1.81899e-12  1.81899e-12 -2.72848e-12            0  1.81899e-12 -1.81899e-12 -1.81899e-12            0            0            0            0  1.81899e-12  4.54747e-12            0            0 -9.09495e-13  9.09495e-13            0  1.81899e-12 -2.72848e-12 -9.09495e-13 -9.09495e-13  1.81899e-12  2.72848e-12 -9.09495e-13            0  6.36646e-12 -1.81899e-12 -3.63798e-12 -9.09495e-13 -4.54747e-12            0 -1.81899e-12 -4.54747e-12 -1.81899e-12 -3.63798e-12 -3.63798e-12            0  3.63798e-12  9.09495e-13 -2.72848e-12 -1.81899e-12            0 -1.81899e-12 -1.81899e-12 -5.45697e-12 -2.72848e-12  9.09495e-13  1.81899e-12 -6.36646e-12 -2.72848e-12 -7.27596e-12 -1.81899e-12  9.09495e-13 -6.36646e-12 -1.81899e-12 -9.09495e-13  9.09495e-13  9.09495e-13 -9.09495e-13  9.09495e-13 -9.09495e-13 -2.72848e-12 -9.09495e-13 -9.09495e-13 -4.54747e-12 -9.09495e-13  2.72848e-12            0  2.72848e-12 -9.09495e-13 -2.72848e-12 -2.72848e-12 -1.81899e-12 -2.72848e-12            0  4.54747e-12 -1.81899e-12  1.81899e-12  1.81899e-12  9.09495e-13  2.72848e-12            0  9.09495e-13            0            0  9.09495e-13  4.54747e-12 -9.09495e-13 -1.81899e-12  3.63798e-12  2.72848e-12 -5.45697e-12 -1.81899e-12 -4.54747e-12 -4.54747e-12 -3.63798e-12 -1.81899e-12  1.81899e-12  9.09495e-13 -1.81899e-12 -9.09495e-13  3.63798e-12            0  9.09495e-13 -3.63798e-12            0  1.81899e-12 -7.27596e-12  4.54747e-12  3.63798e-12 -3.63798e-12            0  1.81899e-12 -1.81899e-12 -6.36646e-12 -5.45697e-12  8.18545e-12  4.54747e-12 -9.09495e-13 -7.27596e-12 -9.09495e-13  1.81899e-12  9.09495e-13 -9.09495e-13  1.81899e-12            0  9.09495e-13            0 -1.00044e-11 -1.81899e-12 -3.63798e-12            0  1.81899e-12  1.81899e-12 -2.72848e-12  9.09495e-13  2.72848e-12 -1.00044e-11 -5.45697e-12 -1.81899e-12  3.63798e-12  9.09495e-13 -1.81899e-12  9.09495e-13 -3.63798e-12 -3.63798e-12 -6.36646e-12  3.63798e-12 -2.72848e-12 -2.72848e-12 -2.72848e-12  1.81899e-12 -9.09495e-13 -3.63798e-12 -1.36424e-11 -8.18545e-12  4.54747e-12  1.81899e-12 -7.27596e-12  1.81899e-12            0 -9.09495e-13 -1.54614e-11  3.63798e-12 -2.72848e-12  7.27596e-12 -1.81899e-12
Performance statistics:
function                                                                                                                                                                                          	 time [s]  	 #calls    	 GFlop/s DP	 GFlop/s SP	 GByte/s   	Flops/Byte
<PITTS::MultiVector<double>> :: void PITTS::block_TSQR(const MultiVector<T>&, Tensor2<T>&, int, bool, int) [with T = double](rows: 128000000, cols: 512, reductionFactor: 25, colBlockingSize: 16)	 21.5552   	 5         	 16189.5   	 0         	 121.616   	 133.119   
Timing statistics:
function                                                                                                                    	 time [s]  	 #calls    
<PITTS::MultiVector<double>> :: void PITTS::block_TSQR(const MultiVector<T>&, Tensor2<T>&, int, bool, int) [with T = double]	 21.5552   	 5         
<PITTS::Tensor2<double>> :: void PITTS::Tensor2<T>::resize(long long int, long long int, bool) [with T = double]            	 3.2e-06   	 1         
MPI startup(): Error: Could not open /usr/lib64/libpmi.so
Problems reading symbols for shepherd thread detection: No such device
PITTS: version v0.9.7-11-g58bc68d-dirty
PITTS: MPI #procs: 1
PITTS: OpenMP #threads: 384
PITTS: SIMD implementation: avx512
PITTS: Eigen SIMD implementation: AVX512, FMA, AVX2, AVX, SSE, SSE2, SSE3, SSSE3, SSE4.1, SSE4.2
PITTS: cache sizes (L1/core, L2/core, L3/accessible) [byte]: (49152, 1048576, 805306368)
PITTS: preprocessor definitions: PITTS_DIRECT_MKL_GEMM
wtime: 42.9404
Gramian M^TM wtime (not SYRK!): 48.63
singular values (new):
4637.26 4637.08 4636.87 4636.78 4636.72  4636.6 4636.53  4636.4 4636.32 4636.28 4636.11 4636.02    4636  4635.9 4635.77  4635.7 4635.63 4635.61 4635.51 4635.42  4635.4 4635.37 4635.29 4635.27 4635.18 4635.07 4635.05 4634.92 4634.92 4634.81 4634.71  4634.7 4634.65 4634.62  4634.5 4634.47  4634.4 4634.37 4634.35 4634.31 4634.25 4634.22 4634.16 4634.08 4634.05 4633.96 4633.92 4633.85 4633.75 4633.73 4633.69 4633.67 4633.57 4633.47 4633.45 4633.39 4633.35 4633.33 4633.26 4633.25 4633.21 4633.18 4633.15 4633.06 4633.03 4632.98 4632.95  4632.9 4632.83 4632.79 4632.78 4632.72 4632.69 4632.65 4632.59 4632.53 4632.51 4632.47 4632.46  4632.4 4632.32  4632.3 4632.28 4632.24 4632.19 4632.17 4632.09 4632.06 4632.01 4631.99 4631.93 4631.89 4631.83 4631.82 4631.75 4631.73  4631.7 4631.67 4631.59 4631.55  4631.5 4631.46 4631.42 4631.39 4631.32  4631.3 4631.25 4631.21  4631.2 4631.14  4631.1 4631.08 4631.05 4631.02    4631    4631 4630.93  4630.9 4630.86  4630.8 4630.78 4630.74 4630.68 4630.67 4630.63 4630.59 4630.55 4630.51 4630.46 4630.44 4630.41 4630.38 4630.35 4630.34 4630.26 4630.23 4630.21 4630.18 4630.11 4630.09 4630.09 4630.03 4629.99 4629.95 4629.91 4629.91 4629.86 4629.83 4629.76 4629.75 4629.72 4629.69 4629.65 4629.61 4629.58 4629.55 4629.52 4629.51 4629.47  4629.4 4629.37 4629.35 4629.32 4629.28 4629.22  4629.2 4629.16 4629.12 4629.07 4629.05 4629.03    4629 4628.93 4628.91 4628.87 4628.83  4628.8 4628.76 4628.74 4628.67 4628.65 4628.63 4628.58 4628.53 4628.49 4628.44 4628.43 4628.41 4628.39 4628.36 4628.33  4628.3 4628.29 4628.27 4628.18 4628.17 4628.13 4628.11 4628.09 4628.07 4628.05 4628.03 4627.96 4627.96 4627.93 4627.86 4627.85 4627.82  4627.8 4627.77 4627.74 4627.65 4627.65 4627.61 4627.61 4627.58  4627.5 4627.44 4627.42 4627.42 4627.39 4627.36 4627.32 4627.31 4627.26 4627.25  4627.2 4627.13 4627.09 4627.08 4627.04 4627.01 4626.97 4626.95 4626.94  4626.9 4626.88 4626.86 4626.84 4626.78 4626.74  4626.7 4626.68 4626.67 4626.64 4626.59 4626.55 4626.52  4626.5 4626.45 4626.44 4626.41 4626.38  4626.3  4626.3 4626.28 4626.25 4626.23 4626.21 4626.18 4626.09 4626.07 4626.06 4626.03 4625.99 4625.96 4625.93 4625.91 4625.88 4625.87 4625.85 4625.77 4625.75 4625.69 4625.68 4625.61  4625.6 4625.57 4625.55 4625.51  4625.5 4625.47 4625.47 4625.44 4625.39 4625.37 4625.34  4625.3 4625.28 4625.26 4625.22 4625.16 4625.14 4625.11 4625.08 4625.07 4625.03 4625.01 4624.98 4624.97 4624.93 4624.92 4624.85 4624.83 4624.81 4624.79 4624.76 4624.73  4624.7 4624.62 4624.61  4624.6 4624.55 4624.52 4624.51 4624.48 4624.45 4624.42 4624.39 4624.33 4624.33 4624.28 4624.25 4624.24 4624.22 4624.17 4624.15 4624.11 4624.06 4624.06 4624.02 4623.98 4623.97 4623.95 4623.94 4623.89 4623.86 4623.81  4623.8 4623.78 4623.77  4623.7 4623.69 4623.66 4623.62 4623.58 4623.55  4623.5 4623.48 4623.43 4623.42  4623.4 4623.38 4623.32 4623.29 4623.27 4623.24  4623.2 4623.19 4623.16 4623.15 4623.13 4623.08 4623.04 4623.02    4623 4622.97 4622.94  4622.9 4622.88 4622.84  4622.8 4622.78 4622.76 4622.74  4622.7 4622.68 4622.64 4622.62 4622.58 4622.55 4622.52 4622.49 4622.45 4622.44 4622.39 4622.38 4622.36 4622.34 4622.29 4622.27 4622.23 4622.18 4622.15 4622.12 4622.05 4622.04 4622.03 4621.98 4621.96 4621.95 4621.92  4621.9 4621.86 4621.84 4621.81 4621.79 4621.77 4621.76 4621.71 4621.69 4621.65 4621.63 4621.62 4621.56 4621.54  4621.5 4621.48 4621.44  4621.4 4621.36 4621.35 4621.34  4621.3 4621.26 4621.24 4621.23 4621.19 4621.15 4621.14 4621.11 4621.08 4621.06 4621.02 4621.01 4620.99 4620.97 4620.93  4620.9 4620.88 4620.83 4620.81 4620.77 4620.75 4620.74 4620.69 4620.66 4620.65 4620.62  4620.6 4620.58 4620.53 4620.52 4620.46 4620.43  4620.4 4620.37 4620.36 4620.33 4620.31 4620.26 4620.24 4620.19 4620.18 4620.16 4620.13 4620.12 4620.08 4620.06    4620 4619.95 4619.94 4619.89 4619.85 4619.84 4619.82 4619.78 4619.76 4619.75 4619.71 4619.66 4619.65 4619.65 4619.59 4619.58 4619.55 4619.53 4619.48 4619.46 4619.43 4619.42 4619.39 4619.35 4619.32  4619.3 4619.27 4619.22 4619.19 4619.16 4619.15 4619.12 4619.09 4619.04 4619.03 4618.98 4618.96 4618.94 4618.93 4618.88 4618.86 4618.84  4618.8 4618.76 4618.73 4618.71 4618.65 4618.64 4618.58 4618.56 4618.54 4618.53 4618.52 4618.48 4618.44 4618.43 4618.39 4618.38 4618.36 4618.26 4618.26 4618.24 4618.22 4618.21 4618.18 4618.15 4618.11  4618.1 4618.09 4618.06 4618.01 4617.98 4617.95 4617.92  4617.9 4617.87  4617.8 4617.78 4617.75 4617.73  4617.7 4617.67 4617.65  4617.6 4617.59 4617.56 4617.53  4617.5 4617.49 4617.47 4617.44 4617.42 4617.38 4617.32 4617.32 4617.29 4617.27 4617.27 4617.22 4617.19 4617.18 4617.13  4617.1  4617.1 4617.04    4617 4616.98 4616.94 4616.91 4616.89 4616.87 4616.83 4616.79 4616.78 4616.74 4616.72  4616.7 4616.67 4616.62 4616.62 4616.57 4616.55 4616.52 4616.46 4616.45 4616.43 4616.41 4616.36 4616.35 4616.32 4616.28 4616.25 4616.23  4616.2 4616.19 4616.17 4616.11  4616.1 4616.04 4616.03    4616 4615.96 4615.94 4615.91 4615.88 4615.83 4615.82 4615.78 4615.76 4615.75 4615.73 4615.69 4615.67 4615.65 4615.62  4615.6 4615.56 4615.54 4615.52  4615.5 4615.46 4615.42  4615.4 4615.35 4615.34 4615.29 4615.26 4615.25 4615.23 4615.22 4615.16 4615.12  4615.1 4615.08 4615.06 4615.01 4614.98 4614.95 4614.95 4614.88 4614.86 4614.83 4614.83 4614.72  4614.7 4614.68 4614.64 4614.61 4614.59 4614.58 4614.54  4614.5 4614.47 4614.44 4614.43 4614.41 4614.36 4614.33 4614.31 4614.29 4614.28 4614.22 4614.17 4614.17 4614.16 4614.11  4614.1 4614.06 4614.04 4613.98 4613.97 4613.94 4613.93 4613.91 4613.87 4613.85 4613.83 4613.76 4613.74  4613.7 4613.69 4613.65 4613.62 4613.58 4613.58 4613.55 4613.53  4613.5 4613.45 4613.43 4613.39 4613.35 4613.34 4613.28 4613.27 4613.25 4613.23 4613.21 4613.19 4613.15 4613.14  4613.1 4613.07 4613.04 4612.99 4612.96 4612.95 4612.93 4612.88 4612.85 4612.83 4612.81 4612.76 4612.71  4612.7 4612.67 4612.66 4612.63 4612.62 4612.53 4612.51  4612.5 4612.47 4612.44 4612.38 4612.35  4612.3 4612.27 4612.26 4612.21 4612.17 4612.13  4612.1  4612.1 4612.06 4612.05    4612 4611.98 4611.96 4611.94  4611.9 4611.85 4611.84 4611.83 4611.79 4611.75 4611.74 4611.68 4611.65 4611.61 4611.59 4611.57 4611.55 4611.51 4611.48 4611.38 4611.37 4611.34 4611.32 4611.23 4611.22 4611.21 4611.15 4611.13 4611.12 4611.09 4611.07 4611.03 4611.02 4610.98 4610.94  4610.9 4610.86 4610.84 4610.79 4610.74 4610.73 4610.69 4610.66 4610.65 4610.61 4610.59 4610.54 4610.53 4610.51 4610.44 4610.44  4610.4 4610.39 4610.36 4610.33 4610.29 4610.27 4610.25  4610.2 4610.18 4610.15 4610.13 4610.12 4610.09 4610.01    4610 4609.98 4609.93 4609.91 4609.89 4609.86 4609.83 4609.77 4609.75 4609.73 4609.72 4609.63 4609.63 4609.58 4609.56 4609.51 4609.51 4609.49 4609.43 4609.39 4609.38 4609.32 4609.26 4609.22  4609.2 4609.18 4609.12 4609.09 4609.07 4609.03 4608.98 4608.97 4608.95 4608.92 4608.87 4608.83  4608.8 4608.79 4608.74  4608.7 4608.66 4608.63 4608.61 4608.54 4608.52 4608.46 4608.43 4608.41 4608.39 4608.38 4608.33  4608.3 4608.28 4608.21 4608.19 4608.17 4608.11  4608.1 4608.06 4608.01 4607.98 4607.95 4607.92 4607.86 4607.82  4607.8 4607.78 4607.75 4607.73 4607.67 4607.61 4607.58 4607.56 4607.54  4607.5 4607.48 4607.44 4607.39 4607.35 4607.32 4607.27 4607.25 4607.21 4607.19 4607.12  4607.1 4607.09 4607.02 4606.99 4606.97 4606.91 4606.89 4606.86 4606.85 4606.79 4606.78 4606.69 4606.65 4606.64  4606.6 4606.55 4606.51 4606.49 4606.44 4606.38 4606.34 4606.29 4606.27 4606.24  4606.2 4606.18 4606.14 4606.11 4606.07 4605.99 4605.97 4605.94 4605.88 4605.85  4605.8 4605.73 4605.67 4605.61 4605.59 4605.57 4605.52 4605.48 4605.45 4605.43 4605.37 4605.36 4605.32 4605.28  4605.2 4605.15 4605.11 4605.09 4605.04    4605 4604.96 4604.89 4604.82 4604.79 4604.77 4604.72 4604.66 4604.62 4604.59 4604.56 4604.54 4604.48 4604.43 4604.37 4604.29 4604.28 4604.24 4604.22 4604.18 4604.13 4604.06 4604.01 4603.95  4603.9 4603.84 4603.81 4603.79 4603.69 4603.66 4603.59 4603.53 4603.47 4603.45 4603.38 4603.36 4603.33  4603.3 4603.24 4603.19 4603.13 4603.01 4602.97 4602.94 4602.85 4602.79 4602.76 4602.69 4602.67 4602.61 4602.49 4602.47 4602.44 4602.35 4602.31 4602.23 4602.16 4602.15 4602.08 4601.96 4601.87 4601.83 4601.72 4601.68 4601.58 4601.56 4601.42 4601.34 4601.27 4601.14  4600.9 4600.87  4600.8  4600.7 4600.53 4600.39
Difference to sqrt(Gramian eigenvalues): -1.81899e-12 -1.81899e-12 -1.81899e-12  9.09495e-13  5.45697e-12 -2.72848e-12  9.09495e-13  1.81899e-12 -1.81899e-12 -1.81899e-12 -9.09495e-13            0  9.09495e-13            0            0  3.63798e-12  9.09495e-13            0 -9.09495e-13 -1.81899e-12            0  2.72848e-12 -2.72848e-12 -9.09495e-13            0  9.09495e-13            0 -1.81899e-12 -1.81899e-12  1.81899e-12            0 -9.09495e-13 -1.81899e-12 -2.72848e-12 -2.72848e-12  9.09495e-13 -9.09495e-13  9.09495e-13  1.81899e-12  9.09495e-13 -9.09495e-13  2.72848e-12            0 -1.81899e-12 -9.09495e-13 -2.72848e-12 -9.09495e-13            0            0  9.09495e-13  1.81899e-12  4.54747e-12            0            0 -2.72848e-12 -9.09495e-13  9.09495e-13 -9.09495e-13  9.09495e-13  1.81899e-12  9.09495e-13 -9.09495e-13  9.09495e-13 -2.72848e-12 -9.09495e-13            0 -9.09495e-13  9.09495e-13            0  1.81899e-12  9.09495e-13 -2.72848e-12            0 -9.09495e-13  1.81899e-12  1.81899e-12            0  9.09495e-13 -9.09495e-13  2.72848e-12 -9.09495e-13 -9.09495e-13  9.09495e-13 -9.09495e-13 -2.72848e-12 -2.72848e-12            0            0 -3.63798e-12 -2.72848e-12 -1.81899e-12 -1.81899e-12            0            0 -9.09495e-13 -9.09495e-13 -3.63798e-12 -9.09495e-13 -2.72848e-12 -1.81899e-12  2.72848e-12  1.81899e-12            0  9.09495e-13            0  9.09495e-13            0 -9.09495e-13            0 -2.72848e-12            0  9.09495e-13  2.72848e-12  1.81899e-12 -9.09495e-13 -1.81899e-12 -1.81899e-12            0            0 -9.09495e-13 -4.54747e-12 -1.81899e-12 -1.81899e-12  9.09495e-13            0  9.09495e-13            0 -4.54747e-12  1.81899e-12 -2.72848e-12            0  9.09495e-13  9.09495e-13  9.09495e-13  3.63798e-12  2.72848e-12            0 -1.81899e-12  9.09495e-13 -9.09495e-13 -5.45697e-12  9.09495e-13 -2.72848e-12  9.09495e-13 -4.54747e-12 -1.81899e-12 -1.81899e-12 -9.09495e-13            0 -1.81899e-12 -9.09495e-13 -3.63798e-12  2.72848e-12 -1.81899e-12 -2.72848e-12 -2.72848e-12            0            0 -9.09495e-13            0  9.09495e-13 -1.81899e-12 -2.72848e-12 -9.09495e-13            0            0 -1.81899e-12  3.63798e-12  9.09495e-13  9.09495e-13  2.72848e-12  2.72848e-12            0 -9.09495e-13 -9.09495e-13 -9.09495e-13  1.81899e-12            0            0 -9.09495e-13            0  9.09495e-13            0            0 -1.81899e-12            0 -2.72848e-12  9.09495e-13            0 -9.09495e-13  9.09495e-13  1.81899e-12  1.81899e-12            0 -1.81899e-12            0            0 -1.81899e-12 -3.63798e-12            0 -9.09495e-13            0            0 -9.09495e-13  9.09495e-13 -9.09495e-13            0            0 -2.72848e-12 -1.81899e-12  9.09495e-13 -9.09495e-13 -1.81899e-12  1.81899e-12 -9.09495e-13 -9.09495e-13  9.09495e-13 -2.72848e-12            0 -9.09495e-13  9.09495e-13 -1.81899e-12  9.09495e-13 -1.81899e-12            0            0 -9.09495e-13  1.81899e-12 -2.72848e-12 -9.09495e-13            0            0  1.81899e-12 -9.09495e-13 -9.09495e-13            0            0            0 -9.09495e-13  1.81899e-12 -2.72848e-12 -1.81899e-12            0 -9.09495e-13 -1.81899e-12 -3.63798e-12 -9.09495e-13 -4.54747e-12  9.09495e-13 -9.09495e-13 -9.09495e-13            0 -9.09495e-13 -9.09495e-13  9.09495e-13            0 -9.09495e-13  9.09495e-13 -2.72848e-12            0 -2.72848e-12  9.09495e-13 -1.81899e-12 -1.81899e-12  9.09495e-13 -1.81899e-12 -1.81899e-12            0  2.72848e-12 -9.09495e-13 -9.09495e-13            0  9.09495e-13  1.81899e-12 -9.09495e-13            0            0  9.09495e-13 -9.09495e-13 -9.09495e-13  9.09495e-13 -1.81899e-12 -9.09495e-13            0            0 -1.81899e-12 -1.81899e-12 -9.09495e-13            0 -1.81899e-12            0            0 -9.09495e-13 -2.72848e-12  1.81899e-12  2.72848e-12  9.09495e-13            0            0            0 -9.09495e-13 -1.81899e-12 -9.09495e-13 -9.09495e-13  9.09495e-13 -9.09495e-13 -2.72848e-12 -1.81899e-12 -9.09495e-13 -1.81899e-12 -9.09495e-13 -9.09495e-13            0 -1.81899e-12 -1.81899e-12 -9.09495e-13 -2.72848e-12 -1.81899e-12  1.81899e-12 -1.81899e-12 -2.72848e-12 -3.63798e-12 -9.09495e-13 -2.72848e-12            0  9.09495e-13 -9.09495e-13  1.81899e-12  9.09495e-13            0 -1.81899e-12  9.09495e-13 -9.09495e-13  1.81899e-12            0            0  9.09495e-13 -9.09495e-13 -9.09495e-13            0            0 -2.72848e-12 -1.81899e-12  9.09495e-13  9.09495e-13  9.09495e-13            0  9.09495e-13 -1.81899e-12 -1.81899e-12  9.09495e-13 -1.81899e-12  9.09495e-13 -1.81899e-12 -9.09495e-13 -1.81899e-12 -2.72848e-12 -9.09495e-13 -9.09495e-13 -1.81899e-12  1.81899e-12  1.81899e-12 -1.81899e-12            0  2.72848e-12            0  9.09495e-13  9.09495e-13 -1.81899e-12 -9.09495e-13 -9.09495e-13 -2.72848e-12 -9.09495e-13 -1.81899e-12 -2.72848e-12  1.81899e-12 -1.81899e-12 -9.09495e-13 -9.09495e-13 -1.81899e-12 -9.09495e-13  9.09495e-13 -9.09495e-13 -1.81899e-12 -1.81899e-12 -9.09495e-13 -9.09495e-13            0            0            0  9.09495e-13  2.72848e-12 -9.09495e-13  1.81899e-12            0 -2.72848e-12 -1.81899e-12 -1.81899e-12            0 -9.09495e-13 -9.09495e-13            0            0            0 -9.09495e-13            0  9.09495e-13 -9.09495e-13            0 -2.72848e-12 -2.72848e-12 -1.81899e-12 -1.81899e-12  1.81899e-12            0 -9.09495e-13  9.09495e-13 -9.09495e-13  9.09495e-13  9.09495e-13  2.72848e-12 -9.09495e-13 -9.09495e-13  9.09495e-13 -1.81899e-12            0  1.81899e-12 -9.09495e-13 -9.09495e-13 -9.09495e-13 -9.09495e-13  9.09495e-13  1.81899e-12            0  3.63798e-12  9.09495e-13 -9.09495e-13 -9.09495e-13 -2.72848e-12 -2.72848e-12 -2.72848e-12 -9.09495e-13 -1.81899e-12            0 -9.09495e-13 -2.72848e-12 -1.81899e-12 -9.09495e-13 -2.72848e-12  9.09495e-13 -9.09495e-13  9.09495e-13            0 -9.09495e-13  9.09495e-13            0 -2.72848e-12 -9.09495e-13 -1.81899e-12            0 -9.09495e-13 -9.09495e-13 -9.09495e-13 -9.09495e-13  9.09495e-13  1.81899e-12  9.09495e-13  9.09495e-13            0 -1.81899e-12            0 -9.09495e-13 -9.09495e-13            0 -9.09495e-13 -2.72848e-12 -2.72848e-12 -2.72848e-12            0  9.09495e-13 -2.72848e-12 -2.72848e-12 -2.72848e-12 -9.09495e-13 -9.09495e-13  1.81899e-12 -9.09495e-13 -2.72848e-12            0 -9.09495e-13 -1.81899e-12 -1.81899e-12            0  9.09495e-13 -9.09495e-13 -1.81899e-12 -1.81899e-12  9.09495e-13 -1.81899e-12 -9.09495e-13            0 -2.72848e-12 -1.81899e-12  1.81899e-12            0            0 -9.09495e-13            0 -9.09495e-13 -9.09495e-13 -1.81899e-12            0 -9.09495e-13 -9.09495e-13 -9.09495e-13            0 -9.09495e-13 -9.09495e-13 -1.81899e-12 -9.09495e-13            0 -9.09495e-13 -2.72848e-12 -9.09495e-13            0 -9.09495e-13 -9.09495e-13  9.09495e-13  9.09495e-13            0 -9.09495e-13  9.09495e-13            0 -9.09495e-13            0 -1.81899e-12 -1.81899e-12 -9.09495e-13  9.09495e-13  9.09495e-13            0 -2.72848e-12 -2.72848e-12 -9.09495e-13 -1.81899e-12            0            0 -9.09495e-13  1.81899e-12  9.09495e-13  9.09495e-13 -1.81899e-12  9.09495e-13            0            0 -9.09495e-13  9.09495e-13 -1.81899e-12  1.81899e-12 -1.81899e-12            0  9.09495e-13  9.09495e-13  9.09495e-13            0  9.09495e-13            0            0  9.09495e-13  9.09495e-13  1.81899e-12  1.81899e-12 -9.09495e-13  9.09495e-13  9.09495e-13 -1.81899e-12  9.09495e-13 -1.81899e-12            0 -9.09495e-13            0            0 -9.09495e-13  9.09495e-13  9.09495e-13 -9.09495e-13  9.09495e-13  9.09495e-13 -1.81899e-12  2.72848e-12  9.09495e-13 -2.72848e-12  1.81899e-12 -9.09495e-13  9.09495e-13  9.09495e-13  9.09495e-13            0 -2.72848e-12 -9.09495e-13  9.09495e-13 -9.09495e-13  9.09495e-13 -9.09495e-13            0  2.72848e-12            0  9.09495e-13  9.09495e-13  1.81899e-12            0 -9.09495e-13 -9.09495e-13 -9.09495e-13 -1.81899e-12 -9.09495e-13  9.09495e-13  2.72848e-12  9.09495e-13 -9.09495e-13 -9.09495e-13 -9.09495e-13 -1.81899e-12            0            0  9.09495e-13 -1.81899e-12 -3.63798e-12  2.72848e-12 -9.09495e-13 -1.81899e-12  9.09495e-13 -1.81899e-12 -9.09495e-13  9.09495e-13  9.09495e-13 -9.09495e-13 -2.72848e-12  1.81899e-12 -9.09495e-13  9.09495e-13            0 -2.72848e-12            0  2.72848e-12  9.09495e-13            0  9.09495e-13            0  1.81899e-12  1.81899e-12 -1.81899e-12 -1.81899e-12 -9.09495e-13 -9.09495e-13            0            0            0 -9.09495e-13 -1.81899e-12            0            0 -1.81899e-12            0  9.09495e-13 -9.09495e-13 -1.81899e-12 -2.72848e-12 -9.09495e-13  9.09495e-13 -9.09495e-13 -2.72848e-12            0            0 -9.09495e-13 -1.81899e-12 -9.09495e-13 -9.09495e-13            0            0 -1.81899e-12            0            0            0  9.09495e-13            0 -9.09495e-13 -9.09495e-13 -9.09495e-13  1.81899e-12 -1.81899e-12 -9.09495e-13 -1.81899e-12 -1.81899e-12  9.09495e-13            0  9.09495e-13            0 -9.09495e-13  9.09495e-13  9.09495e-13            0            0 -9.09495e-13  9.09495e-13            0 -9.09495e-13            0 -1.81899e-12  9.09495e-13  9.09495e-13  9.09495e-13            0 -9.09495e-13 -9.09495e-13 -9.09495e-13  1.81899e-12  9.09495e-13  9.09495e-13            0            0 -9.09495e-13            0            0 -9.09495e-13 -1.81899e-12  9.09495e-13  1.81899e-12 -1.81899e-12 -9.09495e-13  9.09495e-13            0            0 -1.81899e-12 -9.09495e-13            0  1.81899e-12            0 -9.09495e-13 -9.09495e-13  9.09495e-13 -9.09495e-13 -1.81899e-12 -9.09495e-13 -9.09495e-13 -9.09495e-13            0            0            0            0 -2.72848e-12 -9.09495e-13 -9.09495e-13 -9.09495e-13 -9.09495e-13 -9.09495e-13 -9.09495e-13 -9.09495e-13 -1.81899e-12            0 -9.09495e-13 -2.72848e-12 -1.81899e-12            0  9.09495e-13            0 -1.81899e-12 -1.81899e-12  9.09495e-13 -1.81899e-12            0 -9.09495e-13  1.81899e-12            0 -9.09495e-13            0 -9.09495e-13 -9.09495e-13 -2.72848e-12            0            0  9.09495e-13            0            0 -1.81899e-12 -9.09495e-13 -1.81899e-12 -9.09495e-13  9.09495e-13 -9.09495e-13  9.09495e-13 -1.81899e-12 -9.09495e-13 -9.09495e-13  9.09495e-13            0 -1.81899e-12  1.81899e-12  1.81899e-12  9.09495e-13 -9.09495e-13 -1.81899e-12  2.72848e-12 -9.09495e-13  1.81899e-12 -9.09495e-13 -9.09495e-13 -9.09495e-13 -4.54747e-12            0  1.81899e-12  9.09495e-13  9.09495e-13 -2.72848e-12 -9.09495e-13            0            0            0 -9.09495e-13  1.81899e-12 -9.09495e-13 -9.09495e-13            0  2.72848e-12 -9.09495e-13 -2.72848e-12 -4.54747e-12 -1.81899e-12 -9.09495e-13 -9.09495e-13  9.09495e-13  1.81899e-12  9.09495e-13            0  1.81899e-12  9.09495e-13 -9.09495e-13 -1.81899e-12  1.81899e-12 -2.72848e-12            0 -1.81899e-12  9.09495e-13  9.09495e-13  1.81899e-12            0            0            0            0            0  9.09495e-13            0 -1.81899e-12 -9.09495e-13 -1.81899e-12  9.09495e-13 -9.09495e-13 -9.09495e-13            0  9.09495e-13            0            0 -9.09495e-13            0  9.09495e-13  9.09495e-13  9.09495e-13  1.81899e-12            0            0 -9.09495e-13  9.09495e-13 -9.09495e-13  1.81899e-12            0            0            0            0            0            0  3.63798e-12            0            0 -9.09495e-13            0  9.09495e-13  3.63798e-12 -9.09495e-13 -1.81899e-12 -1.81899e-12  9.09495e-13            0            0  9.09495e-13  9.09495e-13 -9.09495e-13            0  9.09495e-13  4.54747e-12            0  9.09495e-13 -9.09495e-13 -9.09495e-13            0            0  9.09495e-13  9.09495e-13 -1.81899e-12  1.81899e-12 -9.09495e-13            0  1.81899e-12 -1.81899e-12 -3.63798e-12 -1.81899e-12            0  2.72848e-12 -1.81899e-12 -4.54747e-12 -1.81899e-12 -9.09495e-13  3.63798e-12  9.09495e-13  1.81899e-12 -4.54747e-12 -9.09495e-13  9.09495e-13            0 -6.36646e-12 -3.63798e-12  9.09495e-13 -1.81899e-12            0  9.09495e-13  1.81899e-12  2.72848e-12  9.09495e-13  9.09495e-13  2.72848e-12            0  2.72848e-12  2.72848e-12            0            0  9.09495e-13 -1.81899e-12  1.81899e-12 -9.09495e-13  3.63798e-12  9.09495e-13 -9.09495e-13 -2.72848e-12            0 -1.81899e-12 -9.09495e-13 -1.81899e-12 -9.09495e-13 -3.63798e-12            0            0            0 -3.63798e-12 -9.09495e-13  1.81899e-12  2.72848e-12  1.81899e-12  9.09495e-13            0 -9.09495e-13  9.09495e-13 -1.81899e-12  2.72848e-12  1.81899e-12  4.54747e-11 -9.09495e-13 -2.72848e-12 -2.72848e-12  2.72848e-12  4.54747e-12            0  2.72848e-12  9.09495e-13  3.63798e-12 -9.09495e-13 -1.81899e-12 -9.09495e-13  4.54747e-12  2.72848e-12  9.09495e-13            0 -9.09495e-13  9.09495e-13  9.09495e-13  9.09495e-13  2.72848e-12 -3.63798e-12  9.09495e-13  2.72848e-12  9.09495e-13 -9.09495e-13            0            0 -9.09495e-13  2.72848e-12  1.81899e-12  1.81899e-12 -9.09495e-13  1.81899e-12  9.09495e-13 -2.72848e-12  2.72848e-12 -9.09495e-12  3.63798e-12 -3.63798e-12  2.72848e-12  2.72848e-12 -4.54747e-12 -1.81899e-12  1.81899e-12 -9.09495e-13  9.09495e-13 -1.81899e-12  9.09495e-13  2.72848e-12
Performance statistics:
function                                                                                                                                                                                          	 time [s]  	 #calls    	 GFlop/s DP	 GFlop/s SP	 GByte/s   	Flops/Byte
<PITTS::MultiVector<double>> :: void PITTS::block_TSQR(const MultiVector<T>&, Tensor2<T>&, int, bool, int) [with T = double](rows: 64000000, cols: 1024, reductionFactor: 25, colBlockingSize: 16)	 42.9404   	 5         	 16253.5   	 0         	 61.0493   	 266.236   
Timing statistics:
function                                                                                                                    	 time [s]  	 #calls    
<PITTS::MultiVector<double>> :: void PITTS::block_TSQR(const MultiVector<T>&, Tensor2<T>&, int, bool, int) [with T = double]	 42.9404   	 5         
<PITTS::Tensor2<double>> :: void PITTS::Tensor2<T>::resize(long long int, long long int, bool) [with T = double]            	 2.31e-06  	 1         
=== JOB_STATISTICS ===
=== current date     : Fri Mar 13 12:54:05 CET 2026
= Job-ID             : 304598 on helma
= Job-Name           : tsqr_benchmark_helma_cpu.sh
= Job-Command        : /home/hpc/ihpc/ihpc059h/pitts/bench/helma/tsqr_benchmark_helma_cpu.sh
= Initial workdir    : /home/hpc/ihpc/ihpc059h/pitts/bench/helma
= Queue/Partition    : cpu
= Slurm account      : ihpc with QOS=normal
= Requested resources: cpu=384,mem=748800M,node=1,billing=384 for 02:00:00
= Elapsed runtime    : 00:19:11
= Total RAM usage    : 521.6 GiB of assigned 731 GiB (71.4%)
= Node list          : h35-04
= Subm/Elig/Start/End: 2026-03-13T12:34:54 / 2026-03-13T12:34:54 / 2026-03-13T12:34:54 / 2026-03-13T12:54:05
======================
=== Quota statistics: unavailable. sorry.
======================
