random wtime: 1.4980435539910104
2025-09-21 23:37:24 WARNING:TensorToolbox.core.TensorTrainVec: MaxRank truncation. Cores 0-1. Required accuracy delta=1.311796e-07, accuracy met: 2.364892e+03
2025-09-21 23:37:26 WARNING:TensorToolbox.core.TensorTrainVec: MaxRank truncation. Cores 1-2. Required accuracy delta=1.311796e-07, accuracy met: 1.672147e+03
2025-09-21 23:37:27 WARNING:TensorToolbox.core.TensorTrainVec: MaxRank truncation. Cores 2-3. Required accuracy delta=1.311796e-07, accuracy met: 1.182554e+03
2025-09-21 23:37:27 WARNING:TensorToolbox.core.TensorTrainVec: MaxRank truncation. Cores 3-4. Required accuracy delta=1.311796e-07, accuracy met: 8.360947e+02
2025-09-21 23:37:28 WARNING:TensorToolbox.core.TensorTrainVec: MaxRank truncation. Cores 4-5. Required accuracy delta=1.311796e-07, accuracy met: 5.909543e+02
2025-09-21 23:37:28 WARNING:TensorToolbox.core.TensorTrainVec: MaxRank truncation. Cores 5-6. Required accuracy delta=1.311796e-07, accuracy met: 4.180350e+02
2025-09-21 23:37:28 WARNING:TensorToolbox.core.TensorTrainVec: MaxRank truncation. Cores 6-7. Required accuracy delta=1.311796e-07, accuracy met: 2.956305e+02
2025-09-21 23:37:28 WARNING:TensorToolbox.core.TensorTrainVec: MaxRank truncation. Cores 7-8. Required accuracy delta=1.311796e-07, accuracy met: 2.089626e+02
2025-09-21 23:37:28 WARNING:TensorToolbox.core.TensorTrainVec: MaxRank truncation. Cores 8-9. Required accuracy delta=1.311796e-07, accuracy met: 1.479645e+02
2025-09-21 23:37:28 WARNING:TensorToolbox.core.TensorTrainVec: MaxRank truncation. Cores 9-10. Required accuracy delta=1.311796e-07, accuracy met: 1.045748e+02
2025-09-21 23:37:28 WARNING:TensorToolbox.core.TensorTrainVec: MaxRank truncation. Cores 10-11. Required accuracy delta=1.311796e-07, accuracy met: 7.386785e+01
2025-09-21 23:37:28 WARNING:TensorToolbox.core.TensorTrainVec: MaxRank truncation. Cores 11-12. Required accuracy delta=1.311796e-07, accuracy met: 5.249786e+01
2025-09-21 23:37:28 WARNING:TensorToolbox.core.TensorTrainVec: MaxRank truncation. Cores 12-13. Required accuracy delta=1.311796e-07, accuracy met: 3.714279e+01
2025-09-21 23:37:28 WARNING:TensorToolbox.core.TensorTrainVec: MaxRank truncation. Cores 13-14. Required accuracy delta=1.311796e-07, accuracy met: 2.665340e+01
2025-09-21 23:37:28 WARNING:TensorToolbox.core.TensorTrainVec: MaxRank truncation. Cores 14-15. Required accuracy delta=1.311796e-07, accuracy met: 1.862771e+01
2025-09-21 23:37:28 WARNING:TensorToolbox.core.TensorTrainVec: MaxRank truncation. Cores 15-16. Required accuracy delta=1.311796e-07, accuracy met: 1.293899e+01
2025-09-21 23:37:28 WARNING:TensorToolbox.core.TensorTrainVec: MaxRank truncation. Cores 16-17. Required accuracy delta=1.311796e-07, accuracy met: 9.250803e+00
2025-09-21 23:37:28 WARNING:TensorToolbox.core.TensorTrainVec: MaxRank truncation. Cores 17-18. Required accuracy delta=1.311796e-07, accuracy met: 6.662242e+00
2025-09-21 23:37:28 WARNING:TensorToolbox.core.TensorTrainVec: MaxRank truncation. Cores 18-19. Required accuracy delta=1.311796e-07, accuracy met: 4.612553e+00
2025-09-21 23:37:28 WARNING:TensorToolbox.core.TensorTrainVec: MaxRank truncation. Cores 19-20. Required accuracy delta=1.311796e-07, accuracy met: 3.257685e+00
2025-09-21 23:37:28 WARNING:TensorToolbox.core.TensorTrainVec: MaxRank truncation. Cores 20-21. Required accuracy delta=1.311796e-07, accuracy met: 2.144199e+00
2025-09-21 23:37:28 WARNING:TensorToolbox.core.TensorTrainVec: MaxRank truncation. Cores 21-22. Required accuracy delta=1.311796e-07, accuracy met: 1.870719e+00
2025-09-21 23:37:28 WARNING:TensorToolbox.core.TensorTrainVec: MaxRank truncation. Cores 22-23. Required accuracy delta=1.311796e-07, accuracy met: 1.167801e+00
2025-09-21 23:37:28 WARNING:TensorToolbox.core.TensorTrainVec: MaxRank truncation. Cores 23-24. Required accuracy delta=1.311796e-07, accuracy met: 6.762757e-01
2025-09-21 23:37:28 WARNING:TensorToolbox.core.TensorTrainVec: MaxRank truncation. Cores 24-25. Required accuracy delta=1.311796e-07, accuracy met: 4.485138e-01
2025-09-21 23:37:28 WARNING:TensorToolbox.core.TensorTrainVec: MaxRank truncation. Cores 25-26. Required accuracy delta=1.311796e-07, accuracy met: 3.149268e-01
tt_from_dense wtime: 8.850856510005542
2025-09-21 23:37:33 WARNING:TensorToolbox.core.TensorTrainVec: MaxRank truncation. Cores 0-1. Required accuracy delta=1.311796e-07, accuracy met: 2.364892e+03
2025-09-21 23:37:35 WARNING:TensorToolbox.core.TensorTrainVec: MaxRank truncation. Cores 1-2. Required accuracy delta=1.311796e-07, accuracy met: 1.672147e+03
2025-09-21 23:37:36 WARNING:TensorToolbox.core.TensorTrainVec: MaxRank truncation. Cores 2-3. Required accuracy delta=1.311796e-07, accuracy met: 1.182554e+03
2025-09-21 23:37:36 WARNING:TensorToolbox.core.TensorTrainVec: MaxRank truncation. Cores 3-4. Required accuracy delta=1.311796e-07, accuracy met: 8.360947e+02
2025-09-21 23:37:37 WARNING:TensorToolbox.core.TensorTrainVec: MaxRank truncation. Cores 4-5. Required accuracy delta=1.311796e-07, accuracy met: 5.909543e+02
2025-09-21 23:37:37 WARNING:TensorToolbox.core.TensorTrainVec: MaxRank truncation. Cores 5-6. Required accuracy delta=1.311796e-07, accuracy met: 4.180350e+02
2025-09-21 23:37:37 WARNING:TensorToolbox.core.TensorTrainVec: MaxRank truncation. Cores 6-7. Required accuracy delta=1.311796e-07, accuracy met: 2.956305e+02
2025-09-21 23:37:37 WARNING:TensorToolbox.core.TensorTrainVec: MaxRank truncation. Cores 7-8. Required accuracy delta=1.311796e-07, accuracy met: 2.089626e+02
2025-09-21 23:37:37 WARNING:TensorToolbox.core.TensorTrainVec: MaxRank truncation. Cores 8-9. Required accuracy delta=1.311796e-07, accuracy met: 1.479645e+02
2025-09-21 23:37:37 WARNING:TensorToolbox.core.TensorTrainVec: MaxRank truncation. Cores 9-10. Required accuracy delta=1.311796e-07, accuracy met: 1.045748e+02
2025-09-21 23:37:37 WARNING:TensorToolbox.core.TensorTrainVec: MaxRank truncation. Cores 10-11. Required accuracy delta=1.311796e-07, accuracy met: 7.386785e+01
2025-09-21 23:37:37 WARNING:TensorToolbox.core.TensorTrainVec: MaxRank truncation. Cores 11-12. Required accuracy delta=1.311796e-07, accuracy met: 5.249786e+01
2025-09-21 23:37:37 WARNING:TensorToolbox.core.TensorTrainVec: MaxRank truncation. Cores 12-13. Required accuracy delta=1.311796e-07, accuracy met: 3.714279e+01
2025-09-21 23:37:37 WARNING:TensorToolbox.core.TensorTrainVec: MaxRank truncation. Cores 13-14. Required accuracy delta=1.311796e-07, accuracy met: 2.665340e+01
2025-09-21 23:37:37 WARNING:TensorToolbox.core.TensorTrainVec: MaxRank truncation. Cores 14-15. Required accuracy delta=1.311796e-07, accuracy met: 1.862771e+01
2025-09-21 23:37:37 WARNING:TensorToolbox.core.TensorTrainVec: MaxRank truncation. Cores 15-16. Required accuracy delta=1.311796e-07, accuracy met: 1.293899e+01
2025-09-21 23:37:37 WARNING:TensorToolbox.core.TensorTrainVec: MaxRank truncation. Cores 16-17. Required accuracy delta=1.311796e-07, accuracy met: 9.250803e+00
2025-09-21 23:37:37 WARNING:TensorToolbox.core.TensorTrainVec: MaxRank truncation. Cores 17-18. Required accuracy delta=1.311796e-07, accuracy met: 6.662242e+00
2025-09-21 23:37:37 WARNING:TensorToolbox.core.TensorTrainVec: MaxRank truncation. Cores 18-19. Required accuracy delta=1.311796e-07, accuracy met: 4.612553e+00
2025-09-21 23:37:37 WARNING:TensorToolbox.core.TensorTrainVec: MaxRank truncation. Cores 19-20. Required accuracy delta=1.311796e-07, accuracy met: 3.257685e+00
2025-09-21 23:37:37 WARNING:TensorToolbox.core.TensorTrainVec: MaxRank truncation. Cores 20-21. Required accuracy delta=1.311796e-07, accuracy met: 2.144199e+00
2025-09-21 23:37:37 WARNING:TensorToolbox.core.TensorTrainVec: MaxRank truncation. Cores 21-22. Required accuracy delta=1.311796e-07, accuracy met: 1.870719e+00
2025-09-21 23:37:37 WARNING:TensorToolbox.core.TensorTrainVec: MaxRank truncation. Cores 22-23. Required accuracy delta=1.311796e-07, accuracy met: 1.167801e+00
2025-09-21 23:37:37 WARNING:TensorToolbox.core.TensorTrainVec: MaxRank truncation. Cores 23-24. Required accuracy delta=1.311796e-07, accuracy met: 6.762757e-01
2025-09-21 23:37:37 WARNING:TensorToolbox.core.TensorTrainVec: MaxRank truncation. Cores 24-25. Required accuracy delta=1.311796e-07, accuracy met: 4.485138e-01
2025-09-21 23:37:37 WARNING:TensorToolbox.core.TensorTrainVec: MaxRank truncation. Cores 25-26. Required accuracy delta=1.311796e-07, accuracy met: 3.149268e-01
tt_from_dense wtime: 8.833916613992187
random wtime: 1.389100469998084
2025-09-21 23:37:47 WARNING:TensorToolbox.core.TensorTrainVec: MaxRank truncation. Cores 1-2. Required accuracy delta=1.311717e-07, accuracy met: 2.364658e+03
2025-09-21 23:37:49 WARNING:TensorToolbox.core.TensorTrainVec: MaxRank truncation. Cores 2-3. Required accuracy delta=1.311717e-07, accuracy met: 1.672050e+03
2025-09-21 23:37:50 WARNING:TensorToolbox.core.TensorTrainVec: MaxRank truncation. Cores 3-4. Required accuracy delta=1.311717e-07, accuracy met: 1.182418e+03
2025-09-21 23:37:51 WARNING:TensorToolbox.core.TensorTrainVec: MaxRank truncation. Cores 4-5. Required accuracy delta=1.311717e-07, accuracy met: 8.363678e+02
2025-09-21 23:37:51 WARNING:TensorToolbox.core.TensorTrainVec: MaxRank truncation. Cores 5-6. Required accuracy delta=1.311717e-07, accuracy met: 5.914053e+02
2025-09-21 23:37:51 WARNING:TensorToolbox.core.TensorTrainVec: MaxRank truncation. Cores 6-7. Required accuracy delta=1.311717e-07, accuracy met: 4.184285e+02
2025-09-21 23:37:51 WARNING:TensorToolbox.core.TensorTrainVec: MaxRank truncation. Cores 7-8. Required accuracy delta=1.311717e-07, accuracy met: 2.955417e+02
2025-09-21 23:37:52 WARNING:TensorToolbox.core.TensorTrainVec: MaxRank truncation. Cores 8-9. Required accuracy delta=1.311717e-07, accuracy met: 2.095139e+02
2025-09-21 23:37:52 WARNING:TensorToolbox.core.TensorTrainVec: MaxRank truncation. Cores 9-10. Required accuracy delta=1.311717e-07, accuracy met: 1.482132e+02
2025-09-21 23:37:52 WARNING:TensorToolbox.core.TensorTrainVec: MaxRank truncation. Cores 10-11. Required accuracy delta=1.311717e-07, accuracy met: 1.046325e+02
2025-09-21 23:37:52 WARNING:TensorToolbox.core.TensorTrainVec: MaxRank truncation. Cores 11-12. Required accuracy delta=1.311717e-07, accuracy met: 7.413225e+01
2025-09-21 23:37:52 WARNING:TensorToolbox.core.TensorTrainVec: MaxRank truncation. Cores 12-13. Required accuracy delta=1.311717e-07, accuracy met: 5.255998e+01
2025-09-21 23:37:52 WARNING:TensorToolbox.core.TensorTrainVec: MaxRank truncation. Cores 13-14. Required accuracy delta=1.311717e-07, accuracy met: 3.709503e+01
2025-09-21 23:37:52 WARNING:TensorToolbox.core.TensorTrainVec: MaxRank truncation. Cores 14-15. Required accuracy delta=1.311717e-07, accuracy met: 2.618405e+01
2025-09-21 23:37:52 WARNING:TensorToolbox.core.TensorTrainVec: MaxRank truncation. Cores 15-16. Required accuracy delta=1.311717e-07, accuracy met: 1.884812e+01
2025-09-21 23:37:52 WARNING:TensorToolbox.core.TensorTrainVec: MaxRank truncation. Cores 16-17. Required accuracy delta=1.311717e-07, accuracy met: 1.339382e+01
2025-09-21 23:37:52 WARNING:TensorToolbox.core.TensorTrainVec: MaxRank truncation. Cores 17-18. Required accuracy delta=1.311717e-07, accuracy met: 9.468480e+00
2025-09-21 23:37:52 WARNING:TensorToolbox.core.TensorTrainVec: MaxRank truncation. Cores 18-19. Required accuracy delta=1.311717e-07, accuracy met: 6.449964e+00
2025-09-21 23:37:52 WARNING:TensorToolbox.core.TensorTrainVec: MaxRank truncation. Cores 19-20. Required accuracy delta=1.311717e-07, accuracy met: 4.788538e+00
2025-09-21 23:37:52 WARNING:TensorToolbox.core.TensorTrainVec: MaxRank truncation. Cores 20-21. Required accuracy delta=1.311717e-07, accuracy met: 3.395999e+00
2025-09-21 23:37:52 WARNING:TensorToolbox.core.TensorTrainVec: MaxRank truncation. Cores 21-22. Required accuracy delta=1.311717e-07, accuracy met: 2.592285e+00
2025-09-21 23:37:52 WARNING:TensorToolbox.core.TensorTrainVec: MaxRank truncation. Cores 22-23. Required accuracy delta=1.311717e-07, accuracy met: 1.770100e+00
2025-09-21 23:37:52 WARNING:TensorToolbox.core.TensorTrainVec: MaxRank truncation. Cores 23-24. Required accuracy delta=1.311717e-07, accuracy met: 1.412556e+00
2025-09-21 23:37:52 WARNING:TensorToolbox.core.TensorTrainVec: MaxRank truncation. Cores 24-25. Required accuracy delta=1.311717e-07, accuracy met: 6.434871e-01
tt_from_dense wtime: 12.772969951998675
2025-09-21 23:38:00 WARNING:TensorToolbox.core.TensorTrainVec: MaxRank truncation. Cores 1-2. Required accuracy delta=1.311717e-07, accuracy met: 2.364658e+03
2025-09-21 23:38:02 WARNING:TensorToolbox.core.TensorTrainVec: MaxRank truncation. Cores 2-3. Required accuracy delta=1.311717e-07, accuracy met: 1.672050e+03
2025-09-21 23:38:03 WARNING:TensorToolbox.core.TensorTrainVec: MaxRank truncation. Cores 3-4. Required accuracy delta=1.311717e-07, accuracy met: 1.182418e+03
2025-09-21 23:38:04 WARNING:TensorToolbox.core.TensorTrainVec: MaxRank truncation. Cores 4-5. Required accuracy delta=1.311717e-07, accuracy met: 8.363678e+02
2025-09-21 23:38:04 WARNING:TensorToolbox.core.TensorTrainVec: MaxRank truncation. Cores 5-6. Required accuracy delta=1.311717e-07, accuracy met: 5.914053e+02
2025-09-21 23:38:04 WARNING:TensorToolbox.core.TensorTrainVec: MaxRank truncation. Cores 6-7. Required accuracy delta=1.311717e-07, accuracy met: 4.184285e+02
2025-09-21 23:38:04 WARNING:TensorToolbox.core.TensorTrainVec: MaxRank truncation. Cores 7-8. Required accuracy delta=1.311717e-07, accuracy met: 2.955417e+02
2025-09-21 23:38:04 WARNING:TensorToolbox.core.TensorTrainVec: MaxRank truncation. Cores 8-9. Required accuracy delta=1.311717e-07, accuracy met: 2.095139e+02
2025-09-21 23:38:04 WARNING:TensorToolbox.core.TensorTrainVec: MaxRank truncation. Cores 9-10. Required accuracy delta=1.311717e-07, accuracy met: 1.482132e+02
2025-09-21 23:38:04 WARNING:TensorToolbox.core.TensorTrainVec: MaxRank truncation. Cores 10-11. Required accuracy delta=1.311717e-07, accuracy met: 1.046325e+02
2025-09-21 23:38:04 WARNING:TensorToolbox.core.TensorTrainVec: MaxRank truncation. Cores 11-12. Required accuracy delta=1.311717e-07, accuracy met: 7.413225e+01
2025-09-21 23:38:04 WARNING:TensorToolbox.core.TensorTrainVec: MaxRank truncation. Cores 12-13. Required accuracy delta=1.311717e-07, accuracy met: 5.255998e+01
2025-09-21 23:38:04 WARNING:TensorToolbox.core.TensorTrainVec: MaxRank truncation. Cores 13-14. Required accuracy delta=1.311717e-07, accuracy met: 3.709503e+01
2025-09-21 23:38:04 WARNING:TensorToolbox.core.TensorTrainVec: MaxRank truncation. Cores 14-15. Required accuracy delta=1.311717e-07, accuracy met: 2.618405e+01
2025-09-21 23:38:04 WARNING:TensorToolbox.core.TensorTrainVec: MaxRank truncation. Cores 15-16. Required accuracy delta=1.311717e-07, accuracy met: 1.884812e+01
2025-09-21 23:38:04 WARNING:TensorToolbox.core.TensorTrainVec: MaxRank truncation. Cores 16-17. Required accuracy delta=1.311717e-07, accuracy met: 1.339382e+01
2025-09-21 23:38:04 WARNING:TensorToolbox.core.TensorTrainVec: MaxRank truncation. Cores 17-18. Required accuracy delta=1.311717e-07, accuracy met: 9.468480e+00
2025-09-21 23:38:04 WARNING:TensorToolbox.core.TensorTrainVec: MaxRank truncation. Cores 18-19. Required accuracy delta=1.311717e-07, accuracy met: 6.449964e+00
2025-09-21 23:38:04 WARNING:TensorToolbox.core.TensorTrainVec: MaxRank truncation. Cores 19-20. Required accuracy delta=1.311717e-07, accuracy met: 4.788538e+00
2025-09-21 23:38:04 WARNING:TensorToolbox.core.TensorTrainVec: MaxRank truncation. Cores 20-21. Required accuracy delta=1.311717e-07, accuracy met: 3.395999e+00
2025-09-21 23:38:04 WARNING:TensorToolbox.core.TensorTrainVec: MaxRank truncation. Cores 21-22. Required accuracy delta=1.311717e-07, accuracy met: 2.592285e+00
2025-09-21 23:38:04 WARNING:TensorToolbox.core.TensorTrainVec: MaxRank truncation. Cores 22-23. Required accuracy delta=1.311717e-07, accuracy met: 1.770100e+00
2025-09-21 23:38:04 WARNING:TensorToolbox.core.TensorTrainVec: MaxRank truncation. Cores 23-24. Required accuracy delta=1.311717e-07, accuracy met: 1.412556e+00
2025-09-21 23:38:04 WARNING:TensorToolbox.core.TensorTrainVec: MaxRank truncation. Cores 24-25. Required accuracy delta=1.311717e-07, accuracy met: 6.434871e-01
tt_from_dense wtime: 12.778809155992349
random wtime: 1.4799700750008924
2025-09-21 23:38:15 WARNING:TensorToolbox.core.TensorTrainVec: MaxRank truncation. Cores 1-2. Required accuracy delta=1.311776e-07, accuracy met: 1.671890e+03
2025-09-21 23:38:19 WARNING:TensorToolbox.core.TensorTrainVec: MaxRank truncation. Cores 2-3. Required accuracy delta=1.311776e-07, accuracy met: 2.047763e+03
2025-09-21 23:38:20 WARNING:TensorToolbox.core.TensorTrainVec: MaxRank truncation. Cores 3-4. Required accuracy delta=1.311776e-07, accuracy met: 1.448372e+03
2025-09-21 23:38:21 WARNING:TensorToolbox.core.TensorTrainVec: MaxRank truncation. Cores 4-5. Required accuracy delta=1.311776e-07, accuracy met: 1.024073e+03
2025-09-21 23:38:22 WARNING:TensorToolbox.core.TensorTrainVec: MaxRank truncation. Cores 5-6. Required accuracy delta=1.311776e-07, accuracy met: 7.242678e+02
2025-09-21 23:38:22 WARNING:TensorToolbox.core.TensorTrainVec: MaxRank truncation. Cores 6-7. Required accuracy delta=1.311776e-07, accuracy met: 5.121937e+02
2025-09-21 23:38:22 WARNING:TensorToolbox.core.TensorTrainVec: MaxRank truncation. Cores 7-8. Required accuracy delta=1.311776e-07, accuracy met: 3.621950e+02
2025-09-21 23:38:22 WARNING:TensorToolbox.core.TensorTrainVec: MaxRank truncation. Cores 8-9. Required accuracy delta=1.311776e-07, accuracy met: 2.562562e+02
2025-09-21 23:38:22 WARNING:TensorToolbox.core.TensorTrainVec: MaxRank truncation. Cores 9-10. Required accuracy delta=1.311776e-07, accuracy met: 1.813914e+02
2025-09-21 23:38:22 WARNING:TensorToolbox.core.TensorTrainVec: MaxRank truncation. Cores 10-11. Required accuracy delta=1.311776e-07, accuracy met: 1.284640e+02
2025-09-21 23:38:22 WARNING:TensorToolbox.core.TensorTrainVec: MaxRank truncation. Cores 11-12. Required accuracy delta=1.311776e-07, accuracy met: 9.090118e+01
2025-09-21 23:38:22 WARNING:TensorToolbox.core.TensorTrainVec: MaxRank truncation. Cores 12-13. Required accuracy delta=1.311776e-07, accuracy met: 6.450024e+01
2025-09-21 23:38:22 WARNING:TensorToolbox.core.TensorTrainVec: MaxRank truncation. Cores 13-14. Required accuracy delta=1.311776e-07, accuracy met: 4.561074e+01
2025-09-21 23:38:22 WARNING:TensorToolbox.core.TensorTrainVec: MaxRank truncation. Cores 14-15. Required accuracy delta=1.311776e-07, accuracy met: 3.211929e+01
2025-09-21 23:38:22 WARNING:TensorToolbox.core.TensorTrainVec: MaxRank truncation. Cores 15-16. Required accuracy delta=1.311776e-07, accuracy met: 2.299611e+01
2025-09-21 23:38:22 WARNING:TensorToolbox.core.TensorTrainVec: MaxRank truncation. Cores 16-17. Required accuracy delta=1.311776e-07, accuracy met: 1.641961e+01
2025-09-21 23:38:22 WARNING:TensorToolbox.core.TensorTrainVec: MaxRank truncation. Cores 17-18. Required accuracy delta=1.311776e-07, accuracy met: 1.175190e+01
2025-09-21 23:38:22 WARNING:TensorToolbox.core.TensorTrainVec: MaxRank truncation. Cores 18-19. Required accuracy delta=1.311776e-07, accuracy met: 8.483587e+00
2025-09-21 23:38:22 WARNING:TensorToolbox.core.TensorTrainVec: MaxRank truncation. Cores 19-20. Required accuracy delta=1.311776e-07, accuracy met: 5.898184e+00
2025-09-21 23:38:22 WARNING:TensorToolbox.core.TensorTrainVec: MaxRank truncation. Cores 20-21. Required accuracy delta=1.311776e-07, accuracy met: 4.248586e+00
2025-09-21 23:38:22 WARNING:TensorToolbox.core.TensorTrainVec: MaxRank truncation. Cores 21-22. Required accuracy delta=1.311776e-07, accuracy met: 3.005602e+00
2025-09-21 23:38:22 WARNING:TensorToolbox.core.TensorTrainVec: MaxRank truncation. Cores 22-23. Required accuracy delta=1.311776e-07, accuracy met: 2.542866e+00
2025-09-21 23:38:22 WARNING:TensorToolbox.core.TensorTrainVec: MaxRank truncation. Cores 23-24. Required accuracy delta=1.311776e-07, accuracy met: 1.690412e+00
2025-09-21 23:38:22 WARNING:TensorToolbox.core.TensorTrainVec: MaxRank truncation. Cores 24-25. Required accuracy delta=1.311776e-07, accuracy met: 4.848129e-01
tt_from_dense wtime: 15.322702586010564
2025-09-21 23:38:31 WARNING:TensorToolbox.core.TensorTrainVec: MaxRank truncation. Cores 1-2. Required accuracy delta=1.311776e-07, accuracy met: 1.671890e+03
2025-09-21 23:38:34 WARNING:TensorToolbox.core.TensorTrainVec: MaxRank truncation. Cores 2-3. Required accuracy delta=1.311776e-07, accuracy met: 2.047763e+03
2025-09-21 23:38:36 WARNING:TensorToolbox.core.TensorTrainVec: MaxRank truncation. Cores 3-4. Required accuracy delta=1.311776e-07, accuracy met: 1.448372e+03
2025-09-21 23:38:36 WARNING:TensorToolbox.core.TensorTrainVec: MaxRank truncation. Cores 4-5. Required accuracy delta=1.311776e-07, accuracy met: 1.024073e+03
2025-09-21 23:38:37 WARNING:TensorToolbox.core.TensorTrainVec: MaxRank truncation. Cores 5-6. Required accuracy delta=1.311776e-07, accuracy met: 7.242678e+02
2025-09-21 23:38:37 WARNING:TensorToolbox.core.TensorTrainVec: MaxRank truncation. Cores 6-7. Required accuracy delta=1.311776e-07, accuracy met: 5.121937e+02
2025-09-21 23:38:37 WARNING:TensorToolbox.core.TensorTrainVec: MaxRank truncation. Cores 7-8. Required accuracy delta=1.311776e-07, accuracy met: 3.621950e+02
2025-09-21 23:38:37 WARNING:TensorToolbox.core.TensorTrainVec: MaxRank truncation. Cores 8-9. Required accuracy delta=1.311776e-07, accuracy met: 2.562562e+02
2025-09-21 23:38:37 WARNING:TensorToolbox.core.TensorTrainVec: MaxRank truncation. Cores 9-10. Required accuracy delta=1.311776e-07, accuracy met: 1.813914e+02
2025-09-21 23:38:37 WARNING:TensorToolbox.core.TensorTrainVec: MaxRank truncation. Cores 10-11. Required accuracy delta=1.311776e-07, accuracy met: 1.284640e+02
2025-09-21 23:38:37 WARNING:TensorToolbox.core.TensorTrainVec: MaxRank truncation. Cores 11-12. Required accuracy delta=1.311776e-07, accuracy met: 9.090118e+01
2025-09-21 23:38:37 WARNING:TensorToolbox.core.TensorTrainVec: MaxRank truncation. Cores 12-13. Required accuracy delta=1.311776e-07, accuracy met: 6.450024e+01
2025-09-21 23:38:37 WARNING:TensorToolbox.core.TensorTrainVec: MaxRank truncation. Cores 13-14. Required accuracy delta=1.311776e-07, accuracy met: 4.561074e+01
2025-09-21 23:38:37 WARNING:TensorToolbox.core.TensorTrainVec: MaxRank truncation. Cores 14-15. Required accuracy delta=1.311776e-07, accuracy met: 3.211929e+01
2025-09-21 23:38:37 WARNING:TensorToolbox.core.TensorTrainVec: MaxRank truncation. Cores 15-16. Required accuracy delta=1.311776e-07, accuracy met: 2.299611e+01
2025-09-21 23:38:37 WARNING:TensorToolbox.core.TensorTrainVec: MaxRank truncation. Cores 16-17. Required accuracy delta=1.311776e-07, accuracy met: 1.641961e+01
2025-09-21 23:38:37 WARNING:TensorToolbox.core.TensorTrainVec: MaxRank truncation. Cores 17-18. Required accuracy delta=1.311776e-07, accuracy met: 1.175190e+01
2025-09-21 23:38:37 WARNING:TensorToolbox.core.TensorTrainVec: MaxRank truncation. Cores 18-19. Required accuracy delta=1.311776e-07, accuracy met: 8.483587e+00
2025-09-21 23:38:37 WARNING:TensorToolbox.core.TensorTrainVec: MaxRank truncation. Cores 19-20. Required accuracy delta=1.311776e-07, accuracy met: 5.898184e+00
2025-09-21 23:38:37 WARNING:TensorToolbox.core.TensorTrainVec: MaxRank truncation. Cores 20-21. Required accuracy delta=1.311776e-07, accuracy met: 4.248586e+00
2025-09-21 23:38:37 WARNING:TensorToolbox.core.TensorTrainVec: MaxRank truncation. Cores 21-22. Required accuracy delta=1.311776e-07, accuracy met: 3.005602e+00
2025-09-21 23:38:37 WARNING:TensorToolbox.core.TensorTrainVec: MaxRank truncation. Cores 22-23. Required accuracy delta=1.311776e-07, accuracy met: 2.542866e+00
2025-09-21 23:38:37 WARNING:TensorToolbox.core.TensorTrainVec: MaxRank truncation. Cores 23-24. Required accuracy delta=1.311776e-07, accuracy met: 1.690412e+00
2025-09-21 23:38:37 WARNING:TensorToolbox.core.TensorTrainVec: MaxRank truncation. Cores 24-25. Required accuracy delta=1.311776e-07, accuracy met: 4.848129e-01
tt_from_dense wtime: 15.282377345996792
random wtime: 1.3760245140001643
2025-09-21 23:38:53 WARNING:TensorToolbox.core.TensorTrainVec: MaxRank truncation. Cores 2-3. Required accuracy delta=1.311703e-07, accuracy met: 2.364487e+03
2025-09-21 23:38:56 WARNING:TensorToolbox.core.TensorTrainVec: MaxRank truncation. Cores 3-4. Required accuracy delta=1.311703e-07, accuracy met: 1.672167e+03
2025-09-21 23:38:57 WARNING:TensorToolbox.core.TensorTrainVec: MaxRank truncation. Cores 4-5. Required accuracy delta=1.311703e-07, accuracy met: 1.182517e+03
2025-09-21 23:38:57 WARNING:TensorToolbox.core.TensorTrainVec: MaxRank truncation. Cores 5-6. Required accuracy delta=1.311703e-07, accuracy met: 8.362589e+02
2025-09-21 23:38:58 WARNING:TensorToolbox.core.TensorTrainVec: MaxRank truncation. Cores 6-7. Required accuracy delta=1.311703e-07, accuracy met: 5.917932e+02
2025-09-21 23:38:58 WARNING:TensorToolbox.core.TensorTrainVec: MaxRank truncation. Cores 7-8. Required accuracy delta=1.311703e-07, accuracy met: 4.185843e+02
2025-09-21 23:38:58 WARNING:TensorToolbox.core.TensorTrainVec: MaxRank truncation. Cores 8-9. Required accuracy delta=1.311703e-07, accuracy met: 2.964061e+02
2025-09-21 23:38:58 WARNING:TensorToolbox.core.TensorTrainVec: MaxRank truncation. Cores 9-10. Required accuracy delta=1.311703e-07, accuracy met: 2.097511e+02
2025-09-21 23:38:58 WARNING:TensorToolbox.core.TensorTrainVec: MaxRank truncation. Cores 10-11. Required accuracy delta=1.311703e-07, accuracy met: 1.484033e+02
2025-09-21 23:38:58 WARNING:TensorToolbox.core.TensorTrainVec: MaxRank truncation. Cores 11-12. Required accuracy delta=1.311703e-07, accuracy met: 1.051670e+02
2025-09-21 23:38:58 WARNING:TensorToolbox.core.TensorTrainVec: MaxRank truncation. Cores 12-13. Required accuracy delta=1.311703e-07, accuracy met: 7.457683e+01
2025-09-21 23:38:58 WARNING:TensorToolbox.core.TensorTrainVec: MaxRank truncation. Cores 13-14. Required accuracy delta=1.311703e-07, accuracy met: 5.280449e+01
2025-09-21 23:38:58 WARNING:TensorToolbox.core.TensorTrainVec: MaxRank truncation. Cores 14-15. Required accuracy delta=1.311703e-07, accuracy met: 3.742732e+01
2025-09-21 23:38:58 WARNING:TensorToolbox.core.TensorTrainVec: MaxRank truncation. Cores 15-16. Required accuracy delta=1.311703e-07, accuracy met: 2.672133e+01
2025-09-21 23:38:58 WARNING:TensorToolbox.core.TensorTrainVec: MaxRank truncation. Cores 16-17. Required accuracy delta=1.311703e-07, accuracy met: 1.901333e+01
2025-09-21 23:38:58 WARNING:TensorToolbox.core.TensorTrainVec: MaxRank truncation. Cores 17-18. Required accuracy delta=1.311703e-07, accuracy met: 1.356823e+01
2025-09-21 23:38:58 WARNING:TensorToolbox.core.TensorTrainVec: MaxRank truncation. Cores 18-19. Required accuracy delta=1.311703e-07, accuracy met: 9.602247e+00
2025-09-21 23:38:58 WARNING:TensorToolbox.core.TensorTrainVec: MaxRank truncation. Cores 19-20. Required accuracy delta=1.311703e-07, accuracy met: 7.027647e+00
2025-09-21 23:38:58 WARNING:TensorToolbox.core.TensorTrainVec: MaxRank truncation. Cores 20-21. Required accuracy delta=1.311703e-07, accuracy met: 5.040211e+00
2025-09-21 23:38:58 WARNING:TensorToolbox.core.TensorTrainVec: MaxRank truncation. Cores 21-22. Required accuracy delta=1.311703e-07, accuracy met: 3.778183e+00
2025-09-21 23:38:58 WARNING:TensorToolbox.core.TensorTrainVec: MaxRank truncation. Cores 22-23. Required accuracy delta=1.311703e-07, accuracy met: 2.457793e+00
2025-09-21 23:38:58 WARNING:TensorToolbox.core.TensorTrainVec: MaxRank truncation. Cores 23-24. Required accuracy delta=1.311703e-07, accuracy met: 1.356256e+00
tt_from_dense wtime: 18.909688733998337
2025-09-21 23:39:12 WARNING:TensorToolbox.core.TensorTrainVec: MaxRank truncation. Cores 2-3. Required accuracy delta=1.311703e-07, accuracy met: 2.364487e+03
2025-09-21 23:39:14 WARNING:TensorToolbox.core.TensorTrainVec: MaxRank truncation. Cores 3-4. Required accuracy delta=1.311703e-07, accuracy met: 1.672167e+03
2025-09-21 23:39:16 WARNING:TensorToolbox.core.TensorTrainVec: MaxRank truncation. Cores 4-5. Required accuracy delta=1.311703e-07, accuracy met: 1.182517e+03
2025-09-21 23:39:16 WARNING:TensorToolbox.core.TensorTrainVec: MaxRank truncation. Cores 5-6. Required accuracy delta=1.311703e-07, accuracy met: 8.362589e+02
2025-09-21 23:39:17 WARNING:TensorToolbox.core.TensorTrainVec: MaxRank truncation. Cores 6-7. Required accuracy delta=1.311703e-07, accuracy met: 5.917932e+02
2025-09-21 23:39:17 WARNING:TensorToolbox.core.TensorTrainVec: MaxRank truncation. Cores 7-8. Required accuracy delta=1.311703e-07, accuracy met: 4.185843e+02
2025-09-21 23:39:17 WARNING:TensorToolbox.core.TensorTrainVec: MaxRank truncation. Cores 8-9. Required accuracy delta=1.311703e-07, accuracy met: 2.964061e+02
2025-09-21 23:39:17 WARNING:TensorToolbox.core.TensorTrainVec: MaxRank truncation. Cores 9-10. Required accuracy delta=1.311703e-07, accuracy met: 2.097511e+02
2025-09-21 23:39:17 WARNING:TensorToolbox.core.TensorTrainVec: MaxRank truncation. Cores 10-11. Required accuracy delta=1.311703e-07, accuracy met: 1.484033e+02
2025-09-21 23:39:17 WARNING:TensorToolbox.core.TensorTrainVec: MaxRank truncation. Cores 11-12. Required accuracy delta=1.311703e-07, accuracy met: 1.051670e+02
2025-09-21 23:39:17 WARNING:TensorToolbox.core.TensorTrainVec: MaxRank truncation. Cores 12-13. Required accuracy delta=1.311703e-07, accuracy met: 7.457683e+01
2025-09-21 23:39:17 WARNING:TensorToolbox.core.TensorTrainVec: MaxRank truncation. Cores 13-14. Required accuracy delta=1.311703e-07, accuracy met: 5.280449e+01
2025-09-21 23:39:17 WARNING:TensorToolbox.core.TensorTrainVec: MaxRank truncation. Cores 14-15. Required accuracy delta=1.311703e-07, accuracy met: 3.742732e+01
2025-09-21 23:39:17 WARNING:TensorToolbox.core.TensorTrainVec: MaxRank truncation. Cores 15-16. Required accuracy delta=1.311703e-07, accuracy met: 2.672133e+01
2025-09-21 23:39:17 WARNING:TensorToolbox.core.TensorTrainVec: MaxRank truncation. Cores 16-17. Required accuracy delta=1.311703e-07, accuracy met: 1.901333e+01
2025-09-21 23:39:17 WARNING:TensorToolbox.core.TensorTrainVec: MaxRank truncation. Cores 17-18. Required accuracy delta=1.311703e-07, accuracy met: 1.356823e+01
2025-09-21 23:39:17 WARNING:TensorToolbox.core.TensorTrainVec: MaxRank truncation. Cores 18-19. Required accuracy delta=1.311703e-07, accuracy met: 9.602247e+00
2025-09-21 23:39:17 WARNING:TensorToolbox.core.TensorTrainVec: MaxRank truncation. Cores 19-20. Required accuracy delta=1.311703e-07, accuracy met: 7.027647e+00
2025-09-21 23:39:17 WARNING:TensorToolbox.core.TensorTrainVec: MaxRank truncation. Cores 20-21. Required accuracy delta=1.311703e-07, accuracy met: 5.040211e+00
2025-09-21 23:39:17 WARNING:TensorToolbox.core.TensorTrainVec: MaxRank truncation. Cores 21-22. Required accuracy delta=1.311703e-07, accuracy met: 3.778183e+00
2025-09-21 23:39:17 WARNING:TensorToolbox.core.TensorTrainVec: MaxRank truncation. Cores 22-23. Required accuracy delta=1.311703e-07, accuracy met: 2.457793e+00
2025-09-21 23:39:17 WARNING:TensorToolbox.core.TensorTrainVec: MaxRank truncation. Cores 23-24. Required accuracy delta=1.311703e-07, accuracy met: 1.356256e+00
tt_from_dense wtime: 18.886752024001908
random wtime: 1.3868748319946462
2025-09-21 23:39:33 WARNING:TensorToolbox.core.TensorTrainVec: MaxRank truncation. Cores 2-3. Required accuracy delta=1.311815e-07, accuracy met: 2.047548e+03
2025-09-21 23:39:37 WARNING:TensorToolbox.core.TensorTrainVec: MaxRank truncation. Cores 3-4. Required accuracy delta=1.311815e-07, accuracy met: 1.869110e+03
2025-09-21 23:39:39 WARNING:TensorToolbox.core.TensorTrainVec: MaxRank truncation. Cores 4-5. Required accuracy delta=1.311815e-07, accuracy met: 1.321762e+03
2025-09-21 23:39:40 WARNING:TensorToolbox.core.TensorTrainVec: MaxRank truncation. Cores 5-6. Required accuracy delta=1.311815e-07, accuracy met: 9.351279e+02
2025-09-21 23:39:40 WARNING:TensorToolbox.core.TensorTrainVec: MaxRank truncation. Cores 6-7. Required accuracy delta=1.311815e-07, accuracy met: 6.619216e+02
2025-09-21 23:39:40 WARNING:TensorToolbox.core.TensorTrainVec: MaxRank truncation. Cores 7-8. Required accuracy delta=1.311815e-07, accuracy met: 4.681215e+02
2025-09-21 23:39:40 WARNING:TensorToolbox.core.TensorTrainVec: MaxRank truncation. Cores 8-9. Required accuracy delta=1.311815e-07, accuracy met: 3.313233e+02
2025-09-21 23:39:40 WARNING:TensorToolbox.core.TensorTrainVec: MaxRank truncation. Cores 9-10. Required accuracy delta=1.311815e-07, accuracy met: 2.344352e+02
2025-09-21 23:39:40 WARNING:TensorToolbox.core.TensorTrainVec: MaxRank truncation. Cores 10-11. Required accuracy delta=1.311815e-07, accuracy met: 1.660812e+02
2025-09-21 23:39:40 WARNING:TensorToolbox.core.TensorTrainVec: MaxRank truncation. Cores 11-12. Required accuracy delta=1.311815e-07, accuracy met: 1.176530e+02
2025-09-21 23:39:40 WARNING:TensorToolbox.core.TensorTrainVec: MaxRank truncation. Cores 12-13. Required accuracy delta=1.311815e-07, accuracy met: 8.355133e+01
2025-09-21 23:39:40 WARNING:TensorToolbox.core.TensorTrainVec: MaxRank truncation. Cores 13-14. Required accuracy delta=1.311815e-07, accuracy met: 5.934363e+01
2025-09-21 23:39:40 WARNING:TensorToolbox.core.TensorTrainVec: MaxRank truncation. Cores 14-15. Required accuracy delta=1.311815e-07, accuracy met: 4.203151e+01
2025-09-21 23:39:40 WARNING:TensorToolbox.core.TensorTrainVec: MaxRank truncation. Cores 15-16. Required accuracy delta=1.311815e-07, accuracy met: 3.008185e+01
2025-09-21 23:39:40 WARNING:TensorToolbox.core.TensorTrainVec: MaxRank truncation. Cores 16-17. Required accuracy delta=1.311815e-07, accuracy met: 2.174887e+01
2025-09-21 23:39:40 WARNING:TensorToolbox.core.TensorTrainVec: MaxRank truncation. Cores 17-18. Required accuracy delta=1.311815e-07, accuracy met: 1.565396e+01
2025-09-21 23:39:40 WARNING:TensorToolbox.core.TensorTrainVec: MaxRank truncation. Cores 18-19. Required accuracy delta=1.311815e-07, accuracy met: 1.125981e+01
2025-09-21 23:39:40 WARNING:TensorToolbox.core.TensorTrainVec: MaxRank truncation. Cores 19-20. Required accuracy delta=1.311815e-07, accuracy met: 7.989064e+00
2025-09-21 23:39:40 WARNING:TensorToolbox.core.TensorTrainVec: MaxRank truncation. Cores 20-21. Required accuracy delta=1.311815e-07, accuracy met: 5.799062e+00
2025-09-21 23:39:40 WARNING:TensorToolbox.core.TensorTrainVec: MaxRank truncation. Cores 21-22. Required accuracy delta=1.311815e-07, accuracy met: 3.943910e+00
2025-09-21 23:39:40 WARNING:TensorToolbox.core.TensorTrainVec: MaxRank truncation. Cores 22-23. Required accuracy delta=1.311815e-07, accuracy met: 2.838263e+00
2025-09-21 23:39:40 WARNING:TensorToolbox.core.TensorTrainVec: MaxRank truncation. Cores 23-24. Required accuracy delta=1.311815e-07, accuracy met: 1.815319e+00
tt_from_dense wtime: 21.348579022989725
2025-09-21 23:39:54 WARNING:TensorToolbox.core.TensorTrainVec: MaxRank truncation. Cores 2-3. Required accuracy delta=1.311815e-07, accuracy met: 2.047548e+03
2025-09-21 23:39:58 WARNING:TensorToolbox.core.TensorTrainVec: MaxRank truncation. Cores 3-4. Required accuracy delta=1.311815e-07, accuracy met: 1.869110e+03
2025-09-21 23:40:00 WARNING:TensorToolbox.core.TensorTrainVec: MaxRank truncation. Cores 4-5. Required accuracy delta=1.311815e-07, accuracy met: 1.321762e+03
2025-09-21 23:40:01 WARNING:TensorToolbox.core.TensorTrainVec: MaxRank truncation. Cores 5-6. Required accuracy delta=1.311815e-07, accuracy met: 9.351279e+02
2025-09-21 23:40:01 WARNING:TensorToolbox.core.TensorTrainVec: MaxRank truncation. Cores 6-7. Required accuracy delta=1.311815e-07, accuracy met: 6.619216e+02
2025-09-21 23:40:01 WARNING:TensorToolbox.core.TensorTrainVec: MaxRank truncation. Cores 7-8. Required accuracy delta=1.311815e-07, accuracy met: 4.681215e+02
2025-09-21 23:40:02 WARNING:TensorToolbox.core.TensorTrainVec: MaxRank truncation. Cores 8-9. Required accuracy delta=1.311815e-07, accuracy met: 3.313233e+02
2025-09-21 23:40:02 WARNING:TensorToolbox.core.TensorTrainVec: MaxRank truncation. Cores 9-10. Required accuracy delta=1.311815e-07, accuracy met: 2.344352e+02
2025-09-21 23:40:02 WARNING:TensorToolbox.core.TensorTrainVec: MaxRank truncation. Cores 10-11. Required accuracy delta=1.311815e-07, accuracy met: 1.660812e+02
2025-09-21 23:40:02 WARNING:TensorToolbox.core.TensorTrainVec: MaxRank truncation. Cores 11-12. Required accuracy delta=1.311815e-07, accuracy met: 1.176530e+02
2025-09-21 23:40:02 WARNING:TensorToolbox.core.TensorTrainVec: MaxRank truncation. Cores 12-13. Required accuracy delta=1.311815e-07, accuracy met: 8.355133e+01
2025-09-21 23:40:02 WARNING:TensorToolbox.core.TensorTrainVec: MaxRank truncation. Cores 13-14. Required accuracy delta=1.311815e-07, accuracy met: 5.934363e+01
2025-09-21 23:40:02 WARNING:TensorToolbox.core.TensorTrainVec: MaxRank truncation. Cores 14-15. Required accuracy delta=1.311815e-07, accuracy met: 4.203151e+01
2025-09-21 23:40:02 WARNING:TensorToolbox.core.TensorTrainVec: MaxRank truncation. Cores 15-16. Required accuracy delta=1.311815e-07, accuracy met: 3.008185e+01
2025-09-21 23:40:02 WARNING:TensorToolbox.core.TensorTrainVec: MaxRank truncation. Cores 16-17. Required accuracy delta=1.311815e-07, accuracy met: 2.174887e+01
2025-09-21 23:40:02 WARNING:TensorToolbox.core.TensorTrainVec: MaxRank truncation. Cores 17-18. Required accuracy delta=1.311815e-07, accuracy met: 1.565396e+01
2025-09-21 23:40:02 WARNING:TensorToolbox.core.TensorTrainVec: MaxRank truncation. Cores 18-19. Required accuracy delta=1.311815e-07, accuracy met: 1.125981e+01
2025-09-21 23:40:02 WARNING:TensorToolbox.core.TensorTrainVec: MaxRank truncation. Cores 19-20. Required accuracy delta=1.311815e-07, accuracy met: 7.989064e+00
2025-09-21 23:40:02 WARNING:TensorToolbox.core.TensorTrainVec: MaxRank truncation. Cores 20-21. Required accuracy delta=1.311815e-07, accuracy met: 5.799062e+00
2025-09-21 23:40:02 WARNING:TensorToolbox.core.TensorTrainVec: MaxRank truncation. Cores 21-22. Required accuracy delta=1.311815e-07, accuracy met: 3.943910e+00
2025-09-21 23:40:02 WARNING:TensorToolbox.core.TensorTrainVec: MaxRank truncation. Cores 22-23. Required accuracy delta=1.311815e-07, accuracy met: 2.838263e+00
2025-09-21 23:40:02 WARNING:TensorToolbox.core.TensorTrainVec: MaxRank truncation. Cores 23-24. Required accuracy delta=1.311815e-07, accuracy met: 1.815319e+00
tt_from_dense wtime: 21.151071450003656
random wtime: 1.3858792110113427
2025-09-21 23:40:17 WARNING:TensorToolbox.core.TensorTrainVec: MaxRank truncation. Cores 2-3. Required accuracy delta=1.311779e-07, accuracy met: 1.671430e+03
2025-09-21 23:40:22 WARNING:TensorToolbox.core.TensorTrainVec: MaxRank truncation. Cores 3-4. Required accuracy delta=1.311779e-07, accuracy met: 2.047261e+03
2025-09-21 23:40:24 WARNING:TensorToolbox.core.TensorTrainVec: MaxRank truncation. Cores 4-5. Required accuracy delta=1.311779e-07, accuracy met: 1.448039e+03
2025-09-21 23:40:26 WARNING:TensorToolbox.core.TensorTrainVec: MaxRank truncation. Cores 5-6. Required accuracy delta=1.311779e-07, accuracy met: 1.024404e+03
2025-09-21 23:40:26 WARNING:TensorToolbox.core.TensorTrainVec: MaxRank truncation. Cores 6-7. Required accuracy delta=1.311779e-07, accuracy met: 7.246900e+02
2025-09-21 23:40:27 WARNING:TensorToolbox.core.TensorTrainVec: MaxRank truncation. Cores 7-8. Required accuracy delta=1.311779e-07, accuracy met: 5.124731e+02
2025-09-21 23:40:27 WARNING:TensorToolbox.core.TensorTrainVec: MaxRank truncation. Cores 8-9. Required accuracy delta=1.311779e-07, accuracy met: 3.628168e+02
2025-09-21 23:40:27 WARNING:TensorToolbox.core.TensorTrainVec: MaxRank truncation. Cores 9-10. Required accuracy delta=1.311779e-07, accuracy met: 2.571230e+02
2025-09-21 23:40:27 WARNING:TensorToolbox.core.TensorTrainVec: MaxRank truncation. Cores 10-11. Required accuracy delta=1.311779e-07, accuracy met: 1.820154e+02
2025-09-21 23:40:27 WARNING:TensorToolbox.core.TensorTrainVec: MaxRank truncation. Cores 11-12. Required accuracy delta=1.311779e-07, accuracy met: 1.288129e+02
2025-09-21 23:40:27 WARNING:TensorToolbox.core.TensorTrainVec: MaxRank truncation. Cores 12-13. Required accuracy delta=1.311779e-07, accuracy met: 9.169113e+01
2025-09-21 23:40:27 WARNING:TensorToolbox.core.TensorTrainVec: MaxRank truncation. Cores 13-14. Required accuracy delta=1.311779e-07, accuracy met: 6.547284e+01
2025-09-21 23:40:27 WARNING:TensorToolbox.core.TensorTrainVec: MaxRank truncation. Cores 14-15. Required accuracy delta=1.311779e-07, accuracy met: 4.648714e+01
2025-09-21 23:40:27 WARNING:TensorToolbox.core.TensorTrainVec: MaxRank truncation. Cores 15-16. Required accuracy delta=1.311779e-07, accuracy met: 3.288201e+01
2025-09-21 23:40:27 WARNING:TensorToolbox.core.TensorTrainVec: MaxRank truncation. Cores 16-17. Required accuracy delta=1.311779e-07, accuracy met: 2.384775e+01
2025-09-21 23:40:27 WARNING:TensorToolbox.core.TensorTrainVec: MaxRank truncation. Cores 17-18. Required accuracy delta=1.311779e-07, accuracy met: 1.725771e+01
2025-09-21 23:40:27 WARNING:TensorToolbox.core.TensorTrainVec: MaxRank truncation. Cores 18-19. Required accuracy delta=1.311779e-07, accuracy met: 1.232155e+01
2025-09-21 23:40:27 WARNING:TensorToolbox.core.TensorTrainVec: MaxRank truncation. Cores 19-20. Required accuracy delta=1.311779e-07, accuracy met: 9.181004e+00
2025-09-21 23:40:27 WARNING:TensorToolbox.core.TensorTrainVec: MaxRank truncation. Cores 20-21. Required accuracy delta=1.311779e-07, accuracy met: 6.693566e+00
2025-09-21 23:40:27 WARNING:TensorToolbox.core.TensorTrainVec: MaxRank truncation. Cores 21-22. Required accuracy delta=1.311779e-07, accuracy met: 4.886384e+00
2025-09-21 23:40:27 WARNING:TensorToolbox.core.TensorTrainVec: MaxRank truncation. Cores 22-23. Required accuracy delta=1.311779e-07, accuracy met: 3.324987e+00
2025-09-21 23:40:27 WARNING:TensorToolbox.core.TensorTrainVec: MaxRank truncation. Cores 23-24. Required accuracy delta=1.311779e-07, accuracy met: 1.417563e+00
tt_from_dense wtime: 23.340269060005085
2025-09-21 23:40:40 WARNING:TensorToolbox.core.TensorTrainVec: MaxRank truncation. Cores 2-3. Required accuracy delta=1.311779e-07, accuracy met: 1.671430e+03
2025-09-21 23:40:45 WARNING:TensorToolbox.core.TensorTrainVec: MaxRank truncation. Cores 3-4. Required accuracy delta=1.311779e-07, accuracy met: 2.047261e+03
2025-09-21 23:40:48 WARNING:TensorToolbox.core.TensorTrainVec: MaxRank truncation. Cores 4-5. Required accuracy delta=1.311779e-07, accuracy met: 1.448039e+03
2025-09-21 23:40:49 WARNING:TensorToolbox.core.TensorTrainVec: MaxRank truncation. Cores 5-6. Required accuracy delta=1.311779e-07, accuracy met: 1.024404e+03
2025-09-21 23:40:50 WARNING:TensorToolbox.core.TensorTrainVec: MaxRank truncation. Cores 6-7. Required accuracy delta=1.311779e-07, accuracy met: 7.246900e+02
2025-09-21 23:40:50 WARNING:TensorToolbox.core.TensorTrainVec: MaxRank truncation. Cores 7-8. Required accuracy delta=1.311779e-07, accuracy met: 5.124731e+02
2025-09-21 23:40:50 WARNING:TensorToolbox.core.TensorTrainVec: MaxRank truncation. Cores 8-9. Required accuracy delta=1.311779e-07, accuracy met: 3.628168e+02
2025-09-21 23:40:50 WARNING:TensorToolbox.core.TensorTrainVec: MaxRank truncation. Cores 9-10. Required accuracy delta=1.311779e-07, accuracy met: 2.571230e+02
2025-09-21 23:40:50 WARNING:TensorToolbox.core.TensorTrainVec: MaxRank truncation. Cores 10-11. Required accuracy delta=1.311779e-07, accuracy met: 1.820154e+02
2025-09-21 23:40:50 WARNING:TensorToolbox.core.TensorTrainVec: MaxRank truncation. Cores 11-12. Required accuracy delta=1.311779e-07, accuracy met: 1.288129e+02
2025-09-21 23:40:50 WARNING:TensorToolbox.core.TensorTrainVec: MaxRank truncation. Cores 12-13. Required accuracy delta=1.311779e-07, accuracy met: 9.169113e+01
2025-09-21 23:40:50 WARNING:TensorToolbox.core.TensorTrainVec: MaxRank truncation. Cores 13-14. Required accuracy delta=1.311779e-07, accuracy met: 6.547284e+01
2025-09-21 23:40:50 WARNING:TensorToolbox.core.TensorTrainVec: MaxRank truncation. Cores 14-15. Required accuracy delta=1.311779e-07, accuracy met: 4.648714e+01
2025-09-21 23:40:50 WARNING:TensorToolbox.core.TensorTrainVec: MaxRank truncation. Cores 15-16. Required accuracy delta=1.311779e-07, accuracy met: 3.288201e+01
2025-09-21 23:40:50 WARNING:TensorToolbox.core.TensorTrainVec: MaxRank truncation. Cores 16-17. Required accuracy delta=1.311779e-07, accuracy met: 2.384775e+01
2025-09-21 23:40:50 WARNING:TensorToolbox.core.TensorTrainVec: MaxRank truncation. Cores 17-18. Required accuracy delta=1.311779e-07, accuracy met: 1.725771e+01
2025-09-21 23:40:50 WARNING:TensorToolbox.core.TensorTrainVec: MaxRank truncation. Cores 18-19. Required accuracy delta=1.311779e-07, accuracy met: 1.232155e+01
2025-09-21 23:40:50 WARNING:TensorToolbox.core.TensorTrainVec: MaxRank truncation. Cores 19-20. Required accuracy delta=1.311779e-07, accuracy met: 9.181004e+00
2025-09-21 23:40:50 WARNING:TensorToolbox.core.TensorTrainVec: MaxRank truncation. Cores 20-21. Required accuracy delta=1.311779e-07, accuracy met: 6.693566e+00
2025-09-21 23:40:50 WARNING:TensorToolbox.core.TensorTrainVec: MaxRank truncation. Cores 21-22. Required accuracy delta=1.311779e-07, accuracy met: 4.886384e+00
2025-09-21 23:40:50 WARNING:TensorToolbox.core.TensorTrainVec: MaxRank truncation. Cores 22-23. Required accuracy delta=1.311779e-07, accuracy met: 3.324987e+00
2025-09-21 23:40:50 WARNING:TensorToolbox.core.TensorTrainVec: MaxRank truncation. Cores 23-24. Required accuracy delta=1.311779e-07, accuracy met: 1.417563e+00
tt_from_dense wtime: 23.2945720370044
random wtime: 1.3936280830093892
2025-09-21 23:41:06 WARNING:TensorToolbox.core.TensorTrainVec: MaxRank truncation. Cores 2-3. Required accuracy delta=1.311828e-07, accuracy met: 1.181791e+03
2025-09-21 23:41:12 WARNING:TensorToolbox.core.TensorTrainVec: MaxRank truncation. Cores 3-4. Required accuracy delta=1.311828e-07, accuracy met: 2.211203e+03
2025-09-21 23:41:16 WARNING:TensorToolbox.core.TensorTrainVec: MaxRank truncation. Cores 4-5. Required accuracy delta=1.311828e-07, accuracy met: 1.563986e+03
2025-09-21 23:41:17 WARNING:TensorToolbox.core.TensorTrainVec: MaxRank truncation. Cores 5-6. Required accuracy delta=1.311828e-07, accuracy met: 1.106457e+03
2025-09-21 23:41:18 WARNING:TensorToolbox.core.TensorTrainVec: MaxRank truncation. Cores 6-7. Required accuracy delta=1.311828e-07, accuracy met: 7.826808e+02
2025-09-21 23:41:18 WARNING:TensorToolbox.core.TensorTrainVec: MaxRank truncation. Cores 7-8. Required accuracy delta=1.311828e-07, accuracy met: 5.539846e+02
2025-09-21 23:41:19 WARNING:TensorToolbox.core.TensorTrainVec: MaxRank truncation. Cores 8-9. Required accuracy delta=1.311828e-07, accuracy met: 3.921174e+02
2025-09-21 23:41:19 WARNING:TensorToolbox.core.TensorTrainVec: MaxRank truncation. Cores 9-10. Required accuracy delta=1.311828e-07, accuracy met: 2.774310e+02
2025-09-21 23:41:19 WARNING:TensorToolbox.core.TensorTrainVec: MaxRank truncation. Cores 10-11. Required accuracy delta=1.311828e-07, accuracy met: 1.966392e+02
2025-09-21 23:41:19 WARNING:TensorToolbox.core.TensorTrainVec: MaxRank truncation. Cores 11-12. Required accuracy delta=1.311828e-07, accuracy met: 1.394908e+02
2025-09-21 23:41:19 WARNING:TensorToolbox.core.TensorTrainVec: MaxRank truncation. Cores 12-13. Required accuracy delta=1.311828e-07, accuracy met: 9.895188e+01
2025-09-21 23:41:19 WARNING:TensorToolbox.core.TensorTrainVec: MaxRank truncation. Cores 13-14. Required accuracy delta=1.311828e-07, accuracy met: 7.067238e+01
2025-09-21 23:41:19 WARNING:TensorToolbox.core.TensorTrainVec: MaxRank truncation. Cores 14-15. Required accuracy delta=1.311828e-07, accuracy met: 5.026513e+01
2025-09-21 23:41:19 WARNING:TensorToolbox.core.TensorTrainVec: MaxRank truncation. Cores 15-16. Required accuracy delta=1.311828e-07, accuracy met: 3.600603e+01
2025-09-21 23:41:19 WARNING:TensorToolbox.core.TensorTrainVec: MaxRank truncation. Cores 16-17. Required accuracy delta=1.311828e-07, accuracy met: 2.566397e+01
2025-09-21 23:41:19 WARNING:TensorToolbox.core.TensorTrainVec: MaxRank truncation. Cores 17-18. Required accuracy delta=1.311828e-07, accuracy met: 1.866256e+01
2025-09-21 23:41:19 WARNING:TensorToolbox.core.TensorTrainVec: MaxRank truncation. Cores 18-19. Required accuracy delta=1.311828e-07, accuracy met: 1.377006e+01
2025-09-21 23:41:19 WARNING:TensorToolbox.core.TensorTrainVec: MaxRank truncation. Cores 19-20. Required accuracy delta=1.311828e-07, accuracy met: 9.763716e+00
2025-09-21 23:41:19 WARNING:TensorToolbox.core.TensorTrainVec: MaxRank truncation. Cores 20-21. Required accuracy delta=1.311828e-07, accuracy met: 6.943238e+00
2025-09-21 23:41:19 WARNING:TensorToolbox.core.TensorTrainVec: MaxRank truncation. Cores 21-22. Required accuracy delta=1.311828e-07, accuracy met: 5.112051e+00
2025-09-21 23:41:19 WARNING:TensorToolbox.core.TensorTrainVec: MaxRank truncation. Cores 22-23. Required accuracy delta=1.311828e-07, accuracy met: 3.397167e+00
2025-09-21 23:41:19 WARNING:TensorToolbox.core.TensorTrainVec: MaxRank truncation. Cores 23-24. Required accuracy delta=1.311828e-07, accuracy met: 8.973529e-01
tt_from_dense wtime: 26.557365725006093
2025-09-21 23:41:32 WARNING:TensorToolbox.core.TensorTrainVec: MaxRank truncation. Cores 2-3. Required accuracy delta=1.311828e-07, accuracy met: 1.181791e+03
2025-09-21 23:41:39 WARNING:TensorToolbox.core.TensorTrainVec: MaxRank truncation. Cores 3-4. Required accuracy delta=1.311828e-07, accuracy met: 2.211203e+03
2025-09-21 23:41:42 WARNING:TensorToolbox.core.TensorTrainVec: MaxRank truncation. Cores 4-5. Required accuracy delta=1.311828e-07, accuracy met: 1.563986e+03
2025-09-21 23:41:44 WARNING:TensorToolbox.core.TensorTrainVec: MaxRank truncation. Cores 5-6. Required accuracy delta=1.311828e-07, accuracy met: 1.106457e+03
2025-09-21 23:41:44 WARNING:TensorToolbox.core.TensorTrainVec: MaxRank truncation. Cores 6-7. Required accuracy delta=1.311828e-07, accuracy met: 7.826808e+02
2025-09-21 23:41:45 WARNING:TensorToolbox.core.TensorTrainVec: MaxRank truncation. Cores 7-8. Required accuracy delta=1.311828e-07, accuracy met: 5.539846e+02
2025-09-21 23:41:45 WARNING:TensorToolbox.core.TensorTrainVec: MaxRank truncation. Cores 8-9. Required accuracy delta=1.311828e-07, accuracy met: 3.921174e+02
2025-09-21 23:41:45 WARNING:TensorToolbox.core.TensorTrainVec: MaxRank truncation. Cores 9-10. Required accuracy delta=1.311828e-07, accuracy met: 2.774310e+02
2025-09-21 23:41:45 WARNING:TensorToolbox.core.TensorTrainVec: MaxRank truncation. Cores 10-11. Required accuracy delta=1.311828e-07, accuracy met: 1.966392e+02
2025-09-21 23:41:45 WARNING:TensorToolbox.core.TensorTrainVec: MaxRank truncation. Cores 11-12. Required accuracy delta=1.311828e-07, accuracy met: 1.394908e+02
2025-09-21 23:41:45 WARNING:TensorToolbox.core.TensorTrainVec: MaxRank truncation. Cores 12-13. Required accuracy delta=1.311828e-07, accuracy met: 9.895188e+01
2025-09-21 23:41:45 WARNING:TensorToolbox.core.TensorTrainVec: MaxRank truncation. Cores 13-14. Required accuracy delta=1.311828e-07, accuracy met: 7.067238e+01
2025-09-21 23:41:45 WARNING:TensorToolbox.core.TensorTrainVec: MaxRank truncation. Cores 14-15. Required accuracy delta=1.311828e-07, accuracy met: 5.026513e+01
2025-09-21 23:41:45 WARNING:TensorToolbox.core.TensorTrainVec: MaxRank truncation. Cores 15-16. Required accuracy delta=1.311828e-07, accuracy met: 3.600603e+01
2025-09-21 23:41:45 WARNING:TensorToolbox.core.TensorTrainVec: MaxRank truncation. Cores 16-17. Required accuracy delta=1.311828e-07, accuracy met: 2.566397e+01
2025-09-21 23:41:45 WARNING:TensorToolbox.core.TensorTrainVec: MaxRank truncation. Cores 17-18. Required accuracy delta=1.311828e-07, accuracy met: 1.866256e+01
2025-09-21 23:41:45 WARNING:TensorToolbox.core.TensorTrainVec: MaxRank truncation. Cores 18-19. Required accuracy delta=1.311828e-07, accuracy met: 1.377006e+01
2025-09-21 23:41:45 WARNING:TensorToolbox.core.TensorTrainVec: MaxRank truncation. Cores 19-20. Required accuracy delta=1.311828e-07, accuracy met: 9.763716e+00
2025-09-21 23:41:45 WARNING:TensorToolbox.core.TensorTrainVec: MaxRank truncation. Cores 20-21. Required accuracy delta=1.311828e-07, accuracy met: 6.943238e+00
2025-09-21 23:41:45 WARNING:TensorToolbox.core.TensorTrainVec: MaxRank truncation. Cores 21-22. Required accuracy delta=1.311828e-07, accuracy met: 5.112051e+00
2025-09-21 23:41:45 WARNING:TensorToolbox.core.TensorTrainVec: MaxRank truncation. Cores 22-23. Required accuracy delta=1.311828e-07, accuracy met: 3.397167e+00
2025-09-21 23:41:45 WARNING:TensorToolbox.core.TensorTrainVec: MaxRank truncation. Cores 23-24. Required accuracy delta=1.311828e-07, accuracy met: 8.973529e-01
tt_from_dense wtime: 26.19676861699554
random wtime: 1.3792764249956235
2025-09-21 23:42:09 WARNING:TensorToolbox.core.TensorTrainVec: MaxRank truncation. Cores 3-4. Required accuracy delta=1.311707e-07, accuracy met: 2.363471e+03
2025-09-21 23:42:13 WARNING:TensorToolbox.core.TensorTrainVec: MaxRank truncation. Cores 4-5. Required accuracy delta=1.311707e-07, accuracy met: 1.671753e+03
2025-09-21 23:42:15 WARNING:TensorToolbox.core.TensorTrainVec: MaxRank truncation. Cores 5-6. Required accuracy delta=1.311707e-07, accuracy met: 1.182952e+03
2025-09-21 23:42:16 WARNING:TensorToolbox.core.TensorTrainVec: MaxRank truncation. Cores 6-7. Required accuracy delta=1.311707e-07, accuracy met: 8.368860e+02
2025-09-21 23:42:17 WARNING:TensorToolbox.core.TensorTrainVec: MaxRank truncation. Cores 7-8. Required accuracy delta=1.311707e-07, accuracy met: 5.920762e+02
2025-09-21 23:42:17 WARNING:TensorToolbox.core.TensorTrainVec: MaxRank truncation. Cores 8-9. Required accuracy delta=1.311707e-07, accuracy met: 4.190987e+02
2025-09-21 23:42:17 WARNING:TensorToolbox.core.TensorTrainVec: MaxRank truncation. Cores 9-10. Required accuracy delta=1.311707e-07, accuracy met: 2.968030e+02
2025-09-21 23:42:17 WARNING:TensorToolbox.core.TensorTrainVec: MaxRank truncation. Cores 10-11. Required accuracy delta=1.311707e-07, accuracy met: 2.102727e+02
2025-09-21 23:42:17 WARNING:TensorToolbox.core.TensorTrainVec: MaxRank truncation. Cores 11-12. Required accuracy delta=1.311707e-07, accuracy met: 1.491717e+02
2025-09-21 23:42:17 WARNING:TensorToolbox.core.TensorTrainVec: MaxRank truncation. Cores 12-13. Required accuracy delta=1.311707e-07, accuracy met: 1.060652e+02
2025-09-21 23:42:17 WARNING:TensorToolbox.core.TensorTrainVec: MaxRank truncation. Cores 13-14. Required accuracy delta=1.311707e-07, accuracy met: 7.534626e+01
2025-09-21 23:42:17 WARNING:TensorToolbox.core.TensorTrainVec: MaxRank truncation. Cores 14-15. Required accuracy delta=1.311707e-07, accuracy met: 5.371618e+01
2025-09-21 23:42:17 WARNING:TensorToolbox.core.TensorTrainVec: MaxRank truncation. Cores 15-16. Required accuracy delta=1.311707e-07, accuracy met: 3.834545e+01
2025-09-21 23:42:17 WARNING:TensorToolbox.core.TensorTrainVec: MaxRank truncation. Cores 16-17. Required accuracy delta=1.311707e-07, accuracy met: 2.770052e+01
2025-09-21 23:42:17 WARNING:TensorToolbox.core.TensorTrainVec: MaxRank truncation. Cores 17-18. Required accuracy delta=1.311707e-07, accuracy met: 2.007575e+01
2025-09-21 23:42:17 WARNING:TensorToolbox.core.TensorTrainVec: MaxRank truncation. Cores 18-19. Required accuracy delta=1.311707e-07, accuracy met: 1.463378e+01
2025-09-21 23:42:17 WARNING:TensorToolbox.core.TensorTrainVec: MaxRank truncation. Cores 19-20. Required accuracy delta=1.311707e-07, accuracy met: 1.042117e+01
2025-09-21 23:42:17 WARNING:TensorToolbox.core.TensorTrainVec: MaxRank truncation. Cores 20-21. Required accuracy delta=1.311707e-07, accuracy met: 7.851578e+00
2025-09-21 23:42:17 WARNING:TensorToolbox.core.TensorTrainVec: MaxRank truncation. Cores 21-22. Required accuracy delta=1.311707e-07, accuracy met: 5.436413e+00
2025-09-21 23:42:17 WARNING:TensorToolbox.core.TensorTrainVec: MaxRank truncation. Cores 22-23. Required accuracy delta=1.311707e-07, accuracy met: 3.391339e+00
tt_from_dense wtime: 30.265006510002422
2025-09-21 23:42:39 WARNING:TensorToolbox.core.TensorTrainVec: MaxRank truncation. Cores 3-4. Required accuracy delta=1.311707e-07, accuracy met: 2.363471e+03
2025-09-21 23:42:43 WARNING:TensorToolbox.core.TensorTrainVec: MaxRank truncation. Cores 4-5. Required accuracy delta=1.311707e-07, accuracy met: 1.671753e+03
2025-09-21 23:42:46 WARNING:TensorToolbox.core.TensorTrainVec: MaxRank truncation. Cores 5-6. Required accuracy delta=1.311707e-07, accuracy met: 1.182952e+03
2025-09-21 23:42:47 WARNING:TensorToolbox.core.TensorTrainVec: MaxRank truncation. Cores 6-7. Required accuracy delta=1.311707e-07, accuracy met: 8.368860e+02
2025-09-21 23:42:47 WARNING:TensorToolbox.core.TensorTrainVec: MaxRank truncation. Cores 7-8. Required accuracy delta=1.311707e-07, accuracy met: 5.920762e+02
2025-09-21 23:42:47 WARNING:TensorToolbox.core.TensorTrainVec: MaxRank truncation. Cores 8-9. Required accuracy delta=1.311707e-07, accuracy met: 4.190987e+02
2025-09-21 23:42:47 WARNING:TensorToolbox.core.TensorTrainVec: MaxRank truncation. Cores 9-10. Required accuracy delta=1.311707e-07, accuracy met: 2.968030e+02
2025-09-21 23:42:47 WARNING:TensorToolbox.core.TensorTrainVec: MaxRank truncation. Cores 10-11. Required accuracy delta=1.311707e-07, accuracy met: 2.102727e+02
2025-09-21 23:42:47 WARNING:TensorToolbox.core.TensorTrainVec: MaxRank truncation. Cores 11-12. Required accuracy delta=1.311707e-07, accuracy met: 1.491717e+02
2025-09-21 23:42:47 WARNING:TensorToolbox.core.TensorTrainVec: MaxRank truncation. Cores 12-13. Required accuracy delta=1.311707e-07, accuracy met: 1.060652e+02
2025-09-21 23:42:47 WARNING:TensorToolbox.core.TensorTrainVec: MaxRank truncation. Cores 13-14. Required accuracy delta=1.311707e-07, accuracy met: 7.534626e+01
2025-09-21 23:42:47 WARNING:TensorToolbox.core.TensorTrainVec: MaxRank truncation. Cores 14-15. Required accuracy delta=1.311707e-07, accuracy met: 5.371618e+01
2025-09-21 23:42:47 WARNING:TensorToolbox.core.TensorTrainVec: MaxRank truncation. Cores 15-16. Required accuracy delta=1.311707e-07, accuracy met: 3.834545e+01
2025-09-21 23:42:47 WARNING:TensorToolbox.core.TensorTrainVec: MaxRank truncation. Cores 16-17. Required accuracy delta=1.311707e-07, accuracy met: 2.770052e+01
2025-09-21 23:42:47 WARNING:TensorToolbox.core.TensorTrainVec: MaxRank truncation. Cores 17-18. Required accuracy delta=1.311707e-07, accuracy met: 2.007575e+01
2025-09-21 23:42:47 WARNING:TensorToolbox.core.TensorTrainVec: MaxRank truncation. Cores 18-19. Required accuracy delta=1.311707e-07, accuracy met: 1.463378e+01
2025-09-21 23:42:47 WARNING:TensorToolbox.core.TensorTrainVec: MaxRank truncation. Cores 19-20. Required accuracy delta=1.311707e-07, accuracy met: 1.042117e+01
2025-09-21 23:42:47 WARNING:TensorToolbox.core.TensorTrainVec: MaxRank truncation. Cores 20-21. Required accuracy delta=1.311707e-07, accuracy met: 7.851578e+00
2025-09-21 23:42:47 WARNING:TensorToolbox.core.TensorTrainVec: MaxRank truncation. Cores 21-22. Required accuracy delta=1.311707e-07, accuracy met: 5.436413e+00
2025-09-21 23:42:47 WARNING:TensorToolbox.core.TensorTrainVec: MaxRank truncation. Cores 22-23. Required accuracy delta=1.311707e-07, accuracy met: 3.391339e+00
tt_from_dense wtime: 30.316446847005864
random wtime: 1.3900528679951094
2025-09-21 23:43:12 WARNING:TensorToolbox.core.TensorTrainVec: MaxRank truncation. Cores 3-4. Required accuracy delta=1.311811e-07, accuracy met: 2.210852e+03
2025-09-21 23:43:17 WARNING:TensorToolbox.core.TensorTrainVec: MaxRank truncation. Cores 4-5. Required accuracy delta=1.311811e-07, accuracy met: 1.773237e+03
2025-09-21 23:43:19 WARNING:TensorToolbox.core.TensorTrainVec: MaxRank truncation. Cores 5-6. Required accuracy delta=1.311811e-07, accuracy met: 1.254549e+03
2025-09-21 23:43:20 WARNING:TensorToolbox.core.TensorTrainVec: MaxRank truncation. Cores 6-7. Required accuracy delta=1.311811e-07, accuracy met: 8.876400e+02
2025-09-21 23:43:21 WARNING:TensorToolbox.core.TensorTrainVec: MaxRank truncation. Cores 7-8. Required accuracy delta=1.311811e-07, accuracy met: 6.280447e+02
2025-09-21 23:43:21 WARNING:TensorToolbox.core.TensorTrainVec: MaxRank truncation. Cores 8-9. Required accuracy delta=1.311811e-07, accuracy met: 4.444786e+02
2025-09-21 23:43:21 WARNING:TensorToolbox.core.TensorTrainVec: MaxRank truncation. Cores 9-10. Required accuracy delta=1.311811e-07, accuracy met: 3.149079e+02
2025-09-21 23:43:21 WARNING:TensorToolbox.core.TensorTrainVec: MaxRank truncation. Cores 10-11. Required accuracy delta=1.311811e-07, accuracy met: 2.231674e+02
2025-09-21 23:43:21 WARNING:TensorToolbox.core.TensorTrainVec: MaxRank truncation. Cores 11-12. Required accuracy delta=1.311811e-07, accuracy met: 1.585033e+02
2025-09-21 23:43:21 WARNING:TensorToolbox.core.TensorTrainVec: MaxRank truncation. Cores 12-13. Required accuracy delta=1.311811e-07, accuracy met: 1.124983e+02
2025-09-21 23:43:21 WARNING:TensorToolbox.core.TensorTrainVec: MaxRank truncation. Cores 13-14. Required accuracy delta=1.311811e-07, accuracy met: 7.991137e+01
2025-09-21 23:43:21 WARNING:TensorToolbox.core.TensorTrainVec: MaxRank truncation. Cores 14-15. Required accuracy delta=1.311811e-07, accuracy met: 5.710420e+01
2025-09-21 23:43:21 WARNING:TensorToolbox.core.TensorTrainVec: MaxRank truncation. Cores 15-16. Required accuracy delta=1.311811e-07, accuracy met: 4.083418e+01
2025-09-21 23:43:21 WARNING:TensorToolbox.core.TensorTrainVec: MaxRank truncation. Cores 16-17. Required accuracy delta=1.311811e-07, accuracy met: 2.926674e+01
2025-09-21 23:43:21 WARNING:TensorToolbox.core.TensorTrainVec: MaxRank truncation. Cores 17-18. Required accuracy delta=1.311811e-07, accuracy met: 2.136981e+01
2025-09-21 23:43:21 WARNING:TensorToolbox.core.TensorTrainVec: MaxRank truncation. Cores 18-19. Required accuracy delta=1.311811e-07, accuracy met: 1.563578e+01
2025-09-21 23:43:21 WARNING:TensorToolbox.core.TensorTrainVec: MaxRank truncation. Cores 19-20. Required accuracy delta=1.311811e-07, accuracy met: 1.112955e+01
2025-09-21 23:43:21 WARNING:TensorToolbox.core.TensorTrainVec: MaxRank truncation. Cores 20-21. Required accuracy delta=1.311811e-07, accuracy met: 7.846409e+00
2025-09-21 23:43:21 WARNING:TensorToolbox.core.TensorTrainVec: MaxRank truncation. Cores 21-22. Required accuracy delta=1.311811e-07, accuracy met: 5.809645e+00
2025-09-21 23:43:21 WARNING:TensorToolbox.core.TensorTrainVec: MaxRank truncation. Cores 22-23. Required accuracy delta=1.311811e-07, accuracy met: 3.474822e+00
tt_from_dense wtime: 31.84665850199235
2025-09-21 23:43:44 WARNING:TensorToolbox.core.TensorTrainVec: MaxRank truncation. Cores 3-4. Required accuracy delta=1.311811e-07, accuracy met: 2.210852e+03
2025-09-21 23:43:48 WARNING:TensorToolbox.core.TensorTrainVec: MaxRank truncation. Cores 4-5. Required accuracy delta=1.311811e-07, accuracy met: 1.773237e+03
2025-09-21 23:43:51 WARNING:TensorToolbox.core.TensorTrainVec: MaxRank truncation. Cores 5-6. Required accuracy delta=1.311811e-07, accuracy met: 1.254549e+03
2025-09-21 23:43:52 WARNING:TensorToolbox.core.TensorTrainVec: MaxRank truncation. Cores 6-7. Required accuracy delta=1.311811e-07, accuracy met: 8.876400e+02
2025-09-21 23:43:53 WARNING:TensorToolbox.core.TensorTrainVec: MaxRank truncation. Cores 7-8. Required accuracy delta=1.311811e-07, accuracy met: 6.280447e+02
2025-09-21 23:43:53 WARNING:TensorToolbox.core.TensorTrainVec: MaxRank truncation. Cores 8-9. Required accuracy delta=1.311811e-07, accuracy met: 4.444786e+02
2025-09-21 23:43:53 WARNING:TensorToolbox.core.TensorTrainVec: MaxRank truncation. Cores 9-10. Required accuracy delta=1.311811e-07, accuracy met: 3.149079e+02
2025-09-21 23:43:53 WARNING:TensorToolbox.core.TensorTrainVec: MaxRank truncation. Cores 10-11. Required accuracy delta=1.311811e-07, accuracy met: 2.231674e+02
2025-09-21 23:43:53 WARNING:TensorToolbox.core.TensorTrainVec: MaxRank truncation. Cores 11-12. Required accuracy delta=1.311811e-07, accuracy met: 1.585033e+02
2025-09-21 23:43:53 WARNING:TensorToolbox.core.TensorTrainVec: MaxRank truncation. Cores 12-13. Required accuracy delta=1.311811e-07, accuracy met: 1.124983e+02
2025-09-21 23:43:53 WARNING:TensorToolbox.core.TensorTrainVec: MaxRank truncation. Cores 13-14. Required accuracy delta=1.311811e-07, accuracy met: 7.991137e+01
2025-09-21 23:43:53 WARNING:TensorToolbox.core.TensorTrainVec: MaxRank truncation. Cores 14-15. Required accuracy delta=1.311811e-07, accuracy met: 5.710420e+01
2025-09-21 23:43:53 WARNING:TensorToolbox.core.TensorTrainVec: MaxRank truncation. Cores 15-16. Required accuracy delta=1.311811e-07, accuracy met: 4.083418e+01
2025-09-21 23:43:53 WARNING:TensorToolbox.core.TensorTrainVec: MaxRank truncation. Cores 16-17. Required accuracy delta=1.311811e-07, accuracy met: 2.926674e+01
2025-09-21 23:43:53 WARNING:TensorToolbox.core.TensorTrainVec: MaxRank truncation. Cores 17-18. Required accuracy delta=1.311811e-07, accuracy met: 2.136981e+01
2025-09-21 23:43:53 WARNING:TensorToolbox.core.TensorTrainVec: MaxRank truncation. Cores 18-19. Required accuracy delta=1.311811e-07, accuracy met: 1.563578e+01
2025-09-21 23:43:53 WARNING:TensorToolbox.core.TensorTrainVec: MaxRank truncation. Cores 19-20. Required accuracy delta=1.311811e-07, accuracy met: 1.112955e+01
2025-09-21 23:43:53 WARNING:TensorToolbox.core.TensorTrainVec: MaxRank truncation. Cores 20-21. Required accuracy delta=1.311811e-07, accuracy met: 7.846409e+00
2025-09-21 23:43:53 WARNING:TensorToolbox.core.TensorTrainVec: MaxRank truncation. Cores 21-22. Required accuracy delta=1.311811e-07, accuracy met: 5.809645e+00
2025-09-21 23:43:53 WARNING:TensorToolbox.core.TensorTrainVec: MaxRank truncation. Cores 22-23. Required accuracy delta=1.311811e-07, accuracy met: 3.474822e+00
tt_from_dense wtime: 31.494990901992423
random wtime: 1.5157463479990838
2025-09-21 23:44:18 WARNING:TensorToolbox.core.TensorTrainVec: MaxRank truncation. Cores 3-4. Required accuracy delta=1.311705e-07, accuracy met: 2.046739e+03
2025-09-21 23:44:24 WARNING:TensorToolbox.core.TensorTrainVec: MaxRank truncation. Cores 4-5. Required accuracy delta=1.311705e-07, accuracy met: 1.868978e+03
2025-09-21 23:44:27 WARNING:TensorToolbox.core.TensorTrainVec: MaxRank truncation. Cores 5-6. Required accuracy delta=1.311705e-07, accuracy met: 1.321859e+03
2025-09-21 23:44:28 WARNING:TensorToolbox.core.TensorTrainVec: MaxRank truncation. Cores 6-7. Required accuracy delta=1.311705e-07, accuracy met: 9.353410e+02
2025-09-21 23:44:29 WARNING:TensorToolbox.core.TensorTrainVec: MaxRank truncation. Cores 7-8. Required accuracy delta=1.311705e-07, accuracy met: 6.620288e+02
2025-09-21 23:44:29 WARNING:TensorToolbox.core.TensorTrainVec: MaxRank truncation. Cores 8-9. Required accuracy delta=1.311705e-07, accuracy met: 4.685323e+02
2025-09-21 23:44:29 WARNING:TensorToolbox.core.TensorTrainVec: MaxRank truncation. Cores 9-10. Required accuracy delta=1.311705e-07, accuracy met: 3.321677e+02
2025-09-21 23:44:29 WARNING:TensorToolbox.core.TensorTrainVec: MaxRank truncation. Cores 10-11. Required accuracy delta=1.311705e-07, accuracy met: 2.356134e+02
2025-09-21 23:44:29 WARNING:TensorToolbox.core.TensorTrainVec: MaxRank truncation. Cores 11-12. Required accuracy delta=1.311705e-07, accuracy met: 1.674220e+02
2025-09-21 23:44:29 WARNING:TensorToolbox.core.TensorTrainVec: MaxRank truncation. Cores 12-13. Required accuracy delta=1.311705e-07, accuracy met: 1.185434e+02
2025-09-21 23:44:29 WARNING:TensorToolbox.core.TensorTrainVec: MaxRank truncation. Cores 13-14. Required accuracy delta=1.311705e-07, accuracy met: 8.449646e+01
2025-09-21 23:44:29 WARNING:TensorToolbox.core.TensorTrainVec: MaxRank truncation. Cores 14-15. Required accuracy delta=1.311705e-07, accuracy met: 6.036339e+01
2025-09-21 23:44:29 WARNING:TensorToolbox.core.TensorTrainVec: MaxRank truncation. Cores 15-16. Required accuracy delta=1.311705e-07, accuracy met: 4.324257e+01
2025-09-21 23:44:29 WARNING:TensorToolbox.core.TensorTrainVec: MaxRank truncation. Cores 16-17. Required accuracy delta=1.311705e-07, accuracy met: 3.115170e+01
2025-09-21 23:44:29 WARNING:TensorToolbox.core.TensorTrainVec: MaxRank truncation. Cores 17-18. Required accuracy delta=1.311705e-07, accuracy met: 2.262500e+01
2025-09-21 23:44:29 WARNING:TensorToolbox.core.TensorTrainVec: MaxRank truncation. Cores 18-19. Required accuracy delta=1.311705e-07, accuracy met: 1.620154e+01
2025-09-21 23:44:29 WARNING:TensorToolbox.core.TensorTrainVec: MaxRank truncation. Cores 19-20. Required accuracy delta=1.311705e-07, accuracy met: 1.220037e+01
2025-09-21 23:44:29 WARNING:TensorToolbox.core.TensorTrainVec: MaxRank truncation. Cores 20-21. Required accuracy delta=1.311705e-07, accuracy met: 8.516041e+00
2025-09-21 23:44:29 WARNING:TensorToolbox.core.TensorTrainVec: MaxRank truncation. Cores 21-22. Required accuracy delta=1.311705e-07, accuracy met: 6.339022e+00
2025-09-21 23:44:29 WARNING:TensorToolbox.core.TensorTrainVec: MaxRank truncation. Cores 22-23. Required accuracy delta=1.311705e-07, accuracy met: 3.061221e+00
tt_from_dense wtime: 33.587984108002274
2025-09-21 23:44:51 WARNING:TensorToolbox.core.TensorTrainVec: MaxRank truncation. Cores 3-4. Required accuracy delta=1.311705e-07, accuracy met: 2.046739e+03
2025-09-21 23:44:57 WARNING:TensorToolbox.core.TensorTrainVec: MaxRank truncation. Cores 4-5. Required accuracy delta=1.311705e-07, accuracy met: 1.868978e+03
2025-09-21 23:45:00 WARNING:TensorToolbox.core.TensorTrainVec: MaxRank truncation. Cores 5-6. Required accuracy delta=1.311705e-07, accuracy met: 1.321859e+03
2025-09-21 23:45:01 WARNING:TensorToolbox.core.TensorTrainVec: MaxRank truncation. Cores 6-7. Required accuracy delta=1.311705e-07, accuracy met: 9.353410e+02
2025-09-21 23:45:02 WARNING:TensorToolbox.core.TensorTrainVec: MaxRank truncation. Cores 7-8. Required accuracy delta=1.311705e-07, accuracy met: 6.620288e+02
2025-09-21 23:45:02 WARNING:TensorToolbox.core.TensorTrainVec: MaxRank truncation. Cores 8-9. Required accuracy delta=1.311705e-07, accuracy met: 4.685323e+02
2025-09-21 23:45:02 WARNING:TensorToolbox.core.TensorTrainVec: MaxRank truncation. Cores 9-10. Required accuracy delta=1.311705e-07, accuracy met: 3.321677e+02
2025-09-21 23:45:02 WARNING:TensorToolbox.core.TensorTrainVec: MaxRank truncation. Cores 10-11. Required accuracy delta=1.311705e-07, accuracy met: 2.356134e+02
2025-09-21 23:45:02 WARNING:TensorToolbox.core.TensorTrainVec: MaxRank truncation. Cores 11-12. Required accuracy delta=1.311705e-07, accuracy met: 1.674220e+02
2025-09-21 23:45:02 WARNING:TensorToolbox.core.TensorTrainVec: MaxRank truncation. Cores 12-13. Required accuracy delta=1.311705e-07, accuracy met: 1.185434e+02
2025-09-21 23:45:02 WARNING:TensorToolbox.core.TensorTrainVec: MaxRank truncation. Cores 13-14. Required accuracy delta=1.311705e-07, accuracy met: 8.449646e+01
2025-09-21 23:45:02 WARNING:TensorToolbox.core.TensorTrainVec: MaxRank truncation. Cores 14-15. Required accuracy delta=1.311705e-07, accuracy met: 6.036339e+01
2025-09-21 23:45:02 WARNING:TensorToolbox.core.TensorTrainVec: MaxRank truncation. Cores 15-16. Required accuracy delta=1.311705e-07, accuracy met: 4.324257e+01
2025-09-21 23:45:02 WARNING:TensorToolbox.core.TensorTrainVec: MaxRank truncation. Cores 16-17. Required accuracy delta=1.311705e-07, accuracy met: 3.115170e+01
2025-09-21 23:45:02 WARNING:TensorToolbox.core.TensorTrainVec: MaxRank truncation. Cores 17-18. Required accuracy delta=1.311705e-07, accuracy met: 2.262500e+01
2025-09-21 23:45:02 WARNING:TensorToolbox.core.TensorTrainVec: MaxRank truncation. Cores 18-19. Required accuracy delta=1.311705e-07, accuracy met: 1.620154e+01
2025-09-21 23:45:02 WARNING:TensorToolbox.core.TensorTrainVec: MaxRank truncation. Cores 19-20. Required accuracy delta=1.311705e-07, accuracy met: 1.220037e+01
2025-09-21 23:45:02 WARNING:TensorToolbox.core.TensorTrainVec: MaxRank truncation. Cores 20-21. Required accuracy delta=1.311705e-07, accuracy met: 8.516041e+00
2025-09-21 23:45:02 WARNING:TensorToolbox.core.TensorTrainVec: MaxRank truncation. Cores 21-22. Required accuracy delta=1.311705e-07, accuracy met: 6.339022e+00
2025-09-21 23:45:02 WARNING:TensorToolbox.core.TensorTrainVec: MaxRank truncation. Cores 22-23. Required accuracy delta=1.311705e-07, accuracy met: 3.061221e+00
tt_from_dense wtime: 33.282093200003146
random wtime: 1.5092397510015871
2025-09-21 23:45:27 WARNING:TensorToolbox.core.TensorTrainVec: MaxRank truncation. Cores 3-4. Required accuracy delta=1.311744e-07, accuracy met: 1.868261e+03
2025-09-21 23:45:34 WARNING:TensorToolbox.core.TensorTrainVec: MaxRank truncation. Cores 4-5. Required accuracy delta=1.311744e-07, accuracy met: 1.959811e+03
2025-09-21 23:45:37 WARNING:TensorToolbox.core.TensorTrainVec: MaxRank truncation. Cores 5-6. Required accuracy delta=1.311744e-07, accuracy met: 1.386477e+03
2025-09-21 23:45:38 WARNING:TensorToolbox.core.TensorTrainVec: MaxRank truncation. Cores 6-7. Required accuracy delta=1.311744e-07, accuracy met: 9.809892e+02
2025-09-21 23:45:39 WARNING:TensorToolbox.core.TensorTrainVec: MaxRank truncation. Cores 7-8. Required accuracy delta=1.311744e-07, accuracy met: 6.944753e+02
2025-09-21 23:45:39 WARNING:TensorToolbox.core.TensorTrainVec: MaxRank truncation. Cores 8-9. Required accuracy delta=1.311744e-07, accuracy met: 4.916572e+02
2025-09-21 23:45:40 WARNING:TensorToolbox.core.TensorTrainVec: MaxRank truncation. Cores 9-10. Required accuracy delta=1.311744e-07, accuracy met: 3.482719e+02
2025-09-21 23:45:40 WARNING:TensorToolbox.core.TensorTrainVec: MaxRank truncation. Cores 10-11. Required accuracy delta=1.311744e-07, accuracy met: 2.470218e+02
2025-09-21 23:45:40 WARNING:TensorToolbox.core.TensorTrainVec: MaxRank truncation. Cores 11-12. Required accuracy delta=1.311744e-07, accuracy met: 1.750420e+02
2025-09-21 23:45:40 WARNING:TensorToolbox.core.TensorTrainVec: MaxRank truncation. Cores 12-13. Required accuracy delta=1.311744e-07, accuracy met: 1.245222e+02
2025-09-21 23:45:40 WARNING:TensorToolbox.core.TensorTrainVec: MaxRank truncation. Cores 13-14. Required accuracy delta=1.311744e-07, accuracy met: 8.855442e+01
2025-09-21 23:45:40 WARNING:TensorToolbox.core.TensorTrainVec: MaxRank truncation. Cores 14-15. Required accuracy delta=1.311744e-07, accuracy met: 6.338352e+01
2025-09-21 23:45:40 WARNING:TensorToolbox.core.TensorTrainVec: MaxRank truncation. Cores 15-16. Required accuracy delta=1.311744e-07, accuracy met: 4.557130e+01
2025-09-21 23:45:40 WARNING:TensorToolbox.core.TensorTrainVec: MaxRank truncation. Cores 16-17. Required accuracy delta=1.311744e-07, accuracy met: 3.293617e+01
2025-09-21 23:45:40 WARNING:TensorToolbox.core.TensorTrainVec: MaxRank truncation. Cores 17-18. Required accuracy delta=1.311744e-07, accuracy met: 2.366111e+01
2025-09-21 23:45:40 WARNING:TensorToolbox.core.TensorTrainVec: MaxRank truncation. Cores 18-19. Required accuracy delta=1.311744e-07, accuracy met: 1.743559e+01
2025-09-21 23:45:40 WARNING:TensorToolbox.core.TensorTrainVec: MaxRank truncation. Cores 19-20. Required accuracy delta=1.311744e-07, accuracy met: 1.256109e+01
2025-09-21 23:45:40 WARNING:TensorToolbox.core.TensorTrainVec: MaxRank truncation. Cores 20-21. Required accuracy delta=1.311744e-07, accuracy met: 8.982689e+00
2025-09-21 23:45:40 WARNING:TensorToolbox.core.TensorTrainVec: MaxRank truncation. Cores 21-22. Required accuracy delta=1.311744e-07, accuracy met: 6.561489e+00
2025-09-21 23:45:40 WARNING:TensorToolbox.core.TensorTrainVec: MaxRank truncation. Cores 22-23. Required accuracy delta=1.311744e-07, accuracy met: 2.994734e+00
tt_from_dense wtime: 34.72065339800611
2025-09-21 23:46:02 WARNING:TensorToolbox.core.TensorTrainVec: MaxRank truncation. Cores 3-4. Required accuracy delta=1.311744e-07, accuracy met: 1.868261e+03
2025-09-21 23:46:08 WARNING:TensorToolbox.core.TensorTrainVec: MaxRank truncation. Cores 4-5. Required accuracy delta=1.311744e-07, accuracy met: 1.959811e+03
2025-09-21 23:46:12 WARNING:TensorToolbox.core.TensorTrainVec: MaxRank truncation. Cores 5-6. Required accuracy delta=1.311744e-07, accuracy met: 1.386477e+03
2025-09-21 23:46:13 WARNING:TensorToolbox.core.TensorTrainVec: MaxRank truncation. Cores 6-7. Required accuracy delta=1.311744e-07, accuracy met: 9.809892e+02
2025-09-21 23:46:14 WARNING:TensorToolbox.core.TensorTrainVec: MaxRank truncation. Cores 7-8. Required accuracy delta=1.311744e-07, accuracy met: 6.944753e+02
2025-09-21 23:46:14 WARNING:TensorToolbox.core.TensorTrainVec: MaxRank truncation. Cores 8-9. Required accuracy delta=1.311744e-07, accuracy met: 4.916572e+02
2025-09-21 23:46:14 WARNING:TensorToolbox.core.TensorTrainVec: MaxRank truncation. Cores 9-10. Required accuracy delta=1.311744e-07, accuracy met: 3.482719e+02
2025-09-21 23:46:14 WARNING:TensorToolbox.core.TensorTrainVec: MaxRank truncation. Cores 10-11. Required accuracy delta=1.311744e-07, accuracy met: 2.470218e+02
2025-09-21 23:46:14 WARNING:TensorToolbox.core.TensorTrainVec: MaxRank truncation. Cores 11-12. Required accuracy delta=1.311744e-07, accuracy met: 1.750420e+02
2025-09-21 23:46:14 WARNING:TensorToolbox.core.TensorTrainVec: MaxRank truncation. Cores 12-13. Required accuracy delta=1.311744e-07, accuracy met: 1.245222e+02
2025-09-21 23:46:14 WARNING:TensorToolbox.core.TensorTrainVec: MaxRank truncation. Cores 13-14. Required accuracy delta=1.311744e-07, accuracy met: 8.855442e+01
2025-09-21 23:46:14 WARNING:TensorToolbox.core.TensorTrainVec: MaxRank truncation. Cores 14-15. Required accuracy delta=1.311744e-07, accuracy met: 6.338352e+01
2025-09-21 23:46:14 WARNING:TensorToolbox.core.TensorTrainVec: MaxRank truncation. Cores 15-16. Required accuracy delta=1.311744e-07, accuracy met: 4.557130e+01
2025-09-21 23:46:14 WARNING:TensorToolbox.core.TensorTrainVec: MaxRank truncation. Cores 16-17. Required accuracy delta=1.311744e-07, accuracy met: 3.293617e+01
2025-09-21 23:46:14 WARNING:TensorToolbox.core.TensorTrainVec: MaxRank truncation. Cores 17-18. Required accuracy delta=1.311744e-07, accuracy met: 2.366111e+01
2025-09-21 23:46:14 WARNING:TensorToolbox.core.TensorTrainVec: MaxRank truncation. Cores 18-19. Required accuracy delta=1.311744e-07, accuracy met: 1.743559e+01
2025-09-21 23:46:14 WARNING:TensorToolbox.core.TensorTrainVec: MaxRank truncation. Cores 19-20. Required accuracy delta=1.311744e-07, accuracy met: 1.256109e+01
2025-09-21 23:46:14 WARNING:TensorToolbox.core.TensorTrainVec: MaxRank truncation. Cores 20-21. Required accuracy delta=1.311744e-07, accuracy met: 8.982689e+00
2025-09-21 23:46:14 WARNING:TensorToolbox.core.TensorTrainVec: MaxRank truncation. Cores 21-22. Required accuracy delta=1.311744e-07, accuracy met: 6.561489e+00
2025-09-21 23:46:14 WARNING:TensorToolbox.core.TensorTrainVec: MaxRank truncation. Cores 22-23. Required accuracy delta=1.311744e-07, accuracy met: 2.994734e+00
tt_from_dense wtime: 34.77946757299651
random wtime: 1.401463698988664
2025-09-21 23:46:39 WARNING:TensorToolbox.core.TensorTrainVec: MaxRank truncation. Cores 3-4. Required accuracy delta=1.311817e-07, accuracy met: 1.670771e+03
2025-09-21 23:46:46 WARNING:TensorToolbox.core.TensorTrainVec: MaxRank truncation. Cores 4-5. Required accuracy delta=1.311817e-07, accuracy met: 2.046757e+03
2025-09-21 23:46:50 WARNING:TensorToolbox.core.TensorTrainVec: MaxRank truncation. Cores 5-6. Required accuracy delta=1.311817e-07, accuracy met: 1.448046e+03
2025-09-21 23:46:52 WARNING:TensorToolbox.core.TensorTrainVec: MaxRank truncation. Cores 6-7. Required accuracy delta=1.311817e-07, accuracy met: 1.024801e+03
2025-09-21 23:46:53 WARNING:TensorToolbox.core.TensorTrainVec: MaxRank truncation. Cores 7-8. Required accuracy delta=1.311817e-07, accuracy met: 7.251890e+02
2025-09-21 23:46:53 WARNING:TensorToolbox.core.TensorTrainVec: MaxRank truncation. Cores 8-9. Required accuracy delta=1.311817e-07, accuracy met: 5.135996e+02
2025-09-21 23:46:53 WARNING:TensorToolbox.core.TensorTrainVec: MaxRank truncation. Cores 9-10. Required accuracy delta=1.311817e-07, accuracy met: 3.637473e+02
2025-09-21 23:46:53 WARNING:TensorToolbox.core.TensorTrainVec: MaxRank truncation. Cores 10-11. Required accuracy delta=1.311817e-07, accuracy met: 2.578839e+02
2025-09-21 23:46:53 WARNING:TensorToolbox.core.TensorTrainVec: MaxRank truncation. Cores 11-12. Required accuracy delta=1.311817e-07, accuracy met: 1.830550e+02
2025-09-21 23:46:53 WARNING:TensorToolbox.core.TensorTrainVec: MaxRank truncation. Cores 12-13. Required accuracy delta=1.311817e-07, accuracy met: 1.303045e+02
2025-09-21 23:46:53 WARNING:TensorToolbox.core.TensorTrainVec: MaxRank truncation. Cores 13-14. Required accuracy delta=1.311817e-07, accuracy met: 9.272129e+01
2025-09-21 23:46:53 WARNING:TensorToolbox.core.TensorTrainVec: MaxRank truncation. Cores 14-15. Required accuracy delta=1.311817e-07, accuracy met: 6.654073e+01
2025-09-21 23:46:53 WARNING:TensorToolbox.core.TensorTrainVec: MaxRank truncation. Cores 15-16. Required accuracy delta=1.311817e-07, accuracy met: 4.751205e+01
2025-09-21 23:46:53 WARNING:TensorToolbox.core.TensorTrainVec: MaxRank truncation. Cores 16-17. Required accuracy delta=1.311817e-07, accuracy met: 3.426957e+01
2025-09-21 23:46:53 WARNING:TensorToolbox.core.TensorTrainVec: MaxRank truncation. Cores 17-18. Required accuracy delta=1.311817e-07, accuracy met: 2.486402e+01
2025-09-21 23:46:53 WARNING:TensorToolbox.core.TensorTrainVec: MaxRank truncation. Cores 18-19. Required accuracy delta=1.311817e-07, accuracy met: 1.820381e+01
2025-09-21 23:46:53 WARNING:TensorToolbox.core.TensorTrainVec: MaxRank truncation. Cores 19-20. Required accuracy delta=1.311817e-07, accuracy met: 1.341312e+01
2025-09-21 23:46:53 WARNING:TensorToolbox.core.TensorTrainVec: MaxRank truncation. Cores 20-21. Required accuracy delta=1.311817e-07, accuracy met: 9.171681e+00
2025-09-21 23:46:53 WARNING:TensorToolbox.core.TensorTrainVec: MaxRank truncation. Cores 21-22. Required accuracy delta=1.311817e-07, accuracy met: 6.930917e+00
2025-09-21 23:46:53 WARNING:TensorToolbox.core.TensorTrainVec: MaxRank truncation. Cores 22-23. Required accuracy delta=1.311817e-07, accuracy met: 3.328084e+00
tt_from_dense wtime: 36.643536014002166
2025-09-21 23:47:16 WARNING:TensorToolbox.core.TensorTrainVec: MaxRank truncation. Cores 3-4. Required accuracy delta=1.311817e-07, accuracy met: 1.670771e+03
2025-09-21 23:47:23 WARNING:TensorToolbox.core.TensorTrainVec: MaxRank truncation. Cores 4-5. Required accuracy delta=1.311817e-07, accuracy met: 2.046757e+03
2025-09-21 23:47:27 WARNING:TensorToolbox.core.TensorTrainVec: MaxRank truncation. Cores 5-6. Required accuracy delta=1.311817e-07, accuracy met: 1.448046e+03
2025-09-21 23:47:28 WARNING:TensorToolbox.core.TensorTrainVec: MaxRank truncation. Cores 6-7. Required accuracy delta=1.311817e-07, accuracy met: 1.024801e+03
2025-09-21 23:47:29 WARNING:TensorToolbox.core.TensorTrainVec: MaxRank truncation. Cores 7-8. Required accuracy delta=1.311817e-07, accuracy met: 7.251890e+02
2025-09-21 23:47:30 WARNING:TensorToolbox.core.TensorTrainVec: MaxRank truncation. Cores 8-9. Required accuracy delta=1.311817e-07, accuracy met: 5.135996e+02
2025-09-21 23:47:30 WARNING:TensorToolbox.core.TensorTrainVec: MaxRank truncation. Cores 9-10. Required accuracy delta=1.311817e-07, accuracy met: 3.637473e+02
2025-09-21 23:47:30 WARNING:TensorToolbox.core.TensorTrainVec: MaxRank truncation. Cores 10-11. Required accuracy delta=1.311817e-07, accuracy met: 2.578839e+02
2025-09-21 23:47:30 WARNING:TensorToolbox.core.TensorTrainVec: MaxRank truncation. Cores 11-12. Required accuracy delta=1.311817e-07, accuracy met: 1.830550e+02
2025-09-21 23:47:30 WARNING:TensorToolbox.core.TensorTrainVec: MaxRank truncation. Cores 12-13. Required accuracy delta=1.311817e-07, accuracy met: 1.303045e+02
2025-09-21 23:47:30 WARNING:TensorToolbox.core.TensorTrainVec: MaxRank truncation. Cores 13-14. Required accuracy delta=1.311817e-07, accuracy met: 9.272129e+01
2025-09-21 23:47:30 WARNING:TensorToolbox.core.TensorTrainVec: MaxRank truncation. Cores 14-15. Required accuracy delta=1.311817e-07, accuracy met: 6.654073e+01
2025-09-21 23:47:30 WARNING:TensorToolbox.core.TensorTrainVec: MaxRank truncation. Cores 15-16. Required accuracy delta=1.311817e-07, accuracy met: 4.751205e+01
2025-09-21 23:47:30 WARNING:TensorToolbox.core.TensorTrainVec: MaxRank truncation. Cores 16-17. Required accuracy delta=1.311817e-07, accuracy met: 3.426957e+01
2025-09-21 23:47:30 WARNING:TensorToolbox.core.TensorTrainVec: MaxRank truncation. Cores 17-18. Required accuracy delta=1.311817e-07, accuracy met: 2.486402e+01
2025-09-21 23:47:30 WARNING:TensorToolbox.core.TensorTrainVec: MaxRank truncation. Cores 18-19. Required accuracy delta=1.311817e-07, accuracy met: 1.820381e+01
2025-09-21 23:47:30 WARNING:TensorToolbox.core.TensorTrainVec: MaxRank truncation. Cores 19-20. Required accuracy delta=1.311817e-07, accuracy met: 1.341312e+01
2025-09-21 23:47:30 WARNING:TensorToolbox.core.TensorTrainVec: MaxRank truncation. Cores 20-21. Required accuracy delta=1.311817e-07, accuracy met: 9.171681e+00
2025-09-21 23:47:30 WARNING:TensorToolbox.core.TensorTrainVec: MaxRank truncation. Cores 21-22. Required accuracy delta=1.311817e-07, accuracy met: 6.930917e+00
2025-09-21 23:47:30 WARNING:TensorToolbox.core.TensorTrainVec: MaxRank truncation. Cores 22-23. Required accuracy delta=1.311817e-07, accuracy met: 3.328084e+00
tt_from_dense wtime: 36.4701210570056
random wtime: 1.411475362998317
2025-09-21 23:47:54 WARNING:TensorToolbox.core.TensorTrainVec: MaxRank truncation. Cores 3-4. Required accuracy delta=1.311737e-07, accuracy met: 1.446615e+03
2025-09-21 23:48:02 WARNING:TensorToolbox.core.TensorTrainVec: MaxRank truncation. Cores 4-5. Required accuracy delta=1.311737e-07, accuracy met: 2.129805e+03
2025-09-21 23:48:06 WARNING:TensorToolbox.core.TensorTrainVec: MaxRank truncation. Cores 5-6. Required accuracy delta=1.311737e-07, accuracy met: 1.506993e+03
2025-09-21 23:48:08 WARNING:TensorToolbox.core.TensorTrainVec: MaxRank truncation. Cores 6-7. Required accuracy delta=1.311737e-07, accuracy met: 1.066320e+03
2025-09-21 23:48:09 WARNING:TensorToolbox.core.TensorTrainVec: MaxRank truncation. Cores 7-8. Required accuracy delta=1.311737e-07, accuracy met: 7.550963e+02
2025-09-21 23:48:10 WARNING:TensorToolbox.core.TensorTrainVec: MaxRank truncation. Cores 8-9. Required accuracy delta=1.311737e-07, accuracy met: 5.347158e+02
2025-09-21 23:48:10 WARNING:TensorToolbox.core.TensorTrainVec: MaxRank truncation. Cores 9-10. Required accuracy delta=1.311737e-07, accuracy met: 3.788758e+02
2025-09-21 23:48:10 WARNING:TensorToolbox.core.TensorTrainVec: MaxRank truncation. Cores 10-11. Required accuracy delta=1.311737e-07, accuracy met: 2.685836e+02
2025-09-21 23:48:10 WARNING:TensorToolbox.core.TensorTrainVec: MaxRank truncation. Cores 11-12. Required accuracy delta=1.311737e-07, accuracy met: 1.907848e+02
2025-09-21 23:48:10 WARNING:TensorToolbox.core.TensorTrainVec: MaxRank truncation. Cores 12-13. Required accuracy delta=1.311737e-07, accuracy met: 1.355849e+02
2025-09-21 23:48:10 WARNING:TensorToolbox.core.TensorTrainVec: MaxRank truncation. Cores 13-14. Required accuracy delta=1.311737e-07, accuracy met: 9.668501e+01
2025-09-21 23:48:10 WARNING:TensorToolbox.core.TensorTrainVec: MaxRank truncation. Cores 14-15. Required accuracy delta=1.311737e-07, accuracy met: 6.902383e+01
2025-09-21 23:48:10 WARNING:TensorToolbox.core.TensorTrainVec: MaxRank truncation. Cores 15-16. Required accuracy delta=1.311737e-07, accuracy met: 4.956496e+01
2025-09-21 23:48:10 WARNING:TensorToolbox.core.TensorTrainVec: MaxRank truncation. Cores 16-17. Required accuracy delta=1.311737e-07, accuracy met: 3.579075e+01
2025-09-21 23:48:10 WARNING:TensorToolbox.core.TensorTrainVec: MaxRank truncation. Cores 17-18. Required accuracy delta=1.311737e-07, accuracy met: 2.612871e+01
2025-09-21 23:48:10 WARNING:TensorToolbox.core.TensorTrainVec: MaxRank truncation. Cores 18-19. Required accuracy delta=1.311737e-07, accuracy met: 1.884453e+01
2025-09-21 23:48:10 WARNING:TensorToolbox.core.TensorTrainVec: MaxRank truncation. Cores 19-20. Required accuracy delta=1.311737e-07, accuracy met: 1.410350e+01
2025-09-21 23:48:10 WARNING:TensorToolbox.core.TensorTrainVec: MaxRank truncation. Cores 20-21. Required accuracy delta=1.311737e-07, accuracy met: 1.010171e+01
2025-09-21 23:48:10 WARNING:TensorToolbox.core.TensorTrainVec: MaxRank truncation. Cores 21-22. Required accuracy delta=1.311737e-07, accuracy met: 6.838564e+00
2025-09-21 23:48:10 WARNING:TensorToolbox.core.TensorTrainVec: MaxRank truncation. Cores 22-23. Required accuracy delta=1.311737e-07, accuracy met: 2.972693e+00
tt_from_dense wtime: 37.79795035999268
2025-09-21 23:48:32 WARNING:TensorToolbox.core.TensorTrainVec: MaxRank truncation. Cores 3-4. Required accuracy delta=1.311737e-07, accuracy met: 1.446615e+03
2025-09-21 23:48:40 WARNING:TensorToolbox.core.TensorTrainVec: MaxRank truncation. Cores 4-5. Required accuracy delta=1.311737e-07, accuracy met: 2.129805e+03
2025-09-21 23:48:44 WARNING:TensorToolbox.core.TensorTrainVec: MaxRank truncation. Cores 5-6. Required accuracy delta=1.311737e-07, accuracy met: 1.506993e+03
2025-09-21 23:48:46 WARNING:TensorToolbox.core.TensorTrainVec: MaxRank truncation. Cores 6-7. Required accuracy delta=1.311737e-07, accuracy met: 1.066320e+03
2025-09-21 23:48:47 WARNING:TensorToolbox.core.TensorTrainVec: MaxRank truncation. Cores 7-8. Required accuracy delta=1.311737e-07, accuracy met: 7.550963e+02
2025-09-21 23:48:47 WARNING:TensorToolbox.core.TensorTrainVec: MaxRank truncation. Cores 8-9. Required accuracy delta=1.311737e-07, accuracy met: 5.347158e+02
2025-09-21 23:48:47 WARNING:TensorToolbox.core.TensorTrainVec: MaxRank truncation. Cores 9-10. Required accuracy delta=1.311737e-07, accuracy met: 3.788758e+02
2025-09-21 23:48:48 WARNING:TensorToolbox.core.TensorTrainVec: MaxRank truncation. Cores 10-11. Required accuracy delta=1.311737e-07, accuracy met: 2.685836e+02
2025-09-21 23:48:48 WARNING:TensorToolbox.core.TensorTrainVec: MaxRank truncation. Cores 11-12. Required accuracy delta=1.311737e-07, accuracy met: 1.907848e+02
2025-09-21 23:48:48 WARNING:TensorToolbox.core.TensorTrainVec: MaxRank truncation. Cores 12-13. Required accuracy delta=1.311737e-07, accuracy met: 1.355849e+02
2025-09-21 23:48:48 WARNING:TensorToolbox.core.TensorTrainVec: MaxRank truncation. Cores 13-14. Required accuracy delta=1.311737e-07, accuracy met: 9.668501e+01
2025-09-21 23:48:48 WARNING:TensorToolbox.core.TensorTrainVec: MaxRank truncation. Cores 14-15. Required accuracy delta=1.311737e-07, accuracy met: 6.902383e+01
2025-09-21 23:48:48 WARNING:TensorToolbox.core.TensorTrainVec: MaxRank truncation. Cores 15-16. Required accuracy delta=1.311737e-07, accuracy met: 4.956496e+01
2025-09-21 23:48:48 WARNING:TensorToolbox.core.TensorTrainVec: MaxRank truncation. Cores 16-17. Required accuracy delta=1.311737e-07, accuracy met: 3.579075e+01
2025-09-21 23:48:48 WARNING:TensorToolbox.core.TensorTrainVec: MaxRank truncation. Cores 17-18. Required accuracy delta=1.311737e-07, accuracy met: 2.612871e+01
2025-09-21 23:48:48 WARNING:TensorToolbox.core.TensorTrainVec: MaxRank truncation. Cores 18-19. Required accuracy delta=1.311737e-07, accuracy met: 1.884453e+01
2025-09-21 23:48:48 WARNING:TensorToolbox.core.TensorTrainVec: MaxRank truncation. Cores 19-20. Required accuracy delta=1.311737e-07, accuracy met: 1.410350e+01
2025-09-21 23:48:48 WARNING:TensorToolbox.core.TensorTrainVec: MaxRank truncation. Cores 20-21. Required accuracy delta=1.311737e-07, accuracy met: 1.010171e+01
2025-09-21 23:48:48 WARNING:TensorToolbox.core.TensorTrainVec: MaxRank truncation. Cores 21-22. Required accuracy delta=1.311737e-07, accuracy met: 6.838564e+00
2025-09-21 23:48:48 WARNING:TensorToolbox.core.TensorTrainVec: MaxRank truncation. Cores 22-23. Required accuracy delta=1.311737e-07, accuracy met: 2.972693e+00
tt_from_dense wtime: 37.6376982369984
random wtime: 1.5445860549953068
2025-09-21 23:49:13 WARNING:TensorToolbox.core.TensorTrainVec: MaxRank truncation. Cores 3-4. Required accuracy delta=1.311796e-07, accuracy met: 1.181094e+03
2025-09-21 23:49:22 WARNING:TensorToolbox.core.TensorTrainVec: MaxRank truncation. Cores 4-5. Required accuracy delta=1.311796e-07, accuracy met: 2.209989e+03
2025-09-21 23:49:27 WARNING:TensorToolbox.core.TensorTrainVec: MaxRank truncation. Cores 5-6. Required accuracy delta=1.311796e-07, accuracy met: 1.563983e+03
2025-09-21 23:49:29 WARNING:TensorToolbox.core.TensorTrainVec: MaxRank truncation. Cores 6-7. Required accuracy delta=1.311796e-07, accuracy met: 1.106613e+03
2025-09-21 23:49:30 WARNING:TensorToolbox.core.TensorTrainVec: MaxRank truncation. Cores 7-8. Required accuracy delta=1.311796e-07, accuracy met: 7.834948e+02
2025-09-21 23:49:31 WARNING:TensorToolbox.core.TensorTrainVec: MaxRank truncation. Cores 8-9. Required accuracy delta=1.311796e-07, accuracy met: 5.551087e+02
2025-09-21 23:49:31 WARNING:TensorToolbox.core.TensorTrainVec: MaxRank truncation. Cores 9-10. Required accuracy delta=1.311796e-07, accuracy met: 3.933173e+02
2025-09-21 23:49:31 WARNING:TensorToolbox.core.TensorTrainVec: MaxRank truncation. Cores 10-11. Required accuracy delta=1.311796e-07, accuracy met: 2.790866e+02
2025-09-21 23:49:31 WARNING:TensorToolbox.core.TensorTrainVec: MaxRank truncation. Cores 11-12. Required accuracy delta=1.311796e-07, accuracy met: 1.982383e+02
2025-09-21 23:49:31 WARNING:TensorToolbox.core.TensorTrainVec: MaxRank truncation. Cores 12-13. Required accuracy delta=1.311796e-07, accuracy met: 1.409092e+02
2025-09-21 23:49:31 WARNING:TensorToolbox.core.TensorTrainVec: MaxRank truncation. Cores 13-14. Required accuracy delta=1.311796e-07, accuracy met: 1.004754e+02
2025-09-21 23:49:31 WARNING:TensorToolbox.core.TensorTrainVec: MaxRank truncation. Cores 14-15. Required accuracy delta=1.311796e-07, accuracy met: 7.183429e+01
2025-09-21 23:49:31 WARNING:TensorToolbox.core.TensorTrainVec: MaxRank truncation. Cores 15-16. Required accuracy delta=1.311796e-07, accuracy met: 5.152045e+01
2025-09-21 23:49:31 WARNING:TensorToolbox.core.TensorTrainVec: MaxRank truncation. Cores 16-17. Required accuracy delta=1.311796e-07, accuracy met: 3.707485e+01
2025-09-21 23:49:31 WARNING:TensorToolbox.core.TensorTrainVec: MaxRank truncation. Cores 17-18. Required accuracy delta=1.311796e-07, accuracy met: 2.709773e+01
2025-09-21 23:49:31 WARNING:TensorToolbox.core.TensorTrainVec: MaxRank truncation. Cores 18-19. Required accuracy delta=1.311796e-07, accuracy met: 2.001640e+01
2025-09-21 23:49:31 WARNING:TensorToolbox.core.TensorTrainVec: MaxRank truncation. Cores 19-20. Required accuracy delta=1.311796e-07, accuracy met: 1.476358e+01
2025-09-21 23:49:31 WARNING:TensorToolbox.core.TensorTrainVec: MaxRank truncation. Cores 20-21. Required accuracy delta=1.311796e-07, accuracy met: 1.012739e+01
2025-09-21 23:49:31 WARNING:TensorToolbox.core.TensorTrainVec: MaxRank truncation. Cores 21-22. Required accuracy delta=1.311796e-07, accuracy met: 6.682689e+00
2025-09-21 23:49:31 WARNING:TensorToolbox.core.TensorTrainVec: MaxRank truncation. Cores 22-23. Required accuracy delta=1.311796e-07, accuracy met: 2.436762e+00
tt_from_dense wtime: 40.58796067599906
2025-09-21 23:49:53 WARNING:TensorToolbox.core.TensorTrainVec: MaxRank truncation. Cores 3-4. Required accuracy delta=1.311796e-07, accuracy met: 1.181094e+03
2025-09-21 23:50:03 WARNING:TensorToolbox.core.TensorTrainVec: MaxRank truncation. Cores 4-5. Required accuracy delta=1.311796e-07, accuracy met: 2.209989e+03
2025-09-21 23:50:07 WARNING:TensorToolbox.core.TensorTrainVec: MaxRank truncation. Cores 5-6. Required accuracy delta=1.311796e-07, accuracy met: 1.563983e+03
2025-09-21 23:50:09 WARNING:TensorToolbox.core.TensorTrainVec: MaxRank truncation. Cores 6-7. Required accuracy delta=1.311796e-07, accuracy met: 1.106613e+03
2025-09-21 23:50:10 WARNING:TensorToolbox.core.TensorTrainVec: MaxRank truncation. Cores 7-8. Required accuracy delta=1.311796e-07, accuracy met: 7.834948e+02
2025-09-21 23:50:11 WARNING:TensorToolbox.core.TensorTrainVec: MaxRank truncation. Cores 8-9. Required accuracy delta=1.311796e-07, accuracy met: 5.551087e+02
2025-09-21 23:50:11 WARNING:TensorToolbox.core.TensorTrainVec: MaxRank truncation. Cores 9-10. Required accuracy delta=1.311796e-07, accuracy met: 3.933173e+02
2025-09-21 23:50:11 WARNING:TensorToolbox.core.TensorTrainVec: MaxRank truncation. Cores 10-11. Required accuracy delta=1.311796e-07, accuracy met: 2.790866e+02
2025-09-21 23:50:11 WARNING:TensorToolbox.core.TensorTrainVec: MaxRank truncation. Cores 11-12. Required accuracy delta=1.311796e-07, accuracy met: 1.982383e+02
2025-09-21 23:50:11 WARNING:TensorToolbox.core.TensorTrainVec: MaxRank truncation. Cores 12-13. Required accuracy delta=1.311796e-07, accuracy met: 1.409092e+02
2025-09-21 23:50:11 WARNING:TensorToolbox.core.TensorTrainVec: MaxRank truncation. Cores 13-14. Required accuracy delta=1.311796e-07, accuracy met: 1.004754e+02
2025-09-21 23:50:11 WARNING:TensorToolbox.core.TensorTrainVec: MaxRank truncation. Cores 14-15. Required accuracy delta=1.311796e-07, accuracy met: 7.183429e+01
2025-09-21 23:50:11 WARNING:TensorToolbox.core.TensorTrainVec: MaxRank truncation. Cores 15-16. Required accuracy delta=1.311796e-07, accuracy met: 5.152045e+01
2025-09-21 23:50:11 WARNING:TensorToolbox.core.TensorTrainVec: MaxRank truncation. Cores 16-17. Required accuracy delta=1.311796e-07, accuracy met: 3.707485e+01
2025-09-21 23:50:11 WARNING:TensorToolbox.core.TensorTrainVec: MaxRank truncation. Cores 17-18. Required accuracy delta=1.311796e-07, accuracy met: 2.709773e+01
2025-09-21 23:50:11 WARNING:TensorToolbox.core.TensorTrainVec: MaxRank truncation. Cores 18-19. Required accuracy delta=1.311796e-07, accuracy met: 2.001640e+01
2025-09-21 23:50:11 WARNING:TensorToolbox.core.TensorTrainVec: MaxRank truncation. Cores 19-20. Required accuracy delta=1.311796e-07, accuracy met: 1.476358e+01
2025-09-21 23:50:11 WARNING:TensorToolbox.core.TensorTrainVec: MaxRank truncation. Cores 20-21. Required accuracy delta=1.311796e-07, accuracy met: 1.012739e+01
2025-09-21 23:50:11 WARNING:TensorToolbox.core.TensorTrainVec: MaxRank truncation. Cores 21-22. Required accuracy delta=1.311796e-07, accuracy met: 6.682689e+00
2025-09-21 23:50:11 WARNING:TensorToolbox.core.TensorTrainVec: MaxRank truncation. Cores 22-23. Required accuracy delta=1.311796e-07, accuracy met: 2.436762e+00
tt_from_dense wtime: 40.13619120599469
random wtime: 1.39035477800644
2025-09-21 23:50:35 WARNING:TensorToolbox.core.TensorTrainVec: MaxRank truncation. Cores 3-4. Required accuracy delta=1.311845e-07, accuracy met: 8.352273e+02
2025-09-21 23:50:46 WARNING:TensorToolbox.core.TensorTrainVec: MaxRank truncation. Cores 4-5. Required accuracy delta=1.311845e-07, accuracy met: 2.287369e+03
2025-09-21 23:50:51 WARNING:TensorToolbox.core.TensorTrainVec: MaxRank truncation. Cores 5-6. Required accuracy delta=1.311845e-07, accuracy met: 1.618767e+03
2025-09-21 23:50:53 WARNING:TensorToolbox.core.TensorTrainVec: MaxRank truncation. Cores 6-7. Required accuracy delta=1.311845e-07, accuracy met: 1.145798e+03
2025-09-21 23:50:55 WARNING:TensorToolbox.core.TensorTrainVec: MaxRank truncation. Cores 7-8. Required accuracy delta=1.311845e-07, accuracy met: 8.111554e+02
2025-09-21 23:50:55 WARNING:TensorToolbox.core.TensorTrainVec: MaxRank truncation. Cores 8-9. Required accuracy delta=1.311845e-07, accuracy met: 5.742953e+02
2025-09-21 23:50:55 WARNING:TensorToolbox.core.TensorTrainVec: MaxRank truncation. Cores 9-10. Required accuracy delta=1.311845e-07, accuracy met: 4.070181e+02
2025-09-21 23:50:55 WARNING:TensorToolbox.core.TensorTrainVec: MaxRank truncation. Cores 10-11. Required accuracy delta=1.311845e-07, accuracy met: 2.887462e+02
2025-09-21 23:50:55 WARNING:TensorToolbox.core.TensorTrainVec: MaxRank truncation. Cores 11-12. Required accuracy delta=1.311845e-07, accuracy met: 2.052176e+02
2025-09-21 23:50:55 WARNING:TensorToolbox.core.TensorTrainVec: MaxRank truncation. Cores 12-13. Required accuracy delta=1.311845e-07, accuracy met: 1.460920e+02
2025-09-21 23:50:55 WARNING:TensorToolbox.core.TensorTrainVec: MaxRank truncation. Cores 13-14. Required accuracy delta=1.311845e-07, accuracy met: 1.039915e+02
2025-09-21 23:50:55 WARNING:TensorToolbox.core.TensorTrainVec: MaxRank truncation. Cores 14-15. Required accuracy delta=1.311845e-07, accuracy met: 7.433323e+01
2025-09-21 23:50:55 WARNING:TensorToolbox.core.TensorTrainVec: MaxRank truncation. Cores 15-16. Required accuracy delta=1.311845e-07, accuracy met: 5.354878e+01
2025-09-21 23:50:55 WARNING:TensorToolbox.core.TensorTrainVec: MaxRank truncation. Cores 16-17. Required accuracy delta=1.311845e-07, accuracy met: 3.867282e+01
2025-09-21 23:50:55 WARNING:TensorToolbox.core.TensorTrainVec: MaxRank truncation. Cores 17-18. Required accuracy delta=1.311845e-07, accuracy met: 2.783322e+01
2025-09-21 23:50:55 WARNING:TensorToolbox.core.TensorTrainVec: MaxRank truncation. Cores 18-19. Required accuracy delta=1.311845e-07, accuracy met: 2.048726e+01
2025-09-21 23:50:55 WARNING:TensorToolbox.core.TensorTrainVec: MaxRank truncation. Cores 19-20. Required accuracy delta=1.311845e-07, accuracy met: 1.500608e+01
2025-09-21 23:50:55 WARNING:TensorToolbox.core.TensorTrainVec: MaxRank truncation. Cores 20-21. Required accuracy delta=1.311845e-07, accuracy met: 1.095445e+01
2025-09-21 23:50:55 WARNING:TensorToolbox.core.TensorTrainVec: MaxRank truncation. Cores 21-22. Required accuracy delta=1.311845e-07, accuracy met: 7.250591e+00
2025-09-21 23:50:55 WARNING:TensorToolbox.core.TensorTrainVec: MaxRank truncation. Cores 22-23. Required accuracy delta=1.311845e-07, accuracy met: 1.438100e+00
tt_from_dense wtime: 42.25442074499733
2025-09-21 23:51:18 WARNING:TensorToolbox.core.TensorTrainVec: MaxRank truncation. Cores 3-4. Required accuracy delta=1.311845e-07, accuracy met: 8.352273e+02
2025-09-21 23:51:28 WARNING:TensorToolbox.core.TensorTrainVec: MaxRank truncation. Cores 4-5. Required accuracy delta=1.311845e-07, accuracy met: 2.287369e+03
2025-09-21 23:51:33 WARNING:TensorToolbox.core.TensorTrainVec: MaxRank truncation. Cores 5-6. Required accuracy delta=1.311845e-07, accuracy met: 1.618767e+03
2025-09-21 23:51:35 WARNING:TensorToolbox.core.TensorTrainVec: MaxRank truncation. Cores 6-7. Required accuracy delta=1.311845e-07, accuracy met: 1.145798e+03
2025-09-21 23:51:36 WARNING:TensorToolbox.core.TensorTrainVec: MaxRank truncation. Cores 7-8. Required accuracy delta=1.311845e-07, accuracy met: 8.111554e+02
2025-09-21 23:51:37 WARNING:TensorToolbox.core.TensorTrainVec: MaxRank truncation. Cores 8-9. Required accuracy delta=1.311845e-07, accuracy met: 5.742953e+02
2025-09-21 23:51:37 WARNING:TensorToolbox.core.TensorTrainVec: MaxRank truncation. Cores 9-10. Required accuracy delta=1.311845e-07, accuracy met: 4.070181e+02
2025-09-21 23:51:37 WARNING:TensorToolbox.core.TensorTrainVec: MaxRank truncation. Cores 10-11. Required accuracy delta=1.311845e-07, accuracy met: 2.887462e+02
2025-09-21 23:51:37 WARNING:TensorToolbox.core.TensorTrainVec: MaxRank truncation. Cores 11-12. Required accuracy delta=1.311845e-07, accuracy met: 2.052176e+02
2025-09-21 23:51:37 WARNING:TensorToolbox.core.TensorTrainVec: MaxRank truncation. Cores 12-13. Required accuracy delta=1.311845e-07, accuracy met: 1.460920e+02
2025-09-21 23:51:37 WARNING:TensorToolbox.core.TensorTrainVec: MaxRank truncation. Cores 13-14. Required accuracy delta=1.311845e-07, accuracy met: 1.039915e+02
2025-09-21 23:51:37 WARNING:TensorToolbox.core.TensorTrainVec: MaxRank truncation. Cores 14-15. Required accuracy delta=1.311845e-07, accuracy met: 7.433323e+01
2025-09-21 23:51:37 WARNING:TensorToolbox.core.TensorTrainVec: MaxRank truncation. Cores 15-16. Required accuracy delta=1.311845e-07, accuracy met: 5.354878e+01
2025-09-21 23:51:37 WARNING:TensorToolbox.core.TensorTrainVec: MaxRank truncation. Cores 16-17. Required accuracy delta=1.311845e-07, accuracy met: 3.867282e+01
2025-09-21 23:51:37 WARNING:TensorToolbox.core.TensorTrainVec: MaxRank truncation. Cores 17-18. Required accuracy delta=1.311845e-07, accuracy met: 2.783322e+01
2025-09-21 23:51:37 WARNING:TensorToolbox.core.TensorTrainVec: MaxRank truncation. Cores 18-19. Required accuracy delta=1.311845e-07, accuracy met: 2.048726e+01
2025-09-21 23:51:37 WARNING:TensorToolbox.core.TensorTrainVec: MaxRank truncation. Cores 19-20. Required accuracy delta=1.311845e-07, accuracy met: 1.500608e+01
2025-09-21 23:51:37 WARNING:TensorToolbox.core.TensorTrainVec: MaxRank truncation. Cores 20-21. Required accuracy delta=1.311845e-07, accuracy met: 1.095445e+01
2025-09-21 23:51:37 WARNING:TensorToolbox.core.TensorTrainVec: MaxRank truncation. Cores 21-22. Required accuracy delta=1.311845e-07, accuracy met: 7.250591e+00
2025-09-21 23:51:37 WARNING:TensorToolbox.core.TensorTrainVec: MaxRank truncation. Cores 22-23. Required accuracy delta=1.311845e-07, accuracy met: 1.438100e+00
tt_from_dense wtime: 41.86828540900024
random wtime: 1.4771081630024128
2025-09-21 23:52:15 WARNING:TensorToolbox.core.TensorTrainVec: MaxRank truncation. Cores 4-5. Required accuracy delta=1.311790e-07, accuracy met: 2.362050e+03
2025-09-21 23:52:21 WARNING:TensorToolbox.core.TensorTrainVec: MaxRank truncation. Cores 5-6. Required accuracy delta=1.311790e-07, accuracy met: 1.671618e+03
2025-09-21 23:52:24 WARNING:TensorToolbox.core.TensorTrainVec: MaxRank truncation. Cores 6-7. Required accuracy delta=1.311790e-07, accuracy met: 1.182997e+03
2025-09-21 23:52:25 WARNING:TensorToolbox.core.TensorTrainVec: MaxRank truncation. Cores 7-8. Required accuracy delta=1.311790e-07, accuracy met: 8.377832e+02
2025-09-21 23:52:26 WARNING:TensorToolbox.core.TensorTrainVec: MaxRank truncation. Cores 8-9. Required accuracy delta=1.311790e-07, accuracy met: 5.931410e+02
2025-09-21 23:52:26 WARNING:TensorToolbox.core.TensorTrainVec: MaxRank truncation. Cores 9-10. Required accuracy delta=1.311790e-07, accuracy met: 4.204107e+02
2025-09-21 23:52:26 WARNING:TensorToolbox.core.TensorTrainVec: MaxRank truncation. Cores 10-11. Required accuracy delta=1.311790e-07, accuracy met: 2.983657e+02
2025-09-21 23:52:26 WARNING:TensorToolbox.core.TensorTrainVec: MaxRank truncation. Cores 11-12. Required accuracy delta=1.311790e-07, accuracy met: 2.121033e+02
2025-09-21 23:52:26 WARNING:TensorToolbox.core.TensorTrainVec: MaxRank truncation. Cores 12-13. Required accuracy delta=1.311790e-07, accuracy met: 1.506570e+02
2025-09-21 23:52:26 WARNING:TensorToolbox.core.TensorTrainVec: MaxRank truncation. Cores 13-14. Required accuracy delta=1.311790e-07, accuracy met: 1.075346e+02
2025-09-21 23:52:26 WARNING:TensorToolbox.core.TensorTrainVec: MaxRank truncation. Cores 14-15. Required accuracy delta=1.311790e-07, accuracy met: 7.742831e+01
2025-09-21 23:52:26 WARNING:TensorToolbox.core.TensorTrainVec: MaxRank truncation. Cores 15-16. Required accuracy delta=1.311790e-07, accuracy met: 5.538998e+01
2025-09-21 23:52:26 WARNING:TensorToolbox.core.TensorTrainVec: MaxRank truncation. Cores 16-17. Required accuracy delta=1.311790e-07, accuracy met: 4.033247e+01
2025-09-21 23:52:26 WARNING:TensorToolbox.core.TensorTrainVec: MaxRank truncation. Cores 17-18. Required accuracy delta=1.311790e-07, accuracy met: 2.907989e+01
2025-09-21 23:52:26 WARNING:TensorToolbox.core.TensorTrainVec: MaxRank truncation. Cores 18-19. Required accuracy delta=1.311790e-07, accuracy met: 2.153309e+01
2025-09-21 23:52:26 WARNING:TensorToolbox.core.TensorTrainVec: MaxRank truncation. Cores 19-20. Required accuracy delta=1.311790e-07, accuracy met: 1.578102e+01
2025-09-21 23:52:26 WARNING:TensorToolbox.core.TensorTrainVec: MaxRank truncation. Cores 20-21. Required accuracy delta=1.311790e-07, accuracy met: 1.110010e+01
2025-09-21 23:52:26 WARNING:TensorToolbox.core.TensorTrainVec: MaxRank truncation. Cores 21-22. Required accuracy delta=1.311790e-07, accuracy met: 7.090766e+00
tt_from_dense wtime: 46.394052229996305
2025-09-21 23:53:01 WARNING:TensorToolbox.core.TensorTrainVec: MaxRank truncation. Cores 4-5. Required accuracy delta=1.311790e-07, accuracy met: 2.362050e+03
2025-09-21 23:53:07 WARNING:TensorToolbox.core.TensorTrainVec: MaxRank truncation. Cores 5-6. Required accuracy delta=1.311790e-07, accuracy met: 1.671618e+03
2025-09-21 23:53:10 WARNING:TensorToolbox.core.TensorTrainVec: MaxRank truncation. Cores 6-7. Required accuracy delta=1.311790e-07, accuracy met: 1.182997e+03
2025-09-21 23:53:11 WARNING:TensorToolbox.core.TensorTrainVec: MaxRank truncation. Cores 7-8. Required accuracy delta=1.311790e-07, accuracy met: 8.377832e+02
2025-09-21 23:53:12 WARNING:TensorToolbox.core.TensorTrainVec: MaxRank truncation. Cores 8-9. Required accuracy delta=1.311790e-07, accuracy met: 5.931410e+02
2025-09-21 23:53:12 WARNING:TensorToolbox.core.TensorTrainVec: MaxRank truncation. Cores 9-10. Required accuracy delta=1.311790e-07, accuracy met: 4.204107e+02
2025-09-21 23:53:12 WARNING:TensorToolbox.core.TensorTrainVec: MaxRank truncation. Cores 10-11. Required accuracy delta=1.311790e-07, accuracy met: 2.983657e+02
2025-09-21 23:53:12 WARNING:TensorToolbox.core.TensorTrainVec: MaxRank truncation. Cores 11-12. Required accuracy delta=1.311790e-07, accuracy met: 2.121033e+02
2025-09-21 23:53:12 WARNING:TensorToolbox.core.TensorTrainVec: MaxRank truncation. Cores 12-13. Required accuracy delta=1.311790e-07, accuracy met: 1.506570e+02
2025-09-21 23:53:12 WARNING:TensorToolbox.core.TensorTrainVec: MaxRank truncation. Cores 13-14. Required accuracy delta=1.311790e-07, accuracy met: 1.075346e+02
2025-09-21 23:53:12 WARNING:TensorToolbox.core.TensorTrainVec: MaxRank truncation. Cores 14-15. Required accuracy delta=1.311790e-07, accuracy met: 7.742831e+01
2025-09-21 23:53:12 WARNING:TensorToolbox.core.TensorTrainVec: MaxRank truncation. Cores 15-16. Required accuracy delta=1.311790e-07, accuracy met: 5.538998e+01
2025-09-21 23:53:12 WARNING:TensorToolbox.core.TensorTrainVec: MaxRank truncation. Cores 16-17. Required accuracy delta=1.311790e-07, accuracy met: 4.033247e+01
2025-09-21 23:53:12 WARNING:TensorToolbox.core.TensorTrainVec: MaxRank truncation. Cores 17-18. Required accuracy delta=1.311790e-07, accuracy met: 2.907989e+01
2025-09-21 23:53:12 WARNING:TensorToolbox.core.TensorTrainVec: MaxRank truncation. Cores 18-19. Required accuracy delta=1.311790e-07, accuracy met: 2.153309e+01
2025-09-21 23:53:12 WARNING:TensorToolbox.core.TensorTrainVec: MaxRank truncation. Cores 19-20. Required accuracy delta=1.311790e-07, accuracy met: 1.578102e+01
2025-09-21 23:53:12 WARNING:TensorToolbox.core.TensorTrainVec: MaxRank truncation. Cores 20-21. Required accuracy delta=1.311790e-07, accuracy met: 1.110010e+01
2025-09-21 23:53:12 WARNING:TensorToolbox.core.TensorTrainVec: MaxRank truncation. Cores 21-22. Required accuracy delta=1.311790e-07, accuracy met: 7.090766e+00
tt_from_dense wtime: 45.98050123899884
random wtime: 1.3849859290057793
2025-09-21 23:53:49 WARNING:TensorToolbox.core.TensorTrainVec: MaxRank truncation. Cores 4-5. Required accuracy delta=1.311789e-07, accuracy met: 2.286838e+03
2025-09-21 23:53:53 WARNING:TensorToolbox.core.TensorTrainVec: MaxRank truncation. Cores 5-6. Required accuracy delta=1.311789e-07, accuracy met: 1.722586e+03
2025-09-21 23:53:55 WARNING:TensorToolbox.core.TensorTrainVec: MaxRank truncation. Cores 6-7. Required accuracy delta=1.311789e-07, accuracy met: 1.219340e+03
2025-09-21 23:53:56 WARNING:TensorToolbox.core.TensorTrainVec: MaxRank truncation. Cores 7-8. Required accuracy delta=1.311789e-07, accuracy met: 8.632796e+02
2025-09-21 23:53:56 WARNING:TensorToolbox.core.TensorTrainVec: MaxRank truncation. Cores 8-9. Required accuracy delta=1.311789e-07, accuracy met: 6.115628e+02
2025-09-21 23:53:56 WARNING:TensorToolbox.core.TensorTrainVec: MaxRank truncation. Cores 9-10. Required accuracy delta=1.311789e-07, accuracy met: 4.336025e+02
2025-09-21 23:53:56 WARNING:TensorToolbox.core.TensorTrainVec: MaxRank truncation. Cores 10-11. Required accuracy delta=1.311789e-07, accuracy met: 3.077090e+02
2025-09-21 23:53:57 WARNING:TensorToolbox.core.TensorTrainVec: MaxRank truncation. Cores 11-12. Required accuracy delta=1.311789e-07, accuracy met: 2.184298e+02
2025-09-21 23:53:57 WARNING:TensorToolbox.core.TensorTrainVec: MaxRank truncation. Cores 12-13. Required accuracy delta=1.311789e-07, accuracy met: 1.555801e+02
2025-09-21 23:53:57 WARNING:TensorToolbox.core.TensorTrainVec: MaxRank truncation. Cores 13-14. Required accuracy delta=1.311789e-07, accuracy met: 1.108253e+02
2025-09-21 23:53:57 WARNING:TensorToolbox.core.TensorTrainVec: MaxRank truncation. Cores 14-15. Required accuracy delta=1.311789e-07, accuracy met: 7.978845e+01
2025-09-21 23:53:57 WARNING:TensorToolbox.core.TensorTrainVec: MaxRank truncation. Cores 15-16. Required accuracy delta=1.311789e-07, accuracy met: 5.738739e+01
2025-09-21 23:53:57 WARNING:TensorToolbox.core.TensorTrainVec: MaxRank truncation. Cores 16-17. Required accuracy delta=1.311789e-07, accuracy met: 4.145111e+01
2025-09-21 23:53:57 WARNING:TensorToolbox.core.TensorTrainVec: MaxRank truncation. Cores 17-18. Required accuracy delta=1.311789e-07, accuracy met: 2.993445e+01
2025-09-21 23:53:57 WARNING:TensorToolbox.core.TensorTrainVec: MaxRank truncation. Cores 18-19. Required accuracy delta=1.311789e-07, accuracy met: 2.232189e+01
2025-09-21 23:53:57 WARNING:TensorToolbox.core.TensorTrainVec: MaxRank truncation. Cores 19-20. Required accuracy delta=1.311789e-07, accuracy met: 1.583485e+01
2025-09-21 23:53:57 WARNING:TensorToolbox.core.TensorTrainVec: MaxRank truncation. Cores 20-21. Required accuracy delta=1.311789e-07, accuracy met: 1.177259e+01
2025-09-21 23:53:57 WARNING:TensorToolbox.core.TensorTrainVec: MaxRank truncation. Cores 21-22. Required accuracy delta=1.311789e-07, accuracy met: 7.307444e+00
tt_from_dense wtime: 41.987809407990426
2025-09-21 23:54:31 WARNING:TensorToolbox.core.TensorTrainVec: MaxRank truncation. Cores 4-5. Required accuracy delta=1.311789e-07, accuracy met: 2.286838e+03
2025-09-21 23:54:35 WARNING:TensorToolbox.core.TensorTrainVec: MaxRank truncation. Cores 5-6. Required accuracy delta=1.311789e-07, accuracy met: 1.722586e+03
2025-09-21 23:54:37 WARNING:TensorToolbox.core.TensorTrainVec: MaxRank truncation. Cores 6-7. Required accuracy delta=1.311789e-07, accuracy met: 1.219340e+03
2025-09-21 23:54:37 WARNING:TensorToolbox.core.TensorTrainVec: MaxRank truncation. Cores 7-8. Required accuracy delta=1.311789e-07, accuracy met: 8.632796e+02
2025-09-21 23:54:38 WARNING:TensorToolbox.core.TensorTrainVec: MaxRank truncation. Cores 8-9. Required accuracy delta=1.311789e-07, accuracy met: 6.115628e+02
2025-09-21 23:54:38 WARNING:TensorToolbox.core.TensorTrainVec: MaxRank truncation. Cores 9-10. Required accuracy delta=1.311789e-07, accuracy met: 4.336025e+02
2025-09-21 23:54:38 WARNING:TensorToolbox.core.TensorTrainVec: MaxRank truncation. Cores 10-11. Required accuracy delta=1.311789e-07, accuracy met: 3.077090e+02
2025-09-21 23:54:38 WARNING:TensorToolbox.core.TensorTrainVec: MaxRank truncation. Cores 11-12. Required accuracy delta=1.311789e-07, accuracy met: 2.184298e+02
2025-09-21 23:54:38 WARNING:TensorToolbox.core.TensorTrainVec: MaxRank truncation. Cores 12-13. Required accuracy delta=1.311789e-07, accuracy met: 1.555801e+02
2025-09-21 23:54:38 WARNING:TensorToolbox.core.TensorTrainVec: MaxRank truncation. Cores 13-14. Required accuracy delta=1.311789e-07, accuracy met: 1.108253e+02
2025-09-21 23:54:38 WARNING:TensorToolbox.core.TensorTrainVec: MaxRank truncation. Cores 14-15. Required accuracy delta=1.311789e-07, accuracy met: 7.978845e+01
2025-09-21 23:54:38 WARNING:TensorToolbox.core.TensorTrainVec: MaxRank truncation. Cores 15-16. Required accuracy delta=1.311789e-07, accuracy met: 5.738739e+01
2025-09-21 23:54:38 WARNING:TensorToolbox.core.TensorTrainVec: MaxRank truncation. Cores 16-17. Required accuracy delta=1.311789e-07, accuracy met: 4.145111e+01
2025-09-21 23:54:38 WARNING:TensorToolbox.core.TensorTrainVec: MaxRank truncation. Cores 17-18. Required accuracy delta=1.311789e-07, accuracy met: 2.993445e+01
2025-09-21 23:54:38 WARNING:TensorToolbox.core.TensorTrainVec: MaxRank truncation. Cores 18-19. Required accuracy delta=1.311789e-07, accuracy met: 2.232189e+01
2025-09-21 23:54:38 WARNING:TensorToolbox.core.TensorTrainVec: MaxRank truncation. Cores 19-20. Required accuracy delta=1.311789e-07, accuracy met: 1.583485e+01
2025-09-21 23:54:38 WARNING:TensorToolbox.core.TensorTrainVec: MaxRank truncation. Cores 20-21. Required accuracy delta=1.311789e-07, accuracy met: 1.177259e+01
2025-09-21 23:54:38 WARNING:TensorToolbox.core.TensorTrainVec: MaxRank truncation. Cores 21-22. Required accuracy delta=1.311789e-07, accuracy met: 7.307444e+00
tt_from_dense wtime: 41.707950800002436
random wtime: 1.493630550990929
2025-09-21 23:55:16 WARNING:TensorToolbox.core.TensorTrainVec: MaxRank truncation. Cores 4-5. Required accuracy delta=1.311810e-07, accuracy met: 2.209210e+03
2025-09-21 23:55:20 WARNING:TensorToolbox.core.TensorTrainVec: MaxRank truncation. Cores 5-6. Required accuracy delta=1.311810e-07, accuracy met: 1.772582e+03
2025-09-21 23:55:22 WARNING:TensorToolbox.core.TensorTrainVec: MaxRank truncation. Cores 6-7. Required accuracy delta=1.311810e-07, accuracy met: 1.254415e+03
2025-09-21 23:55:23 WARNING:TensorToolbox.core.TensorTrainVec: MaxRank truncation. Cores 7-8. Required accuracy delta=1.311810e-07, accuracy met: 8.883447e+02
2025-09-21 23:55:23 WARNING:TensorToolbox.core.TensorTrainVec: MaxRank truncation. Cores 8-9. Required accuracy delta=1.311810e-07, accuracy met: 6.292334e+02
2025-09-21 23:55:23 WARNING:TensorToolbox.core.TensorTrainVec: MaxRank truncation. Cores 9-10. Required accuracy delta=1.311810e-07, accuracy met: 4.459645e+02
2025-09-21 23:55:23 WARNING:TensorToolbox.core.TensorTrainVec: MaxRank truncation. Cores 10-11. Required accuracy delta=1.311810e-07, accuracy met: 3.165604e+02
2025-09-21 23:55:24 WARNING:TensorToolbox.core.TensorTrainVec: MaxRank truncation. Cores 11-12. Required accuracy delta=1.311810e-07, accuracy met: 2.248273e+02
2025-09-21 23:55:24 WARNING:TensorToolbox.core.TensorTrainVec: MaxRank truncation. Cores 12-13. Required accuracy delta=1.311810e-07, accuracy met: 1.599923e+02
2025-09-21 23:55:24 WARNING:TensorToolbox.core.TensorTrainVec: MaxRank truncation. Cores 13-14. Required accuracy delta=1.311810e-07, accuracy met: 1.145229e+02
2025-09-21 23:55:24 WARNING:TensorToolbox.core.TensorTrainVec: MaxRank truncation. Cores 14-15. Required accuracy delta=1.311810e-07, accuracy met: 8.184806e+01
2025-09-21 23:55:24 WARNING:TensorToolbox.core.TensorTrainVec: MaxRank truncation. Cores 15-16. Required accuracy delta=1.311810e-07, accuracy met: 5.927501e+01
2025-09-21 23:55:24 WARNING:TensorToolbox.core.TensorTrainVec: MaxRank truncation. Cores 16-17. Required accuracy delta=1.311810e-07, accuracy met: 4.282049e+01
2025-09-21 23:55:24 WARNING:TensorToolbox.core.TensorTrainVec: MaxRank truncation. Cores 17-18. Required accuracy delta=1.311810e-07, accuracy met: 3.102955e+01
2025-09-21 23:55:24 WARNING:TensorToolbox.core.TensorTrainVec: MaxRank truncation. Cores 18-19. Required accuracy delta=1.311810e-07, accuracy met: 2.274976e+01
2025-09-21 23:55:24 WARNING:TensorToolbox.core.TensorTrainVec: MaxRank truncation. Cores 19-20. Required accuracy delta=1.311810e-07, accuracy met: 1.673739e+01
2025-09-21 23:55:24 WARNING:TensorToolbox.core.TensorTrainVec: MaxRank truncation. Cores 20-21. Required accuracy delta=1.311810e-07, accuracy met: 1.169789e+01
2025-09-21 23:55:24 WARNING:TensorToolbox.core.TensorTrainVec: MaxRank truncation. Cores 21-22. Required accuracy delta=1.311810e-07, accuracy met: 7.512816e+00
tt_from_dense wtime: 42.55415946399444
2025-09-21 23:55:58 WARNING:TensorToolbox.core.TensorTrainVec: MaxRank truncation. Cores 4-5. Required accuracy delta=1.311810e-07, accuracy met: 2.209210e+03
2025-09-21 23:56:02 WARNING:TensorToolbox.core.TensorTrainVec: MaxRank truncation. Cores 5-6. Required accuracy delta=1.311810e-07, accuracy met: 1.772582e+03
2025-09-21 23:56:04 WARNING:TensorToolbox.core.TensorTrainVec: MaxRank truncation. Cores 6-7. Required accuracy delta=1.311810e-07, accuracy met: 1.254415e+03
2025-09-21 23:56:05 WARNING:TensorToolbox.core.TensorTrainVec: MaxRank truncation. Cores 7-8. Required accuracy delta=1.311810e-07, accuracy met: 8.883447e+02
2025-09-21 23:56:05 WARNING:TensorToolbox.core.TensorTrainVec: MaxRank truncation. Cores 8-9. Required accuracy delta=1.311810e-07, accuracy met: 6.292334e+02
2025-09-21 23:56:05 WARNING:TensorToolbox.core.TensorTrainVec: MaxRank truncation. Cores 9-10. Required accuracy delta=1.311810e-07, accuracy met: 4.459645e+02
2025-09-21 23:56:06 WARNING:TensorToolbox.core.TensorTrainVec: MaxRank truncation. Cores 10-11. Required accuracy delta=1.311810e-07, accuracy met: 3.165604e+02
2025-09-21 23:56:06 WARNING:TensorToolbox.core.TensorTrainVec: MaxRank truncation. Cores 11-12. Required accuracy delta=1.311810e-07, accuracy met: 2.248273e+02
2025-09-21 23:56:06 WARNING:TensorToolbox.core.TensorTrainVec: MaxRank truncation. Cores 12-13. Required accuracy delta=1.311810e-07, accuracy met: 1.599923e+02
2025-09-21 23:56:06 WARNING:TensorToolbox.core.TensorTrainVec: MaxRank truncation. Cores 13-14. Required accuracy delta=1.311810e-07, accuracy met: 1.145229e+02
2025-09-21 23:56:06 WARNING:TensorToolbox.core.TensorTrainVec: MaxRank truncation. Cores 14-15. Required accuracy delta=1.311810e-07, accuracy met: 8.184806e+01
2025-09-21 23:56:06 WARNING:TensorToolbox.core.TensorTrainVec: MaxRank truncation. Cores 15-16. Required accuracy delta=1.311810e-07, accuracy met: 5.927501e+01
2025-09-21 23:56:06 WARNING:TensorToolbox.core.TensorTrainVec: MaxRank truncation. Cores 16-17. Required accuracy delta=1.311810e-07, accuracy met: 4.282049e+01
2025-09-21 23:56:06 WARNING:TensorToolbox.core.TensorTrainVec: MaxRank truncation. Cores 17-18. Required accuracy delta=1.311810e-07, accuracy met: 3.102955e+01
2025-09-21 23:56:06 WARNING:TensorToolbox.core.TensorTrainVec: MaxRank truncation. Cores 18-19. Required accuracy delta=1.311810e-07, accuracy met: 2.274976e+01
2025-09-21 23:56:06 WARNING:TensorToolbox.core.TensorTrainVec: MaxRank truncation. Cores 19-20. Required accuracy delta=1.311810e-07, accuracy met: 1.673739e+01
2025-09-21 23:56:06 WARNING:TensorToolbox.core.TensorTrainVec: MaxRank truncation. Cores 20-21. Required accuracy delta=1.311810e-07, accuracy met: 1.169789e+01
2025-09-21 23:56:06 WARNING:TensorToolbox.core.TensorTrainVec: MaxRank truncation. Cores 21-22. Required accuracy delta=1.311810e-07, accuracy met: 7.512816e+00
tt_from_dense wtime: 42.0501801109931
random wtime: 1.3866302789974725
2025-09-21 23:56:42 WARNING:TensorToolbox.core.TensorTrainVec: MaxRank truncation. Cores 4-5. Required accuracy delta=1.311831e-07, accuracy met: 2.128772e+03
2025-09-21 23:56:47 WARNING:TensorToolbox.core.TensorTrainVec: MaxRank truncation. Cores 5-6. Required accuracy delta=1.311831e-07, accuracy met: 1.820955e+03
2025-09-21 23:56:49 WARNING:TensorToolbox.core.TensorTrainVec: MaxRank truncation. Cores 6-7. Required accuracy delta=1.311831e-07, accuracy met: 1.289056e+03
2025-09-21 23:56:50 WARNING:TensorToolbox.core.TensorTrainVec: MaxRank truncation. Cores 7-8. Required accuracy delta=1.311831e-07, accuracy met: 9.125290e+02
2025-09-21 23:56:51 WARNING:TensorToolbox.core.TensorTrainVec: MaxRank truncation. Cores 8-9. Required accuracy delta=1.311831e-07, accuracy met: 6.464640e+02
2025-09-21 23:56:51 WARNING:TensorToolbox.core.TensorTrainVec: MaxRank truncation. Cores 9-10. Required accuracy delta=1.311831e-07, accuracy met: 4.586055e+02
2025-09-21 23:56:51 WARNING:TensorToolbox.core.TensorTrainVec: MaxRank truncation. Cores 10-11. Required accuracy delta=1.311831e-07, accuracy met: 3.255395e+02
2025-09-21 23:56:51 WARNING:TensorToolbox.core.TensorTrainVec: MaxRank truncation. Cores 11-12. Required accuracy delta=1.311831e-07, accuracy met: 2.311001e+02
2025-09-21 23:56:51 WARNING:TensorToolbox.core.TensorTrainVec: MaxRank truncation. Cores 12-13. Required accuracy delta=1.311831e-07, accuracy met: 1.643762e+02
2025-09-21 23:56:51 WARNING:TensorToolbox.core.TensorTrainVec: MaxRank truncation. Cores 13-14. Required accuracy delta=1.311831e-07, accuracy met: 1.174428e+02
2025-09-21 23:56:51 WARNING:TensorToolbox.core.TensorTrainVec: MaxRank truncation. Cores 14-15. Required accuracy delta=1.311831e-07, accuracy met: 8.436752e+01
2025-09-21 23:56:51 WARNING:TensorToolbox.core.TensorTrainVec: MaxRank truncation. Cores 15-16. Required accuracy delta=1.311831e-07, accuracy met: 6.073688e+01
2025-09-21 23:56:51 WARNING:TensorToolbox.core.TensorTrainVec: MaxRank truncation. Cores 16-17. Required accuracy delta=1.311831e-07, accuracy met: 4.406249e+01
2025-09-21 23:56:51 WARNING:TensorToolbox.core.TensorTrainVec: MaxRank truncation. Cores 17-18. Required accuracy delta=1.311831e-07, accuracy met: 3.190724e+01
2025-09-21 23:56:51 WARNING:TensorToolbox.core.TensorTrainVec: MaxRank truncation. Cores 18-19. Required accuracy delta=1.311831e-07, accuracy met: 2.371242e+01
2025-09-21 23:56:51 WARNING:TensorToolbox.core.TensorTrainVec: MaxRank truncation. Cores 19-20. Required accuracy delta=1.311831e-07, accuracy met: 1.760140e+01
2025-09-21 23:56:51 WARNING:TensorToolbox.core.TensorTrainVec: MaxRank truncation. Cores 20-21. Required accuracy delta=1.311831e-07, accuracy met: 1.249020e+01
2025-09-21 23:56:51 WARNING:TensorToolbox.core.TensorTrainVec: MaxRank truncation. Cores 21-22. Required accuracy delta=1.311831e-07, accuracy met: 6.822392e+00
tt_from_dense wtime: 43.328648712005815
2025-09-21 23:57:25 WARNING:TensorToolbox.core.TensorTrainVec: MaxRank truncation. Cores 4-5. Required accuracy delta=1.311831e-07, accuracy met: 2.128772e+03
2025-09-21 23:57:30 WARNING:TensorToolbox.core.TensorTrainVec: MaxRank truncation. Cores 5-6. Required accuracy delta=1.311831e-07, accuracy met: 1.820955e+03
2025-09-21 23:57:32 WARNING:TensorToolbox.core.TensorTrainVec: MaxRank truncation. Cores 6-7. Required accuracy delta=1.311831e-07, accuracy met: 1.289056e+03
2025-09-21 23:57:33 WARNING:TensorToolbox.core.TensorTrainVec: MaxRank truncation. Cores 7-8. Required accuracy delta=1.311831e-07, accuracy met: 9.125290e+02
2025-09-21 23:57:34 WARNING:TensorToolbox.core.TensorTrainVec: MaxRank truncation. Cores 8-9. Required accuracy delta=1.311831e-07, accuracy met: 6.464640e+02
2025-09-21 23:57:34 WARNING:TensorToolbox.core.TensorTrainVec: MaxRank truncation. Cores 9-10. Required accuracy delta=1.311831e-07, accuracy met: 4.586055e+02
2025-09-21 23:57:34 WARNING:TensorToolbox.core.TensorTrainVec: MaxRank truncation. Cores 10-11. Required accuracy delta=1.311831e-07, accuracy met: 3.255395e+02
2025-09-21 23:57:34 WARNING:TensorToolbox.core.TensorTrainVec: MaxRank truncation. Cores 11-12. Required accuracy delta=1.311831e-07, accuracy met: 2.311001e+02
2025-09-21 23:57:34 WARNING:TensorToolbox.core.TensorTrainVec: MaxRank truncation. Cores 12-13. Required accuracy delta=1.311831e-07, accuracy met: 1.643762e+02
2025-09-21 23:57:34 WARNING:TensorToolbox.core.TensorTrainVec: MaxRank truncation. Cores 13-14. Required accuracy delta=1.311831e-07, accuracy met: 1.174428e+02
2025-09-21 23:57:34 WARNING:TensorToolbox.core.TensorTrainVec: MaxRank truncation. Cores 14-15. Required accuracy delta=1.311831e-07, accuracy met: 8.436752e+01
2025-09-21 23:57:34 WARNING:TensorToolbox.core.TensorTrainVec: MaxRank truncation. Cores 15-16. Required accuracy delta=1.311831e-07, accuracy met: 6.073688e+01
2025-09-21 23:57:34 WARNING:TensorToolbox.core.TensorTrainVec: MaxRank truncation. Cores 16-17. Required accuracy delta=1.311831e-07, accuracy met: 4.406249e+01
2025-09-21 23:57:34 WARNING:TensorToolbox.core.TensorTrainVec: MaxRank truncation. Cores 17-18. Required accuracy delta=1.311831e-07, accuracy met: 3.190724e+01
2025-09-21 23:57:34 WARNING:TensorToolbox.core.TensorTrainVec: MaxRank truncation. Cores 18-19. Required accuracy delta=1.311831e-07, accuracy met: 2.371242e+01
2025-09-21 23:57:34 WARNING:TensorToolbox.core.TensorTrainVec: MaxRank truncation. Cores 19-20. Required accuracy delta=1.311831e-07, accuracy met: 1.760140e+01
2025-09-21 23:57:34 WARNING:TensorToolbox.core.TensorTrainVec: MaxRank truncation. Cores 20-21. Required accuracy delta=1.311831e-07, accuracy met: 1.249020e+01
2025-09-21 23:57:34 WARNING:TensorToolbox.core.TensorTrainVec: MaxRank truncation. Cores 21-22. Required accuracy delta=1.311831e-07, accuracy met: 6.822392e+00
tt_from_dense wtime: 43.048407189999125
random wtime: 1.3855822600016836
2025-09-21 23:58:11 WARNING:TensorToolbox.core.TensorTrainVec: MaxRank truncation. Cores 4-5. Required accuracy delta=1.311775e-07, accuracy met: 2.045216e+03
2025-09-21 23:58:16 WARNING:TensorToolbox.core.TensorTrainVec: MaxRank truncation. Cores 5-6. Required accuracy delta=1.311775e-07, accuracy met: 1.867868e+03
2025-09-21 23:58:19 WARNING:TensorToolbox.core.TensorTrainVec: MaxRank truncation. Cores 6-7. Required accuracy delta=1.311775e-07, accuracy met: 1.322273e+03
2025-09-21 23:58:20 WARNING:TensorToolbox.core.TensorTrainVec: MaxRank truncation. Cores 7-8. Required accuracy delta=1.311775e-07, accuracy met: 9.361106e+02
2025-09-21 23:58:20 WARNING:TensorToolbox.core.TensorTrainVec: MaxRank truncation. Cores 8-9. Required accuracy delta=1.311775e-07, accuracy met: 6.634795e+02
2025-09-21 23:58:21 WARNING:TensorToolbox.core.TensorTrainVec: MaxRank truncation. Cores 9-10. Required accuracy delta=1.311775e-07, accuracy met: 4.703884e+02
2025-09-21 23:58:21 WARNING:TensorToolbox.core.TensorTrainVec: MaxRank truncation. Cores 10-11. Required accuracy delta=1.311775e-07, accuracy met: 3.335931e+02
2025-09-21 23:58:21 WARNING:TensorToolbox.core.TensorTrainVec: MaxRank truncation. Cores 11-12. Required accuracy delta=1.311775e-07, accuracy met: 2.371062e+02
2025-09-21 23:58:21 WARNING:TensorToolbox.core.TensorTrainVec: MaxRank truncation. Cores 12-13. Required accuracy delta=1.311775e-07, accuracy met: 1.686753e+02
2025-09-21 23:58:21 WARNING:TensorToolbox.core.TensorTrainVec: MaxRank truncation. Cores 13-14. Required accuracy delta=1.311775e-07, accuracy met: 1.207267e+02
2025-09-21 23:58:21 WARNING:TensorToolbox.core.TensorTrainVec: MaxRank truncation. Cores 14-15. Required accuracy delta=1.311775e-07, accuracy met: 8.653881e+01
2025-09-21 23:58:21 WARNING:TensorToolbox.core.TensorTrainVec: MaxRank truncation. Cores 15-16. Required accuracy delta=1.311775e-07, accuracy met: 6.236199e+01
2025-09-21 23:58:21 WARNING:TensorToolbox.core.TensorTrainVec: MaxRank truncation. Cores 16-17. Required accuracy delta=1.311775e-07, accuracy met: 4.522559e+01
2025-09-21 23:58:21 WARNING:TensorToolbox.core.TensorTrainVec: MaxRank truncation. Cores 17-18. Required accuracy delta=1.311775e-07, accuracy met: 3.279909e+01
2025-09-21 23:58:21 WARNING:TensorToolbox.core.TensorTrainVec: MaxRank truncation. Cores 18-19. Required accuracy delta=1.311775e-07, accuracy met: 2.403722e+01
2025-09-21 23:58:21 WARNING:TensorToolbox.core.TensorTrainVec: MaxRank truncation. Cores 19-20. Required accuracy delta=1.311775e-07, accuracy met: 1.765840e+01
2025-09-21 23:58:21 WARNING:TensorToolbox.core.TensorTrainVec: MaxRank truncation. Cores 20-21. Required accuracy delta=1.311775e-07, accuracy met: 1.237476e+01
2025-09-21 23:58:21 WARNING:TensorToolbox.core.TensorTrainVec: MaxRank truncation. Cores 21-22. Required accuracy delta=1.311775e-07, accuracy met: 6.865610e+00
tt_from_dense wtime: 44.11221698200097
2025-09-21 23:58:55 WARNING:TensorToolbox.core.TensorTrainVec: MaxRank truncation. Cores 4-5. Required accuracy delta=1.311775e-07, accuracy met: 2.045216e+03
2025-09-21 23:59:00 WARNING:TensorToolbox.core.TensorTrainVec: MaxRank truncation. Cores 5-6. Required accuracy delta=1.311775e-07, accuracy met: 1.867868e+03
2025-09-21 23:59:03 WARNING:TensorToolbox.core.TensorTrainVec: MaxRank truncation. Cores 6-7. Required accuracy delta=1.311775e-07, accuracy met: 1.322273e+03
2025-09-21 23:59:04 WARNING:TensorToolbox.core.TensorTrainVec: MaxRank truncation. Cores 7-8. Required accuracy delta=1.311775e-07, accuracy met: 9.361106e+02
2025-09-21 23:59:04 WARNING:TensorToolbox.core.TensorTrainVec: MaxRank truncation. Cores 8-9. Required accuracy delta=1.311775e-07, accuracy met: 6.634795e+02
2025-09-21 23:59:05 WARNING:TensorToolbox.core.TensorTrainVec: MaxRank truncation. Cores 9-10. Required accuracy delta=1.311775e-07, accuracy met: 4.703884e+02
2025-09-21 23:59:05 WARNING:TensorToolbox.core.TensorTrainVec: MaxRank truncation. Cores 10-11. Required accuracy delta=1.311775e-07, accuracy met: 3.335931e+02
2025-09-21 23:59:05 WARNING:TensorToolbox.core.TensorTrainVec: MaxRank truncation. Cores 11-12. Required accuracy delta=1.311775e-07, accuracy met: 2.371062e+02
2025-09-21 23:59:05 WARNING:TensorToolbox.core.TensorTrainVec: MaxRank truncation. Cores 12-13. Required accuracy delta=1.311775e-07, accuracy met: 1.686753e+02
2025-09-21 23:59:05 WARNING:TensorToolbox.core.TensorTrainVec: MaxRank truncation. Cores 13-14. Required accuracy delta=1.311775e-07, accuracy met: 1.207267e+02
2025-09-21 23:59:05 WARNING:TensorToolbox.core.TensorTrainVec: MaxRank truncation. Cores 14-15. Required accuracy delta=1.311775e-07, accuracy met: 8.653881e+01
2025-09-21 23:59:05 WARNING:TensorToolbox.core.TensorTrainVec: MaxRank truncation. Cores 15-16. Required accuracy delta=1.311775e-07, accuracy met: 6.236199e+01
2025-09-21 23:59:05 WARNING:TensorToolbox.core.TensorTrainVec: MaxRank truncation. Cores 16-17. Required accuracy delta=1.311775e-07, accuracy met: 4.522559e+01
2025-09-21 23:59:05 WARNING:TensorToolbox.core.TensorTrainVec: MaxRank truncation. Cores 17-18. Required accuracy delta=1.311775e-07, accuracy met: 3.279909e+01
2025-09-21 23:59:05 WARNING:TensorToolbox.core.TensorTrainVec: MaxRank truncation. Cores 18-19. Required accuracy delta=1.311775e-07, accuracy met: 2.403722e+01
2025-09-21 23:59:05 WARNING:TensorToolbox.core.TensorTrainVec: MaxRank truncation. Cores 19-20. Required accuracy delta=1.311775e-07, accuracy met: 1.765840e+01
2025-09-21 23:59:05 WARNING:TensorToolbox.core.TensorTrainVec: MaxRank truncation. Cores 20-21. Required accuracy delta=1.311775e-07, accuracy met: 1.237476e+01
2025-09-21 23:59:05 WARNING:TensorToolbox.core.TensorTrainVec: MaxRank truncation. Cores 21-22. Required accuracy delta=1.311775e-07, accuracy met: 6.865610e+00
tt_from_dense wtime: 44.00528335099807
random wtime: 1.468520818001707
2025-09-21 23:59:42 WARNING:TensorToolbox.core.TensorTrainVec: MaxRank truncation. Cores 4-5. Required accuracy delta=1.311867e-07, accuracy met: 1.958220e+03
2025-09-21 23:59:47 WARNING:TensorToolbox.core.TensorTrainVec: MaxRank truncation. Cores 5-6. Required accuracy delta=1.311867e-07, accuracy met: 1.913939e+03
2025-09-21 23:59:50 WARNING:TensorToolbox.core.TensorTrainVec: MaxRank truncation. Cores 6-7. Required accuracy delta=1.311867e-07, accuracy met: 1.354897e+03
2025-09-21 23:59:51 WARNING:TensorToolbox.core.TensorTrainVec: MaxRank truncation. Cores 7-8. Required accuracy delta=1.311867e-07, accuracy met: 9.593359e+02
2025-09-21 23:59:52 WARNING:TensorToolbox.core.TensorTrainVec: MaxRank truncation. Cores 8-9. Required accuracy delta=1.311867e-07, accuracy met: 6.796323e+02
2025-09-21 23:59:52 WARNING:TensorToolbox.core.TensorTrainVec: MaxRank truncation. Cores 9-10. Required accuracy delta=1.311867e-07, accuracy met: 4.821622e+02
2025-09-21 23:59:52 WARNING:TensorToolbox.core.TensorTrainVec: MaxRank truncation. Cores 10-11. Required accuracy delta=1.311867e-07, accuracy met: 3.421216e+02
2025-09-21 23:59:52 WARNING:TensorToolbox.core.TensorTrainVec: MaxRank truncation. Cores 11-12. Required accuracy delta=1.311867e-07, accuracy met: 2.432088e+02
2025-09-21 23:59:52 WARNING:TensorToolbox.core.TensorTrainVec: MaxRank truncation. Cores 12-13. Required accuracy delta=1.311867e-07, accuracy met: 1.733214e+02
2025-09-21 23:59:52 WARNING:TensorToolbox.core.TensorTrainVec: MaxRank truncation. Cores 13-14. Required accuracy delta=1.311867e-07, accuracy met: 1.235918e+02
2025-09-21 23:59:52 WARNING:TensorToolbox.core.TensorTrainVec: MaxRank truncation. Cores 14-15. Required accuracy delta=1.311867e-07, accuracy met: 8.876765e+01
2025-09-21 23:59:52 WARNING:TensorToolbox.core.TensorTrainVec: MaxRank truncation. Cores 15-16. Required accuracy delta=1.311867e-07, accuracy met: 6.392558e+01
2025-09-21 23:59:52 WARNING:TensorToolbox.core.TensorTrainVec: MaxRank truncation. Cores 16-17. Required accuracy delta=1.311867e-07, accuracy met: 4.627205e+01
2025-09-21 23:59:52 WARNING:TensorToolbox.core.TensorTrainVec: MaxRank truncation. Cores 17-18. Required accuracy delta=1.311867e-07, accuracy met: 3.399355e+01
2025-09-21 23:59:52 WARNING:TensorToolbox.core.TensorTrainVec: MaxRank truncation. Cores 18-19. Required accuracy delta=1.311867e-07, accuracy met: 2.477317e+01
2025-09-21 23:59:52 WARNING:TensorToolbox.core.TensorTrainVec: MaxRank truncation. Cores 19-20. Required accuracy delta=1.311867e-07, accuracy met: 1.818716e+01
2025-09-21 23:59:52 WARNING:TensorToolbox.core.TensorTrainVec: MaxRank truncation. Cores 20-21. Required accuracy delta=1.311867e-07, accuracy met: 1.264960e+01
2025-09-21 23:59:52 WARNING:TensorToolbox.core.TensorTrainVec: MaxRank truncation. Cores 21-22. Required accuracy delta=1.311867e-07, accuracy met: 7.326153e+00
tt_from_dense wtime: 44.96158064701012
2025-09-22 00:00:27 WARNING:TensorToolbox.core.TensorTrainVec: MaxRank truncation. Cores 4-5. Required accuracy delta=1.311867e-07, accuracy met: 1.958220e+03
2025-09-22 00:00:32 WARNING:TensorToolbox.core.TensorTrainVec: MaxRank truncation. Cores 5-6. Required accuracy delta=1.311867e-07, accuracy met: 1.913939e+03
2025-09-22 00:00:35 WARNING:TensorToolbox.core.TensorTrainVec: MaxRank truncation. Cores 6-7. Required accuracy delta=1.311867e-07, accuracy met: 1.354897e+03
2025-09-22 00:00:36 WARNING:TensorToolbox.core.TensorTrainVec: MaxRank truncation. Cores 7-8. Required accuracy delta=1.311867e-07, accuracy met: 9.593359e+02
2025-09-22 00:00:36 WARNING:TensorToolbox.core.TensorTrainVec: MaxRank truncation. Cores 8-9. Required accuracy delta=1.311867e-07, accuracy met: 6.796323e+02
2025-09-22 00:00:37 WARNING:TensorToolbox.core.TensorTrainVec: MaxRank truncation. Cores 9-10. Required accuracy delta=1.311867e-07, accuracy met: 4.821622e+02
2025-09-22 00:00:37 WARNING:TensorToolbox.core.TensorTrainVec: MaxRank truncation. Cores 10-11. Required accuracy delta=1.311867e-07, accuracy met: 3.421216e+02
2025-09-22 00:00:37 WARNING:TensorToolbox.core.TensorTrainVec: MaxRank truncation. Cores 11-12. Required accuracy delta=1.311867e-07, accuracy met: 2.432088e+02
2025-09-22 00:00:37 WARNING:TensorToolbox.core.TensorTrainVec: MaxRank truncation. Cores 12-13. Required accuracy delta=1.311867e-07, accuracy met: 1.733214e+02
2025-09-22 00:00:37 WARNING:TensorToolbox.core.TensorTrainVec: MaxRank truncation. Cores 13-14. Required accuracy delta=1.311867e-07, accuracy met: 1.235918e+02
2025-09-22 00:00:37 WARNING:TensorToolbox.core.TensorTrainVec: MaxRank truncation. Cores 14-15. Required accuracy delta=1.311867e-07, accuracy met: 8.876765e+01
2025-09-22 00:00:37 WARNING:TensorToolbox.core.TensorTrainVec: MaxRank truncation. Cores 15-16. Required accuracy delta=1.311867e-07, accuracy met: 6.392558e+01
2025-09-22 00:00:37 WARNING:TensorToolbox.core.TensorTrainVec: MaxRank truncation. Cores 16-17. Required accuracy delta=1.311867e-07, accuracy met: 4.627205e+01
2025-09-22 00:00:37 WARNING:TensorToolbox.core.TensorTrainVec: MaxRank truncation. Cores 17-18. Required accuracy delta=1.311867e-07, accuracy met: 3.399355e+01
2025-09-22 00:00:37 WARNING:TensorToolbox.core.TensorTrainVec: MaxRank truncation. Cores 18-19. Required accuracy delta=1.311867e-07, accuracy met: 2.477317e+01
2025-09-22 00:00:37 WARNING:TensorToolbox.core.TensorTrainVec: MaxRank truncation. Cores 19-20. Required accuracy delta=1.311867e-07, accuracy met: 1.818716e+01
2025-09-22 00:00:37 WARNING:TensorToolbox.core.TensorTrainVec: MaxRank truncation. Cores 20-21. Required accuracy delta=1.311867e-07, accuracy met: 1.264960e+01
2025-09-22 00:00:37 WARNING:TensorToolbox.core.TensorTrainVec: MaxRank truncation. Cores 21-22. Required accuracy delta=1.311867e-07, accuracy met: 7.326153e+00
tt_from_dense wtime: 44.67795569800364
random wtime: 1.3853701000043657
2025-09-22 00:01:14 WARNING:TensorToolbox.core.TensorTrainVec: MaxRank truncation. Cores 4-5. Required accuracy delta=1.311753e-07, accuracy met: 1.866732e+03
2025-09-22 00:01:20 WARNING:TensorToolbox.core.TensorTrainVec: MaxRank truncation. Cores 5-6. Required accuracy delta=1.311753e-07, accuracy met: 1.958710e+03
2025-09-22 00:01:23 WARNING:TensorToolbox.core.TensorTrainVec: MaxRank truncation. Cores 6-7. Required accuracy delta=1.311753e-07, accuracy met: 1.386499e+03
2025-09-22 00:01:24 WARNING:TensorToolbox.core.TensorTrainVec: MaxRank truncation. Cores 7-8. Required accuracy delta=1.311753e-07, accuracy met: 9.820717e+02
2025-09-22 00:01:25 WARNING:TensorToolbox.core.TensorTrainVec: MaxRank truncation. Cores 8-9. Required accuracy delta=1.311753e-07, accuracy met: 6.959117e+02
2025-09-22 00:01:25 WARNING:TensorToolbox.core.TensorTrainVec: MaxRank truncation. Cores 9-10. Required accuracy delta=1.311753e-07, accuracy met: 4.935849e+02
2025-09-22 00:01:25 WARNING:TensorToolbox.core.TensorTrainVec: MaxRank truncation. Cores 10-11. Required accuracy delta=1.311753e-07, accuracy met: 3.501087e+02
2025-09-22 00:01:25 WARNING:TensorToolbox.core.TensorTrainVec: MaxRank truncation. Cores 11-12. Required accuracy delta=1.311753e-07, accuracy met: 2.490201e+02
2025-09-22 00:01:25 WARNING:TensorToolbox.core.TensorTrainVec: MaxRank truncation. Cores 12-13. Required accuracy delta=1.311753e-07, accuracy met: 1.772405e+02
2025-09-22 00:01:25 WARNING:TensorToolbox.core.TensorTrainVec: MaxRank truncation. Cores 13-14. Required accuracy delta=1.311753e-07, accuracy met: 1.266751e+02
2025-09-22 00:01:25 WARNING:TensorToolbox.core.TensorTrainVec: MaxRank truncation. Cores 14-15. Required accuracy delta=1.311753e-07, accuracy met: 9.091128e+01
2025-09-22 00:01:25 WARNING:TensorToolbox.core.TensorTrainVec: MaxRank truncation. Cores 15-16. Required accuracy delta=1.311753e-07, accuracy met: 6.559483e+01
2025-09-22 00:01:25 WARNING:TensorToolbox.core.TensorTrainVec: MaxRank truncation. Cores 16-17. Required accuracy delta=1.311753e-07, accuracy met: 4.777380e+01
2025-09-22 00:01:25 WARNING:TensorToolbox.core.TensorTrainVec: MaxRank truncation. Cores 17-18. Required accuracy delta=1.311753e-07, accuracy met: 3.456242e+01
2025-09-22 00:01:25 WARNING:TensorToolbox.core.TensorTrainVec: MaxRank truncation. Cores 18-19. Required accuracy delta=1.311753e-07, accuracy met: 2.538026e+01
2025-09-22 00:01:25 WARNING:TensorToolbox.core.TensorTrainVec: MaxRank truncation. Cores 19-20. Required accuracy delta=1.311753e-07, accuracy met: 1.840806e+01
2025-09-22 00:01:25 WARNING:TensorToolbox.core.TensorTrainVec: MaxRank truncation. Cores 20-21. Required accuracy delta=1.311753e-07, accuracy met: 1.304688e+01
2025-09-22 00:01:25 WARNING:TensorToolbox.core.TensorTrainVec: MaxRank truncation. Cores 21-22. Required accuracy delta=1.311753e-07, accuracy met: 6.697801e+00
tt_from_dense wtime: 46.01137870599632
2025-09-22 00:02:00 WARNING:TensorToolbox.core.TensorTrainVec: MaxRank truncation. Cores 4-5. Required accuracy delta=1.311753e-07, accuracy met: 1.866732e+03
2025-09-22 00:02:06 WARNING:TensorToolbox.core.TensorTrainVec: MaxRank truncation. Cores 5-6. Required accuracy delta=1.311753e-07, accuracy met: 1.958710e+03
2025-09-22 00:02:09 WARNING:TensorToolbox.core.TensorTrainVec: MaxRank truncation. Cores 6-7. Required accuracy delta=1.311753e-07, accuracy met: 1.386499e+03
2025-09-22 00:02:10 WARNING:TensorToolbox.core.TensorTrainVec: MaxRank truncation. Cores 7-8. Required accuracy delta=1.311753e-07, accuracy met: 9.820717e+02
2025-09-22 00:02:11 WARNING:TensorToolbox.core.TensorTrainVec: MaxRank truncation. Cores 8-9. Required accuracy delta=1.311753e-07, accuracy met: 6.959117e+02
2025-09-22 00:02:11 WARNING:TensorToolbox.core.TensorTrainVec: MaxRank truncation. Cores 9-10. Required accuracy delta=1.311753e-07, accuracy met: 4.935849e+02
2025-09-22 00:02:11 WARNING:TensorToolbox.core.TensorTrainVec: MaxRank truncation. Cores 10-11. Required accuracy delta=1.311753e-07, accuracy met: 3.501087e+02
2025-09-22 00:02:11 WARNING:TensorToolbox.core.TensorTrainVec: MaxRank truncation. Cores 11-12. Required accuracy delta=1.311753e-07, accuracy met: 2.490201e+02
2025-09-22 00:02:11 WARNING:TensorToolbox.core.TensorTrainVec: MaxRank truncation. Cores 12-13. Required accuracy delta=1.311753e-07, accuracy met: 1.772405e+02
2025-09-22 00:02:11 WARNING:TensorToolbox.core.TensorTrainVec: MaxRank truncation. Cores 13-14. Required accuracy delta=1.311753e-07, accuracy met: 1.266751e+02
2025-09-22 00:02:11 WARNING:TensorToolbox.core.TensorTrainVec: MaxRank truncation. Cores 14-15. Required accuracy delta=1.311753e-07, accuracy met: 9.091128e+01
2025-09-22 00:02:11 WARNING:TensorToolbox.core.TensorTrainVec: MaxRank truncation. Cores 15-16. Required accuracy delta=1.311753e-07, accuracy met: 6.559483e+01
2025-09-22 00:02:11 WARNING:TensorToolbox.core.TensorTrainVec: MaxRank truncation. Cores 16-17. Required accuracy delta=1.311753e-07, accuracy met: 4.777380e+01
2025-09-22 00:02:11 WARNING:TensorToolbox.core.TensorTrainVec: MaxRank truncation. Cores 17-18. Required accuracy delta=1.311753e-07, accuracy met: 3.456242e+01
2025-09-22 00:02:11 WARNING:TensorToolbox.core.TensorTrainVec: MaxRank truncation. Cores 18-19. Required accuracy delta=1.311753e-07, accuracy met: 2.538026e+01
2025-09-22 00:02:11 WARNING:TensorToolbox.core.TensorTrainVec: MaxRank truncation. Cores 19-20. Required accuracy delta=1.311753e-07, accuracy met: 1.840806e+01
2025-09-22 00:02:11 WARNING:TensorToolbox.core.TensorTrainVec: MaxRank truncation. Cores 20-21. Required accuracy delta=1.311753e-07, accuracy met: 1.304688e+01
2025-09-22 00:02:11 WARNING:TensorToolbox.core.TensorTrainVec: MaxRank truncation. Cores 21-22. Required accuracy delta=1.311753e-07, accuracy met: 6.697801e+00
tt_from_dense wtime: 45.756933737007785
random wtime: 1.3846476229955442
2025-09-22 00:02:48 WARNING:TensorToolbox.core.TensorTrainVec: MaxRank truncation. Cores 4-5. Required accuracy delta=1.311777e-07, accuracy met: 1.770654e+03
2025-09-22 00:02:54 WARNING:TensorToolbox.core.TensorTrainVec: MaxRank truncation. Cores 5-6. Required accuracy delta=1.311777e-07, accuracy met: 2.002453e+03
2025-09-22 00:02:57 WARNING:TensorToolbox.core.TensorTrainVec: MaxRank truncation. Cores 6-7. Required accuracy delta=1.311777e-07, accuracy met: 1.417530e+03
2025-09-22 00:02:59 WARNING:TensorToolbox.core.TensorTrainVec: MaxRank truncation. Cores 7-8. Required accuracy delta=1.311777e-07, accuracy met: 1.003938e+03
2025-09-22 00:03:00 WARNING:TensorToolbox.core.TensorTrainVec: MaxRank truncation. Cores 8-9. Required accuracy delta=1.311777e-07, accuracy met: 7.115002e+02
2025-09-22 00:03:00 WARNING:TensorToolbox.core.TensorTrainVec: MaxRank truncation. Cores 9-10. Required accuracy delta=1.311777e-07, accuracy met: 5.044642e+02
2025-09-22 00:03:00 WARNING:TensorToolbox.core.TensorTrainVec: MaxRank truncation. Cores 10-11. Required accuracy delta=1.311777e-07, accuracy met: 3.580593e+02
2025-09-22 00:03:00 WARNING:TensorToolbox.core.TensorTrainVec: MaxRank truncation. Cores 11-12. Required accuracy delta=1.311777e-07, accuracy met: 2.544165e+02
2025-09-22 00:03:00 WARNING:TensorToolbox.core.TensorTrainVec: MaxRank truncation. Cores 12-13. Required accuracy delta=1.311777e-07, accuracy met: 1.815070e+02
2025-09-22 00:03:00 WARNING:TensorToolbox.core.TensorTrainVec: MaxRank truncation. Cores 13-14. Required accuracy delta=1.311777e-07, accuracy met: 1.295732e+02
2025-09-22 00:03:00 WARNING:TensorToolbox.core.TensorTrainVec: MaxRank truncation. Cores 14-15. Required accuracy delta=1.311777e-07, accuracy met: 9.315097e+01
2025-09-22 00:03:00 WARNING:TensorToolbox.core.TensorTrainVec: MaxRank truncation. Cores 15-16. Required accuracy delta=1.311777e-07, accuracy met: 6.725447e+01
2025-09-22 00:03:00 WARNING:TensorToolbox.core.TensorTrainVec: MaxRank truncation. Cores 16-17. Required accuracy delta=1.311777e-07, accuracy met: 4.869386e+01
2025-09-22 00:03:00 WARNING:TensorToolbox.core.TensorTrainVec: MaxRank truncation. Cores 17-18. Required accuracy delta=1.311777e-07, accuracy met: 3.560664e+01
2025-09-22 00:03:00 WARNING:TensorToolbox.core.TensorTrainVec: MaxRank truncation. Cores 18-19. Required accuracy delta=1.311777e-07, accuracy met: 2.620271e+01
2025-09-22 00:03:00 WARNING:TensorToolbox.core.TensorTrainVec: MaxRank truncation. Cores 19-20. Required accuracy delta=1.311777e-07, accuracy met: 1.880629e+01
2025-09-22 00:03:00 WARNING:TensorToolbox.core.TensorTrainVec: MaxRank truncation. Cores 20-21. Required accuracy delta=1.311777e-07, accuracy met: 1.316197e+01
2025-09-22 00:03:00 WARNING:TensorToolbox.core.TensorTrainVec: MaxRank truncation. Cores 21-22. Required accuracy delta=1.311777e-07, accuracy met: 7.101780e+00
tt_from_dense wtime: 46.46996493599727
2025-09-22 00:03:35 WARNING:TensorToolbox.core.TensorTrainVec: MaxRank truncation. Cores 4-5. Required accuracy delta=1.311777e-07, accuracy met: 1.770654e+03
2025-09-22 00:03:41 WARNING:TensorToolbox.core.TensorTrainVec: MaxRank truncation. Cores 5-6. Required accuracy delta=1.311777e-07, accuracy met: 2.002453e+03
2025-09-22 00:03:44 WARNING:TensorToolbox.core.TensorTrainVec: MaxRank truncation. Cores 6-7. Required accuracy delta=1.311777e-07, accuracy met: 1.417530e+03
2025-09-22 00:03:45 WARNING:TensorToolbox.core.TensorTrainVec: MaxRank truncation. Cores 7-8. Required accuracy delta=1.311777e-07, accuracy met: 1.003938e+03
2025-09-22 00:03:46 WARNING:TensorToolbox.core.TensorTrainVec: MaxRank truncation. Cores 8-9. Required accuracy delta=1.311777e-07, accuracy met: 7.115002e+02
2025-09-22 00:03:46 WARNING:TensorToolbox.core.TensorTrainVec: MaxRank truncation. Cores 9-10. Required accuracy delta=1.311777e-07, accuracy met: 5.044642e+02
2025-09-22 00:03:46 WARNING:TensorToolbox.core.TensorTrainVec: MaxRank truncation. Cores 10-11. Required accuracy delta=1.311777e-07, accuracy met: 3.580593e+02
2025-09-22 00:03:46 WARNING:TensorToolbox.core.TensorTrainVec: MaxRank truncation. Cores 11-12. Required accuracy delta=1.311777e-07, accuracy met: 2.544165e+02
2025-09-22 00:03:46 WARNING:TensorToolbox.core.TensorTrainVec: MaxRank truncation. Cores 12-13. Required accuracy delta=1.311777e-07, accuracy met: 1.815070e+02
2025-09-22 00:03:46 WARNING:TensorToolbox.core.TensorTrainVec: MaxRank truncation. Cores 13-14. Required accuracy delta=1.311777e-07, accuracy met: 1.295732e+02
2025-09-22 00:03:46 WARNING:TensorToolbox.core.TensorTrainVec: MaxRank truncation. Cores 14-15. Required accuracy delta=1.311777e-07, accuracy met: 9.315097e+01
2025-09-22 00:03:46 WARNING:TensorToolbox.core.TensorTrainVec: MaxRank truncation. Cores 15-16. Required accuracy delta=1.311777e-07, accuracy met: 6.725447e+01
2025-09-22 00:03:46 WARNING:TensorToolbox.core.TensorTrainVec: MaxRank truncation. Cores 16-17. Required accuracy delta=1.311777e-07, accuracy met: 4.869386e+01
2025-09-22 00:03:46 WARNING:TensorToolbox.core.TensorTrainVec: MaxRank truncation. Cores 17-18. Required accuracy delta=1.311777e-07, accuracy met: 3.560664e+01
2025-09-22 00:03:46 WARNING:TensorToolbox.core.TensorTrainVec: MaxRank truncation. Cores 18-19. Required accuracy delta=1.311777e-07, accuracy met: 2.620271e+01
2025-09-22 00:03:46 WARNING:TensorToolbox.core.TensorTrainVec: MaxRank truncation. Cores 19-20. Required accuracy delta=1.311777e-07, accuracy met: 1.880629e+01
2025-09-22 00:03:46 WARNING:TensorToolbox.core.TensorTrainVec: MaxRank truncation. Cores 20-21. Required accuracy delta=1.311777e-07, accuracy met: 1.316197e+01
2025-09-22 00:03:46 WARNING:TensorToolbox.core.TensorTrainVec: MaxRank truncation. Cores 21-22. Required accuracy delta=1.311777e-07, accuracy met: 7.101780e+00
tt_from_dense wtime: 46.16808058400056
random wtime: 1.5021596570004476
2025-09-22 00:04:24 WARNING:TensorToolbox.core.TensorTrainVec: MaxRank truncation. Cores 4-5. Required accuracy delta=1.311750e-07, accuracy met: 1.669226e+03
2025-09-22 00:04:30 WARNING:TensorToolbox.core.TensorTrainVec: MaxRank truncation. Cores 5-6. Required accuracy delta=1.311750e-07, accuracy met: 2.045144e+03
2025-09-22 00:04:34 WARNING:TensorToolbox.core.TensorTrainVec: MaxRank truncation. Cores 6-7. Required accuracy delta=1.311750e-07, accuracy met: 1.447943e+03
2025-09-22 00:04:36 WARNING:TensorToolbox.core.TensorTrainVec: MaxRank truncation. Cores 7-8. Required accuracy delta=1.311750e-07, accuracy met: 1.025656e+03
2025-09-22 00:04:36 WARNING:TensorToolbox.core.TensorTrainVec: MaxRank truncation. Cores 8-9. Required accuracy delta=1.311750e-07, accuracy met: 7.269435e+02
2025-09-22 00:04:37 WARNING:TensorToolbox.core.TensorTrainVec: MaxRank truncation. Cores 9-10. Required accuracy delta=1.311750e-07, accuracy met: 5.152622e+02
2025-09-22 00:04:37 WARNING:TensorToolbox.core.TensorTrainVec: MaxRank truncation. Cores 10-11. Required accuracy delta=1.311750e-07, accuracy met: 3.657978e+02
2025-09-22 00:04:37 WARNING:TensorToolbox.core.TensorTrainVec: MaxRank truncation. Cores 11-12. Required accuracy delta=1.311750e-07, accuracy met: 2.602438e+02
2025-09-22 00:04:37 WARNING:TensorToolbox.core.TensorTrainVec: MaxRank truncation. Cores 12-13. Required accuracy delta=1.311750e-07, accuracy met: 1.854301e+02
2025-09-22 00:04:37 WARNING:TensorToolbox.core.TensorTrainVec: MaxRank truncation. Cores 13-14. Required accuracy delta=1.311750e-07, accuracy met: 1.326025e+02
2025-09-22 00:04:37 WARNING:TensorToolbox.core.TensorTrainVec: MaxRank truncation. Cores 14-15. Required accuracy delta=1.311750e-07, accuracy met: 9.514849e+01
2025-09-22 00:04:37 WARNING:TensorToolbox.core.TensorTrainVec: MaxRank truncation. Cores 15-16. Required accuracy delta=1.311750e-07, accuracy met: 6.886250e+01
2025-09-22 00:04:37 WARNING:TensorToolbox.core.TensorTrainVec: MaxRank truncation. Cores 16-17. Required accuracy delta=1.311750e-07, accuracy met: 4.958957e+01
2025-09-22 00:04:37 WARNING:TensorToolbox.core.TensorTrainVec: MaxRank truncation. Cores 17-18. Required accuracy delta=1.311750e-07, accuracy met: 3.625947e+01
2025-09-22 00:04:37 WARNING:TensorToolbox.core.TensorTrainVec: MaxRank truncation. Cores 18-19. Required accuracy delta=1.311750e-07, accuracy met: 2.690003e+01
2025-09-22 00:04:37 WARNING:TensorToolbox.core.TensorTrainVec: MaxRank truncation. Cores 19-20. Required accuracy delta=1.311750e-07, accuracy met: 1.960444e+01
2025-09-22 00:04:37 WARNING:TensorToolbox.core.TensorTrainVec: MaxRank truncation. Cores 20-21. Required accuracy delta=1.311750e-07, accuracy met: 1.334515e+01
2025-09-22 00:04:37 WARNING:TensorToolbox.core.TensorTrainVec: MaxRank truncation. Cores 21-22. Required accuracy delta=1.311750e-07, accuracy met: 6.342870e+00
tt_from_dense wtime: 47.936461131001124
2025-09-22 00:05:11 WARNING:TensorToolbox.core.TensorTrainVec: MaxRank truncation. Cores 4-5. Required accuracy delta=1.311750e-07, accuracy met: 1.669226e+03
2025-09-22 00:05:18 WARNING:TensorToolbox.core.TensorTrainVec: MaxRank truncation. Cores 5-6. Required accuracy delta=1.311750e-07, accuracy met: 2.045144e+03
2025-09-22 00:05:22 WARNING:TensorToolbox.core.TensorTrainVec: MaxRank truncation. Cores 6-7. Required accuracy delta=1.311750e-07, accuracy met: 1.447943e+03
2025-09-22 00:05:24 WARNING:TensorToolbox.core.TensorTrainVec: MaxRank truncation. Cores 7-8. Required accuracy delta=1.311750e-07, accuracy met: 1.025656e+03
2025-09-22 00:05:24 WARNING:TensorToolbox.core.TensorTrainVec: MaxRank truncation. Cores 8-9. Required accuracy delta=1.311750e-07, accuracy met: 7.269435e+02
2025-09-22 00:05:25 WARNING:TensorToolbox.core.TensorTrainVec: MaxRank truncation. Cores 9-10. Required accuracy delta=1.311750e-07, accuracy met: 5.152622e+02
2025-09-22 00:05:25 WARNING:TensorToolbox.core.TensorTrainVec: MaxRank truncation. Cores 10-11. Required accuracy delta=1.311750e-07, accuracy met: 3.657978e+02
2025-09-22 00:05:25 WARNING:TensorToolbox.core.TensorTrainVec: MaxRank truncation. Cores 11-12. Required accuracy delta=1.311750e-07, accuracy met: 2.602438e+02
2025-09-22 00:05:25 WARNING:TensorToolbox.core.TensorTrainVec: MaxRank truncation. Cores 12-13. Required accuracy delta=1.311750e-07, accuracy met: 1.854301e+02
2025-09-22 00:05:25 WARNING:TensorToolbox.core.TensorTrainVec: MaxRank truncation. Cores 13-14. Required accuracy delta=1.311750e-07, accuracy met: 1.326025e+02
2025-09-22 00:05:25 WARNING:TensorToolbox.core.TensorTrainVec: MaxRank truncation. Cores 14-15. Required accuracy delta=1.311750e-07, accuracy met: 9.514849e+01
2025-09-22 00:05:25 WARNING:TensorToolbox.core.TensorTrainVec: MaxRank truncation. Cores 15-16. Required accuracy delta=1.311750e-07, accuracy met: 6.886250e+01
2025-09-22 00:05:25 WARNING:TensorToolbox.core.TensorTrainVec: MaxRank truncation. Cores 16-17. Required accuracy delta=1.311750e-07, accuracy met: 4.958957e+01
2025-09-22 00:05:25 WARNING:TensorToolbox.core.TensorTrainVec: MaxRank truncation. Cores 17-18. Required accuracy delta=1.311750e-07, accuracy met: 3.625947e+01
2025-09-22 00:05:25 WARNING:TensorToolbox.core.TensorTrainVec: MaxRank truncation. Cores 18-19. Required accuracy delta=1.311750e-07, accuracy met: 2.690003e+01
2025-09-22 00:05:25 WARNING:TensorToolbox.core.TensorTrainVec: MaxRank truncation. Cores 19-20. Required accuracy delta=1.311750e-07, accuracy met: 1.960444e+01
2025-09-22 00:05:25 WARNING:TensorToolbox.core.TensorTrainVec: MaxRank truncation. Cores 20-21. Required accuracy delta=1.311750e-07, accuracy met: 1.334515e+01
2025-09-22 00:05:25 WARNING:TensorToolbox.core.TensorTrainVec: MaxRank truncation. Cores 21-22. Required accuracy delta=1.311750e-07, accuracy met: 6.342870e+00
tt_from_dense wtime: 47.86111973899824
random wtime: 1.3749491919879802
2025-09-22 00:06:01 WARNING:TensorToolbox.core.TensorTrainVec: MaxRank truncation. Cores 4-5. Required accuracy delta=1.311770e-07, accuracy met: 1.561217e+03
2025-09-22 00:06:07 WARNING:TensorToolbox.core.TensorTrainVec: MaxRank truncation. Cores 5-6. Required accuracy delta=1.311770e-07, accuracy met: 2.087267e+03
2025-09-22 00:06:10 WARNING:TensorToolbox.core.TensorTrainVec: MaxRank truncation. Cores 6-7. Required accuracy delta=1.311770e-07, accuracy met: 1.477558e+03
2025-09-22 00:06:12 WARNING:TensorToolbox.core.TensorTrainVec: MaxRank truncation. Cores 7-8. Required accuracy delta=1.311770e-07, accuracy met: 1.046453e+03
2025-09-22 00:06:12 WARNING:TensorToolbox.core.TensorTrainVec: MaxRank truncation. Cores 8-9. Required accuracy delta=1.311770e-07, accuracy met: 7.418061e+02
2025-09-22 00:06:13 WARNING:TensorToolbox.core.TensorTrainVec: MaxRank truncation. Cores 9-10. Required accuracy delta=1.311770e-07, accuracy met: 5.259304e+02
2025-09-22 00:06:13 WARNING:TensorToolbox.core.TensorTrainVec: MaxRank truncation. Cores 10-11. Required accuracy delta=1.311770e-07, accuracy met: 3.733751e+02
2025-09-22 00:06:13 WARNING:TensorToolbox.core.TensorTrainVec: MaxRank truncation. Cores 11-12. Required accuracy delta=1.311770e-07, accuracy met: 2.656836e+02
2025-09-22 00:06:13 WARNING:TensorToolbox.core.TensorTrainVec: MaxRank truncation. Cores 12-13. Required accuracy delta=1.311770e-07, accuracy met: 1.897830e+02
2025-09-22 00:06:13 WARNING:TensorToolbox.core.TensorTrainVec: MaxRank truncation. Cores 13-14. Required accuracy delta=1.311770e-07, accuracy met: 1.355517e+02
2025-09-22 00:06:13 WARNING:TensorToolbox.core.TensorTrainVec: MaxRank truncation. Cores 14-15. Required accuracy delta=1.311770e-07, accuracy met: 9.738191e+01
2025-09-22 00:06:13 WARNING:TensorToolbox.core.TensorTrainVec: MaxRank truncation. Cores 15-16. Required accuracy delta=1.311770e-07, accuracy met: 7.043144e+01
2025-09-22 00:06:13 WARNING:TensorToolbox.core.TensorTrainVec: MaxRank truncation. Cores 16-17. Required accuracy delta=1.311770e-07, accuracy met: 5.089784e+01
2025-09-22 00:06:13 WARNING:TensorToolbox.core.TensorTrainVec: MaxRank truncation. Cores 17-18. Required accuracy delta=1.311770e-07, accuracy met: 3.730908e+01
2025-09-22 00:06:13 WARNING:TensorToolbox.core.TensorTrainVec: MaxRank truncation. Cores 18-19. Required accuracy delta=1.311770e-07, accuracy met: 2.742312e+01
2025-09-22 00:06:13 WARNING:TensorToolbox.core.TensorTrainVec: MaxRank truncation. Cores 19-20. Required accuracy delta=1.311770e-07, accuracy met: 1.987331e+01
2025-09-22 00:06:13 WARNING:TensorToolbox.core.TensorTrainVec: MaxRank truncation. Cores 20-21. Required accuracy delta=1.311770e-07, accuracy met: 1.393175e+01
2025-09-22 00:06:13 WARNING:TensorToolbox.core.TensorTrainVec: MaxRank truncation. Cores 21-22. Required accuracy delta=1.311770e-07, accuracy met: 6.405087e+00
tt_from_dense wtime: 45.420978641996044
2025-09-22 00:06:47 WARNING:TensorToolbox.core.TensorTrainVec: MaxRank truncation. Cores 4-5. Required accuracy delta=1.311770e-07, accuracy met: 1.561217e+03
2025-09-22 00:06:53 WARNING:TensorToolbox.core.TensorTrainVec: MaxRank truncation. Cores 5-6. Required accuracy delta=1.311770e-07, accuracy met: 2.087267e+03
2025-09-22 00:06:56 WARNING:TensorToolbox.core.TensorTrainVec: MaxRank truncation. Cores 6-7. Required accuracy delta=1.311770e-07, accuracy met: 1.477558e+03
2025-09-22 00:06:57 WARNING:TensorToolbox.core.TensorTrainVec: MaxRank truncation. Cores 7-8. Required accuracy delta=1.311770e-07, accuracy met: 1.046453e+03
2025-09-22 00:06:58 WARNING:TensorToolbox.core.TensorTrainVec: MaxRank truncation. Cores 8-9. Required accuracy delta=1.311770e-07, accuracy met: 7.418061e+02
2025-09-22 00:06:58 WARNING:TensorToolbox.core.TensorTrainVec: MaxRank truncation. Cores 9-10. Required accuracy delta=1.311770e-07, accuracy met: 5.259304e+02
2025-09-22 00:06:58 WARNING:TensorToolbox.core.TensorTrainVec: MaxRank truncation. Cores 10-11. Required accuracy delta=1.311770e-07, accuracy met: 3.733751e+02
2025-09-22 00:06:58 WARNING:TensorToolbox.core.TensorTrainVec: MaxRank truncation. Cores 11-12. Required accuracy delta=1.311770e-07, accuracy met: 2.656836e+02
2025-09-22 00:06:58 WARNING:TensorToolbox.core.TensorTrainVec: MaxRank truncation. Cores 12-13. Required accuracy delta=1.311770e-07, accuracy met: 1.897830e+02
2025-09-22 00:06:58 WARNING:TensorToolbox.core.TensorTrainVec: MaxRank truncation. Cores 13-14. Required accuracy delta=1.311770e-07, accuracy met: 1.355517e+02
2025-09-22 00:06:58 WARNING:TensorToolbox.core.TensorTrainVec: MaxRank truncation. Cores 14-15. Required accuracy delta=1.311770e-07, accuracy met: 9.738191e+01
2025-09-22 00:06:58 WARNING:TensorToolbox.core.TensorTrainVec: MaxRank truncation. Cores 15-16. Required accuracy delta=1.311770e-07, accuracy met: 7.043144e+01
2025-09-22 00:06:58 WARNING:TensorToolbox.core.TensorTrainVec: MaxRank truncation. Cores 16-17. Required accuracy delta=1.311770e-07, accuracy met: 5.089784e+01
2025-09-22 00:06:58 WARNING:TensorToolbox.core.TensorTrainVec: MaxRank truncation. Cores 17-18. Required accuracy delta=1.311770e-07, accuracy met: 3.730908e+01
2025-09-22 00:06:58 WARNING:TensorToolbox.core.TensorTrainVec: MaxRank truncation. Cores 18-19. Required accuracy delta=1.311770e-07, accuracy met: 2.742312e+01
2025-09-22 00:06:58 WARNING:TensorToolbox.core.TensorTrainVec: MaxRank truncation. Cores 19-20. Required accuracy delta=1.311770e-07, accuracy met: 1.987331e+01
2025-09-22 00:06:58 WARNING:TensorToolbox.core.TensorTrainVec: MaxRank truncation. Cores 20-21. Required accuracy delta=1.311770e-07, accuracy met: 1.393175e+01
2025-09-22 00:06:58 WARNING:TensorToolbox.core.TensorTrainVec: MaxRank truncation. Cores 21-22. Required accuracy delta=1.311770e-07, accuracy met: 6.405087e+00
tt_from_dense wtime: 45.30081591800263
random wtime: 1.478140524995979
2025-09-22 00:07:35 WARNING:TensorToolbox.core.TensorTrainVec: MaxRank truncation. Cores 4-5. Required accuracy delta=1.311750e-07, accuracy met: 1.445214e+03
2025-09-22 00:07:42 WARNING:TensorToolbox.core.TensorTrainVec: MaxRank truncation. Cores 5-6. Required accuracy delta=1.311750e-07, accuracy met: 2.128082e+03
2025-09-22 00:07:45 WARNING:TensorToolbox.core.TensorTrainVec: MaxRank truncation. Cores 6-7. Required accuracy delta=1.311750e-07, accuracy met: 1.506828e+03
2025-09-22 00:07:47 WARNING:TensorToolbox.core.TensorTrainVec: MaxRank truncation. Cores 7-8. Required accuracy delta=1.311750e-07, accuracy met: 1.067153e+03
2025-09-22 00:07:47 WARNING:TensorToolbox.core.TensorTrainVec: MaxRank truncation. Cores 8-9. Required accuracy delta=1.311750e-07, accuracy met: 7.563240e+02
2025-09-22 00:07:48 WARNING:TensorToolbox.core.TensorTrainVec: MaxRank truncation. Cores 9-10. Required accuracy delta=1.311750e-07, accuracy met: 5.365030e+02
2025-09-22 00:07:48 WARNING:TensorToolbox.core.TensorTrainVec: MaxRank truncation. Cores 10-11. Required accuracy delta=1.311750e-07, accuracy met: 3.813468e+02
2025-09-22 00:07:48 WARNING:TensorToolbox.core.TensorTrainVec: MaxRank truncation. Cores 11-12. Required accuracy delta=1.311750e-07, accuracy met: 2.710178e+02
2025-09-22 00:07:48 WARNING:TensorToolbox.core.TensorTrainVec: MaxRank truncation. Cores 12-13. Required accuracy delta=1.311750e-07, accuracy met: 1.930640e+02
2025-09-22 00:07:48 WARNING:TensorToolbox.core.TensorTrainVec: MaxRank truncation. Cores 13-14. Required accuracy delta=1.311750e-07, accuracy met: 1.379910e+02
2025-09-22 00:07:48 WARNING:TensorToolbox.core.TensorTrainVec: MaxRank truncation. Cores 14-15. Required accuracy delta=1.311750e-07, accuracy met: 9.929643e+01
2025-09-22 00:07:48 WARNING:TensorToolbox.core.TensorTrainVec: MaxRank truncation. Cores 15-16. Required accuracy delta=1.311750e-07, accuracy met: 7.154210e+01
2025-09-22 00:07:48 WARNING:TensorToolbox.core.TensorTrainVec: MaxRank truncation. Cores 16-17. Required accuracy delta=1.311750e-07, accuracy met: 5.208013e+01
2025-09-22 00:07:48 WARNING:TensorToolbox.core.TensorTrainVec: MaxRank truncation. Cores 17-18. Required accuracy delta=1.311750e-07, accuracy met: 3.830436e+01
2025-09-22 00:07:48 WARNING:TensorToolbox.core.TensorTrainVec: MaxRank truncation. Cores 18-19. Required accuracy delta=1.311750e-07, accuracy met: 2.800969e+01
2025-09-22 00:07:48 WARNING:TensorToolbox.core.TensorTrainVec: MaxRank truncation. Cores 19-20. Required accuracy delta=1.311750e-07, accuracy met: 2.043572e+01
2025-09-22 00:07:48 WARNING:TensorToolbox.core.TensorTrainVec: MaxRank truncation. Cores 20-21. Required accuracy delta=1.311750e-07, accuracy met: 1.364204e+01
2025-09-22 00:07:48 WARNING:TensorToolbox.core.TensorTrainVec: MaxRank truncation. Cores 21-22. Required accuracy delta=1.311750e-07, accuracy met: 6.371255e+00
tt_from_dense wtime: 47.006508523001685
2025-09-22 00:08:22 WARNING:TensorToolbox.core.TensorTrainVec: MaxRank truncation. Cores 4-5. Required accuracy delta=1.311750e-07, accuracy met: 1.445214e+03
2025-09-22 00:08:29 WARNING:TensorToolbox.core.TensorTrainVec: MaxRank truncation. Cores 5-6. Required accuracy delta=1.311750e-07, accuracy met: 2.128082e+03
2025-09-22 00:08:32 WARNING:TensorToolbox.core.TensorTrainVec: MaxRank truncation. Cores 6-7. Required accuracy delta=1.311750e-07, accuracy met: 1.506828e+03
2025-09-22 00:08:33 WARNING:TensorToolbox.core.TensorTrainVec: MaxRank truncation. Cores 7-8. Required accuracy delta=1.311750e-07, accuracy met: 1.067153e+03
2025-09-22 00:08:34 WARNING:TensorToolbox.core.TensorTrainVec: MaxRank truncation. Cores 8-9. Required accuracy delta=1.311750e-07, accuracy met: 7.563240e+02
2025-09-22 00:08:34 WARNING:TensorToolbox.core.TensorTrainVec: MaxRank truncation. Cores 9-10. Required accuracy delta=1.311750e-07, accuracy met: 5.365030e+02
2025-09-22 00:08:35 WARNING:TensorToolbox.core.TensorTrainVec: MaxRank truncation. Cores 10-11. Required accuracy delta=1.311750e-07, accuracy met: 3.813468e+02
2025-09-22 00:08:35 WARNING:TensorToolbox.core.TensorTrainVec: MaxRank truncation. Cores 11-12. Required accuracy delta=1.311750e-07, accuracy met: 2.710178e+02
2025-09-22 00:08:35 WARNING:TensorToolbox.core.TensorTrainVec: MaxRank truncation. Cores 12-13. Required accuracy delta=1.311750e-07, accuracy met: 1.930640e+02
2025-09-22 00:08:35 WARNING:TensorToolbox.core.TensorTrainVec: MaxRank truncation. Cores 13-14. Required accuracy delta=1.311750e-07, accuracy met: 1.379910e+02
2025-09-22 00:08:35 WARNING:TensorToolbox.core.TensorTrainVec: MaxRank truncation. Cores 14-15. Required accuracy delta=1.311750e-07, accuracy met: 9.929643e+01
2025-09-22 00:08:35 WARNING:TensorToolbox.core.TensorTrainVec: MaxRank truncation. Cores 15-16. Required accuracy delta=1.311750e-07, accuracy met: 7.154210e+01
2025-09-22 00:08:35 WARNING:TensorToolbox.core.TensorTrainVec: MaxRank truncation. Cores 16-17. Required accuracy delta=1.311750e-07, accuracy met: 5.208013e+01
2025-09-22 00:08:35 WARNING:TensorToolbox.core.TensorTrainVec: MaxRank truncation. Cores 17-18. Required accuracy delta=1.311750e-07, accuracy met: 3.830436e+01
2025-09-22 00:08:35 WARNING:TensorToolbox.core.TensorTrainVec: MaxRank truncation. Cores 18-19. Required accuracy delta=1.311750e-07, accuracy met: 2.800969e+01
2025-09-22 00:08:35 WARNING:TensorToolbox.core.TensorTrainVec: MaxRank truncation. Cores 19-20. Required accuracy delta=1.311750e-07, accuracy met: 2.043572e+01
2025-09-22 00:08:35 WARNING:TensorToolbox.core.TensorTrainVec: MaxRank truncation. Cores 20-21. Required accuracy delta=1.311750e-07, accuracy met: 1.364204e+01
2025-09-22 00:08:35 WARNING:TensorToolbox.core.TensorTrainVec: MaxRank truncation. Cores 21-22. Required accuracy delta=1.311750e-07, accuracy met: 6.371255e+00
tt_from_dense wtime: 46.79887221599347
random wtime: 1.3928417110000737
2025-09-22 00:09:12 WARNING:TensorToolbox.core.TensorTrainVec: MaxRank truncation. Cores 4-5. Required accuracy delta=1.311797e-07, accuracy met: 1.319369e+03
2025-09-22 00:09:18 WARNING:TensorToolbox.core.TensorTrainVec: MaxRank truncation. Cores 5-6. Required accuracy delta=1.311797e-07, accuracy met: 2.168458e+03
2025-09-22 00:09:22 WARNING:TensorToolbox.core.TensorTrainVec: MaxRank truncation. Cores 6-7. Required accuracy delta=1.311797e-07, accuracy met: 1.535278e+03
2025-09-22 00:09:24 WARNING:TensorToolbox.core.TensorTrainVec: MaxRank truncation. Cores 7-8. Required accuracy delta=1.311797e-07, accuracy met: 1.087497e+03
2025-09-22 00:09:24 WARNING:TensorToolbox.core.TensorTrainVec: MaxRank truncation. Cores 8-9. Required accuracy delta=1.311797e-07, accuracy met: 7.703978e+02
2025-09-22 00:09:25 WARNING:TensorToolbox.core.TensorTrainVec: MaxRank truncation. Cores 9-10. Required accuracy delta=1.311797e-07, accuracy met: 5.464822e+02
2025-09-22 00:09:25 WARNING:TensorToolbox.core.TensorTrainVec: MaxRank truncation. Cores 10-11. Required accuracy delta=1.311797e-07, accuracy met: 3.884204e+02
2025-09-22 00:09:25 WARNING:TensorToolbox.core.TensorTrainVec: MaxRank truncation. Cores 11-12. Required accuracy delta=1.311797e-07, accuracy met: 2.762288e+02
2025-09-22 00:09:25 WARNING:TensorToolbox.core.TensorTrainVec: MaxRank truncation. Cores 12-13. Required accuracy delta=1.311797e-07, accuracy met: 1.967763e+02
2025-09-22 00:09:25 WARNING:TensorToolbox.core.TensorTrainVec: MaxRank truncation. Cores 13-14. Required accuracy delta=1.311797e-07, accuracy met: 1.411917e+02
2025-09-22 00:09:25 WARNING:TensorToolbox.core.TensorTrainVec: MaxRank truncation. Cores 14-15. Required accuracy delta=1.311797e-07, accuracy met: 1.009583e+02
2025-09-22 00:09:25 WARNING:TensorToolbox.core.TensorTrainVec: MaxRank truncation. Cores 15-16. Required accuracy delta=1.311797e-07, accuracy met: 7.314634e+01
2025-09-22 00:09:25 WARNING:TensorToolbox.core.TensorTrainVec: MaxRank truncation. Cores 16-17. Required accuracy delta=1.311797e-07, accuracy met: 5.309916e+01
2025-09-22 00:09:25 WARNING:TensorToolbox.core.TensorTrainVec: MaxRank truncation. Cores 17-18. Required accuracy delta=1.311797e-07, accuracy met: 3.907560e+01
2025-09-22 00:09:25 WARNING:TensorToolbox.core.TensorTrainVec: MaxRank truncation. Cores 18-19. Required accuracy delta=1.311797e-07, accuracy met: 2.855059e+01
2025-09-22 00:09:25 WARNING:TensorToolbox.core.TensorTrainVec: MaxRank truncation. Cores 19-20. Required accuracy delta=1.311797e-07, accuracy met: 2.033137e+01
2025-09-22 00:09:25 WARNING:TensorToolbox.core.TensorTrainVec: MaxRank truncation. Cores 20-21. Required accuracy delta=1.311797e-07, accuracy met: 1.375396e+01
2025-09-22 00:09:25 WARNING:TensorToolbox.core.TensorTrainVec: MaxRank truncation. Cores 21-22. Required accuracy delta=1.311797e-07, accuracy met: 5.419143e+00
tt_from_dense wtime: 48.03823209099937
2025-09-22 00:09:59 WARNING:TensorToolbox.core.TensorTrainVec: MaxRank truncation. Cores 4-5. Required accuracy delta=1.311797e-07, accuracy met: 1.319369e+03
2025-09-22 00:10:06 WARNING:TensorToolbox.core.TensorTrainVec: MaxRank truncation. Cores 5-6. Required accuracy delta=1.311797e-07, accuracy met: 2.168458e+03
2025-09-22 00:10:10 WARNING:TensorToolbox.core.TensorTrainVec: MaxRank truncation. Cores 6-7. Required accuracy delta=1.311797e-07, accuracy met: 1.535278e+03
2025-09-22 00:10:11 WARNING:TensorToolbox.core.TensorTrainVec: MaxRank truncation. Cores 7-8. Required accuracy delta=1.311797e-07, accuracy met: 1.087497e+03
2025-09-22 00:10:12 WARNING:TensorToolbox.core.TensorTrainVec: MaxRank truncation. Cores 8-9. Required accuracy delta=1.311797e-07, accuracy met: 7.703978e+02
2025-09-22 00:10:12 WARNING:TensorToolbox.core.TensorTrainVec: MaxRank truncation. Cores 9-10. Required accuracy delta=1.311797e-07, accuracy met: 5.464822e+02
2025-09-22 00:10:12 WARNING:TensorToolbox.core.TensorTrainVec: MaxRank truncation. Cores 10-11. Required accuracy delta=1.311797e-07, accuracy met: 3.884204e+02
2025-09-22 00:10:12 WARNING:TensorToolbox.core.TensorTrainVec: MaxRank truncation. Cores 11-12. Required accuracy delta=1.311797e-07, accuracy met: 2.762288e+02
2025-09-22 00:10:13 WARNING:TensorToolbox.core.TensorTrainVec: MaxRank truncation. Cores 12-13. Required accuracy delta=1.311797e-07, accuracy met: 1.967763e+02
2025-09-22 00:10:13 WARNING:TensorToolbox.core.TensorTrainVec: MaxRank truncation. Cores 13-14. Required accuracy delta=1.311797e-07, accuracy met: 1.411917e+02
2025-09-22 00:10:13 WARNING:TensorToolbox.core.TensorTrainVec: MaxRank truncation. Cores 14-15. Required accuracy delta=1.311797e-07, accuracy met: 1.009583e+02
2025-09-22 00:10:13 WARNING:TensorToolbox.core.TensorTrainVec: MaxRank truncation. Cores 15-16. Required accuracy delta=1.311797e-07, accuracy met: 7.314634e+01
2025-09-22 00:10:13 WARNING:TensorToolbox.core.TensorTrainVec: MaxRank truncation. Cores 16-17. Required accuracy delta=1.311797e-07, accuracy met: 5.309916e+01
2025-09-22 00:10:13 WARNING:TensorToolbox.core.TensorTrainVec: MaxRank truncation. Cores 17-18. Required accuracy delta=1.311797e-07, accuracy met: 3.907560e+01
2025-09-22 00:10:13 WARNING:TensorToolbox.core.TensorTrainVec: MaxRank truncation. Cores 18-19. Required accuracy delta=1.311797e-07, accuracy met: 2.855059e+01
2025-09-22 00:10:13 WARNING:TensorToolbox.core.TensorTrainVec: MaxRank truncation. Cores 19-20. Required accuracy delta=1.311797e-07, accuracy met: 2.033137e+01
2025-09-22 00:10:13 WARNING:TensorToolbox.core.TensorTrainVec: MaxRank truncation. Cores 20-21. Required accuracy delta=1.311797e-07, accuracy met: 1.375396e+01
2025-09-22 00:10:13 WARNING:TensorToolbox.core.TensorTrainVec: MaxRank truncation. Cores 21-22. Required accuracy delta=1.311797e-07, accuracy met: 5.419143e+00
tt_from_dense wtime: 47.6221441860107
random wtime: 1.4728148209978826
2025-09-22 00:10:50 WARNING:TensorToolbox.core.TensorTrainVec: MaxRank truncation. Cores 4-5. Required accuracy delta=1.311835e-07, accuracy met: 1.179713e+03
2025-09-22 00:10:57 WARNING:TensorToolbox.core.TensorTrainVec: MaxRank truncation. Cores 5-6. Required accuracy delta=1.311835e-07, accuracy met: 2.207880e+03
2025-09-22 00:11:01 WARNING:TensorToolbox.core.TensorTrainVec: MaxRank truncation. Cores 6-7. Required accuracy delta=1.311835e-07, accuracy met: 1.563526e+03
2025-09-22 00:11:02 WARNING:TensorToolbox.core.TensorTrainVec: MaxRank truncation. Cores 7-8. Required accuracy delta=1.311835e-07, accuracy met: 1.107479e+03
2025-09-22 00:11:03 WARNING:TensorToolbox.core.TensorTrainVec: MaxRank truncation. Cores 8-9. Required accuracy delta=1.311835e-07, accuracy met: 7.849664e+02
2025-09-22 00:11:04 WARNING:TensorToolbox.core.TensorTrainVec: MaxRank truncation. Cores 9-10. Required accuracy delta=1.311835e-07, accuracy met: 5.568464e+02
2025-09-22 00:11:04 WARNING:TensorToolbox.core.TensorTrainVec: MaxRank truncation. Cores 10-11. Required accuracy delta=1.311835e-07, accuracy met: 3.955481e+02
2025-09-22 00:11:04 WARNING:TensorToolbox.core.TensorTrainVec: MaxRank truncation. Cores 11-12. Required accuracy delta=1.311835e-07, accuracy met: 2.814748e+02
2025-09-22 00:11:04 WARNING:TensorToolbox.core.TensorTrainVec: MaxRank truncation. Cores 12-13. Required accuracy delta=1.311835e-07, accuracy met: 2.007084e+02
2025-09-22 00:11:04 WARNING:TensorToolbox.core.TensorTrainVec: MaxRank truncation. Cores 13-14. Required accuracy delta=1.311835e-07, accuracy met: 1.435943e+02
2025-09-22 00:11:04 WARNING:TensorToolbox.core.TensorTrainVec: MaxRank truncation. Cores 14-15. Required accuracy delta=1.311835e-07, accuracy met: 1.030472e+02
2025-09-22 00:11:04 WARNING:TensorToolbox.core.TensorTrainVec: MaxRank truncation. Cores 15-16. Required accuracy delta=1.311835e-07, accuracy met: 7.478717e+01
2025-09-22 00:11:04 WARNING:TensorToolbox.core.TensorTrainVec: MaxRank truncation. Cores 16-17. Required accuracy delta=1.311835e-07, accuracy met: 5.435555e+01
2025-09-22 00:11:04 WARNING:TensorToolbox.core.TensorTrainVec: MaxRank truncation. Cores 17-18. Required accuracy delta=1.311835e-07, accuracy met: 3.976737e+01
2025-09-22 00:11:04 WARNING:TensorToolbox.core.TensorTrainVec: MaxRank truncation. Cores 18-19. Required accuracy delta=1.311835e-07, accuracy met: 2.902735e+01
2025-09-22 00:11:04 WARNING:TensorToolbox.core.TensorTrainVec: MaxRank truncation. Cores 19-20. Required accuracy delta=1.311835e-07, accuracy met: 2.111702e+01
2025-09-22 00:11:04 WARNING:TensorToolbox.core.TensorTrainVec: MaxRank truncation. Cores 20-21. Required accuracy delta=1.311835e-07, accuracy met: 1.395386e+01
2025-09-22 00:11:04 WARNING:TensorToolbox.core.TensorTrainVec: MaxRank truncation. Cores 21-22. Required accuracy delta=1.311835e-07, accuracy met: 5.377493e+00
tt_from_dense wtime: 48.63260607799748
2025-09-22 00:11:38 WARNING:TensorToolbox.core.TensorTrainVec: MaxRank truncation. Cores 4-5. Required accuracy delta=1.311835e-07, accuracy met: 1.179713e+03
2025-09-22 00:11:46 WARNING:TensorToolbox.core.TensorTrainVec: MaxRank truncation. Cores 5-6. Required accuracy delta=1.311835e-07, accuracy met: 2.207880e+03
2025-09-22 00:11:49 WARNING:TensorToolbox.core.TensorTrainVec: MaxRank truncation. Cores 6-7. Required accuracy delta=1.311835e-07, accuracy met: 1.563526e+03
2025-09-22 00:11:51 WARNING:TensorToolbox.core.TensorTrainVec: MaxRank truncation. Cores 7-8. Required accuracy delta=1.311835e-07, accuracy met: 1.107479e+03
2025-09-22 00:11:52 WARNING:TensorToolbox.core.TensorTrainVec: MaxRank truncation. Cores 8-9. Required accuracy delta=1.311835e-07, accuracy met: 7.849664e+02
2025-09-22 00:11:52 WARNING:TensorToolbox.core.TensorTrainVec: MaxRank truncation. Cores 9-10. Required accuracy delta=1.311835e-07, accuracy met: 5.568464e+02
2025-09-22 00:11:52 WARNING:TensorToolbox.core.TensorTrainVec: MaxRank truncation. Cores 10-11. Required accuracy delta=1.311835e-07, accuracy met: 3.955481e+02
2025-09-22 00:11:52 WARNING:TensorToolbox.core.TensorTrainVec: MaxRank truncation. Cores 11-12. Required accuracy delta=1.311835e-07, accuracy met: 2.814748e+02
2025-09-22 00:11:52 WARNING:TensorToolbox.core.TensorTrainVec: MaxRank truncation. Cores 12-13. Required accuracy delta=1.311835e-07, accuracy met: 2.007084e+02
2025-09-22 00:11:52 WARNING:TensorToolbox.core.TensorTrainVec: MaxRank truncation. Cores 13-14. Required accuracy delta=1.311835e-07, accuracy met: 1.435943e+02
2025-09-22 00:11:52 WARNING:TensorToolbox.core.TensorTrainVec: MaxRank truncation. Cores 14-15. Required accuracy delta=1.311835e-07, accuracy met: 1.030472e+02
2025-09-22 00:11:52 WARNING:TensorToolbox.core.TensorTrainVec: MaxRank truncation. Cores 15-16. Required accuracy delta=1.311835e-07, accuracy met: 7.478717e+01
2025-09-22 00:11:52 WARNING:TensorToolbox.core.TensorTrainVec: MaxRank truncation. Cores 16-17. Required accuracy delta=1.311835e-07, accuracy met: 5.435555e+01
2025-09-22 00:11:52 WARNING:TensorToolbox.core.TensorTrainVec: MaxRank truncation. Cores 17-18. Required accuracy delta=1.311835e-07, accuracy met: 3.976737e+01
2025-09-22 00:11:52 WARNING:TensorToolbox.core.TensorTrainVec: MaxRank truncation. Cores 18-19. Required accuracy delta=1.311835e-07, accuracy met: 2.902735e+01
2025-09-22 00:11:52 WARNING:TensorToolbox.core.TensorTrainVec: MaxRank truncation. Cores 19-20. Required accuracy delta=1.311835e-07, accuracy met: 2.111702e+01
2025-09-22 00:11:52 WARNING:TensorToolbox.core.TensorTrainVec: MaxRank truncation. Cores 20-21. Required accuracy delta=1.311835e-07, accuracy met: 1.395386e+01
2025-09-22 00:11:52 WARNING:TensorToolbox.core.TensorTrainVec: MaxRank truncation. Cores 21-22. Required accuracy delta=1.311835e-07, accuracy met: 5.377493e+00
tt_from_dense wtime: 48.46240632100671
random wtime: 1.489176421004231
2025-09-22 00:12:30 WARNING:TensorToolbox.core.TensorTrainVec: MaxRank truncation. Cores 4-5. Required accuracy delta=1.311809e-07, accuracy met: 1.021752e+03
2025-09-22 00:12:37 WARNING:TensorToolbox.core.TensorTrainVec: MaxRank truncation. Cores 5-6. Required accuracy delta=1.311809e-07, accuracy met: 2.246938e+03
2025-09-22 00:12:41 WARNING:TensorToolbox.core.TensorTrainVec: MaxRank truncation. Cores 6-7. Required accuracy delta=1.311809e-07, accuracy met: 1.590917e+03
2025-09-22 00:12:43 WARNING:TensorToolbox.core.TensorTrainVec: MaxRank truncation. Cores 7-8. Required accuracy delta=1.311809e-07, accuracy met: 1.126802e+03
2025-09-22 00:12:44 WARNING:TensorToolbox.core.TensorTrainVec: MaxRank truncation. Cores 8-9. Required accuracy delta=1.311809e-07, accuracy met: 7.986121e+02
2025-09-22 00:12:44 WARNING:TensorToolbox.core.TensorTrainVec: MaxRank truncation. Cores 9-10. Required accuracy delta=1.311809e-07, accuracy met: 5.666192e+02
2025-09-22 00:12:44 WARNING:TensorToolbox.core.TensorTrainVec: MaxRank truncation. Cores 10-11. Required accuracy delta=1.311809e-07, accuracy met: 4.021696e+02
2025-09-22 00:12:44 WARNING:TensorToolbox.core.TensorTrainVec: MaxRank truncation. Cores 11-12. Required accuracy delta=1.311809e-07, accuracy met: 2.865652e+02
2025-09-22 00:12:44 WARNING:TensorToolbox.core.TensorTrainVec: MaxRank truncation. Cores 12-13. Required accuracy delta=1.311809e-07, accuracy met: 2.043040e+02
2025-09-22 00:12:44 WARNING:TensorToolbox.core.TensorTrainVec: MaxRank truncation. Cores 13-14. Required accuracy delta=1.311809e-07, accuracy met: 1.460706e+02
2025-09-22 00:12:44 WARNING:TensorToolbox.core.TensorTrainVec: MaxRank truncation. Cores 14-15. Required accuracy delta=1.311809e-07, accuracy met: 1.052794e+02
2025-09-22 00:12:44 WARNING:TensorToolbox.core.TensorTrainVec: MaxRank truncation. Cores 15-16. Required accuracy delta=1.311809e-07, accuracy met: 7.609576e+01
2025-09-22 00:12:45 WARNING:TensorToolbox.core.TensorTrainVec: MaxRank truncation. Cores 16-17. Required accuracy delta=1.311809e-07, accuracy met: 5.537841e+01
2025-09-22 00:12:45 WARNING:TensorToolbox.core.TensorTrainVec: MaxRank truncation. Cores 17-18. Required accuracy delta=1.311809e-07, accuracy met: 4.048375e+01
2025-09-22 00:12:45 WARNING:TensorToolbox.core.TensorTrainVec: MaxRank truncation. Cores 18-19. Required accuracy delta=1.311809e-07, accuracy met: 2.946508e+01
2025-09-22 00:12:45 WARNING:TensorToolbox.core.TensorTrainVec: MaxRank truncation. Cores 19-20. Required accuracy delta=1.311809e-07, accuracy met: 2.141347e+01
2025-09-22 00:12:45 WARNING:TensorToolbox.core.TensorTrainVec: MaxRank truncation. Cores 20-21. Required accuracy delta=1.311809e-07, accuracy met: 1.422029e+01
2025-09-22 00:12:45 WARNING:TensorToolbox.core.TensorTrainVec: MaxRank truncation. Cores 21-22. Required accuracy delta=1.311809e-07, accuracy met: 4.306415e+00
tt_from_dense wtime: 49.357555513997795
2025-09-22 00:13:19 WARNING:TensorToolbox.core.TensorTrainVec: MaxRank truncation. Cores 4-5. Required accuracy delta=1.311809e-07, accuracy met: 1.021752e+03
2025-09-22 00:13:27 WARNING:TensorToolbox.core.TensorTrainVec: MaxRank truncation. Cores 5-6. Required accuracy delta=1.311809e-07, accuracy met: 2.246938e+03
2025-09-22 00:13:30 WARNING:TensorToolbox.core.TensorTrainVec: MaxRank truncation. Cores 6-7. Required accuracy delta=1.311809e-07, accuracy met: 1.590917e+03
2025-09-22 00:13:32 WARNING:TensorToolbox.core.TensorTrainVec: MaxRank truncation. Cores 7-8. Required accuracy delta=1.311809e-07, accuracy met: 1.126802e+03
2025-09-22 00:13:33 WARNING:TensorToolbox.core.TensorTrainVec: MaxRank truncation. Cores 8-9. Required accuracy delta=1.311809e-07, accuracy met: 7.986121e+02
2025-09-22 00:13:33 WARNING:TensorToolbox.core.TensorTrainVec: MaxRank truncation. Cores 9-10. Required accuracy delta=1.311809e-07, accuracy met: 5.666192e+02
2025-09-22 00:13:34 WARNING:TensorToolbox.core.TensorTrainVec: MaxRank truncation. Cores 10-11. Required accuracy delta=1.311809e-07, accuracy met: 4.021696e+02
2025-09-22 00:13:34 WARNING:TensorToolbox.core.TensorTrainVec: MaxRank truncation. Cores 11-12. Required accuracy delta=1.311809e-07, accuracy met: 2.865652e+02
2025-09-22 00:13:34 WARNING:TensorToolbox.core.TensorTrainVec: MaxRank truncation. Cores 12-13. Required accuracy delta=1.311809e-07, accuracy met: 2.043040e+02
2025-09-22 00:13:34 WARNING:TensorToolbox.core.TensorTrainVec: MaxRank truncation. Cores 13-14. Required accuracy delta=1.311809e-07, accuracy met: 1.460706e+02
2025-09-22 00:13:34 WARNING:TensorToolbox.core.TensorTrainVec: MaxRank truncation. Cores 14-15. Required accuracy delta=1.311809e-07, accuracy met: 1.052794e+02
2025-09-22 00:13:34 WARNING:TensorToolbox.core.TensorTrainVec: MaxRank truncation. Cores 15-16. Required accuracy delta=1.311809e-07, accuracy met: 7.609576e+01
2025-09-22 00:13:34 WARNING:TensorToolbox.core.TensorTrainVec: MaxRank truncation. Cores 16-17. Required accuracy delta=1.311809e-07, accuracy met: 5.537841e+01
2025-09-22 00:13:34 WARNING:TensorToolbox.core.TensorTrainVec: MaxRank truncation. Cores 17-18. Required accuracy delta=1.311809e-07, accuracy met: 4.048375e+01
2025-09-22 00:13:34 WARNING:TensorToolbox.core.TensorTrainVec: MaxRank truncation. Cores 18-19. Required accuracy delta=1.311809e-07, accuracy met: 2.946508e+01
2025-09-22 00:13:34 WARNING:TensorToolbox.core.TensorTrainVec: MaxRank truncation. Cores 19-20. Required accuracy delta=1.311809e-07, accuracy met: 2.141347e+01
2025-09-22 00:13:34 WARNING:TensorToolbox.core.TensorTrainVec: MaxRank truncation. Cores 20-21. Required accuracy delta=1.311809e-07, accuracy met: 1.422029e+01
2025-09-22 00:13:34 WARNING:TensorToolbox.core.TensorTrainVec: MaxRank truncation. Cores 21-22. Required accuracy delta=1.311809e-07, accuracy met: 4.306415e+00
tt_from_dense wtime: 49.234319094000966
random wtime: 1.3881723090016749
2025-09-22 00:14:12 WARNING:TensorToolbox.core.TensorTrainVec: MaxRank truncation. Cores 4-5. Required accuracy delta=1.311716e-07, accuracy met: 8.341454e+02
2025-09-22 00:14:20 WARNING:TensorToolbox.core.TensorTrainVec: MaxRank truncation. Cores 5-6. Required accuracy delta=1.311716e-07, accuracy met: 2.285137e+03
2025-09-22 00:14:24 WARNING:TensorToolbox.core.TensorTrainVec: MaxRank truncation. Cores 6-7. Required accuracy delta=1.311716e-07, accuracy met: 1.617952e+03
2025-09-22 00:14:26 WARNING:TensorToolbox.core.TensorTrainVec: MaxRank truncation. Cores 7-8. Required accuracy delta=1.311716e-07, accuracy met: 1.146065e+03
2025-09-22 00:14:27 WARNING:TensorToolbox.core.TensorTrainVec: MaxRank truncation. Cores 8-9. Required accuracy delta=1.311716e-07, accuracy met: 8.124333e+02
2025-09-22 00:14:27 WARNING:TensorToolbox.core.TensorTrainVec: MaxRank truncation. Cores 9-10. Required accuracy delta=1.311716e-07, accuracy met: 5.763209e+02
2025-09-22 00:14:28 WARNING:TensorToolbox.core.TensorTrainVec: MaxRank truncation. Cores 10-11. Required accuracy delta=1.311716e-07, accuracy met: 4.095063e+02
2025-09-22 00:14:28 WARNING:TensorToolbox.core.TensorTrainVec: MaxRank truncation. Cores 11-12. Required accuracy delta=1.311716e-07, accuracy met: 2.912337e+02
2025-09-22 00:14:28 WARNING:TensorToolbox.core.TensorTrainVec: MaxRank truncation. Cores 12-13. Required accuracy delta=1.311716e-07, accuracy met: 2.077400e+02
2025-09-22 00:14:28 WARNING:TensorToolbox.core.TensorTrainVec: MaxRank truncation. Cores 13-14. Required accuracy delta=1.311716e-07, accuracy met: 1.488040e+02
2025-09-22 00:14:28 WARNING:TensorToolbox.core.TensorTrainVec: MaxRank truncation. Cores 14-15. Required accuracy delta=1.311716e-07, accuracy met: 1.070089e+02
2025-09-22 00:14:28 WARNING:TensorToolbox.core.TensorTrainVec: MaxRank truncation. Cores 15-16. Required accuracy delta=1.311716e-07, accuracy met: 7.728073e+01
2025-09-22 00:14:28 WARNING:TensorToolbox.core.TensorTrainVec: MaxRank truncation. Cores 16-17. Required accuracy delta=1.311716e-07, accuracy met: 5.661117e+01
2025-09-22 00:14:28 WARNING:TensorToolbox.core.TensorTrainVec: MaxRank truncation. Cores 17-18. Required accuracy delta=1.311716e-07, accuracy met: 4.139096e+01
2025-09-22 00:14:28 WARNING:TensorToolbox.core.TensorTrainVec: MaxRank truncation. Cores 18-19. Required accuracy delta=1.311716e-07, accuracy met: 3.022830e+01
2025-09-22 00:14:28 WARNING:TensorToolbox.core.TensorTrainVec: MaxRank truncation. Cores 19-20. Required accuracy delta=1.311716e-07, accuracy met: 2.191147e+01
2025-09-22 00:14:28 WARNING:TensorToolbox.core.TensorTrainVec: MaxRank truncation. Cores 20-21. Required accuracy delta=1.311716e-07, accuracy met: 1.441370e+01
2025-09-22 00:14:28 WARNING:TensorToolbox.core.TensorTrainVec: MaxRank truncation. Cores 21-22. Required accuracy delta=1.311716e-07, accuracy met: 3.597028e+00
tt_from_dense wtime: 51.114239343994996
2025-09-22 00:15:02 WARNING:TensorToolbox.core.TensorTrainVec: MaxRank truncation. Cores 4-5. Required accuracy delta=1.311716e-07, accuracy met: 8.341454e+02
2025-09-22 00:15:11 WARNING:TensorToolbox.core.TensorTrainVec: MaxRank truncation. Cores 5-6. Required accuracy delta=1.311716e-07, accuracy met: 2.285137e+03
2025-09-22 00:15:15 WARNING:TensorToolbox.core.TensorTrainVec: MaxRank truncation. Cores 6-7. Required accuracy delta=1.311716e-07, accuracy met: 1.617952e+03
2025-09-22 00:15:17 WARNING:TensorToolbox.core.TensorTrainVec: MaxRank truncation. Cores 7-8. Required accuracy delta=1.311716e-07, accuracy met: 1.146065e+03
2025-09-22 00:15:18 WARNING:TensorToolbox.core.TensorTrainVec: MaxRank truncation. Cores 8-9. Required accuracy delta=1.311716e-07, accuracy met: 8.124333e+02
2025-09-22 00:15:18 WARNING:TensorToolbox.core.TensorTrainVec: MaxRank truncation. Cores 9-10. Required accuracy delta=1.311716e-07, accuracy met: 5.763209e+02
2025-09-22 00:15:18 WARNING:TensorToolbox.core.TensorTrainVec: MaxRank truncation. Cores 10-11. Required accuracy delta=1.311716e-07, accuracy met: 4.095063e+02
2025-09-22 00:15:18 WARNING:TensorToolbox.core.TensorTrainVec: MaxRank truncation. Cores 11-12. Required accuracy delta=1.311716e-07, accuracy met: 2.912337e+02
2025-09-22 00:15:18 WARNING:TensorToolbox.core.TensorTrainVec: MaxRank truncation. Cores 12-13. Required accuracy delta=1.311716e-07, accuracy met: 2.077400e+02
2025-09-22 00:15:18 WARNING:TensorToolbox.core.TensorTrainVec: MaxRank truncation. Cores 13-14. Required accuracy delta=1.311716e-07, accuracy met: 1.488040e+02
2025-09-22 00:15:18 WARNING:TensorToolbox.core.TensorTrainVec: MaxRank truncation. Cores 14-15. Required accuracy delta=1.311716e-07, accuracy met: 1.070089e+02
2025-09-22 00:15:18 WARNING:TensorToolbox.core.TensorTrainVec: MaxRank truncation. Cores 15-16. Required accuracy delta=1.311716e-07, accuracy met: 7.728073e+01
2025-09-22 00:15:18 WARNING:TensorToolbox.core.TensorTrainVec: MaxRank truncation. Cores 16-17. Required accuracy delta=1.311716e-07, accuracy met: 5.661117e+01
2025-09-22 00:15:18 WARNING:TensorToolbox.core.TensorTrainVec: MaxRank truncation. Cores 17-18. Required accuracy delta=1.311716e-07, accuracy met: 4.139096e+01
2025-09-22 00:15:18 WARNING:TensorToolbox.core.TensorTrainVec: MaxRank truncation. Cores 18-19. Required accuracy delta=1.311716e-07, accuracy met: 3.022830e+01
2025-09-22 00:15:18 WARNING:TensorToolbox.core.TensorTrainVec: MaxRank truncation. Cores 19-20. Required accuracy delta=1.311716e-07, accuracy met: 2.191147e+01
2025-09-22 00:15:18 WARNING:TensorToolbox.core.TensorTrainVec: MaxRank truncation. Cores 20-21. Required accuracy delta=1.311716e-07, accuracy met: 1.441370e+01
2025-09-22 00:15:18 WARNING:TensorToolbox.core.TensorTrainVec: MaxRank truncation. Cores 21-22. Required accuracy delta=1.311716e-07, accuracy met: 3.597028e+00
tt_from_dense wtime: 50.56365955898946
random wtime: 1.5448138249921612
2025-09-22 00:15:56 WARNING:TensorToolbox.core.TensorTrainVec: MaxRank truncation. Cores 4-5. Required accuracy delta=1.311739e-07, accuracy met: 5.896923e+02
2025-09-22 00:16:05 WARNING:TensorToolbox.core.TensorTrainVec: MaxRank truncation. Cores 5-6. Required accuracy delta=1.311739e-07, accuracy met: 2.322619e+03
2025-09-22 00:16:09 WARNING:TensorToolbox.core.TensorTrainVec: MaxRank truncation. Cores 6-7. Required accuracy delta=1.311739e-07, accuracy met: 1.644576e+03
2025-09-22 00:16:11 WARNING:TensorToolbox.core.TensorTrainVec: MaxRank truncation. Cores 7-8. Required accuracy delta=1.311739e-07, accuracy met: 1.164770e+03
2025-09-22 00:16:12 WARNING:TensorToolbox.core.TensorTrainVec: MaxRank truncation. Cores 8-9. Required accuracy delta=1.311739e-07, accuracy met: 8.258234e+02
2025-09-22 00:16:13 WARNING:TensorToolbox.core.TensorTrainVec: MaxRank truncation. Cores 9-10. Required accuracy delta=1.311739e-07, accuracy met: 5.860287e+02
2025-09-22 00:16:13 WARNING:TensorToolbox.core.TensorTrainVec: MaxRank truncation. Cores 10-11. Required accuracy delta=1.311739e-07, accuracy met: 4.163801e+02
2025-09-22 00:16:13 WARNING:TensorToolbox.core.TensorTrainVec: MaxRank truncation. Cores 11-12. Required accuracy delta=1.311739e-07, accuracy met: 2.964110e+02
2025-09-22 00:16:13 WARNING:TensorToolbox.core.TensorTrainVec: MaxRank truncation. Cores 12-13. Required accuracy delta=1.311739e-07, accuracy met: 2.114635e+02
2025-09-22 00:16:13 WARNING:TensorToolbox.core.TensorTrainVec: MaxRank truncation. Cores 13-14. Required accuracy delta=1.311739e-07, accuracy met: 1.512760e+02
2025-09-22 00:16:13 WARNING:TensorToolbox.core.TensorTrainVec: MaxRank truncation. Cores 14-15. Required accuracy delta=1.311739e-07, accuracy met: 1.089179e+02
2025-09-22 00:16:13 WARNING:TensorToolbox.core.TensorTrainVec: MaxRank truncation. Cores 15-16. Required accuracy delta=1.311739e-07, accuracy met: 7.877153e+01
2025-09-22 00:16:13 WARNING:TensorToolbox.core.TensorTrainVec: MaxRank truncation. Cores 16-17. Required accuracy delta=1.311739e-07, accuracy met: 5.760498e+01
2025-09-22 00:16:13 WARNING:TensorToolbox.core.TensorTrainVec: MaxRank truncation. Cores 17-18. Required accuracy delta=1.311739e-07, accuracy met: 4.208115e+01
2025-09-22 00:16:13 WARNING:TensorToolbox.core.TensorTrainVec: MaxRank truncation. Cores 18-19. Required accuracy delta=1.311739e-07, accuracy met: 3.097058e+01
2025-09-22 00:16:13 WARNING:TensorToolbox.core.TensorTrainVec: MaxRank truncation. Cores 19-20. Required accuracy delta=1.311739e-07, accuracy met: 2.202554e+01
2025-09-22 00:16:13 WARNING:TensorToolbox.core.TensorTrainVec: MaxRank truncation. Cores 20-21. Required accuracy delta=1.311739e-07, accuracy met: 1.420144e+01
2025-09-22 00:16:13 WARNING:TensorToolbox.core.TensorTrainVec: MaxRank truncation. Cores 21-22. Required accuracy delta=1.311739e-07, accuracy met: 2.494660e+00
tt_from_dense wtime: 51.618326039999374
2025-09-22 00:16:47 WARNING:TensorToolbox.core.TensorTrainVec: MaxRank truncation. Cores 4-5. Required accuracy delta=1.311739e-07, accuracy met: 5.896923e+02
2025-09-22 00:16:56 WARNING:TensorToolbox.core.TensorTrainVec: MaxRank truncation. Cores 5-6. Required accuracy delta=1.311739e-07, accuracy met: 2.322619e+03
2025-09-22 00:17:00 WARNING:TensorToolbox.core.TensorTrainVec: MaxRank truncation. Cores 6-7. Required accuracy delta=1.311739e-07, accuracy met: 1.644576e+03
2025-09-22 00:17:03 WARNING:TensorToolbox.core.TensorTrainVec: MaxRank truncation. Cores 7-8. Required accuracy delta=1.311739e-07, accuracy met: 1.164770e+03
2025-09-22 00:17:03 WARNING:TensorToolbox.core.TensorTrainVec: MaxRank truncation. Cores 8-9. Required accuracy delta=1.311739e-07, accuracy met: 8.258234e+02
2025-09-22 00:17:04 WARNING:TensorToolbox.core.TensorTrainVec: MaxRank truncation. Cores 9-10. Required accuracy delta=1.311739e-07, accuracy met: 5.860287e+02
2025-09-22 00:17:04 WARNING:TensorToolbox.core.TensorTrainVec: MaxRank truncation. Cores 10-11. Required accuracy delta=1.311739e-07, accuracy met: 4.163801e+02
2025-09-22 00:17:04 WARNING:TensorToolbox.core.TensorTrainVec: MaxRank truncation. Cores 11-12. Required accuracy delta=1.311739e-07, accuracy met: 2.964110e+02
2025-09-22 00:17:04 WARNING:TensorToolbox.core.TensorTrainVec: MaxRank truncation. Cores 12-13. Required accuracy delta=1.311739e-07, accuracy met: 2.114635e+02
2025-09-22 00:17:04 WARNING:TensorToolbox.core.TensorTrainVec: MaxRank truncation. Cores 13-14. Required accuracy delta=1.311739e-07, accuracy met: 1.512760e+02
2025-09-22 00:17:04 WARNING:TensorToolbox.core.TensorTrainVec: MaxRank truncation. Cores 14-15. Required accuracy delta=1.311739e-07, accuracy met: 1.089179e+02
2025-09-22 00:17:04 WARNING:TensorToolbox.core.TensorTrainVec: MaxRank truncation. Cores 15-16. Required accuracy delta=1.311739e-07, accuracy met: 7.877153e+01
2025-09-22 00:17:04 WARNING:TensorToolbox.core.TensorTrainVec: MaxRank truncation. Cores 16-17. Required accuracy delta=1.311739e-07, accuracy met: 5.760498e+01
2025-09-22 00:17:04 WARNING:TensorToolbox.core.TensorTrainVec: MaxRank truncation. Cores 17-18. Required accuracy delta=1.311739e-07, accuracy met: 4.208115e+01
2025-09-22 00:17:04 WARNING:TensorToolbox.core.TensorTrainVec: MaxRank truncation. Cores 18-19. Required accuracy delta=1.311739e-07, accuracy met: 3.097058e+01
2025-09-22 00:17:04 WARNING:TensorToolbox.core.TensorTrainVec: MaxRank truncation. Cores 19-20. Required accuracy delta=1.311739e-07, accuracy met: 2.202554e+01
2025-09-22 00:17:04 WARNING:TensorToolbox.core.TensorTrainVec: MaxRank truncation. Cores 20-21. Required accuracy delta=1.311739e-07, accuracy met: 1.420144e+01
2025-09-22 00:17:04 WARNING:TensorToolbox.core.TensorTrainVec: MaxRank truncation. Cores 21-22. Required accuracy delta=1.311739e-07, accuracy met: 2.494660e+00
tt_from_dense wtime: 51.05310825399647
random wtime: 1.5292636430094717
2025-09-22 00:17:52 WARNING:TensorToolbox.core.TensorTrainVec: MaxRank truncation. Cores 5-6. Required accuracy delta=1.311719e-07, accuracy met: 2.359310e+03
2025-09-22 00:17:57 WARNING:TensorToolbox.core.TensorTrainVec: MaxRank truncation. Cores 6-7. Required accuracy delta=1.311719e-07, accuracy met: 1.670729e+03
2025-09-22 00:18:00 WARNING:TensorToolbox.core.TensorTrainVec: MaxRank truncation. Cores 7-8. Required accuracy delta=1.311719e-07, accuracy met: 1.184046e+03
2025-09-22 00:18:01 WARNING:TensorToolbox.core.TensorTrainVec: MaxRank truncation. Cores 8-9. Required accuracy delta=1.311719e-07, accuracy met: 8.388503e+02
2025-09-22 00:18:01 WARNING:TensorToolbox.core.TensorTrainVec: MaxRank truncation. Cores 9-10. Required accuracy delta=1.311719e-07, accuracy met: 5.952858e+02
2025-09-22 00:18:01 WARNING:TensorToolbox.core.TensorTrainVec: MaxRank truncation. Cores 10-11. Required accuracy delta=1.311719e-07, accuracy met: 4.229667e+02
2025-09-22 00:18:02 WARNING:TensorToolbox.core.TensorTrainVec: MaxRank truncation. Cores 11-12. Required accuracy delta=1.311719e-07, accuracy met: 3.010476e+02
2025-09-22 00:18:02 WARNING:TensorToolbox.core.TensorTrainVec: MaxRank truncation. Cores 12-13. Required accuracy delta=1.311719e-07, accuracy met: 2.149946e+02
2025-09-22 00:18:02 WARNING:TensorToolbox.core.TensorTrainVec: MaxRank truncation. Cores 13-14. Required accuracy delta=1.311719e-07, accuracy met: 1.539513e+02
2025-09-22 00:18:02 WARNING:TensorToolbox.core.TensorTrainVec: MaxRank truncation. Cores 14-15. Required accuracy delta=1.311719e-07, accuracy met: 1.108926e+02
2025-09-22 00:18:02 WARNING:TensorToolbox.core.TensorTrainVec: MaxRank truncation. Cores 15-16. Required accuracy delta=1.311719e-07, accuracy met: 8.023461e+01
2025-09-22 00:18:02 WARNING:TensorToolbox.core.TensorTrainVec: MaxRank truncation. Cores 16-17. Required accuracy delta=1.311719e-07, accuracy met: 5.851138e+01
2025-09-22 00:18:02 WARNING:TensorToolbox.core.TensorTrainVec: MaxRank truncation. Cores 17-18. Required accuracy delta=1.311719e-07, accuracy met: 4.255917e+01
2025-09-22 00:18:02 WARNING:TensorToolbox.core.TensorTrainVec: MaxRank truncation. Cores 18-19. Required accuracy delta=1.311719e-07, accuracy met: 3.118968e+01
2025-09-22 00:18:02 WARNING:TensorToolbox.core.TensorTrainVec: MaxRank truncation. Cores 19-20. Required accuracy delta=1.311719e-07, accuracy met: 2.294689e+01
2025-09-22 00:18:02 WARNING:TensorToolbox.core.TensorTrainVec: MaxRank truncation. Cores 20-21. Required accuracy delta=1.311719e-07, accuracy met: 1.474598e+01
tt_from_dense wtime: 54.40240839601029
2025-09-22 00:18:46 WARNING:TensorToolbox.core.TensorTrainVec: MaxRank truncation. Cores 5-6. Required accuracy delta=1.311719e-07, accuracy met: 2.359310e+03
2025-09-22 00:18:51 WARNING:TensorToolbox.core.TensorTrainVec: MaxRank truncation. Cores 6-7. Required accuracy delta=1.311719e-07, accuracy met: 1.670729e+03
2025-09-22 00:18:54 WARNING:TensorToolbox.core.TensorTrainVec: MaxRank truncation. Cores 7-8. Required accuracy delta=1.311719e-07, accuracy met: 1.184046e+03
2025-09-22 00:18:55 WARNING:TensorToolbox.core.TensorTrainVec: MaxRank truncation. Cores 8-9. Required accuracy delta=1.311719e-07, accuracy met: 8.388503e+02
2025-09-22 00:18:55 WARNING:TensorToolbox.core.TensorTrainVec: MaxRank truncation. Cores 9-10. Required accuracy delta=1.311719e-07, accuracy met: 5.952858e+02
2025-09-22 00:18:55 WARNING:TensorToolbox.core.TensorTrainVec: MaxRank truncation. Cores 10-11. Required accuracy delta=1.311719e-07, accuracy met: 4.229667e+02
2025-09-22 00:18:56 WARNING:TensorToolbox.core.TensorTrainVec: MaxRank truncation. Cores 11-12. Required accuracy delta=1.311719e-07, accuracy met: 3.010476e+02
2025-09-22 00:18:56 WARNING:TensorToolbox.core.TensorTrainVec: MaxRank truncation. Cores 12-13. Required accuracy delta=1.311719e-07, accuracy met: 2.149946e+02
2025-09-22 00:18:56 WARNING:TensorToolbox.core.TensorTrainVec: MaxRank truncation. Cores 13-14. Required accuracy delta=1.311719e-07, accuracy met: 1.539513e+02
2025-09-22 00:18:56 WARNING:TensorToolbox.core.TensorTrainVec: MaxRank truncation. Cores 14-15. Required accuracy delta=1.311719e-07, accuracy met: 1.108926e+02
2025-09-22 00:18:56 WARNING:TensorToolbox.core.TensorTrainVec: MaxRank truncation. Cores 15-16. Required accuracy delta=1.311719e-07, accuracy met: 8.023461e+01
2025-09-22 00:18:56 WARNING:TensorToolbox.core.TensorTrainVec: MaxRank truncation. Cores 16-17. Required accuracy delta=1.311719e-07, accuracy met: 5.851138e+01
2025-09-22 00:18:56 WARNING:TensorToolbox.core.TensorTrainVec: MaxRank truncation. Cores 17-18. Required accuracy delta=1.311719e-07, accuracy met: 4.255917e+01
2025-09-22 00:18:56 WARNING:TensorToolbox.core.TensorTrainVec: MaxRank truncation. Cores 18-19. Required accuracy delta=1.311719e-07, accuracy met: 3.118968e+01
2025-09-22 00:18:56 WARNING:TensorToolbox.core.TensorTrainVec: MaxRank truncation. Cores 19-20. Required accuracy delta=1.311719e-07, accuracy met: 2.294689e+01
2025-09-22 00:18:56 WARNING:TensorToolbox.core.TensorTrainVec: MaxRank truncation. Cores 20-21. Required accuracy delta=1.311719e-07, accuracy met: 1.474598e+01
tt_from_dense wtime: 53.95098491500539
random wtime: 1.3890273309953045
2025-09-22 00:19:43 WARNING:TensorToolbox.core.TensorTrainVec: MaxRank truncation. Cores 5-6. Required accuracy delta=1.311861e-07, accuracy met: 2.321984e+03
2025-09-22 00:19:48 WARNING:TensorToolbox.core.TensorTrainVec: MaxRank truncation. Cores 6-7. Required accuracy delta=1.311861e-07, accuracy met: 1.696742e+03
2025-09-22 00:19:51 WARNING:TensorToolbox.core.TensorTrainVec: MaxRank truncation. Cores 7-8. Required accuracy delta=1.311861e-07, accuracy met: 1.201869e+03
2025-09-22 00:19:52 WARNING:TensorToolbox.core.TensorTrainVec: MaxRank truncation. Cores 8-9. Required accuracy delta=1.311861e-07, accuracy met: 8.519962e+02
2025-09-22 00:19:53 WARNING:TensorToolbox.core.TensorTrainVec: MaxRank truncation. Cores 9-10. Required accuracy delta=1.311861e-07, accuracy met: 6.045205e+02
2025-09-22 00:19:53 WARNING:TensorToolbox.core.TensorTrainVec: MaxRank truncation. Cores 10-11. Required accuracy delta=1.311861e-07, accuracy met: 4.295598e+02
2025-09-22 00:19:53 WARNING:TensorToolbox.core.TensorTrainVec: MaxRank truncation. Cores 11-12. Required accuracy delta=1.311861e-07, accuracy met: 3.058615e+02
2025-09-22 00:19:53 WARNING:TensorToolbox.core.TensorTrainVec: MaxRank truncation. Cores 12-13. Required accuracy delta=1.311861e-07, accuracy met: 2.183838e+02
2025-09-22 00:19:53 WARNING:TensorToolbox.core.TensorTrainVec: MaxRank truncation. Cores 13-14. Required accuracy delta=1.311861e-07, accuracy met: 1.563334e+02
2025-09-22 00:19:53 WARNING:TensorToolbox.core.TensorTrainVec: MaxRank truncation. Cores 14-15. Required accuracy delta=1.311861e-07, accuracy met: 1.127050e+02
2025-09-22 00:19:53 WARNING:TensorToolbox.core.TensorTrainVec: MaxRank truncation. Cores 15-16. Required accuracy delta=1.311861e-07, accuracy met: 8.155378e+01
2025-09-22 00:19:53 WARNING:TensorToolbox.core.TensorTrainVec: MaxRank truncation. Cores 16-17. Required accuracy delta=1.311861e-07, accuracy met: 5.945637e+01
2025-09-22 00:19:53 WARNING:TensorToolbox.core.TensorTrainVec: MaxRank truncation. Cores 17-18. Required accuracy delta=1.311861e-07, accuracy met: 4.350234e+01
2025-09-22 00:19:53 WARNING:TensorToolbox.core.TensorTrainVec: MaxRank truncation. Cores 18-19. Required accuracy delta=1.311861e-07, accuracy met: 3.171919e+01
2025-09-22 00:19:53 WARNING:TensorToolbox.core.TensorTrainVec: MaxRank truncation. Cores 19-20. Required accuracy delta=1.311861e-07, accuracy met: 2.220669e+01
2025-09-22 00:19:53 WARNING:TensorToolbox.core.TensorTrainVec: MaxRank truncation. Cores 20-21. Required accuracy delta=1.311861e-07, accuracy met: 1.450146e+01
tt_from_dense wtime: 55.12109526000859
2025-09-22 00:20:38 WARNING:TensorToolbox.core.TensorTrainVec: MaxRank truncation. Cores 5-6. Required accuracy delta=1.311861e-07, accuracy met: 2.321984e+03
2025-09-22 00:20:43 WARNING:TensorToolbox.core.TensorTrainVec: MaxRank truncation. Cores 6-7. Required accuracy delta=1.311861e-07, accuracy met: 1.696742e+03
2025-09-22 00:20:46 WARNING:TensorToolbox.core.TensorTrainVec: MaxRank truncation. Cores 7-8. Required accuracy delta=1.311861e-07, accuracy met: 1.201869e+03
2025-09-22 00:20:47 WARNING:TensorToolbox.core.TensorTrainVec: MaxRank truncation. Cores 8-9. Required accuracy delta=1.311861e-07, accuracy met: 8.519962e+02
2025-09-22 00:20:48 WARNING:TensorToolbox.core.TensorTrainVec: MaxRank truncation. Cores 9-10. Required accuracy delta=1.311861e-07, accuracy met: 6.045205e+02
2025-09-22 00:20:48 WARNING:TensorToolbox.core.TensorTrainVec: MaxRank truncation. Cores 10-11. Required accuracy delta=1.311861e-07, accuracy met: 4.295598e+02
2025-09-22 00:20:48 WARNING:TensorToolbox.core.TensorTrainVec: MaxRank truncation. Cores 11-12. Required accuracy delta=1.311861e-07, accuracy met: 3.058615e+02
2025-09-22 00:20:48 WARNING:TensorToolbox.core.TensorTrainVec: MaxRank truncation. Cores 12-13. Required accuracy delta=1.311861e-07, accuracy met: 2.183838e+02
2025-09-22 00:20:48 WARNING:TensorToolbox.core.TensorTrainVec: MaxRank truncation. Cores 13-14. Required accuracy delta=1.311861e-07, accuracy met: 1.563334e+02
2025-09-22 00:20:48 WARNING:TensorToolbox.core.TensorTrainVec: MaxRank truncation. Cores 14-15. Required accuracy delta=1.311861e-07, accuracy met: 1.127050e+02
2025-09-22 00:20:48 WARNING:TensorToolbox.core.TensorTrainVec: MaxRank truncation. Cores 15-16. Required accuracy delta=1.311861e-07, accuracy met: 8.155378e+01
2025-09-22 00:20:48 WARNING:TensorToolbox.core.TensorTrainVec: MaxRank truncation. Cores 16-17. Required accuracy delta=1.311861e-07, accuracy met: 5.945637e+01
2025-09-22 00:20:48 WARNING:TensorToolbox.core.TensorTrainVec: MaxRank truncation. Cores 17-18. Required accuracy delta=1.311861e-07, accuracy met: 4.350234e+01
2025-09-22 00:20:48 WARNING:TensorToolbox.core.TensorTrainVec: MaxRank truncation. Cores 18-19. Required accuracy delta=1.311861e-07, accuracy met: 3.171919e+01
2025-09-22 00:20:48 WARNING:TensorToolbox.core.TensorTrainVec: MaxRank truncation. Cores 19-20. Required accuracy delta=1.311861e-07, accuracy met: 2.220669e+01
2025-09-22 00:20:48 WARNING:TensorToolbox.core.TensorTrainVec: MaxRank truncation. Cores 20-21. Required accuracy delta=1.311861e-07, accuracy met: 1.450146e+01
tt_from_dense wtime: 55.005365671997424
random wtime: 1.5518057880108245
2025-09-22 00:21:37 WARNING:TensorToolbox.core.TensorTrainVec: MaxRank truncation. Cores 5-6. Required accuracy delta=1.311775e-07, accuracy met: 2.284137e+03
2025-09-22 00:21:42 WARNING:TensorToolbox.core.TensorTrainVec: MaxRank truncation. Cores 6-7. Required accuracy delta=1.311775e-07, accuracy met: 1.721707e+03
2025-09-22 00:21:45 WARNING:TensorToolbox.core.TensorTrainVec: MaxRank truncation. Cores 7-8. Required accuracy delta=1.311775e-07, accuracy met: 1.219608e+03
2025-09-22 00:21:46 WARNING:TensorToolbox.core.TensorTrainVec: MaxRank truncation. Cores 8-9. Required accuracy delta=1.311775e-07, accuracy met: 8.649117e+02
2025-09-22 00:21:47 WARNING:TensorToolbox.core.TensorTrainVec: MaxRank truncation. Cores 9-10. Required accuracy delta=1.311775e-07, accuracy met: 6.135078e+02
2025-09-22 00:21:47 WARNING:TensorToolbox.core.TensorTrainVec: MaxRank truncation. Cores 10-11. Required accuracy delta=1.311775e-07, accuracy met: 4.360054e+02
2025-09-22 00:21:47 WARNING:TensorToolbox.core.TensorTrainVec: MaxRank truncation. Cores 11-12. Required accuracy delta=1.311775e-07, accuracy met: 3.104313e+02
2025-09-22 00:21:47 WARNING:TensorToolbox.core.TensorTrainVec: MaxRank truncation. Cores 12-13. Required accuracy delta=1.311775e-07, accuracy met: 2.216393e+02
2025-09-22 00:21:47 WARNING:TensorToolbox.core.TensorTrainVec: MaxRank truncation. Cores 13-14. Required accuracy delta=1.311775e-07, accuracy met: 1.588767e+02
2025-09-22 00:21:47 WARNING:TensorToolbox.core.TensorTrainVec: MaxRank truncation. Cores 14-15. Required accuracy delta=1.311775e-07, accuracy met: 1.142126e+02
2025-09-22 00:21:47 WARNING:TensorToolbox.core.TensorTrainVec: MaxRank truncation. Cores 15-16. Required accuracy delta=1.311775e-07, accuracy met: 8.262785e+01
2025-09-22 00:21:47 WARNING:TensorToolbox.core.TensorTrainVec: MaxRank truncation. Cores 16-17. Required accuracy delta=1.311775e-07, accuracy met: 6.022546e+01
2025-09-22 00:21:47 WARNING:TensorToolbox.core.TensorTrainVec: MaxRank truncation. Cores 17-18. Required accuracy delta=1.311775e-07, accuracy met: 4.442017e+01
2025-09-22 00:21:47 WARNING:TensorToolbox.core.TensorTrainVec: MaxRank truncation. Cores 18-19. Required accuracy delta=1.311775e-07, accuracy met: 3.217719e+01
2025-09-22 00:21:47 WARNING:TensorToolbox.core.TensorTrainVec: MaxRank truncation. Cores 19-20. Required accuracy delta=1.311775e-07, accuracy met: 2.341587e+01
2025-09-22 00:21:47 WARNING:TensorToolbox.core.TensorTrainVec: MaxRank truncation. Cores 20-21. Required accuracy delta=1.311775e-07, accuracy met: 1.470974e+01
tt_from_dense wtime: 56.070012824988225
2025-09-22 00:22:32 WARNING:TensorToolbox.core.TensorTrainVec: MaxRank truncation. Cores 5-6. Required accuracy delta=1.311775e-07, accuracy met: 2.284137e+03
2025-09-22 00:22:38 WARNING:TensorToolbox.core.TensorTrainVec: MaxRank truncation. Cores 6-7. Required accuracy delta=1.311775e-07, accuracy met: 1.721707e+03
2025-09-22 00:22:41 WARNING:TensorToolbox.core.TensorTrainVec: MaxRank truncation. Cores 7-8. Required accuracy delta=1.311775e-07, accuracy met: 1.219608e+03
2025-09-22 00:22:42 WARNING:TensorToolbox.core.TensorTrainVec: MaxRank truncation. Cores 8-9. Required accuracy delta=1.311775e-07, accuracy met: 8.649117e+02
2025-09-22 00:22:42 WARNING:TensorToolbox.core.TensorTrainVec: MaxRank truncation. Cores 9-10. Required accuracy delta=1.311775e-07, accuracy met: 6.135078e+02
2025-09-22 00:22:43 WARNING:TensorToolbox.core.TensorTrainVec: MaxRank truncation. Cores 10-11. Required accuracy delta=1.311775e-07, accuracy met: 4.360054e+02
2025-09-22 00:22:43 WARNING:TensorToolbox.core.TensorTrainVec: MaxRank truncation. Cores 11-12. Required accuracy delta=1.311775e-07, accuracy met: 3.104313e+02
2025-09-22 00:22:43 WARNING:TensorToolbox.core.TensorTrainVec: MaxRank truncation. Cores 12-13. Required accuracy delta=1.311775e-07, accuracy met: 2.216393e+02
2025-09-22 00:22:43 WARNING:TensorToolbox.core.TensorTrainVec: MaxRank truncation. Cores 13-14. Required accuracy delta=1.311775e-07, accuracy met: 1.588767e+02
2025-09-22 00:22:43 WARNING:TensorToolbox.core.TensorTrainVec: MaxRank truncation. Cores 14-15. Required accuracy delta=1.311775e-07, accuracy met: 1.142126e+02
2025-09-22 00:22:43 WARNING:TensorToolbox.core.TensorTrainVec: MaxRank truncation. Cores 15-16. Required accuracy delta=1.311775e-07, accuracy met: 8.262785e+01
2025-09-22 00:22:43 WARNING:TensorToolbox.core.TensorTrainVec: MaxRank truncation. Cores 16-17. Required accuracy delta=1.311775e-07, accuracy met: 6.022546e+01
2025-09-22 00:22:43 WARNING:TensorToolbox.core.TensorTrainVec: MaxRank truncation. Cores 17-18. Required accuracy delta=1.311775e-07, accuracy met: 4.442017e+01
2025-09-22 00:22:43 WARNING:TensorToolbox.core.TensorTrainVec: MaxRank truncation. Cores 18-19. Required accuracy delta=1.311775e-07, accuracy met: 3.217719e+01
2025-09-22 00:22:43 WARNING:TensorToolbox.core.TensorTrainVec: MaxRank truncation. Cores 19-20. Required accuracy delta=1.311775e-07, accuracy met: 2.341587e+01
2025-09-22 00:22:43 WARNING:TensorToolbox.core.TensorTrainVec: MaxRank truncation. Cores 20-21. Required accuracy delta=1.311775e-07, accuracy met: 1.470974e+01
tt_from_dense wtime: 55.58148275199346
random wtime: 1.38650736901036
2025-09-22 00:23:31 WARNING:TensorToolbox.core.TensorTrainVec: MaxRank truncation. Cores 5-6. Required accuracy delta=1.311755e-07, accuracy met: 2.245625e+03
2025-09-22 00:23:37 WARNING:TensorToolbox.core.TensorTrainVec: MaxRank truncation. Cores 6-7. Required accuracy delta=1.311755e-07, accuracy met: 1.746958e+03
2025-09-22 00:23:40 WARNING:TensorToolbox.core.TensorTrainVec: MaxRank truncation. Cores 7-8. Required accuracy delta=1.311755e-07, accuracy met: 1.237651e+03
2025-09-22 00:23:41 WARNING:TensorToolbox.core.TensorTrainVec: MaxRank truncation. Cores 8-9. Required accuracy delta=1.311755e-07, accuracy met: 8.771328e+02
2025-09-22 00:23:42 WARNING:TensorToolbox.core.TensorTrainVec: MaxRank truncation. Cores 9-10. Required accuracy delta=1.311755e-07, accuracy met: 6.223437e+02
2025-09-22 00:23:42 WARNING:TensorToolbox.core.TensorTrainVec: MaxRank truncation. Cores 10-11. Required accuracy delta=1.311755e-07, accuracy met: 4.423776e+02
2025-09-22 00:23:42 WARNING:TensorToolbox.core.TensorTrainVec: MaxRank truncation. Cores 11-12. Required accuracy delta=1.311755e-07, accuracy met: 3.150410e+02
2025-09-22 00:23:42 WARNING:TensorToolbox.core.TensorTrainVec: MaxRank truncation. Cores 12-13. Required accuracy delta=1.311755e-07, accuracy met: 2.248385e+02
2025-09-22 00:23:42 WARNING:TensorToolbox.core.TensorTrainVec: MaxRank truncation. Cores 13-14. Required accuracy delta=1.311755e-07, accuracy met: 1.613858e+02
2025-09-22 00:23:42 WARNING:TensorToolbox.core.TensorTrainVec: MaxRank truncation. Cores 14-15. Required accuracy delta=1.311755e-07, accuracy met: 1.162489e+02
2025-09-22 00:23:42 WARNING:TensorToolbox.core.TensorTrainVec: MaxRank truncation. Cores 15-16. Required accuracy delta=1.311755e-07, accuracy met: 8.443935e+01
2025-09-22 00:23:42 WARNING:TensorToolbox.core.TensorTrainVec: MaxRank truncation. Cores 16-17. Required accuracy delta=1.311755e-07, accuracy met: 6.178327e+01
2025-09-22 00:23:42 WARNING:TensorToolbox.core.TensorTrainVec: MaxRank truncation. Cores 17-18. Required accuracy delta=1.311755e-07, accuracy met: 4.480078e+01
2025-09-22 00:23:42 WARNING:TensorToolbox.core.TensorTrainVec: MaxRank truncation. Cores 18-19. Required accuracy delta=1.311755e-07, accuracy met: 3.324201e+01
2025-09-22 00:23:42 WARNING:TensorToolbox.core.TensorTrainVec: MaxRank truncation. Cores 19-20. Required accuracy delta=1.311755e-07, accuracy met: 2.320165e+01
2025-09-22 00:23:42 WARNING:TensorToolbox.core.TensorTrainVec: MaxRank truncation. Cores 20-21. Required accuracy delta=1.311755e-07, accuracy met: 1.476693e+01
tt_from_dense wtime: 56.43724480998935
2025-09-22 00:24:27 WARNING:TensorToolbox.core.TensorTrainVec: MaxRank truncation. Cores 5-6. Required accuracy delta=1.311755e-07, accuracy met: 2.245625e+03
2025-09-22 00:24:33 WARNING:TensorToolbox.core.TensorTrainVec: MaxRank truncation. Cores 6-7. Required accuracy delta=1.311755e-07, accuracy met: 1.746958e+03
2025-09-22 00:24:36 WARNING:TensorToolbox.core.TensorTrainVec: MaxRank truncation. Cores 7-8. Required accuracy delta=1.311755e-07, accuracy met: 1.237651e+03
2025-09-22 00:24:37 WARNING:TensorToolbox.core.TensorTrainVec: MaxRank truncation. Cores 8-9. Required accuracy delta=1.311755e-07, accuracy met: 8.771328e+02
2025-09-22 00:24:38 WARNING:TensorToolbox.core.TensorTrainVec: MaxRank truncation. Cores 9-10. Required accuracy delta=1.311755e-07, accuracy met: 6.223437e+02
2025-09-22 00:24:38 WARNING:TensorToolbox.core.TensorTrainVec: MaxRank truncation. Cores 10-11. Required accuracy delta=1.311755e-07, accuracy met: 4.423776e+02
2025-09-22 00:24:38 WARNING:TensorToolbox.core.TensorTrainVec: MaxRank truncation. Cores 11-12. Required accuracy delta=1.311755e-07, accuracy met: 3.150410e+02
2025-09-22 00:24:38 WARNING:TensorToolbox.core.TensorTrainVec: MaxRank truncation. Cores 12-13. Required accuracy delta=1.311755e-07, accuracy met: 2.248385e+02
2025-09-22 00:24:38 WARNING:TensorToolbox.core.TensorTrainVec: MaxRank truncation. Cores 13-14. Required accuracy delta=1.311755e-07, accuracy met: 1.613858e+02
2025-09-22 00:24:38 WARNING:TensorToolbox.core.TensorTrainVec: MaxRank truncation. Cores 14-15. Required accuracy delta=1.311755e-07, accuracy met: 1.162489e+02
2025-09-22 00:24:38 WARNING:TensorToolbox.core.TensorTrainVec: MaxRank truncation. Cores 15-16. Required accuracy delta=1.311755e-07, accuracy met: 8.443935e+01
2025-09-22 00:24:38 WARNING:TensorToolbox.core.TensorTrainVec: MaxRank truncation. Cores 16-17. Required accuracy delta=1.311755e-07, accuracy met: 6.178327e+01
2025-09-22 00:24:38 WARNING:TensorToolbox.core.TensorTrainVec: MaxRank truncation. Cores 17-18. Required accuracy delta=1.311755e-07, accuracy met: 4.480078e+01
2025-09-22 00:24:38 WARNING:TensorToolbox.core.TensorTrainVec: MaxRank truncation. Cores 18-19. Required accuracy delta=1.311755e-07, accuracy met: 3.324201e+01
2025-09-22 00:24:38 WARNING:TensorToolbox.core.TensorTrainVec: MaxRank truncation. Cores 19-20. Required accuracy delta=1.311755e-07, accuracy met: 2.320165e+01
2025-09-22 00:24:38 WARNING:TensorToolbox.core.TensorTrainVec: MaxRank truncation. Cores 20-21. Required accuracy delta=1.311755e-07, accuracy met: 1.476693e+01
tt_from_dense wtime: 55.90910080599133
random wtime: 1.4457523010059958
2025-09-22 00:25:26 WARNING:TensorToolbox.core.TensorTrainVec: MaxRank truncation. Cores 5-6. Required accuracy delta=1.311742e-07, accuracy met: 2.206146e+03
2025-09-22 00:25:32 WARNING:TensorToolbox.core.TensorTrainVec: MaxRank truncation. Cores 6-7. Required accuracy delta=1.311742e-07, accuracy met: 1.771332e+03
2025-09-22 00:25:35 WARNING:TensorToolbox.core.TensorTrainVec: MaxRank truncation. Cores 7-8. Required accuracy delta=1.311742e-07, accuracy met: 1.254903e+03
2025-09-22 00:25:36 WARNING:TensorToolbox.core.TensorTrainVec: MaxRank truncation. Cores 8-9. Required accuracy delta=1.311742e-07, accuracy met: 8.898985e+02
2025-09-22 00:25:37 WARNING:TensorToolbox.core.TensorTrainVec: MaxRank truncation. Cores 9-10. Required accuracy delta=1.311742e-07, accuracy met: 6.316023e+02
2025-09-22 00:25:37 WARNING:TensorToolbox.core.TensorTrainVec: MaxRank truncation. Cores 10-11. Required accuracy delta=1.311742e-07, accuracy met: 4.487346e+02
2025-09-22 00:25:37 WARNING:TensorToolbox.core.TensorTrainVec: MaxRank truncation. Cores 11-12. Required accuracy delta=1.311742e-07, accuracy met: 3.197402e+02
2025-09-22 00:25:37 WARNING:TensorToolbox.core.TensorTrainVec: MaxRank truncation. Cores 12-13. Required accuracy delta=1.311742e-07, accuracy met: 2.285014e+02
2025-09-22 00:25:37 WARNING:TensorToolbox.core.TensorTrainVec: MaxRank truncation. Cores 13-14. Required accuracy delta=1.311742e-07, accuracy met: 1.637470e+02
2025-09-22 00:25:37 WARNING:TensorToolbox.core.TensorTrainVec: MaxRank truncation. Cores 14-15. Required accuracy delta=1.311742e-07, accuracy met: 1.179043e+02
2025-09-22 00:25:37 WARNING:TensorToolbox.core.TensorTrainVec: MaxRank truncation. Cores 15-16. Required accuracy delta=1.311742e-07, accuracy met: 8.554817e+01
2025-09-22 00:25:37 WARNING:TensorToolbox.core.TensorTrainVec: MaxRank truncation. Cores 16-17. Required accuracy delta=1.311742e-07, accuracy met: 6.226782e+01
2025-09-22 00:25:37 WARNING:TensorToolbox.core.TensorTrainVec: MaxRank truncation. Cores 17-18. Required accuracy delta=1.311742e-07, accuracy met: 4.571128e+01
2025-09-22 00:25:37 WARNING:TensorToolbox.core.TensorTrainVec: MaxRank truncation. Cores 18-19. Required accuracy delta=1.311742e-07, accuracy met: 3.357945e+01
2025-09-22 00:25:37 WARNING:TensorToolbox.core.TensorTrainVec: MaxRank truncation. Cores 19-20. Required accuracy delta=1.311742e-07, accuracy met: 2.380827e+01
2025-09-22 00:25:37 WARNING:TensorToolbox.core.TensorTrainVec: MaxRank truncation. Cores 20-21. Required accuracy delta=1.311742e-07, accuracy met: 1.450522e+01
tt_from_dense wtime: 56.61381805999554
2025-09-22 00:26:22 WARNING:TensorToolbox.core.TensorTrainVec: MaxRank truncation. Cores 5-6. Required accuracy delta=1.311742e-07, accuracy met: 2.206146e+03
2025-09-22 00:26:28 WARNING:TensorToolbox.core.TensorTrainVec: MaxRank truncation. Cores 6-7. Required accuracy delta=1.311742e-07, accuracy met: 1.771332e+03
2025-09-22 00:26:31 WARNING:TensorToolbox.core.TensorTrainVec: MaxRank truncation. Cores 7-8. Required accuracy delta=1.311742e-07, accuracy met: 1.254903e+03
2025-09-22 00:26:33 WARNING:TensorToolbox.core.TensorTrainVec: MaxRank truncation. Cores 8-9. Required accuracy delta=1.311742e-07, accuracy met: 8.898985e+02
2025-09-22 00:26:33 WARNING:TensorToolbox.core.TensorTrainVec: MaxRank truncation. Cores 9-10. Required accuracy delta=1.311742e-07, accuracy met: 6.316023e+02
2025-09-22 00:26:33 WARNING:TensorToolbox.core.TensorTrainVec: MaxRank truncation. Cores 10-11. Required accuracy delta=1.311742e-07, accuracy met: 4.487346e+02
2025-09-22 00:26:34 WARNING:TensorToolbox.core.TensorTrainVec: MaxRank truncation. Cores 11-12. Required accuracy delta=1.311742e-07, accuracy met: 3.197402e+02
2025-09-22 00:26:34 WARNING:TensorToolbox.core.TensorTrainVec: MaxRank truncation. Cores 12-13. Required accuracy delta=1.311742e-07, accuracy met: 2.285014e+02
2025-09-22 00:26:34 WARNING:TensorToolbox.core.TensorTrainVec: MaxRank truncation. Cores 13-14. Required accuracy delta=1.311742e-07, accuracy met: 1.637470e+02
2025-09-22 00:26:34 WARNING:TensorToolbox.core.TensorTrainVec: MaxRank truncation. Cores 14-15. Required accuracy delta=1.311742e-07, accuracy met: 1.179043e+02
2025-09-22 00:26:34 WARNING:TensorToolbox.core.TensorTrainVec: MaxRank truncation. Cores 15-16. Required accuracy delta=1.311742e-07, accuracy met: 8.554817e+01
2025-09-22 00:26:34 WARNING:TensorToolbox.core.TensorTrainVec: MaxRank truncation. Cores 16-17. Required accuracy delta=1.311742e-07, accuracy met: 6.226782e+01
2025-09-22 00:26:34 WARNING:TensorToolbox.core.TensorTrainVec: MaxRank truncation. Cores 17-18. Required accuracy delta=1.311742e-07, accuracy met: 4.571128e+01
2025-09-22 00:26:34 WARNING:TensorToolbox.core.TensorTrainVec: MaxRank truncation. Cores 18-19. Required accuracy delta=1.311742e-07, accuracy met: 3.357945e+01
2025-09-22 00:26:34 WARNING:TensorToolbox.core.TensorTrainVec: MaxRank truncation. Cores 19-20. Required accuracy delta=1.311742e-07, accuracy met: 2.380827e+01
2025-09-22 00:26:34 WARNING:TensorToolbox.core.TensorTrainVec: MaxRank truncation. Cores 20-21. Required accuracy delta=1.311742e-07, accuracy met: 1.450522e+01
tt_from_dense wtime: 56.30976498099335
random wtime: 1.3951079749967903
2025-09-22 00:27:22 WARNING:TensorToolbox.core.TensorTrainVec: MaxRank truncation. Cores 5-6. Required accuracy delta=1.311802e-07, accuracy met: 2.166485e+03
2025-09-22 00:27:28 WARNING:TensorToolbox.core.TensorTrainVec: MaxRank truncation. Cores 6-7. Required accuracy delta=1.311802e-07, accuracy met: 1.795529e+03
2025-09-22 00:27:31 WARNING:TensorToolbox.core.TensorTrainVec: MaxRank truncation. Cores 7-8. Required accuracy delta=1.311802e-07, accuracy met: 1.272018e+03
2025-09-22 00:27:33 WARNING:TensorToolbox.core.TensorTrainVec: MaxRank truncation. Cores 8-9. Required accuracy delta=1.311802e-07, accuracy met: 9.020428e+02
2025-09-22 00:27:33 WARNING:TensorToolbox.core.TensorTrainVec: MaxRank truncation. Cores 9-10. Required accuracy delta=1.311802e-07, accuracy met: 6.401249e+02
2025-09-22 00:27:33 WARNING:TensorToolbox.core.TensorTrainVec: MaxRank truncation. Cores 10-11. Required accuracy delta=1.311802e-07, accuracy met: 4.552164e+02
2025-09-22 00:27:34 WARNING:TensorToolbox.core.TensorTrainVec: MaxRank truncation. Cores 11-12. Required accuracy delta=1.311802e-07, accuracy met: 3.240657e+02
2025-09-22 00:27:34 WARNING:TensorToolbox.core.TensorTrainVec: MaxRank truncation. Cores 12-13. Required accuracy delta=1.311802e-07, accuracy met: 2.314927e+02
2025-09-22 00:27:34 WARNING:TensorToolbox.core.TensorTrainVec: MaxRank truncation. Cores 13-14. Required accuracy delta=1.311802e-07, accuracy met: 1.659758e+02
2025-09-22 00:27:34 WARNING:TensorToolbox.core.TensorTrainVec: MaxRank truncation. Cores 14-15. Required accuracy delta=1.311802e-07, accuracy met: 1.194219e+02
2025-09-22 00:27:34 WARNING:TensorToolbox.core.TensorTrainVec: MaxRank truncation. Cores 15-16. Required accuracy delta=1.311802e-07, accuracy met: 8.658592e+01
2025-09-22 00:27:34 WARNING:TensorToolbox.core.TensorTrainVec: MaxRank truncation. Cores 16-17. Required accuracy delta=1.311802e-07, accuracy met: 6.309487e+01
2025-09-22 00:27:34 WARNING:TensorToolbox.core.TensorTrainVec: MaxRank truncation. Cores 17-18. Required accuracy delta=1.311802e-07, accuracy met: 4.625492e+01
2025-09-22 00:27:34 WARNING:TensorToolbox.core.TensorTrainVec: MaxRank truncation. Cores 18-19. Required accuracy delta=1.311802e-07, accuracy met: 3.368086e+01
2025-09-22 00:27:34 WARNING:TensorToolbox.core.TensorTrainVec: MaxRank truncation. Cores 19-20. Required accuracy delta=1.311802e-07, accuracy met: 2.413606e+01
2025-09-22 00:27:34 WARNING:TensorToolbox.core.TensorTrainVec: MaxRank truncation. Cores 20-21. Required accuracy delta=1.311802e-07, accuracy met: 1.445238e+01
tt_from_dense wtime: 57.326394855001126
2025-09-22 00:28:19 WARNING:TensorToolbox.core.TensorTrainVec: MaxRank truncation. Cores 5-6. Required accuracy delta=1.311802e-07, accuracy met: 2.166485e+03
2025-09-22 00:28:25 WARNING:TensorToolbox.core.TensorTrainVec: MaxRank truncation. Cores 6-7. Required accuracy delta=1.311802e-07, accuracy met: 1.795529e+03
2025-09-22 00:28:28 WARNING:TensorToolbox.core.TensorTrainVec: MaxRank truncation. Cores 7-8. Required accuracy delta=1.311802e-07, accuracy met: 1.272018e+03
2025-09-22 00:28:30 WARNING:TensorToolbox.core.TensorTrainVec: MaxRank truncation. Cores 8-9. Required accuracy delta=1.311802e-07, accuracy met: 9.020428e+02
2025-09-22 00:28:30 WARNING:TensorToolbox.core.TensorTrainVec: MaxRank truncation. Cores 9-10. Required accuracy delta=1.311802e-07, accuracy met: 6.401249e+02
2025-09-22 00:28:30 WARNING:TensorToolbox.core.TensorTrainVec: MaxRank truncation. Cores 10-11. Required accuracy delta=1.311802e-07, accuracy met: 4.552164e+02
2025-09-22 00:28:31 WARNING:TensorToolbox.core.TensorTrainVec: MaxRank truncation. Cores 11-12. Required accuracy delta=1.311802e-07, accuracy met: 3.240657e+02
2025-09-22 00:28:31 WARNING:TensorToolbox.core.TensorTrainVec: MaxRank truncation. Cores 12-13. Required accuracy delta=1.311802e-07, accuracy met: 2.314927e+02
2025-09-22 00:28:31 WARNING:TensorToolbox.core.TensorTrainVec: MaxRank truncation. Cores 13-14. Required accuracy delta=1.311802e-07, accuracy met: 1.659758e+02
2025-09-22 00:28:31 WARNING:TensorToolbox.core.TensorTrainVec: MaxRank truncation. Cores 14-15. Required accuracy delta=1.311802e-07, accuracy met: 1.194219e+02
2025-09-22 00:28:31 WARNING:TensorToolbox.core.TensorTrainVec: MaxRank truncation. Cores 15-16. Required accuracy delta=1.311802e-07, accuracy met: 8.658592e+01
2025-09-22 00:28:31 WARNING:TensorToolbox.core.TensorTrainVec: MaxRank truncation. Cores 16-17. Required accuracy delta=1.311802e-07, accuracy met: 6.309487e+01
2025-09-22 00:28:31 WARNING:TensorToolbox.core.TensorTrainVec: MaxRank truncation. Cores 17-18. Required accuracy delta=1.311802e-07, accuracy met: 4.625492e+01
2025-09-22 00:28:31 WARNING:TensorToolbox.core.TensorTrainVec: MaxRank truncation. Cores 18-19. Required accuracy delta=1.311802e-07, accuracy met: 3.368086e+01
2025-09-22 00:28:31 WARNING:TensorToolbox.core.TensorTrainVec: MaxRank truncation. Cores 19-20. Required accuracy delta=1.311802e-07, accuracy met: 2.413606e+01
2025-09-22 00:28:31 WARNING:TensorToolbox.core.TensorTrainVec: MaxRank truncation. Cores 20-21. Required accuracy delta=1.311802e-07, accuracy met: 1.445238e+01
tt_from_dense wtime: 57.00713084600284
random wtime: 1.5114965009997832
2025-09-22 00:29:19 WARNING:TensorToolbox.core.TensorTrainVec: MaxRank truncation. Cores 5-6. Required accuracy delta=1.311719e-07, accuracy met: 2.125794e+03
2025-09-22 00:29:25 WARNING:TensorToolbox.core.TensorTrainVec: MaxRank truncation. Cores 6-7. Required accuracy delta=1.311719e-07, accuracy met: 1.819465e+03
2025-09-22 00:29:29 WARNING:TensorToolbox.core.TensorTrainVec: MaxRank truncation. Cores 7-8. Required accuracy delta=1.311719e-07, accuracy met: 1.289090e+03
2025-09-22 00:29:30 WARNING:TensorToolbox.core.TensorTrainVec: MaxRank truncation. Cores 8-9. Required accuracy delta=1.311719e-07, accuracy met: 9.142356e+02
2025-09-22 00:29:31 WARNING:TensorToolbox.core.TensorTrainVec: MaxRank truncation. Cores 9-10. Required accuracy delta=1.311719e-07, accuracy met: 6.487689e+02
2025-09-22 00:29:31 WARNING:TensorToolbox.core.TensorTrainVec: MaxRank truncation. Cores 10-11. Required accuracy delta=1.311719e-07, accuracy met: 4.612905e+02
2025-09-22 00:29:31 WARNING:TensorToolbox.core.TensorTrainVec: MaxRank truncation. Cores 11-12. Required accuracy delta=1.311719e-07, accuracy met: 3.284018e+02
2025-09-22 00:29:31 WARNING:TensorToolbox.core.TensorTrainVec: MaxRank truncation. Cores 12-13. Required accuracy delta=1.311719e-07, accuracy met: 2.347562e+02
2025-09-22 00:29:32 WARNING:TensorToolbox.core.TensorTrainVec: MaxRank truncation. Cores 13-14. Required accuracy delta=1.311719e-07, accuracy met: 1.684381e+02
2025-09-22 00:29:32 WARNING:TensorToolbox.core.TensorTrainVec: MaxRank truncation. Cores 14-15. Required accuracy delta=1.311719e-07, accuracy met: 1.213247e+02
2025-09-22 00:29:32 WARNING:TensorToolbox.core.TensorTrainVec: MaxRank truncation. Cores 15-16. Required accuracy delta=1.311719e-07, accuracy met: 8.766698e+01
2025-09-22 00:29:32 WARNING:TensorToolbox.core.TensorTrainVec: MaxRank truncation. Cores 16-17. Required accuracy delta=1.311719e-07, accuracy met: 6.381549e+01
2025-09-22 00:29:32 WARNING:TensorToolbox.core.TensorTrainVec: MaxRank truncation. Cores 17-18. Required accuracy delta=1.311719e-07, accuracy met: 4.714128e+01
2025-09-22 00:29:32 WARNING:TensorToolbox.core.TensorTrainVec: MaxRank truncation. Cores 18-19. Required accuracy delta=1.311719e-07, accuracy met: 3.466658e+01
2025-09-22 00:29:32 WARNING:TensorToolbox.core.TensorTrainVec: MaxRank truncation. Cores 19-20. Required accuracy delta=1.311719e-07, accuracy met: 2.427866e+01
2025-09-22 00:29:32 WARNING:TensorToolbox.core.TensorTrainVec: MaxRank truncation. Cores 20-21. Required accuracy delta=1.311719e-07, accuracy met: 1.501976e+01
tt_from_dense wtime: 57.83570959100325
2025-09-22 00:30:16 WARNING:TensorToolbox.core.TensorTrainVec: MaxRank truncation. Cores 5-6. Required accuracy delta=1.311719e-07, accuracy met: 2.125794e+03
2025-09-22 00:30:23 WARNING:TensorToolbox.core.TensorTrainVec: MaxRank truncation. Cores 6-7. Required accuracy delta=1.311719e-07, accuracy met: 1.819465e+03
2025-09-22 00:30:26 WARNING:TensorToolbox.core.TensorTrainVec: MaxRank truncation. Cores 7-8. Required accuracy delta=1.311719e-07, accuracy met: 1.289090e+03
2025-09-22 00:30:28 WARNING:TensorToolbox.core.TensorTrainVec: MaxRank truncation. Cores 8-9. Required accuracy delta=1.311719e-07, accuracy met: 9.142356e+02
2025-09-22 00:30:29 WARNING:TensorToolbox.core.TensorTrainVec: MaxRank truncation. Cores 9-10. Required accuracy delta=1.311719e-07, accuracy met: 6.487689e+02
2025-09-22 00:30:29 WARNING:TensorToolbox.core.TensorTrainVec: MaxRank truncation. Cores 10-11. Required accuracy delta=1.311719e-07, accuracy met: 4.612905e+02
2025-09-22 00:30:29 WARNING:TensorToolbox.core.TensorTrainVec: MaxRank truncation. Cores 11-12. Required accuracy delta=1.311719e-07, accuracy met: 3.284018e+02
2025-09-22 00:30:29 WARNING:TensorToolbox.core.TensorTrainVec: MaxRank truncation. Cores 12-13. Required accuracy delta=1.311719e-07, accuracy met: 2.347562e+02
2025-09-22 00:30:29 WARNING:TensorToolbox.core.TensorTrainVec: MaxRank truncation. Cores 13-14. Required accuracy delta=1.311719e-07, accuracy met: 1.684381e+02
2025-09-22 00:30:29 WARNING:TensorToolbox.core.TensorTrainVec: MaxRank truncation. Cores 14-15. Required accuracy delta=1.311719e-07, accuracy met: 1.213247e+02
2025-09-22 00:30:29 WARNING:TensorToolbox.core.TensorTrainVec: MaxRank truncation. Cores 15-16. Required accuracy delta=1.311719e-07, accuracy met: 8.766698e+01
2025-09-22 00:30:29 WARNING:TensorToolbox.core.TensorTrainVec: MaxRank truncation. Cores 16-17. Required accuracy delta=1.311719e-07, accuracy met: 6.381549e+01
2025-09-22 00:30:29 WARNING:TensorToolbox.core.TensorTrainVec: MaxRank truncation. Cores 17-18. Required accuracy delta=1.311719e-07, accuracy met: 4.714128e+01
2025-09-22 00:30:29 WARNING:TensorToolbox.core.TensorTrainVec: MaxRank truncation. Cores 18-19. Required accuracy delta=1.311719e-07, accuracy met: 3.466658e+01
2025-09-22 00:30:29 WARNING:TensorToolbox.core.TensorTrainVec: MaxRank truncation. Cores 19-20. Required accuracy delta=1.311719e-07, accuracy met: 2.427866e+01
2025-09-22 00:30:29 WARNING:TensorToolbox.core.TensorTrainVec: MaxRank truncation. Cores 20-21. Required accuracy delta=1.311719e-07, accuracy met: 1.501976e+01
tt_from_dense wtime: 57.53046489600092
random wtime: 1.5176706409984035
2025-09-22 00:31:17 WARNING:TensorToolbox.core.TensorTrainVec: MaxRank truncation. Cores 5-6. Required accuracy delta=1.311740e-07, accuracy met: 2.084193e+03
2025-09-22 00:31:24 WARNING:TensorToolbox.core.TensorTrainVec: MaxRank truncation. Cores 6-7. Required accuracy delta=1.311740e-07, accuracy met: 1.843038e+03
2025-09-22 00:31:28 WARNING:TensorToolbox.core.TensorTrainVec: MaxRank truncation. Cores 7-8. Required accuracy delta=1.311740e-07, accuracy met: 1.305853e+03
2025-09-22 00:31:29 WARNING:TensorToolbox.core.TensorTrainVec: MaxRank truncation. Cores 8-9. Required accuracy delta=1.311740e-07, accuracy met: 9.258400e+02
2025-09-22 00:31:30 WARNING:TensorToolbox.core.TensorTrainVec: MaxRank truncation. Cores 9-10. Required accuracy delta=1.311740e-07, accuracy met: 6.573205e+02
2025-09-22 00:31:30 WARNING:TensorToolbox.core.TensorTrainVec: MaxRank truncation. Cores 10-11. Required accuracy delta=1.311740e-07, accuracy met: 4.674397e+02
2025-09-22 00:31:31 WARNING:TensorToolbox.core.TensorTrainVec: MaxRank truncation. Cores 11-12. Required accuracy delta=1.311740e-07, accuracy met: 3.329174e+02
2025-09-22 00:31:31 WARNING:TensorToolbox.core.TensorTrainVec: MaxRank truncation. Cores 12-13. Required accuracy delta=1.311740e-07, accuracy met: 2.378782e+02
2025-09-22 00:31:31 WARNING:TensorToolbox.core.TensorTrainVec: MaxRank truncation. Cores 13-14. Required accuracy delta=1.311740e-07, accuracy met: 1.704556e+02
2025-09-22 00:31:31 WARNING:TensorToolbox.core.TensorTrainVec: MaxRank truncation. Cores 14-15. Required accuracy delta=1.311740e-07, accuracy met: 1.230532e+02
2025-09-22 00:31:31 WARNING:TensorToolbox.core.TensorTrainVec: MaxRank truncation. Cores 15-16. Required accuracy delta=1.311740e-07, accuracy met: 8.914003e+01
2025-09-22 00:31:31 WARNING:TensorToolbox.core.TensorTrainVec: MaxRank truncation. Cores 16-17. Required accuracy delta=1.311740e-07, accuracy met: 6.509474e+01
2025-09-22 00:31:31 WARNING:TensorToolbox.core.TensorTrainVec: MaxRank truncation. Cores 17-18. Required accuracy delta=1.311740e-07, accuracy met: 4.793764e+01
2025-09-22 00:31:31 WARNING:TensorToolbox.core.TensorTrainVec: MaxRank truncation. Cores 18-19. Required accuracy delta=1.311740e-07, accuracy met: 3.508401e+01
2025-09-22 00:31:31 WARNING:TensorToolbox.core.TensorTrainVec: MaxRank truncation. Cores 19-20. Required accuracy delta=1.311740e-07, accuracy met: 2.477635e+01
2025-09-22 00:31:31 WARNING:TensorToolbox.core.TensorTrainVec: MaxRank truncation. Cores 20-21. Required accuracy delta=1.311740e-07, accuracy met: 1.435850e+01
tt_from_dense wtime: 58.34161449900421
2025-09-22 00:32:16 WARNING:TensorToolbox.core.TensorTrainVec: MaxRank truncation. Cores 5-6. Required accuracy delta=1.311740e-07, accuracy met: 2.084193e+03
2025-09-22 00:32:23 WARNING:TensorToolbox.core.TensorTrainVec: MaxRank truncation. Cores 6-7. Required accuracy delta=1.311740e-07, accuracy met: 1.843038e+03
2025-09-22 00:32:26 WARNING:TensorToolbox.core.TensorTrainVec: MaxRank truncation. Cores 7-8. Required accuracy delta=1.311740e-07, accuracy met: 1.305853e+03
2025-09-22 00:32:28 WARNING:TensorToolbox.core.TensorTrainVec: MaxRank truncation. Cores 8-9. Required accuracy delta=1.311740e-07, accuracy met: 9.258400e+02
2025-09-22 00:32:28 WARNING:TensorToolbox.core.TensorTrainVec: MaxRank truncation. Cores 9-10. Required accuracy delta=1.311740e-07, accuracy met: 6.573205e+02
2025-09-22 00:32:29 WARNING:TensorToolbox.core.TensorTrainVec: MaxRank truncation. Cores 10-11. Required accuracy delta=1.311740e-07, accuracy met: 4.674397e+02
2025-09-22 00:32:29 WARNING:TensorToolbox.core.TensorTrainVec: MaxRank truncation. Cores 11-12. Required accuracy delta=1.311740e-07, accuracy met: 3.329174e+02
2025-09-22 00:32:29 WARNING:TensorToolbox.core.TensorTrainVec: MaxRank truncation. Cores 12-13. Required accuracy delta=1.311740e-07, accuracy met: 2.378782e+02
2025-09-22 00:32:29 WARNING:TensorToolbox.core.TensorTrainVec: MaxRank truncation. Cores 13-14. Required accuracy delta=1.311740e-07, accuracy met: 1.704556e+02
2025-09-22 00:32:29 WARNING:TensorToolbox.core.TensorTrainVec: MaxRank truncation. Cores 14-15. Required accuracy delta=1.311740e-07, accuracy met: 1.230532e+02
2025-09-22 00:32:29 WARNING:TensorToolbox.core.TensorTrainVec: MaxRank truncation. Cores 15-16. Required accuracy delta=1.311740e-07, accuracy met: 8.914003e+01
2025-09-22 00:32:29 WARNING:TensorToolbox.core.TensorTrainVec: MaxRank truncation. Cores 16-17. Required accuracy delta=1.311740e-07, accuracy met: 6.509474e+01
2025-09-22 00:32:29 WARNING:TensorToolbox.core.TensorTrainVec: MaxRank truncation. Cores 17-18. Required accuracy delta=1.311740e-07, accuracy met: 4.793764e+01
2025-09-22 00:32:29 WARNING:TensorToolbox.core.TensorTrainVec: MaxRank truncation. Cores 18-19. Required accuracy delta=1.311740e-07, accuracy met: 3.508401e+01
2025-09-22 00:32:29 WARNING:TensorToolbox.core.TensorTrainVec: MaxRank truncation. Cores 19-20. Required accuracy delta=1.311740e-07, accuracy met: 2.477635e+01
2025-09-22 00:32:29 WARNING:TensorToolbox.core.TensorTrainVec: MaxRank truncation. Cores 20-21. Required accuracy delta=1.311740e-07, accuracy met: 1.435850e+01
tt_from_dense wtime: 58.27977943699807
random wtime: 1.5162914219981758
2025-09-22 00:33:17 WARNING:TensorToolbox.core.TensorTrainVec: MaxRank truncation. Cores 5-6. Required accuracy delta=1.311798e-07, accuracy met: 2.042130e+03
2025-09-22 00:33:25 WARNING:TensorToolbox.core.TensorTrainVec: MaxRank truncation. Cores 6-7. Required accuracy delta=1.311798e-07, accuracy met: 1.866298e+03
2025-09-22 00:33:29 WARNING:TensorToolbox.core.TensorTrainVec: MaxRank truncation. Cores 7-8. Required accuracy delta=1.311798e-07, accuracy met: 1.322626e+03
2025-09-22 00:33:31 WARNING:TensorToolbox.core.TensorTrainVec: MaxRank truncation. Cores 8-9. Required accuracy delta=1.311798e-07, accuracy met: 9.378676e+02
2025-09-22 00:33:32 WARNING:TensorToolbox.core.TensorTrainVec: MaxRank truncation. Cores 9-10. Required accuracy delta=1.311798e-07, accuracy met: 6.655959e+02
2025-09-22 00:33:32 WARNING:TensorToolbox.core.TensorTrainVec: MaxRank truncation. Cores 10-11. Required accuracy delta=1.311798e-07, accuracy met: 4.732673e+02
2025-09-22 00:33:32 WARNING:TensorToolbox.core.TensorTrainVec: MaxRank truncation. Cores 11-12. Required accuracy delta=1.311798e-07, accuracy met: 3.371624e+02
2025-09-22 00:33:32 WARNING:TensorToolbox.core.TensorTrainVec: MaxRank truncation. Cores 12-13. Required accuracy delta=1.311798e-07, accuracy met: 2.410034e+02
2025-09-22 00:33:32 WARNING:TensorToolbox.core.TensorTrainVec: MaxRank truncation. Cores 13-14. Required accuracy delta=1.311798e-07, accuracy met: 1.725099e+02
2025-09-22 00:33:32 WARNING:TensorToolbox.core.TensorTrainVec: MaxRank truncation. Cores 14-15. Required accuracy delta=1.311798e-07, accuracy met: 1.244831e+02
2025-09-22 00:33:32 WARNING:TensorToolbox.core.TensorTrainVec: MaxRank truncation. Cores 15-16. Required accuracy delta=1.311798e-07, accuracy met: 9.019397e+01
2025-09-22 00:33:32 WARNING:TensorToolbox.core.TensorTrainVec: MaxRank truncation. Cores 16-17. Required accuracy delta=1.311798e-07, accuracy met: 6.601768e+01
2025-09-22 00:33:32 WARNING:TensorToolbox.core.TensorTrainVec: MaxRank truncation. Cores 17-18. Required accuracy delta=1.311798e-07, accuracy met: 4.825250e+01
2025-09-22 00:33:32 WARNING:TensorToolbox.core.TensorTrainVec: MaxRank truncation. Cores 18-19. Required accuracy delta=1.311798e-07, accuracy met: 3.548413e+01
2025-09-22 00:33:32 WARNING:TensorToolbox.core.TensorTrainVec: MaxRank truncation. Cores 19-20. Required accuracy delta=1.311798e-07, accuracy met: 2.491227e+01
2025-09-22 00:33:32 WARNING:TensorToolbox.core.TensorTrainVec: MaxRank truncation. Cores 20-21. Required accuracy delta=1.311798e-07, accuracy met: 1.424786e+01
tt_from_dense wtime: 59.952509647002444
2025-09-22 00:34:17 WARNING:TensorToolbox.core.TensorTrainVec: MaxRank truncation. Cores 5-6. Required accuracy delta=1.311798e-07, accuracy met: 2.042130e+03
2025-09-22 00:34:25 WARNING:TensorToolbox.core.TensorTrainVec: MaxRank truncation. Cores 6-7. Required accuracy delta=1.311798e-07, accuracy met: 1.866298e+03
2025-09-22 00:34:29 WARNING:TensorToolbox.core.TensorTrainVec: MaxRank truncation. Cores 7-8. Required accuracy delta=1.311798e-07, accuracy met: 1.322626e+03
2025-09-22 00:34:31 WARNING:TensorToolbox.core.TensorTrainVec: MaxRank truncation. Cores 8-9. Required accuracy delta=1.311798e-07, accuracy met: 9.378676e+02
2025-09-22 00:34:31 WARNING:TensorToolbox.core.TensorTrainVec: MaxRank truncation. Cores 9-10. Required accuracy delta=1.311798e-07, accuracy met: 6.655959e+02
2025-09-22 00:34:32 WARNING:TensorToolbox.core.TensorTrainVec: MaxRank truncation. Cores 10-11. Required accuracy delta=1.311798e-07, accuracy met: 4.732673e+02
2025-09-22 00:34:32 WARNING:TensorToolbox.core.TensorTrainVec: MaxRank truncation. Cores 11-12. Required accuracy delta=1.311798e-07, accuracy met: 3.371624e+02
2025-09-22 00:34:32 WARNING:TensorToolbox.core.TensorTrainVec: MaxRank truncation. Cores 12-13. Required accuracy delta=1.311798e-07, accuracy met: 2.410034e+02
2025-09-22 00:34:32 WARNING:TensorToolbox.core.TensorTrainVec: MaxRank truncation. Cores 13-14. Required accuracy delta=1.311798e-07, accuracy met: 1.725099e+02
2025-09-22 00:34:32 WARNING:TensorToolbox.core.TensorTrainVec: MaxRank truncation. Cores 14-15. Required accuracy delta=1.311798e-07, accuracy met: 1.244831e+02
2025-09-22 00:34:32 WARNING:TensorToolbox.core.TensorTrainVec: MaxRank truncation. Cores 15-16. Required accuracy delta=1.311798e-07, accuracy met: 9.019397e+01
2025-09-22 00:34:32 WARNING:TensorToolbox.core.TensorTrainVec: MaxRank truncation. Cores 16-17. Required accuracy delta=1.311798e-07, accuracy met: 6.601768e+01
2025-09-22 00:34:32 WARNING:TensorToolbox.core.TensorTrainVec: MaxRank truncation. Cores 17-18. Required accuracy delta=1.311798e-07, accuracy met: 4.825250e+01
2025-09-22 00:34:32 WARNING:TensorToolbox.core.TensorTrainVec: MaxRank truncation. Cores 18-19. Required accuracy delta=1.311798e-07, accuracy met: 3.548413e+01
2025-09-22 00:34:32 WARNING:TensorToolbox.core.TensorTrainVec: MaxRank truncation. Cores 19-20. Required accuracy delta=1.311798e-07, accuracy met: 2.491227e+01
2025-09-22 00:34:32 WARNING:TensorToolbox.core.TensorTrainVec: MaxRank truncation. Cores 20-21. Required accuracy delta=1.311798e-07, accuracy met: 1.424786e+01
tt_from_dense wtime: 59.794545395998284
random wtime: 1.4899238560028607
2025-09-22 00:35:20 WARNING:TensorToolbox.core.TensorTrainVec: MaxRank truncation. Cores 5-6. Required accuracy delta=1.311830e-07, accuracy met: 1.998858e+03
2025-09-22 00:35:28 WARNING:TensorToolbox.core.TensorTrainVec: MaxRank truncation. Cores 6-7. Required accuracy delta=1.311830e-07, accuracy met: 1.889106e+03
2025-09-22 00:35:32 WARNING:TensorToolbox.core.TensorTrainVec: MaxRank truncation. Cores 7-8. Required accuracy delta=1.311830e-07, accuracy met: 1.338794e+03
2025-09-22 00:35:33 WARNING:TensorToolbox.core.TensorTrainVec: MaxRank truncation. Cores 8-9. Required accuracy delta=1.311830e-07, accuracy met: 9.492785e+02
2025-09-22 00:35:34 WARNING:TensorToolbox.core.TensorTrainVec: MaxRank truncation. Cores 9-10. Required accuracy delta=1.311830e-07, accuracy met: 6.739221e+02
2025-09-22 00:35:34 WARNING:TensorToolbox.core.TensorTrainVec: MaxRank truncation. Cores 10-11. Required accuracy delta=1.311830e-07, accuracy met: 4.791098e+02
2025-09-22 00:35:35 WARNING:TensorToolbox.core.TensorTrainVec: MaxRank truncation. Cores 11-12. Required accuracy delta=1.311830e-07, accuracy met: 3.414290e+02
2025-09-22 00:35:35 WARNING:TensorToolbox.core.TensorTrainVec: MaxRank truncation. Cores 12-13. Required accuracy delta=1.311830e-07, accuracy met: 2.439941e+02
2025-09-22 00:35:35 WARNING:TensorToolbox.core.TensorTrainVec: MaxRank truncation. Cores 13-14. Required accuracy delta=1.311830e-07, accuracy met: 1.751622e+02
2025-09-22 00:35:35 WARNING:TensorToolbox.core.TensorTrainVec: MaxRank truncation. Cores 14-15. Required accuracy delta=1.311830e-07, accuracy met: 1.263954e+02
2025-09-22 00:35:35 WARNING:TensorToolbox.core.TensorTrainVec: MaxRank truncation. Cores 15-16. Required accuracy delta=1.311830e-07, accuracy met: 9.159863e+01
2025-09-22 00:35:35 WARNING:TensorToolbox.core.TensorTrainVec: MaxRank truncation. Cores 16-17. Required accuracy delta=1.311830e-07, accuracy met: 6.662501e+01
2025-09-22 00:35:35 WARNING:TensorToolbox.core.TensorTrainVec: MaxRank truncation. Cores 17-18. Required accuracy delta=1.311830e-07, accuracy met: 4.923362e+01
2025-09-22 00:35:35 WARNING:TensorToolbox.core.TensorTrainVec: MaxRank truncation. Cores 18-19. Required accuracy delta=1.311830e-07, accuracy met: 3.596670e+01
2025-09-22 00:35:35 WARNING:TensorToolbox.core.TensorTrainVec: MaxRank truncation. Cores 19-20. Required accuracy delta=1.311830e-07, accuracy met: 2.516010e+01
2025-09-22 00:35:35 WARNING:TensorToolbox.core.TensorTrainVec: MaxRank truncation. Cores 20-21. Required accuracy delta=1.311830e-07, accuracy met: 1.424415e+01
tt_from_dense wtime: 59.77699577198655
2025-09-22 00:36:20 WARNING:TensorToolbox.core.TensorTrainVec: MaxRank truncation. Cores 5-6. Required accuracy delta=1.311830e-07, accuracy met: 1.998858e+03
2025-09-22 00:36:27 WARNING:TensorToolbox.core.TensorTrainVec: MaxRank truncation. Cores 6-7. Required accuracy delta=1.311830e-07, accuracy met: 1.889106e+03
2025-09-22 00:36:31 WARNING:TensorToolbox.core.TensorTrainVec: MaxRank truncation. Cores 7-8. Required accuracy delta=1.311830e-07, accuracy met: 1.338794e+03
2025-09-22 00:36:33 WARNING:TensorToolbox.core.TensorTrainVec: MaxRank truncation. Cores 8-9. Required accuracy delta=1.311830e-07, accuracy met: 9.492785e+02
2025-09-22 00:36:34 WARNING:TensorToolbox.core.TensorTrainVec: MaxRank truncation. Cores 9-10. Required accuracy delta=1.311830e-07, accuracy met: 6.739221e+02
2025-09-22 00:36:34 WARNING:TensorToolbox.core.TensorTrainVec: MaxRank truncation. Cores 10-11. Required accuracy delta=1.311830e-07, accuracy met: 4.791098e+02
2025-09-22 00:36:34 WARNING:TensorToolbox.core.TensorTrainVec: MaxRank truncation. Cores 11-12. Required accuracy delta=1.311830e-07, accuracy met: 3.414290e+02
2025-09-22 00:36:34 WARNING:TensorToolbox.core.TensorTrainVec: MaxRank truncation. Cores 12-13. Required accuracy delta=1.311830e-07, accuracy met: 2.439941e+02
2025-09-22 00:36:34 WARNING:TensorToolbox.core.TensorTrainVec: MaxRank truncation. Cores 13-14. Required accuracy delta=1.311830e-07, accuracy met: 1.751622e+02
2025-09-22 00:36:34 WARNING:TensorToolbox.core.TensorTrainVec: MaxRank truncation. Cores 14-15. Required accuracy delta=1.311830e-07, accuracy met: 1.263954e+02
2025-09-22 00:36:34 WARNING:TensorToolbox.core.TensorTrainVec: MaxRank truncation. Cores 15-16. Required accuracy delta=1.311830e-07, accuracy met: 9.159863e+01
2025-09-22 00:36:34 WARNING:TensorToolbox.core.TensorTrainVec: MaxRank truncation. Cores 16-17. Required accuracy delta=1.311830e-07, accuracy met: 6.662501e+01
2025-09-22 00:36:34 WARNING:TensorToolbox.core.TensorTrainVec: MaxRank truncation. Cores 17-18. Required accuracy delta=1.311830e-07, accuracy met: 4.923362e+01
2025-09-22 00:36:34 WARNING:TensorToolbox.core.TensorTrainVec: MaxRank truncation. Cores 18-19. Required accuracy delta=1.311830e-07, accuracy met: 3.596670e+01
2025-09-22 00:36:34 WARNING:TensorToolbox.core.TensorTrainVec: MaxRank truncation. Cores 19-20. Required accuracy delta=1.311830e-07, accuracy met: 2.516010e+01
2025-09-22 00:36:34 WARNING:TensorToolbox.core.TensorTrainVec: MaxRank truncation. Cores 20-21. Required accuracy delta=1.311830e-07, accuracy met: 1.424415e+01
tt_from_dense wtime: 59.6166235319979
random wtime: 1.4841903829947114
2025-09-22 00:37:22 WARNING:TensorToolbox.core.TensorTrainVec: MaxRank truncation. Cores 5-6. Required accuracy delta=1.311761e-07, accuracy met: 1.954682e+03
2025-09-22 00:37:30 WARNING:TensorToolbox.core.TensorTrainVec: MaxRank truncation. Cores 6-7. Required accuracy delta=1.311761e-07, accuracy met: 1.911880e+03
2025-09-22 00:37:34 WARNING:TensorToolbox.core.TensorTrainVec: MaxRank truncation. Cores 7-8. Required accuracy delta=1.311761e-07, accuracy met: 1.354741e+03
2025-09-22 00:37:36 WARNING:TensorToolbox.core.TensorTrainVec: MaxRank truncation. Cores 8-9. Required accuracy delta=1.311761e-07, accuracy met: 9.608316e+02
2025-09-22 00:37:37 WARNING:TensorToolbox.core.TensorTrainVec: MaxRank truncation. Cores 9-10. Required accuracy delta=1.311761e-07, accuracy met: 6.821165e+02
2025-09-22 00:37:37 WARNING:TensorToolbox.core.TensorTrainVec: MaxRank truncation. Cores 10-11. Required accuracy delta=1.311761e-07, accuracy met: 4.852305e+02
2025-09-22 00:37:37 WARNING:TensorToolbox.core.TensorTrainVec: MaxRank truncation. Cores 11-12. Required accuracy delta=1.311761e-07, accuracy met: 3.458363e+02
2025-09-22 00:37:37 WARNING:TensorToolbox.core.TensorTrainVec: MaxRank truncation. Cores 12-13. Required accuracy delta=1.311761e-07, accuracy met: 2.466518e+02
2025-09-22 00:37:37 WARNING:TensorToolbox.core.TensorTrainVec: MaxRank truncation. Cores 13-14. Required accuracy delta=1.311761e-07, accuracy met: 1.771741e+02
2025-09-22 00:37:37 WARNING:TensorToolbox.core.TensorTrainVec: MaxRank truncation. Cores 14-15. Required accuracy delta=1.311761e-07, accuracy met: 1.276121e+02
2025-09-22 00:37:37 WARNING:TensorToolbox.core.TensorTrainVec: MaxRank truncation. Cores 15-16. Required accuracy delta=1.311761e-07, accuracy met: 9.258907e+01
2025-09-22 00:37:37 WARNING:TensorToolbox.core.TensorTrainVec: MaxRank truncation. Cores 16-17. Required accuracy delta=1.311761e-07, accuracy met: 6.793126e+01
2025-09-22 00:37:37 WARNING:TensorToolbox.core.TensorTrainVec: MaxRank truncation. Cores 17-18. Required accuracy delta=1.311761e-07, accuracy met: 5.018648e+01
2025-09-22 00:37:37 WARNING:TensorToolbox.core.TensorTrainVec: MaxRank truncation. Cores 18-19. Required accuracy delta=1.311761e-07, accuracy met: 3.638927e+01
2025-09-22 00:37:37 WARNING:TensorToolbox.core.TensorTrainVec: MaxRank truncation. Cores 19-20. Required accuracy delta=1.311761e-07, accuracy met: 2.543865e+01
2025-09-22 00:37:37 WARNING:TensorToolbox.core.TensorTrainVec: MaxRank truncation. Cores 20-21. Required accuracy delta=1.311761e-07, accuracy met: 1.421795e+01
tt_from_dense wtime: 60.230460907987435
2025-09-22 00:38:22 WARNING:TensorToolbox.core.TensorTrainVec: MaxRank truncation. Cores 5-6. Required accuracy delta=1.311761e-07, accuracy met: 1.954682e+03
2025-09-22 00:38:30 WARNING:TensorToolbox.core.TensorTrainVec: MaxRank truncation. Cores 6-7. Required accuracy delta=1.311761e-07, accuracy met: 1.911880e+03
2025-09-22 00:38:34 WARNING:TensorToolbox.core.TensorTrainVec: MaxRank truncation. Cores 7-8. Required accuracy delta=1.311761e-07, accuracy met: 1.354741e+03
2025-09-22 00:38:36 WARNING:TensorToolbox.core.TensorTrainVec: MaxRank truncation. Cores 8-9. Required accuracy delta=1.311761e-07, accuracy met: 9.608316e+02
2025-09-22 00:38:37 WARNING:TensorToolbox.core.TensorTrainVec: MaxRank truncation. Cores 9-10. Required accuracy delta=1.311761e-07, accuracy met: 6.821165e+02
2025-09-22 00:38:37 WARNING:TensorToolbox.core.TensorTrainVec: MaxRank truncation. Cores 10-11. Required accuracy delta=1.311761e-07, accuracy met: 4.852305e+02
2025-09-22 00:38:37 WARNING:TensorToolbox.core.TensorTrainVec: MaxRank truncation. Cores 11-12. Required accuracy delta=1.311761e-07, accuracy met: 3.458363e+02
2025-09-22 00:38:37 WARNING:TensorToolbox.core.TensorTrainVec: MaxRank truncation. Cores 12-13. Required accuracy delta=1.311761e-07, accuracy met: 2.466518e+02
2025-09-22 00:38:37 WARNING:TensorToolbox.core.TensorTrainVec: MaxRank truncation. Cores 13-14. Required accuracy delta=1.311761e-07, accuracy met: 1.771741e+02
2025-09-22 00:38:37 WARNING:TensorToolbox.core.TensorTrainVec: MaxRank truncation. Cores 14-15. Required accuracy delta=1.311761e-07, accuracy met: 1.276121e+02
2025-09-22 00:38:37 WARNING:TensorToolbox.core.TensorTrainVec: MaxRank truncation. Cores 15-16. Required accuracy delta=1.311761e-07, accuracy met: 9.258907e+01
2025-09-22 00:38:37 WARNING:TensorToolbox.core.TensorTrainVec: MaxRank truncation. Cores 16-17. Required accuracy delta=1.311761e-07, accuracy met: 6.793126e+01
2025-09-22 00:38:37 WARNING:TensorToolbox.core.TensorTrainVec: MaxRank truncation. Cores 17-18. Required accuracy delta=1.311761e-07, accuracy met: 5.018648e+01
2025-09-22 00:38:37 WARNING:TensorToolbox.core.TensorTrainVec: MaxRank truncation. Cores 18-19. Required accuracy delta=1.311761e-07, accuracy met: 3.638927e+01
2025-09-22 00:38:37 WARNING:TensorToolbox.core.TensorTrainVec: MaxRank truncation. Cores 19-20. Required accuracy delta=1.311761e-07, accuracy met: 2.543865e+01
2025-09-22 00:38:37 WARNING:TensorToolbox.core.TensorTrainVec: MaxRank truncation. Cores 20-21. Required accuracy delta=1.311761e-07, accuracy met: 1.421795e+01
tt_from_dense wtime: 60.133708720008144
random wtime: 1.5079194640129572
2025-09-22 00:39:26 WARNING:TensorToolbox.core.TensorTrainVec: MaxRank truncation. Cores 5-6. Required accuracy delta=1.311744e-07, accuracy met: 1.909620e+03
2025-09-22 00:39:34 WARNING:TensorToolbox.core.TensorTrainVec: MaxRank truncation. Cores 6-7. Required accuracy delta=1.311744e-07, accuracy met: 1.934453e+03
2025-09-22 00:39:38 WARNING:TensorToolbox.core.TensorTrainVec: MaxRank truncation. Cores 7-8. Required accuracy delta=1.311744e-07, accuracy met: 1.370663e+03
2025-09-22 00:39:40 WARNING:TensorToolbox.core.TensorTrainVec: MaxRank truncation. Cores 8-9. Required accuracy delta=1.311744e-07, accuracy met: 9.719620e+02
2025-09-22 00:39:41 WARNING:TensorToolbox.core.TensorTrainVec: MaxRank truncation. Cores 9-10. Required accuracy delta=1.311744e-07, accuracy met: 6.905718e+02
2025-09-22 00:39:41 WARNING:TensorToolbox.core.TensorTrainVec: MaxRank truncation. Cores 10-11. Required accuracy delta=1.311744e-07, accuracy met: 4.908078e+02
2025-09-22 00:39:41 WARNING:TensorToolbox.core.TensorTrainVec: MaxRank truncation. Cores 11-12. Required accuracy delta=1.311744e-07, accuracy met: 3.496737e+02
2025-09-22 00:39:42 WARNING:TensorToolbox.core.TensorTrainVec: MaxRank truncation. Cores 12-13. Required accuracy delta=1.311744e-07, accuracy met: 2.501055e+02
2025-09-22 00:39:42 WARNING:TensorToolbox.core.TensorTrainVec: MaxRank truncation. Cores 13-14. Required accuracy delta=1.311744e-07, accuracy met: 1.793266e+02
2025-09-22 00:39:42 WARNING:TensorToolbox.core.TensorTrainVec: MaxRank truncation. Cores 14-15. Required accuracy delta=1.311744e-07, accuracy met: 1.293044e+02
2025-09-22 00:39:42 WARNING:TensorToolbox.core.TensorTrainVec: MaxRank truncation. Cores 15-16. Required accuracy delta=1.311744e-07, accuracy met: 9.402242e+01
2025-09-22 00:39:42 WARNING:TensorToolbox.core.TensorTrainVec: MaxRank truncation. Cores 16-17. Required accuracy delta=1.311744e-07, accuracy met: 6.873481e+01
2025-09-22 00:39:42 WARNING:TensorToolbox.core.TensorTrainVec: MaxRank truncation. Cores 17-18. Required accuracy delta=1.311744e-07, accuracy met: 5.054273e+01
2025-09-22 00:39:42 WARNING:TensorToolbox.core.TensorTrainVec: MaxRank truncation. Cores 18-19. Required accuracy delta=1.311744e-07, accuracy met: 3.691522e+01
2025-09-22 00:39:42 WARNING:TensorToolbox.core.TensorTrainVec: MaxRank truncation. Cores 19-20. Required accuracy delta=1.311744e-07, accuracy met: 2.579493e+01
2025-09-22 00:39:42 WARNING:TensorToolbox.core.TensorTrainVec: MaxRank truncation. Cores 20-21. Required accuracy delta=1.311744e-07, accuracy met: 1.426946e+01
tt_from_dense wtime: 60.82717414200306
2025-09-22 00:40:26 WARNING:TensorToolbox.core.TensorTrainVec: MaxRank truncation. Cores 5-6. Required accuracy delta=1.311744e-07, accuracy met: 1.909620e+03
2025-09-22 00:40:35 WARNING:TensorToolbox.core.TensorTrainVec: MaxRank truncation. Cores 6-7. Required accuracy delta=1.311744e-07, accuracy met: 1.934453e+03
2025-09-22 00:40:39 WARNING:TensorToolbox.core.TensorTrainVec: MaxRank truncation. Cores 7-8. Required accuracy delta=1.311744e-07, accuracy met: 1.370663e+03
2025-09-22 00:40:41 WARNING:TensorToolbox.core.TensorTrainVec: MaxRank truncation. Cores 8-9. Required accuracy delta=1.311744e-07, accuracy met: 9.719620e+02
2025-09-22 00:40:42 WARNING:TensorToolbox.core.TensorTrainVec: MaxRank truncation. Cores 9-10. Required accuracy delta=1.311744e-07, accuracy met: 6.905718e+02
2025-09-22 00:40:42 WARNING:TensorToolbox.core.TensorTrainVec: MaxRank truncation. Cores 10-11. Required accuracy delta=1.311744e-07, accuracy met: 4.908078e+02
2025-09-22 00:40:42 WARNING:TensorToolbox.core.TensorTrainVec: MaxRank truncation. Cores 11-12. Required accuracy delta=1.311744e-07, accuracy met: 3.496737e+02
2025-09-22 00:40:42 WARNING:TensorToolbox.core.TensorTrainVec: MaxRank truncation. Cores 12-13. Required accuracy delta=1.311744e-07, accuracy met: 2.501055e+02
2025-09-22 00:40:42 WARNING:TensorToolbox.core.TensorTrainVec: MaxRank truncation. Cores 13-14. Required accuracy delta=1.311744e-07, accuracy met: 1.793266e+02
2025-09-22 00:40:42 WARNING:TensorToolbox.core.TensorTrainVec: MaxRank truncation. Cores 14-15. Required accuracy delta=1.311744e-07, accuracy met: 1.293044e+02
2025-09-22 00:40:42 WARNING:TensorToolbox.core.TensorTrainVec: MaxRank truncation. Cores 15-16. Required accuracy delta=1.311744e-07, accuracy met: 9.402242e+01
2025-09-22 00:40:42 WARNING:TensorToolbox.core.TensorTrainVec: MaxRank truncation. Cores 16-17. Required accuracy delta=1.311744e-07, accuracy met: 6.873481e+01
2025-09-22 00:40:42 WARNING:TensorToolbox.core.TensorTrainVec: MaxRank truncation. Cores 17-18. Required accuracy delta=1.311744e-07, accuracy met: 5.054273e+01
2025-09-22 00:40:42 WARNING:TensorToolbox.core.TensorTrainVec: MaxRank truncation. Cores 18-19. Required accuracy delta=1.311744e-07, accuracy met: 3.691522e+01
2025-09-22 00:40:42 WARNING:TensorToolbox.core.TensorTrainVec: MaxRank truncation. Cores 19-20. Required accuracy delta=1.311744e-07, accuracy met: 2.579493e+01
2025-09-22 00:40:42 WARNING:TensorToolbox.core.TensorTrainVec: MaxRank truncation. Cores 20-21. Required accuracy delta=1.311744e-07, accuracy met: 1.426946e+01
tt_from_dense wtime: 60.62253243099258
random wtime: 1.393551765999291
2025-09-22 00:41:30 WARNING:TensorToolbox.core.TensorTrainVec: MaxRank truncation. Cores 5-6. Required accuracy delta=1.311760e-07, accuracy met: 1.863411e+03
2025-09-22 00:41:39 WARNING:TensorToolbox.core.TensorTrainVec: MaxRank truncation. Cores 6-7. Required accuracy delta=1.311760e-07, accuracy met: 1.956582e+03
2025-09-22 00:41:43 WARNING:TensorToolbox.core.TensorTrainVec: MaxRank truncation. Cores 7-8. Required accuracy delta=1.311760e-07, accuracy met: 1.386666e+03
2025-09-22 00:41:45 WARNING:TensorToolbox.core.TensorTrainVec: MaxRank truncation. Cores 8-9. Required accuracy delta=1.311760e-07, accuracy met: 9.832885e+02
2025-09-22 00:41:46 WARNING:TensorToolbox.core.TensorTrainVec: MaxRank truncation. Cores 9-10. Required accuracy delta=1.311760e-07, accuracy met: 6.980311e+02
2025-09-22 00:41:46 WARNING:TensorToolbox.core.TensorTrainVec: MaxRank truncation. Cores 10-11. Required accuracy delta=1.311760e-07, accuracy met: 4.965149e+02
2025-09-22 00:41:47 WARNING:TensorToolbox.core.TensorTrainVec: MaxRank truncation. Cores 11-12. Required accuracy delta=1.311760e-07, accuracy met: 3.539161e+02
2025-09-22 00:41:47 WARNING:TensorToolbox.core.TensorTrainVec: MaxRank truncation. Cores 12-13. Required accuracy delta=1.311760e-07, accuracy met: 2.532154e+02
2025-09-22 00:41:47 WARNING:TensorToolbox.core.TensorTrainVec: MaxRank truncation. Cores 13-14. Required accuracy delta=1.311760e-07, accuracy met: 1.816048e+02
2025-09-22 00:41:47 WARNING:TensorToolbox.core.TensorTrainVec: MaxRank truncation. Cores 14-15. Required accuracy delta=1.311760e-07, accuracy met: 1.309650e+02
2025-09-22 00:41:47 WARNING:TensorToolbox.core.TensorTrainVec: MaxRank truncation. Cores 15-16. Required accuracy delta=1.311760e-07, accuracy met: 9.517275e+01
2025-09-22 00:41:47 WARNING:TensorToolbox.core.TensorTrainVec: MaxRank truncation. Cores 16-17. Required accuracy delta=1.311760e-07, accuracy met: 6.959163e+01
2025-09-22 00:41:47 WARNING:TensorToolbox.core.TensorTrainVec: MaxRank truncation. Cores 17-18. Required accuracy delta=1.311760e-07, accuracy met: 5.109305e+01
2025-09-22 00:41:47 WARNING:TensorToolbox.core.TensorTrainVec: MaxRank truncation. Cores 18-19. Required accuracy delta=1.311760e-07, accuracy met: 3.727592e+01
2025-09-22 00:41:47 WARNING:TensorToolbox.core.TensorTrainVec: MaxRank truncation. Cores 19-20. Required accuracy delta=1.311760e-07, accuracy met: 2.613793e+01
2025-09-22 00:41:47 WARNING:TensorToolbox.core.TensorTrainVec: MaxRank truncation. Cores 20-21. Required accuracy delta=1.311760e-07, accuracy met: 1.395937e+01
tt_from_dense wtime: 61.91831600599107
2025-09-22 00:42:32 WARNING:TensorToolbox.core.TensorTrainVec: MaxRank truncation. Cores 5-6. Required accuracy delta=1.311760e-07, accuracy met: 1.863411e+03
2025-09-22 00:42:40 WARNING:TensorToolbox.core.TensorTrainVec: MaxRank truncation. Cores 6-7. Required accuracy delta=1.311760e-07, accuracy met: 1.956582e+03
2025-09-22 00:42:45 WARNING:TensorToolbox.core.TensorTrainVec: MaxRank truncation. Cores 7-8. Required accuracy delta=1.311760e-07, accuracy met: 1.386666e+03
2025-09-22 00:42:47 WARNING:TensorToolbox.core.TensorTrainVec: MaxRank truncation. Cores 8-9. Required accuracy delta=1.311760e-07, accuracy met: 9.832885e+02
2025-09-22 00:42:48 WARNING:TensorToolbox.core.TensorTrainVec: MaxRank truncation. Cores 9-10. Required accuracy delta=1.311760e-07, accuracy met: 6.980311e+02
2025-09-22 00:42:48 WARNING:TensorToolbox.core.TensorTrainVec: MaxRank truncation. Cores 10-11. Required accuracy delta=1.311760e-07, accuracy met: 4.965149e+02
2025-09-22 00:42:48 WARNING:TensorToolbox.core.TensorTrainVec: MaxRank truncation. Cores 11-12. Required accuracy delta=1.311760e-07, accuracy met: 3.539161e+02
2025-09-22 00:42:48 WARNING:TensorToolbox.core.TensorTrainVec: MaxRank truncation. Cores 12-13. Required accuracy delta=1.311760e-07, accuracy met: 2.532154e+02
2025-09-22 00:42:48 WARNING:TensorToolbox.core.TensorTrainVec: MaxRank truncation. Cores 13-14. Required accuracy delta=1.311760e-07, accuracy met: 1.816048e+02
2025-09-22 00:42:48 WARNING:TensorToolbox.core.TensorTrainVec: MaxRank truncation. Cores 14-15. Required accuracy delta=1.311760e-07, accuracy met: 1.309650e+02
2025-09-22 00:42:48 WARNING:TensorToolbox.core.TensorTrainVec: MaxRank truncation. Cores 15-16. Required accuracy delta=1.311760e-07, accuracy met: 9.517275e+01
2025-09-22 00:42:48 WARNING:TensorToolbox.core.TensorTrainVec: MaxRank truncation. Cores 16-17. Required accuracy delta=1.311760e-07, accuracy met: 6.959163e+01
2025-09-22 00:42:48 WARNING:TensorToolbox.core.TensorTrainVec: MaxRank truncation. Cores 17-18. Required accuracy delta=1.311760e-07, accuracy met: 5.109305e+01
2025-09-22 00:42:48 WARNING:TensorToolbox.core.TensorTrainVec: MaxRank truncation. Cores 18-19. Required accuracy delta=1.311760e-07, accuracy met: 3.727592e+01
2025-09-22 00:42:48 WARNING:TensorToolbox.core.TensorTrainVec: MaxRank truncation. Cores 19-20. Required accuracy delta=1.311760e-07, accuracy met: 2.613793e+01
2025-09-22 00:42:48 WARNING:TensorToolbox.core.TensorTrainVec: MaxRank truncation. Cores 20-21. Required accuracy delta=1.311760e-07, accuracy met: 1.395937e+01
tt_from_dense wtime: 61.4169505960017
random wtime: 1.3898378189915093
2025-09-22 00:43:36 WARNING:TensorToolbox.core.TensorTrainVec: MaxRank truncation. Cores 5-6. Required accuracy delta=1.311761e-07, accuracy met: 1.816215e+03
2025-09-22 00:43:45 WARNING:TensorToolbox.core.TensorTrainVec: MaxRank truncation. Cores 6-7. Required accuracy delta=1.311761e-07, accuracy met: 1.978079e+03
2025-09-22 00:43:50 WARNING:TensorToolbox.core.TensorTrainVec: MaxRank truncation. Cores 7-8. Required accuracy delta=1.311761e-07, accuracy met: 1.402089e+03
2025-09-22 00:43:52 WARNING:TensorToolbox.core.TensorTrainVec: MaxRank truncation. Cores 8-9. Required accuracy delta=1.311761e-07, accuracy met: 9.941461e+02
2025-09-22 00:43:52 WARNING:TensorToolbox.core.TensorTrainVec: MaxRank truncation. Cores 9-10. Required accuracy delta=1.311761e-07, accuracy met: 7.059176e+02
2025-09-22 00:43:53 WARNING:TensorToolbox.core.TensorTrainVec: MaxRank truncation. Cores 10-11. Required accuracy delta=1.311761e-07, accuracy met: 5.021478e+02
2025-09-22 00:43:53 WARNING:TensorToolbox.core.TensorTrainVec: MaxRank truncation. Cores 11-12. Required accuracy delta=1.311761e-07, accuracy met: 3.580016e+02
2025-09-22 00:43:53 WARNING:TensorToolbox.core.TensorTrainVec: MaxRank truncation. Cores 12-13. Required accuracy delta=1.311761e-07, accuracy met: 2.559624e+02
2025-09-22 00:43:53 WARNING:TensorToolbox.core.TensorTrainVec: MaxRank truncation. Cores 13-14. Required accuracy delta=1.311761e-07, accuracy met: 1.839055e+02
2025-09-22 00:43:53 WARNING:TensorToolbox.core.TensorTrainVec: MaxRank truncation. Cores 14-15. Required accuracy delta=1.311761e-07, accuracy met: 1.327064e+02
2025-09-22 00:43:53 WARNING:TensorToolbox.core.TensorTrainVec: MaxRank truncation. Cores 15-16. Required accuracy delta=1.311761e-07, accuracy met: 9.634706e+01
2025-09-22 00:43:53 WARNING:TensorToolbox.core.TensorTrainVec: MaxRank truncation. Cores 16-17. Required accuracy delta=1.311761e-07, accuracy met: 7.047352e+01
2025-09-22 00:43:53 WARNING:TensorToolbox.core.TensorTrainVec: MaxRank truncation. Cores 17-18. Required accuracy delta=1.311761e-07, accuracy met: 5.184211e+01
2025-09-22 00:43:53 WARNING:TensorToolbox.core.TensorTrainVec: MaxRank truncation. Cores 18-19. Required accuracy delta=1.311761e-07, accuracy met: 3.770423e+01
2025-09-22 00:43:53 WARNING:TensorToolbox.core.TensorTrainVec: MaxRank truncation. Cores 19-20. Required accuracy delta=1.311761e-07, accuracy met: 2.579934e+01
2025-09-22 00:43:53 WARNING:TensorToolbox.core.TensorTrainVec: MaxRank truncation. Cores 20-21. Required accuracy delta=1.311761e-07, accuracy met: 1.379409e+01
tt_from_dense wtime: 62.15158206700289
2025-09-22 00:44:38 WARNING:TensorToolbox.core.TensorTrainVec: MaxRank truncation. Cores 5-6. Required accuracy delta=1.311761e-07, accuracy met: 1.816215e+03
2025-09-22 00:44:47 WARNING:TensorToolbox.core.TensorTrainVec: MaxRank truncation. Cores 6-7. Required accuracy delta=1.311761e-07, accuracy met: 1.978079e+03
2025-09-22 00:44:52 WARNING:TensorToolbox.core.TensorTrainVec: MaxRank truncation. Cores 7-8. Required accuracy delta=1.311761e-07, accuracy met: 1.402089e+03
2025-09-22 00:44:54 WARNING:TensorToolbox.core.TensorTrainVec: MaxRank truncation. Cores 8-9. Required accuracy delta=1.311761e-07, accuracy met: 9.941461e+02
2025-09-22 00:44:54 WARNING:TensorToolbox.core.TensorTrainVec: MaxRank truncation. Cores 9-10. Required accuracy delta=1.311761e-07, accuracy met: 7.059176e+02
2025-09-22 00:44:55 WARNING:TensorToolbox.core.TensorTrainVec: MaxRank truncation. Cores 10-11. Required accuracy delta=1.311761e-07, accuracy met: 5.021478e+02
2025-09-22 00:44:55 WARNING:TensorToolbox.core.TensorTrainVec: MaxRank truncation. Cores 11-12. Required accuracy delta=1.311761e-07, accuracy met: 3.580016e+02
2025-09-22 00:44:55 WARNING:TensorToolbox.core.TensorTrainVec: MaxRank truncation. Cores 12-13. Required accuracy delta=1.311761e-07, accuracy met: 2.559624e+02
2025-09-22 00:44:55 WARNING:TensorToolbox.core.TensorTrainVec: MaxRank truncation. Cores 13-14. Required accuracy delta=1.311761e-07, accuracy met: 1.839055e+02
2025-09-22 00:44:55 WARNING:TensorToolbox.core.TensorTrainVec: MaxRank truncation. Cores 14-15. Required accuracy delta=1.311761e-07, accuracy met: 1.327064e+02
2025-09-22 00:44:55 WARNING:TensorToolbox.core.TensorTrainVec: MaxRank truncation. Cores 15-16. Required accuracy delta=1.311761e-07, accuracy met: 9.634706e+01
2025-09-22 00:44:55 WARNING:TensorToolbox.core.TensorTrainVec: MaxRank truncation. Cores 16-17. Required accuracy delta=1.311761e-07, accuracy met: 7.047352e+01
2025-09-22 00:44:55 WARNING:TensorToolbox.core.TensorTrainVec: MaxRank truncation. Cores 17-18. Required accuracy delta=1.311761e-07, accuracy met: 5.184211e+01
2025-09-22 00:44:55 WARNING:TensorToolbox.core.TensorTrainVec: MaxRank truncation. Cores 18-19. Required accuracy delta=1.311761e-07, accuracy met: 3.770423e+01
2025-09-22 00:44:55 WARNING:TensorToolbox.core.TensorTrainVec: MaxRank truncation. Cores 19-20. Required accuracy delta=1.311761e-07, accuracy met: 2.579934e+01
2025-09-22 00:44:55 WARNING:TensorToolbox.core.TensorTrainVec: MaxRank truncation. Cores 20-21. Required accuracy delta=1.311761e-07, accuracy met: 1.379409e+01
tt_from_dense wtime: 61.924177836001036
random wtime: 1.3864592379977694
2025-09-22 00:45:43 WARNING:TensorToolbox.core.TensorTrainVec: MaxRank truncation. Cores 5-6. Required accuracy delta=1.311706e-07, accuracy met: 1.767773e+03
2025-09-22 00:45:53 WARNING:TensorToolbox.core.TensorTrainVec: MaxRank truncation. Cores 6-7. Required accuracy delta=1.311706e-07, accuracy met: 1.999784e+03
2025-09-22 00:45:57 WARNING:TensorToolbox.core.TensorTrainVec: MaxRank truncation. Cores 7-8. Required accuracy delta=1.311706e-07, accuracy met: 1.417414e+03
2025-09-22 00:45:59 WARNING:TensorToolbox.core.TensorTrainVec: MaxRank truncation. Cores 8-9. Required accuracy delta=1.311706e-07, accuracy met: 1.005287e+03
2025-09-22 00:46:00 WARNING:TensorToolbox.core.TensorTrainVec: MaxRank truncation. Cores 9-10. Required accuracy delta=1.311706e-07, accuracy met: 7.137383e+02
2025-09-22 00:46:01 WARNING:TensorToolbox.core.TensorTrainVec: MaxRank truncation. Cores 10-11. Required accuracy delta=1.311706e-07, accuracy met: 5.077225e+02
2025-09-22 00:46:01 WARNING:TensorToolbox.core.TensorTrainVec: MaxRank truncation. Cores 11-12. Required accuracy delta=1.311706e-07, accuracy met: 3.619662e+02
2025-09-22 00:46:01 WARNING:TensorToolbox.core.TensorTrainVec: MaxRank truncation. Cores 12-13. Required accuracy delta=1.311706e-07, accuracy met: 2.588005e+02
2025-09-22 00:46:01 WARNING:TensorToolbox.core.TensorTrainVec: MaxRank truncation. Cores 13-14. Required accuracy delta=1.311706e-07, accuracy met: 1.857791e+02
2025-09-22 00:46:01 WARNING:TensorToolbox.core.TensorTrainVec: MaxRank truncation. Cores 14-15. Required accuracy delta=1.311706e-07, accuracy met: 1.340445e+02
2025-09-22 00:46:01 WARNING:TensorToolbox.core.TensorTrainVec: MaxRank truncation. Cores 15-16. Required accuracy delta=1.311706e-07, accuracy met: 9.718262e+01
2025-09-22 00:46:01 WARNING:TensorToolbox.core.TensorTrainVec: MaxRank truncation. Cores 16-17. Required accuracy delta=1.311706e-07, accuracy met: 7.132632e+01
2025-09-22 00:46:01 WARNING:TensorToolbox.core.TensorTrainVec: MaxRank truncation. Cores 17-18. Required accuracy delta=1.311706e-07, accuracy met: 5.217296e+01
2025-09-22 00:46:01 WARNING:TensorToolbox.core.TensorTrainVec: MaxRank truncation. Cores 18-19. Required accuracy delta=1.311706e-07, accuracy met: 3.808921e+01
2025-09-22 00:46:01 WARNING:TensorToolbox.core.TensorTrainVec: MaxRank truncation. Cores 19-20. Required accuracy delta=1.311706e-07, accuracy met: 2.685772e+01
2025-09-22 00:46:01 WARNING:TensorToolbox.core.TensorTrainVec: MaxRank truncation. Cores 20-21. Required accuracy delta=1.311706e-07, accuracy met: 1.395592e+01
tt_from_dense wtime: 63.10954170800687
2025-09-22 00:46:46 WARNING:TensorToolbox.core.TensorTrainVec: MaxRank truncation. Cores 5-6. Required accuracy delta=1.311706e-07, accuracy met: 1.767773e+03
2025-09-22 00:46:55 WARNING:TensorToolbox.core.TensorTrainVec: MaxRank truncation. Cores 6-7. Required accuracy delta=1.311706e-07, accuracy met: 1.999784e+03
2025-09-22 00:47:00 WARNING:TensorToolbox.core.TensorTrainVec: MaxRank truncation. Cores 7-8. Required accuracy delta=1.311706e-07, accuracy met: 1.417414e+03
2025-09-22 00:47:02 WARNING:TensorToolbox.core.TensorTrainVec: MaxRank truncation. Cores 8-9. Required accuracy delta=1.311706e-07, accuracy met: 1.005287e+03
2025-09-22 00:47:03 WARNING:TensorToolbox.core.TensorTrainVec: MaxRank truncation. Cores 9-10. Required accuracy delta=1.311706e-07, accuracy met: 7.137383e+02
2025-09-22 00:47:04 WARNING:TensorToolbox.core.TensorTrainVec: MaxRank truncation. Cores 10-11. Required accuracy delta=1.311706e-07, accuracy met: 5.077225e+02
2025-09-22 00:47:04 WARNING:TensorToolbox.core.TensorTrainVec: MaxRank truncation. Cores 11-12. Required accuracy delta=1.311706e-07, accuracy met: 3.619662e+02
2025-09-22 00:47:04 WARNING:TensorToolbox.core.TensorTrainVec: MaxRank truncation. Cores 12-13. Required accuracy delta=1.311706e-07, accuracy met: 2.588005e+02
2025-09-22 00:47:04 WARNING:TensorToolbox.core.TensorTrainVec: MaxRank truncation. Cores 13-14. Required accuracy delta=1.311706e-07, accuracy met: 1.857791e+02
2025-09-22 00:47:04 WARNING:TensorToolbox.core.TensorTrainVec: MaxRank truncation. Cores 14-15. Required accuracy delta=1.311706e-07, accuracy met: 1.340445e+02
2025-09-22 00:47:04 WARNING:TensorToolbox.core.TensorTrainVec: MaxRank truncation. Cores 15-16. Required accuracy delta=1.311706e-07, accuracy met: 9.718262e+01
2025-09-22 00:47:04 WARNING:TensorToolbox.core.TensorTrainVec: MaxRank truncation. Cores 16-17. Required accuracy delta=1.311706e-07, accuracy met: 7.132632e+01
2025-09-22 00:47:04 WARNING:TensorToolbox.core.TensorTrainVec: MaxRank truncation. Cores 17-18. Required accuracy delta=1.311706e-07, accuracy met: 5.217296e+01
2025-09-22 00:47:04 WARNING:TensorToolbox.core.TensorTrainVec: MaxRank truncation. Cores 18-19. Required accuracy delta=1.311706e-07, accuracy met: 3.808921e+01
2025-09-22 00:47:04 WARNING:TensorToolbox.core.TensorTrainVec: MaxRank truncation. Cores 19-20. Required accuracy delta=1.311706e-07, accuracy met: 2.685772e+01
2025-09-22 00:47:04 WARNING:TensorToolbox.core.TensorTrainVec: MaxRank truncation. Cores 20-21. Required accuracy delta=1.311706e-07, accuracy met: 1.395592e+01
tt_from_dense wtime: 62.89134482901136
random wtime: 1.3903377939859638
2025-09-22 00:47:52 WARNING:TensorToolbox.core.TensorTrainVec: MaxRank truncation. Cores 5-6. Required accuracy delta=1.311786e-07, accuracy met: 1.717854e+03
2025-09-22 00:48:02 WARNING:TensorToolbox.core.TensorTrainVec: MaxRank truncation. Cores 6-7. Required accuracy delta=1.311786e-07, accuracy met: 2.021208e+03
2025-09-22 00:48:06 WARNING:TensorToolbox.core.TensorTrainVec: MaxRank truncation. Cores 7-8. Required accuracy delta=1.311786e-07, accuracy met: 1.432755e+03
2025-09-22 00:48:09 WARNING:TensorToolbox.core.TensorTrainVec: MaxRank truncation. Cores 8-9. Required accuracy delta=1.311786e-07, accuracy met: 1.016172e+03
2025-09-22 00:48:10 WARNING:TensorToolbox.core.TensorTrainVec: MaxRank truncation. Cores 9-10. Required accuracy delta=1.311786e-07, accuracy met: 7.215827e+02
2025-09-22 00:48:10 WARNING:TensorToolbox.core.TensorTrainVec: MaxRank truncation. Cores 10-11. Required accuracy delta=1.311786e-07, accuracy met: 5.132974e+02
2025-09-22 00:48:10 WARNING:TensorToolbox.core.TensorTrainVec: MaxRank truncation. Cores 11-12. Required accuracy delta=1.311786e-07, accuracy met: 3.659463e+02
2025-09-22 00:48:10 WARNING:TensorToolbox.core.TensorTrainVec: MaxRank truncation. Cores 12-13. Required accuracy delta=1.311786e-07, accuracy met: 2.617278e+02
2025-09-22 00:48:10 WARNING:TensorToolbox.core.TensorTrainVec: MaxRank truncation. Cores 13-14. Required accuracy delta=1.311786e-07, accuracy met: 1.878959e+02
2025-09-22 00:48:10 WARNING:TensorToolbox.core.TensorTrainVec: MaxRank truncation. Cores 14-15. Required accuracy delta=1.311786e-07, accuracy met: 1.355567e+02
2025-09-22 00:48:10 WARNING:TensorToolbox.core.TensorTrainVec: MaxRank truncation. Cores 15-16. Required accuracy delta=1.311786e-07, accuracy met: 9.855601e+01
2025-09-22 00:48:10 WARNING:TensorToolbox.core.TensorTrainVec: MaxRank truncation. Cores 16-17. Required accuracy delta=1.311786e-07, accuracy met: 7.178798e+01
2025-09-22 00:48:10 WARNING:TensorToolbox.core.TensorTrainVec: MaxRank truncation. Cores 17-18. Required accuracy delta=1.311786e-07, accuracy met: 5.292295e+01
2025-09-22 00:48:10 WARNING:TensorToolbox.core.TensorTrainVec: MaxRank truncation. Cores 18-19. Required accuracy delta=1.311786e-07, accuracy met: 3.860287e+01
2025-09-22 00:48:10 WARNING:TensorToolbox.core.TensorTrainVec: MaxRank truncation. Cores 19-20. Required accuracy delta=1.311786e-07, accuracy met: 2.665120e+01
2025-09-22 00:48:10 WARNING:TensorToolbox.core.TensorTrainVec: MaxRank truncation. Cores 20-21. Required accuracy delta=1.311786e-07, accuracy met: 1.378868e+01
tt_from_dense wtime: 63.75356188400474
2025-09-22 00:48:55 WARNING:TensorToolbox.core.TensorTrainVec: MaxRank truncation. Cores 5-6. Required accuracy delta=1.311786e-07, accuracy met: 1.717854e+03
2025-09-22 00:49:05 WARNING:TensorToolbox.core.TensorTrainVec: MaxRank truncation. Cores 6-7. Required accuracy delta=1.311786e-07, accuracy met: 2.021208e+03
2025-09-22 00:49:10 WARNING:TensorToolbox.core.TensorTrainVec: MaxRank truncation. Cores 7-8. Required accuracy delta=1.311786e-07, accuracy met: 1.432755e+03
2025-09-22 00:49:12 WARNING:TensorToolbox.core.TensorTrainVec: MaxRank truncation. Cores 8-9. Required accuracy delta=1.311786e-07, accuracy met: 1.016172e+03
2025-09-22 00:49:13 WARNING:TensorToolbox.core.TensorTrainVec: MaxRank truncation. Cores 9-10. Required accuracy delta=1.311786e-07, accuracy met: 7.215827e+02
2025-09-22 00:49:13 WARNING:TensorToolbox.core.TensorTrainVec: MaxRank truncation. Cores 10-11. Required accuracy delta=1.311786e-07, accuracy met: 5.132974e+02
2025-09-22 00:49:14 WARNING:TensorToolbox.core.TensorTrainVec: MaxRank truncation. Cores 11-12. Required accuracy delta=1.311786e-07, accuracy met: 3.659463e+02
2025-09-22 00:49:14 WARNING:TensorToolbox.core.TensorTrainVec: MaxRank truncation. Cores 12-13. Required accuracy delta=1.311786e-07, accuracy met: 2.617278e+02
2025-09-22 00:49:14 WARNING:TensorToolbox.core.TensorTrainVec: MaxRank truncation. Cores 13-14. Required accuracy delta=1.311786e-07, accuracy met: 1.878959e+02
2025-09-22 00:49:14 WARNING:TensorToolbox.core.TensorTrainVec: MaxRank truncation. Cores 14-15. Required accuracy delta=1.311786e-07, accuracy met: 1.355567e+02
2025-09-22 00:49:14 WARNING:TensorToolbox.core.TensorTrainVec: MaxRank truncation. Cores 15-16. Required accuracy delta=1.311786e-07, accuracy met: 9.855601e+01
2025-09-22 00:49:14 WARNING:TensorToolbox.core.TensorTrainVec: MaxRank truncation. Cores 16-17. Required accuracy delta=1.311786e-07, accuracy met: 7.178798e+01
2025-09-22 00:49:14 WARNING:TensorToolbox.core.TensorTrainVec: MaxRank truncation. Cores 17-18. Required accuracy delta=1.311786e-07, accuracy met: 5.292295e+01
2025-09-22 00:49:14 WARNING:TensorToolbox.core.TensorTrainVec: MaxRank truncation. Cores 18-19. Required accuracy delta=1.311786e-07, accuracy met: 3.860287e+01
2025-09-22 00:49:14 WARNING:TensorToolbox.core.TensorTrainVec: MaxRank truncation. Cores 19-20. Required accuracy delta=1.311786e-07, accuracy met: 2.665120e+01
2025-09-22 00:49:14 WARNING:TensorToolbox.core.TensorTrainVec: MaxRank truncation. Cores 20-21. Required accuracy delta=1.311786e-07, accuracy met: 1.378868e+01
tt_from_dense wtime: 63.26896718800708
random wtime: 1.5154362089961069
2025-09-22 00:50:02 WARNING:TensorToolbox.core.TensorTrainVec: MaxRank truncation. Cores 5-6. Required accuracy delta=1.311837e-07, accuracy met: 1.666459e+03
2025-09-22 00:50:13 WARNING:TensorToolbox.core.TensorTrainVec: MaxRank truncation. Cores 6-7. Required accuracy delta=1.311837e-07, accuracy met: 2.042624e+03
2025-09-22 00:50:18 WARNING:TensorToolbox.core.TensorTrainVec: MaxRank truncation. Cores 7-8. Required accuracy delta=1.311837e-07, accuracy met: 1.447832e+03
2025-09-22 00:50:21 WARNING:TensorToolbox.core.TensorTrainVec: MaxRank truncation. Cores 8-9. Required accuracy delta=1.311837e-07, accuracy met: 1.026785e+03
2025-09-22 00:50:21 WARNING:TensorToolbox.core.TensorTrainVec: MaxRank truncation. Cores 9-10. Required accuracy delta=1.311837e-07, accuracy met: 7.290891e+02
2025-09-22 00:50:22 WARNING:TensorToolbox.core.TensorTrainVec: MaxRank truncation. Cores 10-11. Required accuracy delta=1.311837e-07, accuracy met: 5.186176e+02
2025-09-22 00:50:22 WARNING:TensorToolbox.core.TensorTrainVec: MaxRank truncation. Cores 11-12. Required accuracy delta=1.311837e-07, accuracy met: 3.700320e+02
2025-09-22 00:50:22 WARNING:TensorToolbox.core.TensorTrainVec: MaxRank truncation. Cores 12-13. Required accuracy delta=1.311837e-07, accuracy met: 2.646959e+02
2025-09-22 00:50:22 WARNING:TensorToolbox.core.TensorTrainVec: MaxRank truncation. Cores 13-14. Required accuracy delta=1.311837e-07, accuracy met: 1.897405e+02
2025-09-22 00:50:22 WARNING:TensorToolbox.core.TensorTrainVec: MaxRank truncation. Cores 14-15. Required accuracy delta=1.311837e-07, accuracy met: 1.374482e+02
2025-09-22 00:50:22 WARNING:TensorToolbox.core.TensorTrainVec: MaxRank truncation. Cores 15-16. Required accuracy delta=1.311837e-07, accuracy met: 9.960328e+01
2025-09-22 00:50:22 WARNING:TensorToolbox.core.TensorTrainVec: MaxRank truncation. Cores 16-17. Required accuracy delta=1.311837e-07, accuracy met: 7.279663e+01
2025-09-22 00:50:22 WARNING:TensorToolbox.core.TensorTrainVec: MaxRank truncation. Cores 17-18. Required accuracy delta=1.311837e-07, accuracy met: 5.372601e+01
2025-09-22 00:50:22 WARNING:TensorToolbox.core.TensorTrainVec: MaxRank truncation. Cores 18-19. Required accuracy delta=1.311837e-07, accuracy met: 3.908975e+01
2025-09-22 00:50:22 WARNING:TensorToolbox.core.TensorTrainVec: MaxRank truncation. Cores 19-20. Required accuracy delta=1.311837e-07, accuracy met: 2.685771e+01
2025-09-22 00:50:22 WARNING:TensorToolbox.core.TensorTrainVec: MaxRank truncation. Cores 20-21. Required accuracy delta=1.311837e-07, accuracy met: 1.307618e+01
tt_from_dense wtime: 65.47247189200425
2025-09-22 00:51:07 WARNING:TensorToolbox.core.TensorTrainVec: MaxRank truncation. Cores 5-6. Required accuracy delta=1.311837e-07, accuracy met: 1.666459e+03
2025-09-22 00:51:18 WARNING:TensorToolbox.core.TensorTrainVec: MaxRank truncation. Cores 6-7. Required accuracy delta=1.311837e-07, accuracy met: 2.042624e+03
2025-09-22 00:51:23 WARNING:TensorToolbox.core.TensorTrainVec: MaxRank truncation. Cores 7-8. Required accuracy delta=1.311837e-07, accuracy met: 1.447832e+03
2025-09-22 00:51:26 WARNING:TensorToolbox.core.TensorTrainVec: MaxRank truncation. Cores 8-9. Required accuracy delta=1.311837e-07, accuracy met: 1.026785e+03
2025-09-22 00:51:27 WARNING:TensorToolbox.core.TensorTrainVec: MaxRank truncation. Cores 9-10. Required accuracy delta=1.311837e-07, accuracy met: 7.290891e+02
2025-09-22 00:51:27 WARNING:TensorToolbox.core.TensorTrainVec: MaxRank truncation. Cores 10-11. Required accuracy delta=1.311837e-07, accuracy met: 5.186176e+02
2025-09-22 00:51:28 WARNING:TensorToolbox.core.TensorTrainVec: MaxRank truncation. Cores 11-12. Required accuracy delta=1.311837e-07, accuracy met: 3.700320e+02
2025-09-22 00:51:28 WARNING:TensorToolbox.core.TensorTrainVec: MaxRank truncation. Cores 12-13. Required accuracy delta=1.311837e-07, accuracy met: 2.646959e+02
2025-09-22 00:51:28 WARNING:TensorToolbox.core.TensorTrainVec: MaxRank truncation. Cores 13-14. Required accuracy delta=1.311837e-07, accuracy met: 1.897405e+02
2025-09-22 00:51:28 WARNING:TensorToolbox.core.TensorTrainVec: MaxRank truncation. Cores 14-15. Required accuracy delta=1.311837e-07, accuracy met: 1.374482e+02
2025-09-22 00:51:28 WARNING:TensorToolbox.core.TensorTrainVec: MaxRank truncation. Cores 15-16. Required accuracy delta=1.311837e-07, accuracy met: 9.960328e+01
2025-09-22 00:51:28 WARNING:TensorToolbox.core.TensorTrainVec: MaxRank truncation. Cores 16-17. Required accuracy delta=1.311837e-07, accuracy met: 7.279663e+01
2025-09-22 00:51:28 WARNING:TensorToolbox.core.TensorTrainVec: MaxRank truncation. Cores 17-18. Required accuracy delta=1.311837e-07, accuracy met: 5.372601e+01
2025-09-22 00:51:28 WARNING:TensorToolbox.core.TensorTrainVec: MaxRank truncation. Cores 18-19. Required accuracy delta=1.311837e-07, accuracy met: 3.908975e+01
2025-09-22 00:51:28 WARNING:TensorToolbox.core.TensorTrainVec: MaxRank truncation. Cores 19-20. Required accuracy delta=1.311837e-07, accuracy met: 2.685771e+01
2025-09-22 00:51:28 WARNING:TensorToolbox.core.TensorTrainVec: MaxRank truncation. Cores 20-21. Required accuracy delta=1.311837e-07, accuracy met: 1.307618e+01
tt_from_dense wtime: 65.40082900699053
random wtime: 1.5107509869994828
2025-09-22 00:52:16 WARNING:TensorToolbox.core.TensorTrainVec: MaxRank truncation. Cores 5-6. Required accuracy delta=1.311845e-07, accuracy met: 1.613111e+03
2025-09-22 00:52:25 WARNING:TensorToolbox.core.TensorTrainVec: MaxRank truncation. Cores 6-7. Required accuracy delta=1.311845e-07, accuracy met: 2.063433e+03
2025-09-22 00:52:30 WARNING:TensorToolbox.core.TensorTrainVec: MaxRank truncation. Cores 7-8. Required accuracy delta=1.311845e-07, accuracy met: 1.462533e+03
2025-09-22 00:52:32 WARNING:TensorToolbox.core.TensorTrainVec: MaxRank truncation. Cores 8-9. Required accuracy delta=1.311845e-07, accuracy met: 1.037404e+03
2025-09-22 00:52:33 WARNING:TensorToolbox.core.TensorTrainVec: MaxRank truncation. Cores 9-10. Required accuracy delta=1.311845e-07, accuracy met: 7.368657e+02
2025-09-22 00:52:34 WARNING:TensorToolbox.core.TensorTrainVec: MaxRank truncation. Cores 10-11. Required accuracy delta=1.311845e-07, accuracy met: 5.238808e+02
2025-09-22 00:52:34 WARNING:TensorToolbox.core.TensorTrainVec: MaxRank truncation. Cores 11-12. Required accuracy delta=1.311845e-07, accuracy met: 3.734717e+02
2025-09-22 00:52:34 WARNING:TensorToolbox.core.TensorTrainVec: MaxRank truncation. Cores 12-13. Required accuracy delta=1.311845e-07, accuracy met: 2.673440e+02
2025-09-22 00:52:34 WARNING:TensorToolbox.core.TensorTrainVec: MaxRank truncation. Cores 13-14. Required accuracy delta=1.311845e-07, accuracy met: 1.920582e+02
2025-09-22 00:52:34 WARNING:TensorToolbox.core.TensorTrainVec: MaxRank truncation. Cores 14-15. Required accuracy delta=1.311845e-07, accuracy met: 1.386654e+02
2025-09-22 00:52:34 WARNING:TensorToolbox.core.TensorTrainVec: MaxRank truncation. Cores 15-16. Required accuracy delta=1.311845e-07, accuracy met: 1.007487e+02
2025-09-22 00:52:34 WARNING:TensorToolbox.core.TensorTrainVec: MaxRank truncation. Cores 16-17. Required accuracy delta=1.311845e-07, accuracy met: 7.396779e+01
2025-09-22 00:52:34 WARNING:TensorToolbox.core.TensorTrainVec: MaxRank truncation. Cores 17-18. Required accuracy delta=1.311845e-07, accuracy met: 5.408377e+01
2025-09-22 00:52:34 WARNING:TensorToolbox.core.TensorTrainVec: MaxRank truncation. Cores 18-19. Required accuracy delta=1.311845e-07, accuracy met: 3.967383e+01
2025-09-22 00:52:34 WARNING:TensorToolbox.core.TensorTrainVec: MaxRank truncation. Cores 19-20. Required accuracy delta=1.311845e-07, accuracy met: 2.722180e+01
2025-09-22 00:52:34 WARNING:TensorToolbox.core.TensorTrainVec: MaxRank truncation. Cores 20-21. Required accuracy delta=1.311845e-07, accuracy met: 1.335952e+01
tt_from_dense wtime: 63.172568456997396
2025-09-22 00:53:19 WARNING:TensorToolbox.core.TensorTrainVec: MaxRank truncation. Cores 5-6. Required accuracy delta=1.311845e-07, accuracy met: 1.613111e+03
2025-09-22 00:53:28 WARNING:TensorToolbox.core.TensorTrainVec: MaxRank truncation. Cores 6-7. Required accuracy delta=1.311845e-07, accuracy met: 2.063433e+03
2025-09-22 00:53:33 WARNING:TensorToolbox.core.TensorTrainVec: MaxRank truncation. Cores 7-8. Required accuracy delta=1.311845e-07, accuracy met: 1.462533e+03
2025-09-22 00:53:35 WARNING:TensorToolbox.core.TensorTrainVec: MaxRank truncation. Cores 8-9. Required accuracy delta=1.311845e-07, accuracy met: 1.037404e+03
2025-09-22 00:53:36 WARNING:TensorToolbox.core.TensorTrainVec: MaxRank truncation. Cores 9-10. Required accuracy delta=1.311845e-07, accuracy met: 7.368657e+02
2025-09-22 00:53:37 WARNING:TensorToolbox.core.TensorTrainVec: MaxRank truncation. Cores 10-11. Required accuracy delta=1.311845e-07, accuracy met: 5.238808e+02
2025-09-22 00:53:37 WARNING:TensorToolbox.core.TensorTrainVec: MaxRank truncation. Cores 11-12. Required accuracy delta=1.311845e-07, accuracy met: 3.734717e+02
2025-09-22 00:53:37 WARNING:TensorToolbox.core.TensorTrainVec: MaxRank truncation. Cores 12-13. Required accuracy delta=1.311845e-07, accuracy met: 2.673440e+02
2025-09-22 00:53:37 WARNING:TensorToolbox.core.TensorTrainVec: MaxRank truncation. Cores 13-14. Required accuracy delta=1.311845e-07, accuracy met: 1.920582e+02
2025-09-22 00:53:37 WARNING:TensorToolbox.core.TensorTrainVec: MaxRank truncation. Cores 14-15. Required accuracy delta=1.311845e-07, accuracy met: 1.386654e+02
2025-09-22 00:53:37 WARNING:TensorToolbox.core.TensorTrainVec: MaxRank truncation. Cores 15-16. Required accuracy delta=1.311845e-07, accuracy met: 1.007487e+02
2025-09-22 00:53:37 WARNING:TensorToolbox.core.TensorTrainVec: MaxRank truncation. Cores 16-17. Required accuracy delta=1.311845e-07, accuracy met: 7.396779e+01
2025-09-22 00:53:37 WARNING:TensorToolbox.core.TensorTrainVec: MaxRank truncation. Cores 17-18. Required accuracy delta=1.311845e-07, accuracy met: 5.408377e+01
2025-09-22 00:53:37 WARNING:TensorToolbox.core.TensorTrainVec: MaxRank truncation. Cores 18-19. Required accuracy delta=1.311845e-07, accuracy met: 3.967383e+01
2025-09-22 00:53:37 WARNING:TensorToolbox.core.TensorTrainVec: MaxRank truncation. Cores 19-20. Required accuracy delta=1.311845e-07, accuracy met: 2.722180e+01
2025-09-22 00:53:37 WARNING:TensorToolbox.core.TensorTrainVec: MaxRank truncation. Cores 20-21. Required accuracy delta=1.311845e-07, accuracy met: 1.335952e+01
tt_from_dense wtime: 63.01220135700714
random wtime: 1.486350470004254
2025-09-22 00:54:25 WARNING:TensorToolbox.core.TensorTrainVec: MaxRank truncation. Cores 5-6. Required accuracy delta=1.311722e-07, accuracy met: 1.558414e+03
2025-09-22 00:54:36 WARNING:TensorToolbox.core.TensorTrainVec: MaxRank truncation. Cores 6-7. Required accuracy delta=1.311722e-07, accuracy met: 2.083966e+03
2025-09-22 00:54:40 WARNING:TensorToolbox.core.TensorTrainVec: MaxRank truncation. Cores 7-8. Required accuracy delta=1.311722e-07, accuracy met: 1.477120e+03
2025-09-22 00:54:43 WARNING:TensorToolbox.core.TensorTrainVec: MaxRank truncation. Cores 8-9. Required accuracy delta=1.311722e-07, accuracy met: 1.047979e+03
2025-09-22 00:54:44 WARNING:TensorToolbox.core.TensorTrainVec: MaxRank truncation. Cores 9-10. Required accuracy delta=1.311722e-07, accuracy met: 7.442078e+02
2025-09-22 00:54:44 WARNING:TensorToolbox.core.TensorTrainVec: MaxRank truncation. Cores 10-11. Required accuracy delta=1.311722e-07, accuracy met: 5.293165e+02
2025-09-22 00:54:44 WARNING:TensorToolbox.core.TensorTrainVec: MaxRank truncation. Cores 11-12. Required accuracy delta=1.311722e-07, accuracy met: 3.774695e+02
2025-09-22 00:54:44 WARNING:TensorToolbox.core.TensorTrainVec: MaxRank truncation. Cores 12-13. Required accuracy delta=1.311722e-07, accuracy met: 2.700159e+02
2025-09-22 00:54:45 WARNING:TensorToolbox.core.TensorTrainVec: MaxRank truncation. Cores 13-14. Required accuracy delta=1.311722e-07, accuracy met: 1.937528e+02
2025-09-22 00:54:45 WARNING:TensorToolbox.core.TensorTrainVec: MaxRank truncation. Cores 14-15. Required accuracy delta=1.311722e-07, accuracy met: 1.400151e+02
2025-09-22 00:54:45 WARNING:TensorToolbox.core.TensorTrainVec: MaxRank truncation. Cores 15-16. Required accuracy delta=1.311722e-07, accuracy met: 1.021027e+02
2025-09-22 00:54:45 WARNING:TensorToolbox.core.TensorTrainVec: MaxRank truncation. Cores 16-17. Required accuracy delta=1.311722e-07, accuracy met: 7.469273e+01
2025-09-22 00:54:45 WARNING:TensorToolbox.core.TensorTrainVec: MaxRank truncation. Cores 17-18. Required accuracy delta=1.311722e-07, accuracy met: 5.490271e+01
2025-09-22 00:54:45 WARNING:TensorToolbox.core.TensorTrainVec: MaxRank truncation. Cores 18-19. Required accuracy delta=1.311722e-07, accuracy met: 3.972864e+01
2025-09-22 00:54:45 WARNING:TensorToolbox.core.TensorTrainVec: MaxRank truncation. Cores 19-20. Required accuracy delta=1.311722e-07, accuracy met: 2.707813e+01
2025-09-22 00:54:45 WARNING:TensorToolbox.core.TensorTrainVec: MaxRank truncation. Cores 20-21. Required accuracy delta=1.311722e-07, accuracy met: 1.264278e+01
tt_from_dense wtime: 64.45141369900375
2025-09-22 00:55:29 WARNING:TensorToolbox.core.TensorTrainVec: MaxRank truncation. Cores 5-6. Required accuracy delta=1.311722e-07, accuracy met: 1.558414e+03
2025-09-22 00:55:39 WARNING:TensorToolbox.core.TensorTrainVec: MaxRank truncation. Cores 6-7. Required accuracy delta=1.311722e-07, accuracy met: 2.083966e+03
2025-09-22 00:55:44 WARNING:TensorToolbox.core.TensorTrainVec: MaxRank truncation. Cores 7-8. Required accuracy delta=1.311722e-07, accuracy met: 1.477120e+03
2025-09-22 00:55:46 WARNING:TensorToolbox.core.TensorTrainVec: MaxRank truncation. Cores 8-9. Required accuracy delta=1.311722e-07, accuracy met: 1.047979e+03
2025-09-22 00:55:47 WARNING:TensorToolbox.core.TensorTrainVec: MaxRank truncation. Cores 9-10. Required accuracy delta=1.311722e-07, accuracy met: 7.442078e+02
2025-09-22 00:55:48 WARNING:TensorToolbox.core.TensorTrainVec: MaxRank truncation. Cores 10-11. Required accuracy delta=1.311722e-07, accuracy met: 5.293165e+02
2025-09-22 00:55:48 WARNING:TensorToolbox.core.TensorTrainVec: MaxRank truncation. Cores 11-12. Required accuracy delta=1.311722e-07, accuracy met: 3.774695e+02
2025-09-22 00:55:48 WARNING:TensorToolbox.core.TensorTrainVec: MaxRank truncation. Cores 12-13. Required accuracy delta=1.311722e-07, accuracy met: 2.700159e+02
2025-09-22 00:55:48 WARNING:TensorToolbox.core.TensorTrainVec: MaxRank truncation. Cores 13-14. Required accuracy delta=1.311722e-07, accuracy met: 1.937528e+02
2025-09-22 00:55:48 WARNING:TensorToolbox.core.TensorTrainVec: MaxRank truncation. Cores 14-15. Required accuracy delta=1.311722e-07, accuracy met: 1.400151e+02
2025-09-22 00:55:48 WARNING:TensorToolbox.core.TensorTrainVec: MaxRank truncation. Cores 15-16. Required accuracy delta=1.311722e-07, accuracy met: 1.021027e+02
2025-09-22 00:55:48 WARNING:TensorToolbox.core.TensorTrainVec: MaxRank truncation. Cores 16-17. Required accuracy delta=1.311722e-07, accuracy met: 7.469273e+01
2025-09-22 00:55:48 WARNING:TensorToolbox.core.TensorTrainVec: MaxRank truncation. Cores 17-18. Required accuracy delta=1.311722e-07, accuracy met: 5.490271e+01
2025-09-22 00:55:48 WARNING:TensorToolbox.core.TensorTrainVec: MaxRank truncation. Cores 18-19. Required accuracy delta=1.311722e-07, accuracy met: 3.972864e+01
2025-09-22 00:55:48 WARNING:TensorToolbox.core.TensorTrainVec: MaxRank truncation. Cores 19-20. Required accuracy delta=1.311722e-07, accuracy met: 2.707813e+01
2025-09-22 00:55:48 WARNING:TensorToolbox.core.TensorTrainVec: MaxRank truncation. Cores 20-21. Required accuracy delta=1.311722e-07, accuracy met: 1.264278e+01
tt_from_dense wtime: 63.73853449399758
