random wtime: 6.418126312986715
2025-09-21 23:37:50 WARNING:TensorToolbox.core.TensorTrainVec: MaxRank truncation. Cores 0-1. Required accuracy delta=3.513104e-07, accuracy met: 6.688826e+03
2025-09-21 23:38:06 WARNING:TensorToolbox.core.TensorTrainVec: MaxRank truncation. Cores 1-2. Required accuracy delta=3.513104e-07, accuracy met: 4.729332e+03
2025-09-21 23:38:15 WARNING:TensorToolbox.core.TensorTrainVec: MaxRank truncation. Cores 2-3. Required accuracy delta=3.513104e-07, accuracy met: 3.344205e+03
2025-09-21 23:38:19 WARNING:TensorToolbox.core.TensorTrainVec: MaxRank truncation. Cores 3-4. Required accuracy delta=3.513104e-07, accuracy met: 2.364825e+03
2025-09-21 23:38:21 WARNING:TensorToolbox.core.TensorTrainVec: MaxRank truncation. Cores 4-5. Required accuracy delta=3.513104e-07, accuracy met: 1.671837e+03
2025-09-21 23:38:22 WARNING:TensorToolbox.core.TensorTrainVec: MaxRank truncation. Cores 5-6. Required accuracy delta=3.513104e-07, accuracy met: 1.182520e+03
2025-09-21 23:38:23 WARNING:TensorToolbox.core.TensorTrainVec: MaxRank truncation. Cores 6-7. Required accuracy delta=3.513104e-07, accuracy met: 8.361140e+02
2025-09-21 23:38:23 WARNING:TensorToolbox.core.TensorTrainVec: MaxRank truncation. Cores 7-8. Required accuracy delta=3.513104e-07, accuracy met: 5.915400e+02
2025-09-21 23:38:23 WARNING:TensorToolbox.core.TensorTrainVec: MaxRank truncation. Cores 8-9. Required accuracy delta=3.513104e-07, accuracy met: 4.181348e+02
2025-09-21 23:38:24 WARNING:TensorToolbox.core.TensorTrainVec: MaxRank truncation. Cores 9-10. Required accuracy delta=3.513104e-07, accuracy met: 2.955518e+02
2025-09-21 23:38:24 WARNING:TensorToolbox.core.TensorTrainVec: MaxRank truncation. Cores 10-11. Required accuracy delta=3.513104e-07, accuracy met: 2.091247e+02
2025-09-21 23:38:24 WARNING:TensorToolbox.core.TensorTrainVec: MaxRank truncation. Cores 11-12. Required accuracy delta=3.513104e-07, accuracy met: 1.474058e+02
2025-09-21 23:38:24 WARNING:TensorToolbox.core.TensorTrainVec: MaxRank truncation. Cores 12-13. Required accuracy delta=3.513104e-07, accuracy met: 1.045145e+02
2025-09-21 23:38:24 WARNING:TensorToolbox.core.TensorTrainVec: MaxRank truncation. Cores 13-14. Required accuracy delta=3.513104e-07, accuracy met: 7.400783e+01
2025-09-21 23:38:24 WARNING:TensorToolbox.core.TensorTrainVec: MaxRank truncation. Cores 14-15. Required accuracy delta=3.513104e-07, accuracy met: 5.236325e+01
2025-09-21 23:38:24 WARNING:TensorToolbox.core.TensorTrainVec: MaxRank truncation. Cores 15-16. Required accuracy delta=3.513104e-07, accuracy met: 3.702153e+01
2025-09-21 23:38:24 WARNING:TensorToolbox.core.TensorTrainVec: MaxRank truncation. Cores 16-17. Required accuracy delta=3.513104e-07, accuracy met: 2.624099e+01
2025-09-21 23:38:24 WARNING:TensorToolbox.core.TensorTrainVec: MaxRank truncation. Cores 17-18. Required accuracy delta=3.513104e-07, accuracy met: 1.861880e+01
2025-09-21 23:38:24 WARNING:TensorToolbox.core.TensorTrainVec: MaxRank truncation. Cores 18-19. Required accuracy delta=3.513104e-07, accuracy met: 1.299564e+01
2025-09-21 23:38:24 WARNING:TensorToolbox.core.TensorTrainVec: MaxRank truncation. Cores 19-20. Required accuracy delta=3.513104e-07, accuracy met: 9.391378e+00
2025-09-21 23:38:24 WARNING:TensorToolbox.core.TensorTrainVec: MaxRank truncation. Cores 20-21. Required accuracy delta=3.513104e-07, accuracy met: 6.305516e+00
2025-09-21 23:38:24 WARNING:TensorToolbox.core.TensorTrainVec: MaxRank truncation. Cores 21-22. Required accuracy delta=3.513104e-07, accuracy met: 4.292102e+00
2025-09-21 23:38:24 WARNING:TensorToolbox.core.TensorTrainVec: MaxRank truncation. Cores 22-23. Required accuracy delta=3.513104e-07, accuracy met: 3.243273e+00
2025-09-21 23:38:24 WARNING:TensorToolbox.core.TensorTrainVec: MaxRank truncation. Cores 23-24. Required accuracy delta=3.513104e-07, accuracy met: 2.165278e+00
2025-09-21 23:38:24 WARNING:TensorToolbox.core.TensorTrainVec: MaxRank truncation. Cores 24-25. Required accuracy delta=3.513104e-07, accuracy met: 1.519151e+00
2025-09-21 23:38:24 WARNING:TensorToolbox.core.TensorTrainVec: MaxRank truncation. Cores 25-26. Required accuracy delta=3.513104e-07, accuracy met: 7.356637e-01
2025-09-21 23:38:24 WARNING:TensorToolbox.core.TensorTrainVec: MaxRank truncation. Cores 26-27. Required accuracy delta=3.513104e-07, accuracy met: 7.949275e-01
2025-09-21 23:38:24 WARNING:TensorToolbox.core.TensorTrainVec: MaxRank truncation. Cores 27-28. Required accuracy delta=3.513104e-07, accuracy met: 5.147776e-01
2025-09-21 23:38:24 WARNING:TensorToolbox.core.TensorTrainVec: MaxRank truncation. Cores 28-29. Required accuracy delta=3.513104e-07, accuracy met: 1.475977e-02
tt_from_dense wtime: 62.19617789599579
2025-09-21 23:38:52 WARNING:TensorToolbox.core.TensorTrainVec: MaxRank truncation. Cores 0-1. Required accuracy delta=3.513104e-07, accuracy met: 6.688826e+03
2025-09-21 23:39:08 WARNING:TensorToolbox.core.TensorTrainVec: MaxRank truncation. Cores 1-2. Required accuracy delta=3.513104e-07, accuracy met: 4.729332e+03
2025-09-21 23:39:16 WARNING:TensorToolbox.core.TensorTrainVec: MaxRank truncation. Cores 2-3. Required accuracy delta=3.513104e-07, accuracy met: 3.344205e+03
2025-09-21 23:39:21 WARNING:TensorToolbox.core.TensorTrainVec: MaxRank truncation. Cores 3-4. Required accuracy delta=3.513104e-07, accuracy met: 2.364825e+03
2025-09-21 23:39:23 WARNING:TensorToolbox.core.TensorTrainVec: MaxRank truncation. Cores 4-5. Required accuracy delta=3.513104e-07, accuracy met: 1.671837e+03
2025-09-21 23:39:24 WARNING:TensorToolbox.core.TensorTrainVec: MaxRank truncation. Cores 5-6. Required accuracy delta=3.513104e-07, accuracy met: 1.182520e+03
2025-09-21 23:39:24 WARNING:TensorToolbox.core.TensorTrainVec: MaxRank truncation. Cores 6-7. Required accuracy delta=3.513104e-07, accuracy met: 8.361140e+02
2025-09-21 23:39:25 WARNING:TensorToolbox.core.TensorTrainVec: MaxRank truncation. Cores 7-8. Required accuracy delta=3.513104e-07, accuracy met: 5.915400e+02
2025-09-21 23:39:25 WARNING:TensorToolbox.core.TensorTrainVec: MaxRank truncation. Cores 8-9. Required accuracy delta=3.513104e-07, accuracy met: 4.181348e+02
2025-09-21 23:39:25 WARNING:TensorToolbox.core.TensorTrainVec: MaxRank truncation. Cores 9-10. Required accuracy delta=3.513104e-07, accuracy met: 2.955518e+02
2025-09-21 23:39:25 WARNING:TensorToolbox.core.TensorTrainVec: MaxRank truncation. Cores 10-11. Required accuracy delta=3.513104e-07, accuracy met: 2.091247e+02
2025-09-21 23:39:25 WARNING:TensorToolbox.core.TensorTrainVec: MaxRank truncation. Cores 11-12. Required accuracy delta=3.513104e-07, accuracy met: 1.474058e+02
2025-09-21 23:39:25 WARNING:TensorToolbox.core.TensorTrainVec: MaxRank truncation. Cores 12-13. Required accuracy delta=3.513104e-07, accuracy met: 1.045145e+02
2025-09-21 23:39:25 WARNING:TensorToolbox.core.TensorTrainVec: MaxRank truncation. Cores 13-14. Required accuracy delta=3.513104e-07, accuracy met: 7.400783e+01
2025-09-21 23:39:25 WARNING:TensorToolbox.core.TensorTrainVec: MaxRank truncation. Cores 14-15. Required accuracy delta=3.513104e-07, accuracy met: 5.236325e+01
2025-09-21 23:39:25 WARNING:TensorToolbox.core.TensorTrainVec: MaxRank truncation. Cores 15-16. Required accuracy delta=3.513104e-07, accuracy met: 3.702153e+01
2025-09-21 23:39:25 WARNING:TensorToolbox.core.TensorTrainVec: MaxRank truncation. Cores 16-17. Required accuracy delta=3.513104e-07, accuracy met: 2.624099e+01
2025-09-21 23:39:25 WARNING:TensorToolbox.core.TensorTrainVec: MaxRank truncation. Cores 17-18. Required accuracy delta=3.513104e-07, accuracy met: 1.861880e+01
2025-09-21 23:39:25 WARNING:TensorToolbox.core.TensorTrainVec: MaxRank truncation. Cores 18-19. Required accuracy delta=3.513104e-07, accuracy met: 1.299564e+01
2025-09-21 23:39:25 WARNING:TensorToolbox.core.TensorTrainVec: MaxRank truncation. Cores 19-20. Required accuracy delta=3.513104e-07, accuracy met: 9.391378e+00
2025-09-21 23:39:25 WARNING:TensorToolbox.core.TensorTrainVec: MaxRank truncation. Cores 20-21. Required accuracy delta=3.513104e-07, accuracy met: 6.305516e+00
2025-09-21 23:39:25 WARNING:TensorToolbox.core.TensorTrainVec: MaxRank truncation. Cores 21-22. Required accuracy delta=3.513104e-07, accuracy met: 4.292102e+00
2025-09-21 23:39:25 WARNING:TensorToolbox.core.TensorTrainVec: MaxRank truncation. Cores 22-23. Required accuracy delta=3.513104e-07, accuracy met: 3.243273e+00
2025-09-21 23:39:25 WARNING:TensorToolbox.core.TensorTrainVec: MaxRank truncation. Cores 23-24. Required accuracy delta=3.513104e-07, accuracy met: 2.165278e+00
2025-09-21 23:39:25 WARNING:TensorToolbox.core.TensorTrainVec: MaxRank truncation. Cores 24-25. Required accuracy delta=3.513104e-07, accuracy met: 1.519151e+00
2025-09-21 23:39:25 WARNING:TensorToolbox.core.TensorTrainVec: MaxRank truncation. Cores 25-26. Required accuracy delta=3.513104e-07, accuracy met: 7.356637e-01
2025-09-21 23:39:25 WARNING:TensorToolbox.core.TensorTrainVec: MaxRank truncation. Cores 26-27. Required accuracy delta=3.513104e-07, accuracy met: 7.949275e-01
2025-09-21 23:39:25 WARNING:TensorToolbox.core.TensorTrainVec: MaxRank truncation. Cores 27-28. Required accuracy delta=3.513104e-07, accuracy met: 5.147776e-01
2025-09-21 23:39:25 WARNING:TensorToolbox.core.TensorTrainVec: MaxRank truncation. Cores 28-29. Required accuracy delta=3.513104e-07, accuracy met: 1.475977e-02
tt_from_dense wtime: 61.55709369300166
random wtime: 6.401196470003924
2025-09-21 23:40:37 WARNING:TensorToolbox.core.TensorTrainVec: MaxRank truncation. Cores 1-2. Required accuracy delta=3.513134e-07, accuracy met: 6.688468e+03
2025-09-21 23:40:55 WARNING:TensorToolbox.core.TensorTrainVec: MaxRank truncation. Cores 2-3. Required accuracy delta=3.513134e-07, accuracy met: 4.729441e+03
2025-09-21 23:41:04 WARNING:TensorToolbox.core.TensorTrainVec: MaxRank truncation. Cores 3-4. Required accuracy delta=3.513134e-07, accuracy met: 3.344165e+03
2025-09-21 23:41:09 WARNING:TensorToolbox.core.TensorTrainVec: MaxRank truncation. Cores 4-5. Required accuracy delta=3.513134e-07, accuracy met: 2.365282e+03
2025-09-21 23:41:11 WARNING:TensorToolbox.core.TensorTrainVec: MaxRank truncation. Cores 5-6. Required accuracy delta=3.513134e-07, accuracy met: 1.672361e+03
2025-09-21 23:41:12 WARNING:TensorToolbox.core.TensorTrainVec: MaxRank truncation. Cores 6-7. Required accuracy delta=3.513134e-07, accuracy met: 1.182659e+03
2025-09-21 23:41:12 WARNING:TensorToolbox.core.TensorTrainVec: MaxRank truncation. Cores 7-8. Required accuracy delta=3.513134e-07, accuracy met: 8.362873e+02
2025-09-21 23:41:13 WARNING:TensorToolbox.core.TensorTrainVec: MaxRank truncation. Cores 8-9. Required accuracy delta=3.513134e-07, accuracy met: 5.912339e+02
2025-09-21 23:41:13 WARNING:TensorToolbox.core.TensorTrainVec: MaxRank truncation. Cores 9-10. Required accuracy delta=3.513134e-07, accuracy met: 4.182776e+02
2025-09-21 23:41:13 WARNING:TensorToolbox.core.TensorTrainVec: MaxRank truncation. Cores 10-11. Required accuracy delta=3.513134e-07, accuracy met: 2.956823e+02
2025-09-21 23:41:13 WARNING:TensorToolbox.core.TensorTrainVec: MaxRank truncation. Cores 11-12. Required accuracy delta=3.513134e-07, accuracy met: 2.093500e+02
2025-09-21 23:41:13 WARNING:TensorToolbox.core.TensorTrainVec: MaxRank truncation. Cores 12-13. Required accuracy delta=3.513134e-07, accuracy met: 1.481096e+02
2025-09-21 23:41:13 WARNING:TensorToolbox.core.TensorTrainVec: MaxRank truncation. Cores 13-14. Required accuracy delta=3.513134e-07, accuracy met: 1.047096e+02
2025-09-21 23:41:13 WARNING:TensorToolbox.core.TensorTrainVec: MaxRank truncation. Cores 14-15. Required accuracy delta=3.513134e-07, accuracy met: 7.391129e+01
2025-09-21 23:41:13 WARNING:TensorToolbox.core.TensorTrainVec: MaxRank truncation. Cores 15-16. Required accuracy delta=3.513134e-07, accuracy met: 5.239921e+01
2025-09-21 23:41:13 WARNING:TensorToolbox.core.TensorTrainVec: MaxRank truncation. Cores 16-17. Required accuracy delta=3.513134e-07, accuracy met: 3.707518e+01
2025-09-21 23:41:13 WARNING:TensorToolbox.core.TensorTrainVec: MaxRank truncation. Cores 17-18. Required accuracy delta=3.513134e-07, accuracy met: 2.620336e+01
2025-09-21 23:41:13 WARNING:TensorToolbox.core.TensorTrainVec: MaxRank truncation. Cores 18-19. Required accuracy delta=3.513134e-07, accuracy met: 1.887381e+01
2025-09-21 23:41:13 WARNING:TensorToolbox.core.TensorTrainVec: MaxRank truncation. Cores 19-20. Required accuracy delta=3.513134e-07, accuracy met: 1.315018e+01
2025-09-21 23:41:13 WARNING:TensorToolbox.core.TensorTrainVec: MaxRank truncation. Cores 20-21. Required accuracy delta=3.513134e-07, accuracy met: 9.303856e+00
2025-09-21 23:41:13 WARNING:TensorToolbox.core.TensorTrainVec: MaxRank truncation. Cores 21-22. Required accuracy delta=3.513134e-07, accuracy met: 6.519486e+00
2025-09-21 23:41:13 WARNING:TensorToolbox.core.TensorTrainVec: MaxRank truncation. Cores 22-23. Required accuracy delta=3.513134e-07, accuracy met: 4.737226e+00
2025-09-21 23:41:13 WARNING:TensorToolbox.core.TensorTrainVec: MaxRank truncation. Cores 23-24. Required accuracy delta=3.513134e-07, accuracy met: 3.430599e+00
2025-09-21 23:41:13 WARNING:TensorToolbox.core.TensorTrainVec: MaxRank truncation. Cores 24-25. Required accuracy delta=3.513134e-07, accuracy met: 2.312744e+00
2025-09-21 23:41:13 WARNING:TensorToolbox.core.TensorTrainVec: MaxRank truncation. Cores 25-26. Required accuracy delta=3.513134e-07, accuracy met: 1.429288e+00
2025-09-21 23:41:13 WARNING:TensorToolbox.core.TensorTrainVec: MaxRank truncation. Cores 26-27. Required accuracy delta=3.513134e-07, accuracy met: 1.068672e+00
2025-09-21 23:41:13 WARNING:TensorToolbox.core.TensorTrainVec: MaxRank truncation. Cores 27-28. Required accuracy delta=3.513134e-07, accuracy met: 1.790957e-01
tt_from_dense wtime: 99.36200089099293
2025-09-21 23:42:16 WARNING:TensorToolbox.core.TensorTrainVec: MaxRank truncation. Cores 1-2. Required accuracy delta=3.513134e-07, accuracy met: 6.688468e+03
2025-09-21 23:42:34 WARNING:TensorToolbox.core.TensorTrainVec: MaxRank truncation. Cores 2-3. Required accuracy delta=3.513134e-07, accuracy met: 4.729441e+03
2025-09-21 23:42:42 WARNING:TensorToolbox.core.TensorTrainVec: MaxRank truncation. Cores 3-4. Required accuracy delta=3.513134e-07, accuracy met: 3.344165e+03
2025-09-21 23:42:47 WARNING:TensorToolbox.core.TensorTrainVec: MaxRank truncation. Cores 4-5. Required accuracy delta=3.513134e-07, accuracy met: 2.365282e+03
2025-09-21 23:42:49 WARNING:TensorToolbox.core.TensorTrainVec: MaxRank truncation. Cores 5-6. Required accuracy delta=3.513134e-07, accuracy met: 1.672361e+03
2025-09-21 23:42:50 WARNING:TensorToolbox.core.TensorTrainVec: MaxRank truncation. Cores 6-7. Required accuracy delta=3.513134e-07, accuracy met: 1.182659e+03
2025-09-21 23:42:51 WARNING:TensorToolbox.core.TensorTrainVec: MaxRank truncation. Cores 7-8. Required accuracy delta=3.513134e-07, accuracy met: 8.362873e+02
2025-09-21 23:42:51 WARNING:TensorToolbox.core.TensorTrainVec: MaxRank truncation. Cores 8-9. Required accuracy delta=3.513134e-07, accuracy met: 5.912339e+02
2025-09-21 23:42:51 WARNING:TensorToolbox.core.TensorTrainVec: MaxRank truncation. Cores 9-10. Required accuracy delta=3.513134e-07, accuracy met: 4.182776e+02
2025-09-21 23:42:51 WARNING:TensorToolbox.core.TensorTrainVec: MaxRank truncation. Cores 10-11. Required accuracy delta=3.513134e-07, accuracy met: 2.956823e+02
2025-09-21 23:42:51 WARNING:TensorToolbox.core.TensorTrainVec: MaxRank truncation. Cores 11-12. Required accuracy delta=3.513134e-07, accuracy met: 2.093500e+02
2025-09-21 23:42:51 WARNING:TensorToolbox.core.TensorTrainVec: MaxRank truncation. Cores 12-13. Required accuracy delta=3.513134e-07, accuracy met: 1.481096e+02
2025-09-21 23:42:51 WARNING:TensorToolbox.core.TensorTrainVec: MaxRank truncation. Cores 13-14. Required accuracy delta=3.513134e-07, accuracy met: 1.047096e+02
2025-09-21 23:42:51 WARNING:TensorToolbox.core.TensorTrainVec: MaxRank truncation. Cores 14-15. Required accuracy delta=3.513134e-07, accuracy met: 7.391129e+01
2025-09-21 23:42:51 WARNING:TensorToolbox.core.TensorTrainVec: MaxRank truncation. Cores 15-16. Required accuracy delta=3.513134e-07, accuracy met: 5.239921e+01
2025-09-21 23:42:51 WARNING:TensorToolbox.core.TensorTrainVec: MaxRank truncation. Cores 16-17. Required accuracy delta=3.513134e-07, accuracy met: 3.707518e+01
2025-09-21 23:42:51 WARNING:TensorToolbox.core.TensorTrainVec: MaxRank truncation. Cores 17-18. Required accuracy delta=3.513134e-07, accuracy met: 2.620336e+01
2025-09-21 23:42:51 WARNING:TensorToolbox.core.TensorTrainVec: MaxRank truncation. Cores 18-19. Required accuracy delta=3.513134e-07, accuracy met: 1.887381e+01
2025-09-21 23:42:51 WARNING:TensorToolbox.core.TensorTrainVec: MaxRank truncation. Cores 19-20. Required accuracy delta=3.513134e-07, accuracy met: 1.315018e+01
2025-09-21 23:42:51 WARNING:TensorToolbox.core.TensorTrainVec: MaxRank truncation. Cores 20-21. Required accuracy delta=3.513134e-07, accuracy met: 9.303856e+00
2025-09-21 23:42:51 WARNING:TensorToolbox.core.TensorTrainVec: MaxRank truncation. Cores 21-22. Required accuracy delta=3.513134e-07, accuracy met: 6.519486e+00
2025-09-21 23:42:51 WARNING:TensorToolbox.core.TensorTrainVec: MaxRank truncation. Cores 22-23. Required accuracy delta=3.513134e-07, accuracy met: 4.737226e+00
2025-09-21 23:42:51 WARNING:TensorToolbox.core.TensorTrainVec: MaxRank truncation. Cores 23-24. Required accuracy delta=3.513134e-07, accuracy met: 3.430599e+00
2025-09-21 23:42:51 WARNING:TensorToolbox.core.TensorTrainVec: MaxRank truncation. Cores 24-25. Required accuracy delta=3.513134e-07, accuracy met: 2.312744e+00
2025-09-21 23:42:51 WARNING:TensorToolbox.core.TensorTrainVec: MaxRank truncation. Cores 25-26. Required accuracy delta=3.513134e-07, accuracy met: 1.429288e+00
2025-09-21 23:42:51 WARNING:TensorToolbox.core.TensorTrainVec: MaxRank truncation. Cores 26-27. Required accuracy delta=3.513134e-07, accuracy met: 1.068672e+00
2025-09-21 23:42:51 WARNING:TensorToolbox.core.TensorTrainVec: MaxRank truncation. Cores 27-28. Required accuracy delta=3.513134e-07, accuracy met: 1.790957e-01
tt_from_dense wtime: 97.97675921701011
random wtime: 6.401484777001315
2025-09-21 23:44:03 WARNING:TensorToolbox.core.TensorTrainVec: MaxRank truncation. Cores 1-2. Required accuracy delta=3.513145e-07, accuracy met: 4.729410e+03
2025-09-21 23:44:31 WARNING:TensorToolbox.core.TensorTrainVec: MaxRank truncation. Cores 2-3. Required accuracy delta=3.513145e-07, accuracy met: 5.792474e+03
2025-09-21 23:44:45 WARNING:TensorToolbox.core.TensorTrainVec: MaxRank truncation. Cores 3-4. Required accuracy delta=3.513145e-07, accuracy met: 4.095909e+03
2025-09-21 23:44:53 WARNING:TensorToolbox.core.TensorTrainVec: MaxRank truncation. Cores 4-5. Required accuracy delta=3.513145e-07, accuracy met: 2.896539e+03
2025-09-21 23:44:56 WARNING:TensorToolbox.core.TensorTrainVec: MaxRank truncation. Cores 5-6. Required accuracy delta=3.513145e-07, accuracy met: 2.048161e+03
2025-09-21 23:44:57 WARNING:TensorToolbox.core.TensorTrainVec: MaxRank truncation. Cores 6-7. Required accuracy delta=3.513145e-07, accuracy met: 1.448278e+03
2025-09-21 23:44:58 WARNING:TensorToolbox.core.TensorTrainVec: MaxRank truncation. Cores 7-8. Required accuracy delta=3.513145e-07, accuracy met: 1.024599e+03
2025-09-21 23:44:59 WARNING:TensorToolbox.core.TensorTrainVec: MaxRank truncation. Cores 8-9. Required accuracy delta=3.513145e-07, accuracy met: 7.242967e+02
2025-09-21 23:44:59 WARNING:TensorToolbox.core.TensorTrainVec: MaxRank truncation. Cores 9-10. Required accuracy delta=3.513145e-07, accuracy met: 5.125934e+02
2025-09-21 23:44:59 WARNING:TensorToolbox.core.TensorTrainVec: MaxRank truncation. Cores 10-11. Required accuracy delta=3.513145e-07, accuracy met: 3.625367e+02
2025-09-21 23:44:59 WARNING:TensorToolbox.core.TensorTrainVec: MaxRank truncation. Cores 11-12. Required accuracy delta=3.513145e-07, accuracy met: 2.563292e+02
2025-09-21 23:44:59 WARNING:TensorToolbox.core.TensorTrainVec: MaxRank truncation. Cores 12-13. Required accuracy delta=3.513145e-07, accuracy met: 1.813693e+02
2025-09-21 23:44:59 WARNING:TensorToolbox.core.TensorTrainVec: MaxRank truncation. Cores 13-14. Required accuracy delta=3.513145e-07, accuracy met: 1.285142e+02
2025-09-21 23:44:59 WARNING:TensorToolbox.core.TensorTrainVec: MaxRank truncation. Cores 14-15. Required accuracy delta=3.513145e-07, accuracy met: 9.103447e+01
2025-09-21 23:44:59 WARNING:TensorToolbox.core.TensorTrainVec: MaxRank truncation. Cores 15-16. Required accuracy delta=3.513145e-07, accuracy met: 6.469230e+01
2025-09-21 23:44:59 WARNING:TensorToolbox.core.TensorTrainVec: MaxRank truncation. Cores 16-17. Required accuracy delta=3.513145e-07, accuracy met: 4.569244e+01
2025-09-21 23:44:59 WARNING:TensorToolbox.core.TensorTrainVec: MaxRank truncation. Cores 17-18. Required accuracy delta=3.513145e-07, accuracy met: 3.224070e+01
2025-09-21 23:44:59 WARNING:TensorToolbox.core.TensorTrainVec: MaxRank truncation. Cores 18-19. Required accuracy delta=3.513145e-07, accuracy met: 2.315193e+01
2025-09-21 23:44:59 WARNING:TensorToolbox.core.TensorTrainVec: MaxRank truncation. Cores 19-20. Required accuracy delta=3.513145e-07, accuracy met: 1.651025e+01
2025-09-21 23:44:59 WARNING:TensorToolbox.core.TensorTrainVec: MaxRank truncation. Cores 20-21. Required accuracy delta=3.513145e-07, accuracy met: 1.215217e+01
2025-09-21 23:44:59 WARNING:TensorToolbox.core.TensorTrainVec: MaxRank truncation. Cores 21-22. Required accuracy delta=3.513145e-07, accuracy met: 8.648696e+00
2025-09-21 23:44:59 WARNING:TensorToolbox.core.TensorTrainVec: MaxRank truncation. Cores 22-23. Required accuracy delta=3.513145e-07, accuracy met: 6.106170e+00
2025-09-21 23:44:59 WARNING:TensorToolbox.core.TensorTrainVec: MaxRank truncation. Cores 23-24. Required accuracy delta=3.513145e-07, accuracy met: 4.270438e+00
2025-09-21 23:44:59 WARNING:TensorToolbox.core.TensorTrainVec: MaxRank truncation. Cores 24-25. Required accuracy delta=3.513145e-07, accuracy met: 2.946366e+00
2025-09-21 23:44:59 WARNING:TensorToolbox.core.TensorTrainVec: MaxRank truncation. Cores 25-26. Required accuracy delta=3.513145e-07, accuracy met: 1.933867e+00
2025-09-21 23:44:59 WARNING:TensorToolbox.core.TensorTrainVec: MaxRank truncation. Cores 26-27. Required accuracy delta=3.513145e-07, accuracy met: 1.617393e+00
2025-09-21 23:44:59 WARNING:TensorToolbox.core.TensorTrainVec: MaxRank truncation. Cores 27-28. Required accuracy delta=3.513145e-07, accuracy met: 5.929592e-01
tt_from_dense wtime: 119.604977023002
2025-09-21 23:46:01 WARNING:TensorToolbox.core.TensorTrainVec: MaxRank truncation. Cores 1-2. Required accuracy delta=3.513145e-07, accuracy met: 4.729410e+03
2025-09-21 23:46:29 WARNING:TensorToolbox.core.TensorTrainVec: MaxRank truncation. Cores 2-3. Required accuracy delta=3.513145e-07, accuracy met: 5.792474e+03
2025-09-21 23:46:44 WARNING:TensorToolbox.core.TensorTrainVec: MaxRank truncation. Cores 3-4. Required accuracy delta=3.513145e-07, accuracy met: 4.095909e+03
2025-09-21 23:46:51 WARNING:TensorToolbox.core.TensorTrainVec: MaxRank truncation. Cores 4-5. Required accuracy delta=3.513145e-07, accuracy met: 2.896539e+03
2025-09-21 23:46:54 WARNING:TensorToolbox.core.TensorTrainVec: MaxRank truncation. Cores 5-6. Required accuracy delta=3.513145e-07, accuracy met: 2.048161e+03
2025-09-21 23:46:56 WARNING:TensorToolbox.core.TensorTrainVec: MaxRank truncation. Cores 6-7. Required accuracy delta=3.513145e-07, accuracy met: 1.448278e+03
2025-09-21 23:46:57 WARNING:TensorToolbox.core.TensorTrainVec: MaxRank truncation. Cores 7-8. Required accuracy delta=3.513145e-07, accuracy met: 1.024599e+03
2025-09-21 23:46:57 WARNING:TensorToolbox.core.TensorTrainVec: MaxRank truncation. Cores 8-9. Required accuracy delta=3.513145e-07, accuracy met: 7.242967e+02
2025-09-21 23:46:57 WARNING:TensorToolbox.core.TensorTrainVec: MaxRank truncation. Cores 9-10. Required accuracy delta=3.513145e-07, accuracy met: 5.125934e+02
2025-09-21 23:46:57 WARNING:TensorToolbox.core.TensorTrainVec: MaxRank truncation. Cores 10-11. Required accuracy delta=3.513145e-07, accuracy met: 3.625367e+02
2025-09-21 23:46:58 WARNING:TensorToolbox.core.TensorTrainVec: MaxRank truncation. Cores 11-12. Required accuracy delta=3.513145e-07, accuracy met: 2.563292e+02
2025-09-21 23:46:58 WARNING:TensorToolbox.core.TensorTrainVec: MaxRank truncation. Cores 12-13. Required accuracy delta=3.513145e-07, accuracy met: 1.813693e+02
2025-09-21 23:46:58 WARNING:TensorToolbox.core.TensorTrainVec: MaxRank truncation. Cores 13-14. Required accuracy delta=3.513145e-07, accuracy met: 1.285142e+02
2025-09-21 23:46:58 WARNING:TensorToolbox.core.TensorTrainVec: MaxRank truncation. Cores 14-15. Required accuracy delta=3.513145e-07, accuracy met: 9.103447e+01
2025-09-21 23:46:58 WARNING:TensorToolbox.core.TensorTrainVec: MaxRank truncation. Cores 15-16. Required accuracy delta=3.513145e-07, accuracy met: 6.469230e+01
2025-09-21 23:46:58 WARNING:TensorToolbox.core.TensorTrainVec: MaxRank truncation. Cores 16-17. Required accuracy delta=3.513145e-07, accuracy met: 4.569244e+01
2025-09-21 23:46:58 WARNING:TensorToolbox.core.TensorTrainVec: MaxRank truncation. Cores 17-18. Required accuracy delta=3.513145e-07, accuracy met: 3.224070e+01
2025-09-21 23:46:58 WARNING:TensorToolbox.core.TensorTrainVec: MaxRank truncation. Cores 18-19. Required accuracy delta=3.513145e-07, accuracy met: 2.315193e+01
2025-09-21 23:46:58 WARNING:TensorToolbox.core.TensorTrainVec: MaxRank truncation. Cores 19-20. Required accuracy delta=3.513145e-07, accuracy met: 1.651025e+01
2025-09-21 23:46:58 WARNING:TensorToolbox.core.TensorTrainVec: MaxRank truncation. Cores 20-21. Required accuracy delta=3.513145e-07, accuracy met: 1.215217e+01
2025-09-21 23:46:58 WARNING:TensorToolbox.core.TensorTrainVec: MaxRank truncation. Cores 21-22. Required accuracy delta=3.513145e-07, accuracy met: 8.648696e+00
2025-09-21 23:46:58 WARNING:TensorToolbox.core.TensorTrainVec: MaxRank truncation. Cores 22-23. Required accuracy delta=3.513145e-07, accuracy met: 6.106170e+00
2025-09-21 23:46:58 WARNING:TensorToolbox.core.TensorTrainVec: MaxRank truncation. Cores 23-24. Required accuracy delta=3.513145e-07, accuracy met: 4.270438e+00
2025-09-21 23:46:58 WARNING:TensorToolbox.core.TensorTrainVec: MaxRank truncation. Cores 24-25. Required accuracy delta=3.513145e-07, accuracy met: 2.946366e+00
2025-09-21 23:46:58 WARNING:TensorToolbox.core.TensorTrainVec: MaxRank truncation. Cores 25-26. Required accuracy delta=3.513145e-07, accuracy met: 1.933867e+00
2025-09-21 23:46:58 WARNING:TensorToolbox.core.TensorTrainVec: MaxRank truncation. Cores 26-27. Required accuracy delta=3.513145e-07, accuracy met: 1.617393e+00
2025-09-21 23:46:58 WARNING:TensorToolbox.core.TensorTrainVec: MaxRank truncation. Cores 27-28. Required accuracy delta=3.513145e-07, accuracy met: 5.929592e-01
tt_from_dense wtime: 118.26543780798966
random wtime: 6.399481555999955
2025-09-21 23:48:51 WARNING:TensorToolbox.core.TensorTrainVec: MaxRank truncation. Cores 2-3. Required accuracy delta=3.513127e-07, accuracy met: 6.688251e+03
2025-09-21 23:49:12 WARNING:TensorToolbox.core.TensorTrainVec: MaxRank truncation. Cores 3-4. Required accuracy delta=3.513127e-07, accuracy met: 4.729652e+03
2025-09-21 23:49:23 WARNING:TensorToolbox.core.TensorTrainVec: MaxRank truncation. Cores 4-5. Required accuracy delta=3.513127e-07, accuracy met: 3.344655e+03
2025-09-21 23:49:28 WARNING:TensorToolbox.core.TensorTrainVec: MaxRank truncation. Cores 5-6. Required accuracy delta=3.513127e-07, accuracy met: 2.365123e+03
2025-09-21 23:49:31 WARNING:TensorToolbox.core.TensorTrainVec: MaxRank truncation. Cores 6-7. Required accuracy delta=3.513127e-07, accuracy met: 1.672596e+03
2025-09-21 23:49:32 WARNING:TensorToolbox.core.TensorTrainVec: MaxRank truncation. Cores 7-8. Required accuracy delta=3.513127e-07, accuracy met: 1.182957e+03
2025-09-21 23:49:32 WARNING:TensorToolbox.core.TensorTrainVec: MaxRank truncation. Cores 8-9. Required accuracy delta=3.513127e-07, accuracy met: 8.365719e+02
2025-09-21 23:49:33 WARNING:TensorToolbox.core.TensorTrainVec: MaxRank truncation. Cores 9-10. Required accuracy delta=3.513127e-07, accuracy met: 5.915065e+02
2025-09-21 23:49:33 WARNING:TensorToolbox.core.TensorTrainVec: MaxRank truncation. Cores 10-11. Required accuracy delta=3.513127e-07, accuracy met: 4.186273e+02
2025-09-21 23:49:33 WARNING:TensorToolbox.core.TensorTrainVec: MaxRank truncation. Cores 11-12. Required accuracy delta=3.513127e-07, accuracy met: 2.961108e+02
2025-09-21 23:49:33 WARNING:TensorToolbox.core.TensorTrainVec: MaxRank truncation. Cores 12-13. Required accuracy delta=3.513127e-07, accuracy met: 2.098048e+02
2025-09-21 23:49:33 WARNING:TensorToolbox.core.TensorTrainVec: MaxRank truncation. Cores 13-14. Required accuracy delta=3.513127e-07, accuracy met: 1.485835e+02
2025-09-21 23:49:33 WARNING:TensorToolbox.core.TensorTrainVec: MaxRank truncation. Cores 14-15. Required accuracy delta=3.513127e-07, accuracy met: 1.053432e+02
2025-09-21 23:49:33 WARNING:TensorToolbox.core.TensorTrainVec: MaxRank truncation. Cores 15-16. Required accuracy delta=3.513127e-07, accuracy met: 7.446880e+01
2025-09-21 23:49:33 WARNING:TensorToolbox.core.TensorTrainVec: MaxRank truncation. Cores 16-17. Required accuracy delta=3.513127e-07, accuracy met: 5.302169e+01
2025-09-21 23:49:33 WARNING:TensorToolbox.core.TensorTrainVec: MaxRank truncation. Cores 17-18. Required accuracy delta=3.513127e-07, accuracy met: 3.760277e+01
2025-09-21 23:49:33 WARNING:TensorToolbox.core.TensorTrainVec: MaxRank truncation. Cores 18-19. Required accuracy delta=3.513127e-07, accuracy met: 2.653560e+01
2025-09-21 23:49:33 WARNING:TensorToolbox.core.TensorTrainVec: MaxRank truncation. Cores 19-20. Required accuracy delta=3.513127e-07, accuracy met: 1.914500e+01
2025-09-21 23:49:33 WARNING:TensorToolbox.core.TensorTrainVec: MaxRank truncation. Cores 20-21. Required accuracy delta=3.513127e-07, accuracy met: 1.358307e+01
2025-09-21 23:49:33 WARNING:TensorToolbox.core.TensorTrainVec: MaxRank truncation. Cores 21-22. Required accuracy delta=3.513127e-07, accuracy met: 9.579164e+00
2025-09-21 23:49:33 WARNING:TensorToolbox.core.TensorTrainVec: MaxRank truncation. Cores 22-23. Required accuracy delta=3.513127e-07, accuracy met: 7.362686e+00
2025-09-21 23:49:33 WARNING:TensorToolbox.core.TensorTrainVec: MaxRank truncation. Cores 23-24. Required accuracy delta=3.513127e-07, accuracy met: 5.183740e+00
2025-09-21 23:49:33 WARNING:TensorToolbox.core.TensorTrainVec: MaxRank truncation. Cores 24-25. Required accuracy delta=3.513127e-07, accuracy met: 3.925905e+00
2025-09-21 23:49:33 WARNING:TensorToolbox.core.TensorTrainVec: MaxRank truncation. Cores 25-26. Required accuracy delta=3.513127e-07, accuracy met: 2.515036e+00
2025-09-21 23:49:33 WARNING:TensorToolbox.core.TensorTrainVec: MaxRank truncation. Cores 26-27. Required accuracy delta=3.513127e-07, accuracy met: 1.755501e+00
tt_from_dense wtime: 147.19589212100254
2025-09-21 23:51:17 WARNING:TensorToolbox.core.TensorTrainVec: MaxRank truncation. Cores 2-3. Required accuracy delta=3.513127e-07, accuracy met: 6.688251e+03
2025-09-21 23:51:38 WARNING:TensorToolbox.core.TensorTrainVec: MaxRank truncation. Cores 3-4. Required accuracy delta=3.513127e-07, accuracy met: 4.729652e+03
2025-09-21 23:51:49 WARNING:TensorToolbox.core.TensorTrainVec: MaxRank truncation. Cores 4-5. Required accuracy delta=3.513127e-07, accuracy met: 3.344655e+03
2025-09-21 23:51:54 WARNING:TensorToolbox.core.TensorTrainVec: MaxRank truncation. Cores 5-6. Required accuracy delta=3.513127e-07, accuracy met: 2.365123e+03
2025-09-21 23:51:56 WARNING:TensorToolbox.core.TensorTrainVec: MaxRank truncation. Cores 6-7. Required accuracy delta=3.513127e-07, accuracy met: 1.672596e+03
2025-09-21 23:51:57 WARNING:TensorToolbox.core.TensorTrainVec: MaxRank truncation. Cores 7-8. Required accuracy delta=3.513127e-07, accuracy met: 1.182957e+03
2025-09-21 23:51:58 WARNING:TensorToolbox.core.TensorTrainVec: MaxRank truncation. Cores 8-9. Required accuracy delta=3.513127e-07, accuracy met: 8.365719e+02
2025-09-21 23:51:59 WARNING:TensorToolbox.core.TensorTrainVec: MaxRank truncation. Cores 9-10. Required accuracy delta=3.513127e-07, accuracy met: 5.915065e+02
2025-09-21 23:51:59 WARNING:TensorToolbox.core.TensorTrainVec: MaxRank truncation. Cores 10-11. Required accuracy delta=3.513127e-07, accuracy met: 4.186273e+02
2025-09-21 23:51:59 WARNING:TensorToolbox.core.TensorTrainVec: MaxRank truncation. Cores 11-12. Required accuracy delta=3.513127e-07, accuracy met: 2.961108e+02
2025-09-21 23:51:59 WARNING:TensorToolbox.core.TensorTrainVec: MaxRank truncation. Cores 12-13. Required accuracy delta=3.513127e-07, accuracy met: 2.098048e+02
2025-09-21 23:51:59 WARNING:TensorToolbox.core.TensorTrainVec: MaxRank truncation. Cores 13-14. Required accuracy delta=3.513127e-07, accuracy met: 1.485835e+02
2025-09-21 23:51:59 WARNING:TensorToolbox.core.TensorTrainVec: MaxRank truncation. Cores 14-15. Required accuracy delta=3.513127e-07, accuracy met: 1.053432e+02
2025-09-21 23:51:59 WARNING:TensorToolbox.core.TensorTrainVec: MaxRank truncation. Cores 15-16. Required accuracy delta=3.513127e-07, accuracy met: 7.446880e+01
2025-09-21 23:51:59 WARNING:TensorToolbox.core.TensorTrainVec: MaxRank truncation. Cores 16-17. Required accuracy delta=3.513127e-07, accuracy met: 5.302169e+01
2025-09-21 23:51:59 WARNING:TensorToolbox.core.TensorTrainVec: MaxRank truncation. Cores 17-18. Required accuracy delta=3.513127e-07, accuracy met: 3.760277e+01
2025-09-21 23:51:59 WARNING:TensorToolbox.core.TensorTrainVec: MaxRank truncation. Cores 18-19. Required accuracy delta=3.513127e-07, accuracy met: 2.653560e+01
2025-09-21 23:51:59 WARNING:TensorToolbox.core.TensorTrainVec: MaxRank truncation. Cores 19-20. Required accuracy delta=3.513127e-07, accuracy met: 1.914500e+01
2025-09-21 23:51:59 WARNING:TensorToolbox.core.TensorTrainVec: MaxRank truncation. Cores 20-21. Required accuracy delta=3.513127e-07, accuracy met: 1.358307e+01
2025-09-21 23:51:59 WARNING:TensorToolbox.core.TensorTrainVec: MaxRank truncation. Cores 21-22. Required accuracy delta=3.513127e-07, accuracy met: 9.579164e+00
2025-09-21 23:51:59 WARNING:TensorToolbox.core.TensorTrainVec: MaxRank truncation. Cores 22-23. Required accuracy delta=3.513127e-07, accuracy met: 7.362686e+00
2025-09-21 23:51:59 WARNING:TensorToolbox.core.TensorTrainVec: MaxRank truncation. Cores 23-24. Required accuracy delta=3.513127e-07, accuracy met: 5.183740e+00
2025-09-21 23:51:59 WARNING:TensorToolbox.core.TensorTrainVec: MaxRank truncation. Cores 24-25. Required accuracy delta=3.513127e-07, accuracy met: 3.925905e+00
2025-09-21 23:51:59 WARNING:TensorToolbox.core.TensorTrainVec: MaxRank truncation. Cores 25-26. Required accuracy delta=3.513127e-07, accuracy met: 2.515036e+00
2025-09-21 23:51:59 WARNING:TensorToolbox.core.TensorTrainVec: MaxRank truncation. Cores 26-27. Required accuracy delta=3.513127e-07, accuracy met: 1.755501e+00
tt_from_dense wtime: 145.64277078599844
random wtime: 6.397360822011251
2025-09-21 23:53:56 WARNING:TensorToolbox.core.TensorTrainVec: MaxRank truncation. Cores 2-3. Required accuracy delta=3.513119e-07, accuracy met: 5.791927e+03
2025-09-21 23:54:28 WARNING:TensorToolbox.core.TensorTrainVec: MaxRank truncation. Cores 3-4. Required accuracy delta=3.513119e-07, accuracy met: 5.287628e+03
2025-09-21 23:54:45 WARNING:TensorToolbox.core.TensorTrainVec: MaxRank truncation. Cores 4-5. Required accuracy delta=3.513119e-07, accuracy met: 3.739246e+03
2025-09-21 23:54:52 WARNING:TensorToolbox.core.TensorTrainVec: MaxRank truncation. Cores 5-6. Required accuracy delta=3.513119e-07, accuracy met: 2.644238e+03
2025-09-21 23:54:55 WARNING:TensorToolbox.core.TensorTrainVec: MaxRank truncation. Cores 6-7. Required accuracy delta=3.513119e-07, accuracy met: 1.870260e+03
2025-09-21 23:54:57 WARNING:TensorToolbox.core.TensorTrainVec: MaxRank truncation. Cores 7-8. Required accuracy delta=3.513119e-07, accuracy met: 1.322679e+03
2025-09-21 23:54:58 WARNING:TensorToolbox.core.TensorTrainVec: MaxRank truncation. Cores 8-9. Required accuracy delta=3.513119e-07, accuracy met: 9.357800e+02
2025-09-21 23:54:58 WARNING:TensorToolbox.core.TensorTrainVec: MaxRank truncation. Cores 9-10. Required accuracy delta=3.513119e-07, accuracy met: 6.617706e+02
2025-09-21 23:54:58 WARNING:TensorToolbox.core.TensorTrainVec: MaxRank truncation. Cores 10-11. Required accuracy delta=3.513119e-07, accuracy met: 4.681960e+02
2025-09-21 23:54:58 WARNING:TensorToolbox.core.TensorTrainVec: MaxRank truncation. Cores 11-12. Required accuracy delta=3.513119e-07, accuracy met: 3.311165e+02
2025-09-21 23:54:59 WARNING:TensorToolbox.core.TensorTrainVec: MaxRank truncation. Cores 12-13. Required accuracy delta=3.513119e-07, accuracy met: 2.345336e+02
2025-09-21 23:54:59 WARNING:TensorToolbox.core.TensorTrainVec: MaxRank truncation. Cores 13-14. Required accuracy delta=3.513119e-07, accuracy met: 1.662484e+02
2025-09-21 23:54:59 WARNING:TensorToolbox.core.TensorTrainVec: MaxRank truncation. Cores 14-15. Required accuracy delta=3.513119e-07, accuracy met: 1.178514e+02
2025-09-21 23:54:59 WARNING:TensorToolbox.core.TensorTrainVec: MaxRank truncation. Cores 15-16. Required accuracy delta=3.513119e-07, accuracy met: 8.328028e+01
2025-09-21 23:54:59 WARNING:TensorToolbox.core.TensorTrainVec: MaxRank truncation. Cores 16-17. Required accuracy delta=3.513119e-07, accuracy met: 5.938011e+01
2025-09-21 23:54:59 WARNING:TensorToolbox.core.TensorTrainVec: MaxRank truncation. Cores 17-18. Required accuracy delta=3.513119e-07, accuracy met: 4.229094e+01
2025-09-21 23:54:59 WARNING:TensorToolbox.core.TensorTrainVec: MaxRank truncation. Cores 18-19. Required accuracy delta=3.513119e-07, accuracy met: 3.006600e+01
2025-09-21 23:54:59 WARNING:TensorToolbox.core.TensorTrainVec: MaxRank truncation. Cores 19-20. Required accuracy delta=3.513119e-07, accuracy met: 2.136138e+01
2025-09-21 23:54:59 WARNING:TensorToolbox.core.TensorTrainVec: MaxRank truncation. Cores 20-21. Required accuracy delta=3.513119e-07, accuracy met: 1.560668e+01
2025-09-21 23:54:59 WARNING:TensorToolbox.core.TensorTrainVec: MaxRank truncation. Cores 21-22. Required accuracy delta=3.513119e-07, accuracy met: 1.093752e+01
2025-09-21 23:54:59 WARNING:TensorToolbox.core.TensorTrainVec: MaxRank truncation. Cores 22-23. Required accuracy delta=3.513119e-07, accuracy met: 8.343043e+00
2025-09-21 23:54:59 WARNING:TensorToolbox.core.TensorTrainVec: MaxRank truncation. Cores 23-24. Required accuracy delta=3.513119e-07, accuracy met: 5.873558e+00
2025-09-21 23:54:59 WARNING:TensorToolbox.core.TensorTrainVec: MaxRank truncation. Cores 24-25. Required accuracy delta=3.513119e-07, accuracy met: 4.011837e+00
2025-09-21 23:54:59 WARNING:TensorToolbox.core.TensorTrainVec: MaxRank truncation. Cores 25-26. Required accuracy delta=3.513119e-07, accuracy met: 2.999402e+00
2025-09-21 23:54:59 WARNING:TensorToolbox.core.TensorTrainVec: MaxRank truncation. Cores 26-27. Required accuracy delta=3.513119e-07, accuracy met: 1.443093e+00
tt_from_dense wtime: 170.8991314570012
2025-09-21 23:56:46 WARNING:TensorToolbox.core.TensorTrainVec: MaxRank truncation. Cores 2-3. Required accuracy delta=3.513119e-07, accuracy met: 5.791927e+03
2025-09-21 23:57:18 WARNING:TensorToolbox.core.TensorTrainVec: MaxRank truncation. Cores 3-4. Required accuracy delta=3.513119e-07, accuracy met: 5.287628e+03
2025-09-21 23:57:35 WARNING:TensorToolbox.core.TensorTrainVec: MaxRank truncation. Cores 4-5. Required accuracy delta=3.513119e-07, accuracy met: 3.739246e+03
2025-09-21 23:57:42 WARNING:TensorToolbox.core.TensorTrainVec: MaxRank truncation. Cores 5-6. Required accuracy delta=3.513119e-07, accuracy met: 2.644238e+03
2025-09-21 23:57:45 WARNING:TensorToolbox.core.TensorTrainVec: MaxRank truncation. Cores 6-7. Required accuracy delta=3.513119e-07, accuracy met: 1.870260e+03
2025-09-21 23:57:46 WARNING:TensorToolbox.core.TensorTrainVec: MaxRank truncation. Cores 7-8. Required accuracy delta=3.513119e-07, accuracy met: 1.322679e+03
2025-09-21 23:57:47 WARNING:TensorToolbox.core.TensorTrainVec: MaxRank truncation. Cores 8-9. Required accuracy delta=3.513119e-07, accuracy met: 9.357800e+02
2025-09-21 23:57:48 WARNING:TensorToolbox.core.TensorTrainVec: MaxRank truncation. Cores 9-10. Required accuracy delta=3.513119e-07, accuracy met: 6.617706e+02
2025-09-21 23:57:48 WARNING:TensorToolbox.core.TensorTrainVec: MaxRank truncation. Cores 10-11. Required accuracy delta=3.513119e-07, accuracy met: 4.681960e+02
2025-09-21 23:57:48 WARNING:TensorToolbox.core.TensorTrainVec: MaxRank truncation. Cores 11-12. Required accuracy delta=3.513119e-07, accuracy met: 3.311165e+02
2025-09-21 23:57:48 WARNING:TensorToolbox.core.TensorTrainVec: MaxRank truncation. Cores 12-13. Required accuracy delta=3.513119e-07, accuracy met: 2.345336e+02
2025-09-21 23:57:48 WARNING:TensorToolbox.core.TensorTrainVec: MaxRank truncation. Cores 13-14. Required accuracy delta=3.513119e-07, accuracy met: 1.662484e+02
2025-09-21 23:57:48 WARNING:TensorToolbox.core.TensorTrainVec: MaxRank truncation. Cores 14-15. Required accuracy delta=3.513119e-07, accuracy met: 1.178514e+02
2025-09-21 23:57:48 WARNING:TensorToolbox.core.TensorTrainVec: MaxRank truncation. Cores 15-16. Required accuracy delta=3.513119e-07, accuracy met: 8.328028e+01
2025-09-21 23:57:48 WARNING:TensorToolbox.core.TensorTrainVec: MaxRank truncation. Cores 16-17. Required accuracy delta=3.513119e-07, accuracy met: 5.938011e+01
2025-09-21 23:57:48 WARNING:TensorToolbox.core.TensorTrainVec: MaxRank truncation. Cores 17-18. Required accuracy delta=3.513119e-07, accuracy met: 4.229094e+01
2025-09-21 23:57:48 WARNING:TensorToolbox.core.TensorTrainVec: MaxRank truncation. Cores 18-19. Required accuracy delta=3.513119e-07, accuracy met: 3.006600e+01
2025-09-21 23:57:48 WARNING:TensorToolbox.core.TensorTrainVec: MaxRank truncation. Cores 19-20. Required accuracy delta=3.513119e-07, accuracy met: 2.136138e+01
2025-09-21 23:57:48 WARNING:TensorToolbox.core.TensorTrainVec: MaxRank truncation. Cores 20-21. Required accuracy delta=3.513119e-07, accuracy met: 1.560668e+01
2025-09-21 23:57:48 WARNING:TensorToolbox.core.TensorTrainVec: MaxRank truncation. Cores 21-22. Required accuracy delta=3.513119e-07, accuracy met: 1.093752e+01
2025-09-21 23:57:48 WARNING:TensorToolbox.core.TensorTrainVec: MaxRank truncation. Cores 22-23. Required accuracy delta=3.513119e-07, accuracy met: 8.343043e+00
2025-09-21 23:57:48 WARNING:TensorToolbox.core.TensorTrainVec: MaxRank truncation. Cores 23-24. Required accuracy delta=3.513119e-07, accuracy met: 5.873558e+00
2025-09-21 23:57:48 WARNING:TensorToolbox.core.TensorTrainVec: MaxRank truncation. Cores 24-25. Required accuracy delta=3.513119e-07, accuracy met: 4.011837e+00
2025-09-21 23:57:48 WARNING:TensorToolbox.core.TensorTrainVec: MaxRank truncation. Cores 25-26. Required accuracy delta=3.513119e-07, accuracy met: 2.999402e+00
2025-09-21 23:57:48 WARNING:TensorToolbox.core.TensorTrainVec: MaxRank truncation. Cores 26-27. Required accuracy delta=3.513119e-07, accuracy met: 1.443093e+00
tt_from_dense wtime: 169.7838795340067
random wtime: 6.418074884000816
2025-09-21 23:59:46 WARNING:TensorToolbox.core.TensorTrainVec: MaxRank truncation. Cores 2-3. Required accuracy delta=3.513155e-07, accuracy met: 4.729079e+03
2025-09-22 00:00:29 WARNING:TensorToolbox.core.TensorTrainVec: MaxRank truncation. Cores 3-4. Required accuracy delta=3.513155e-07, accuracy met: 5.792081e+03
2025-09-22 00:00:52 WARNING:TensorToolbox.core.TensorTrainVec: MaxRank truncation. Cores 4-5. Required accuracy delta=3.513155e-07, accuracy met: 4.095925e+03
2025-09-22 00:01:02 WARNING:TensorToolbox.core.TensorTrainVec: MaxRank truncation. Cores 5-6. Required accuracy delta=3.513155e-07, accuracy met: 2.896453e+03
2025-09-22 00:01:06 WARNING:TensorToolbox.core.TensorTrainVec: MaxRank truncation. Cores 6-7. Required accuracy delta=3.513155e-07, accuracy met: 2.048552e+03
2025-09-22 00:01:08 WARNING:TensorToolbox.core.TensorTrainVec: MaxRank truncation. Cores 7-8. Required accuracy delta=3.513155e-07, accuracy met: 1.448917e+03
2025-09-22 00:01:09 WARNING:TensorToolbox.core.TensorTrainVec: MaxRank truncation. Cores 8-9. Required accuracy delta=3.513155e-07, accuracy met: 1.024723e+03
2025-09-22 00:01:09 WARNING:TensorToolbox.core.TensorTrainVec: MaxRank truncation. Cores 9-10. Required accuracy delta=3.513155e-07, accuracy met: 7.250781e+02
2025-09-22 00:01:10 WARNING:TensorToolbox.core.TensorTrainVec: MaxRank truncation. Cores 10-11. Required accuracy delta=3.513155e-07, accuracy met: 5.130886e+02
2025-09-22 00:01:10 WARNING:TensorToolbox.core.TensorTrainVec: MaxRank truncation. Cores 11-12. Required accuracy delta=3.513155e-07, accuracy met: 3.631464e+02
2025-09-22 00:01:10 WARNING:TensorToolbox.core.TensorTrainVec: MaxRank truncation. Cores 12-13. Required accuracy delta=3.513155e-07, accuracy met: 2.571296e+02
2025-09-22 00:01:10 WARNING:TensorToolbox.core.TensorTrainVec: MaxRank truncation. Cores 13-14. Required accuracy delta=3.513155e-07, accuracy met: 1.821149e+02
2025-09-22 00:01:10 WARNING:TensorToolbox.core.TensorTrainVec: MaxRank truncation. Cores 14-15. Required accuracy delta=3.513155e-07, accuracy met: 1.291900e+02
2025-09-22 00:01:10 WARNING:TensorToolbox.core.TensorTrainVec: MaxRank truncation. Cores 15-16. Required accuracy delta=3.513155e-07, accuracy met: 9.156454e+01
2025-09-22 00:01:10 WARNING:TensorToolbox.core.TensorTrainVec: MaxRank truncation. Cores 16-17. Required accuracy delta=3.513155e-07, accuracy met: 6.499497e+01
2025-09-22 00:01:10 WARNING:TensorToolbox.core.TensorTrainVec: MaxRank truncation. Cores 17-18. Required accuracy delta=3.513155e-07, accuracy met: 4.621215e+01
2025-09-22 00:01:10 WARNING:TensorToolbox.core.TensorTrainVec: MaxRank truncation. Cores 18-19. Required accuracy delta=3.513155e-07, accuracy met: 3.317217e+01
2025-09-22 00:01:10 WARNING:TensorToolbox.core.TensorTrainVec: MaxRank truncation. Cores 19-20. Required accuracy delta=3.513155e-07, accuracy met: 2.360113e+01
2025-09-22 00:01:10 WARNING:TensorToolbox.core.TensorTrainVec: MaxRank truncation. Cores 20-21. Required accuracy delta=3.513155e-07, accuracy met: 1.679920e+01
2025-09-22 00:01:10 WARNING:TensorToolbox.core.TensorTrainVec: MaxRank truncation. Cores 21-22. Required accuracy delta=3.513155e-07, accuracy met: 1.237026e+01
2025-09-22 00:01:10 WARNING:TensorToolbox.core.TensorTrainVec: MaxRank truncation. Cores 22-23. Required accuracy delta=3.513155e-07, accuracy met: 8.990502e+00
2025-09-22 00:01:10 WARNING:TensorToolbox.core.TensorTrainVec: MaxRank truncation. Cores 23-24. Required accuracy delta=3.513155e-07, accuracy met: 6.381898e+00
2025-09-22 00:01:10 WARNING:TensorToolbox.core.TensorTrainVec: MaxRank truncation. Cores 24-25. Required accuracy delta=3.513155e-07, accuracy met: 4.365513e+00
2025-09-22 00:01:10 WARNING:TensorToolbox.core.TensorTrainVec: MaxRank truncation. Cores 25-26. Required accuracy delta=3.513155e-07, accuracy met: 2.985607e+00
2025-09-22 00:01:10 WARNING:TensorToolbox.core.TensorTrainVec: MaxRank truncation. Cores 26-27. Required accuracy delta=3.513155e-07, accuracy met: 1.437742e+00
tt_from_dense wtime: 192.93838949600467
2025-09-22 00:02:57 WARNING:TensorToolbox.core.TensorTrainVec: MaxRank truncation. Cores 2-3. Required accuracy delta=3.513155e-07, accuracy met: 4.729079e+03
2025-09-22 00:03:40 WARNING:TensorToolbox.core.TensorTrainVec: MaxRank truncation. Cores 3-4. Required accuracy delta=3.513155e-07, accuracy met: 5.792081e+03
2025-09-22 00:04:03 WARNING:TensorToolbox.core.TensorTrainVec: MaxRank truncation. Cores 4-5. Required accuracy delta=3.513155e-07, accuracy met: 4.095925e+03
2025-09-22 00:04:12 WARNING:TensorToolbox.core.TensorTrainVec: MaxRank truncation. Cores 5-6. Required accuracy delta=3.513155e-07, accuracy met: 2.896453e+03
2025-09-22 00:04:16 WARNING:TensorToolbox.core.TensorTrainVec: MaxRank truncation. Cores 6-7. Required accuracy delta=3.513155e-07, accuracy met: 2.048552e+03
2025-09-22 00:04:18 WARNING:TensorToolbox.core.TensorTrainVec: MaxRank truncation. Cores 7-8. Required accuracy delta=3.513155e-07, accuracy met: 1.448917e+03
2025-09-22 00:04:19 WARNING:TensorToolbox.core.TensorTrainVec: MaxRank truncation. Cores 8-9. Required accuracy delta=3.513155e-07, accuracy met: 1.024723e+03
2025-09-22 00:04:20 WARNING:TensorToolbox.core.TensorTrainVec: MaxRank truncation. Cores 9-10. Required accuracy delta=3.513155e-07, accuracy met: 7.250781e+02
2025-09-22 00:04:20 WARNING:TensorToolbox.core.TensorTrainVec: MaxRank truncation. Cores 10-11. Required accuracy delta=3.513155e-07, accuracy met: 5.130886e+02
2025-09-22 00:04:21 WARNING:TensorToolbox.core.TensorTrainVec: MaxRank truncation. Cores 11-12. Required accuracy delta=3.513155e-07, accuracy met: 3.631464e+02
2025-09-22 00:04:21 WARNING:TensorToolbox.core.TensorTrainVec: MaxRank truncation. Cores 12-13. Required accuracy delta=3.513155e-07, accuracy met: 2.571296e+02
2025-09-22 00:04:21 WARNING:TensorToolbox.core.TensorTrainVec: MaxRank truncation. Cores 13-14. Required accuracy delta=3.513155e-07, accuracy met: 1.821149e+02
2025-09-22 00:04:21 WARNING:TensorToolbox.core.TensorTrainVec: MaxRank truncation. Cores 14-15. Required accuracy delta=3.513155e-07, accuracy met: 1.291900e+02
2025-09-22 00:04:21 WARNING:TensorToolbox.core.TensorTrainVec: MaxRank truncation. Cores 15-16. Required accuracy delta=3.513155e-07, accuracy met: 9.156454e+01
2025-09-22 00:04:21 WARNING:TensorToolbox.core.TensorTrainVec: MaxRank truncation. Cores 16-17. Required accuracy delta=3.513155e-07, accuracy met: 6.499497e+01
2025-09-22 00:04:21 WARNING:TensorToolbox.core.TensorTrainVec: MaxRank truncation. Cores 17-18. Required accuracy delta=3.513155e-07, accuracy met: 4.621215e+01
2025-09-22 00:04:21 WARNING:TensorToolbox.core.TensorTrainVec: MaxRank truncation. Cores 18-19. Required accuracy delta=3.513155e-07, accuracy met: 3.317217e+01
2025-09-22 00:04:21 WARNING:TensorToolbox.core.TensorTrainVec: MaxRank truncation. Cores 19-20. Required accuracy delta=3.513155e-07, accuracy met: 2.360113e+01
2025-09-22 00:04:21 WARNING:TensorToolbox.core.TensorTrainVec: MaxRank truncation. Cores 20-21. Required accuracy delta=3.513155e-07, accuracy met: 1.679920e+01
2025-09-22 00:04:21 WARNING:TensorToolbox.core.TensorTrainVec: MaxRank truncation. Cores 21-22. Required accuracy delta=3.513155e-07, accuracy met: 1.237026e+01
2025-09-22 00:04:21 WARNING:TensorToolbox.core.TensorTrainVec: MaxRank truncation. Cores 22-23. Required accuracy delta=3.513155e-07, accuracy met: 8.990502e+00
2025-09-22 00:04:21 WARNING:TensorToolbox.core.TensorTrainVec: MaxRank truncation. Cores 23-24. Required accuracy delta=3.513155e-07, accuracy met: 6.381898e+00
2025-09-22 00:04:21 WARNING:TensorToolbox.core.TensorTrainVec: MaxRank truncation. Cores 24-25. Required accuracy delta=3.513155e-07, accuracy met: 4.365513e+00
2025-09-22 00:04:21 WARNING:TensorToolbox.core.TensorTrainVec: MaxRank truncation. Cores 25-26. Required accuracy delta=3.513155e-07, accuracy met: 2.985607e+00
2025-09-22 00:04:21 WARNING:TensorToolbox.core.TensorTrainVec: MaxRank truncation. Cores 26-27. Required accuracy delta=3.513155e-07, accuracy met: 1.437742e+00
tt_from_dense wtime: 190.54819986099028
random wtime: 6.402719669989892
2025-09-22 00:06:17 WARNING:TensorToolbox.core.TensorTrainVec: MaxRank truncation. Cores 2-3. Required accuracy delta=3.513187e-07, accuracy met: 3.343756e+03
2025-09-22 00:07:10 WARNING:TensorToolbox.core.TensorTrainVec: MaxRank truncation. Cores 3-4. Required accuracy delta=3.513187e-07, accuracy met: 6.255835e+03
2025-09-22 00:07:38 WARNING:TensorToolbox.core.TensorTrainVec: MaxRank truncation. Cores 4-5. Required accuracy delta=3.513187e-07, accuracy met: 4.424019e+03
2025-09-22 00:07:50 WARNING:TensorToolbox.core.TensorTrainVec: MaxRank truncation. Cores 5-6. Required accuracy delta=3.513187e-07, accuracy met: 3.128699e+03
2025-09-22 00:07:55 WARNING:TensorToolbox.core.TensorTrainVec: MaxRank truncation. Cores 6-7. Required accuracy delta=3.513187e-07, accuracy met: 2.212710e+03
2025-09-22 00:07:57 WARNING:TensorToolbox.core.TensorTrainVec: MaxRank truncation. Cores 7-8. Required accuracy delta=3.513187e-07, accuracy met: 1.564939e+03
2025-09-22 00:07:59 WARNING:TensorToolbox.core.TensorTrainVec: MaxRank truncation. Cores 8-9. Required accuracy delta=3.513187e-07, accuracy met: 1.106972e+03
2025-09-22 00:07:59 WARNING:TensorToolbox.core.TensorTrainVec: MaxRank truncation. Cores 9-10. Required accuracy delta=3.513187e-07, accuracy met: 7.831193e+02
2025-09-22 00:08:00 WARNING:TensorToolbox.core.TensorTrainVec: MaxRank truncation. Cores 10-11. Required accuracy delta=3.513187e-07, accuracy met: 5.540334e+02
2025-09-22 00:08:00 WARNING:TensorToolbox.core.TensorTrainVec: MaxRank truncation. Cores 11-12. Required accuracy delta=3.513187e-07, accuracy met: 3.924383e+02
2025-09-22 00:08:00 WARNING:TensorToolbox.core.TensorTrainVec: MaxRank truncation. Cores 12-13. Required accuracy delta=3.513187e-07, accuracy met: 2.779644e+02
2025-09-22 00:08:00 WARNING:TensorToolbox.core.TensorTrainVec: MaxRank truncation. Cores 13-14. Required accuracy delta=3.513187e-07, accuracy met: 1.964932e+02
2025-09-22 00:08:00 WARNING:TensorToolbox.core.TensorTrainVec: MaxRank truncation. Cores 14-15. Required accuracy delta=3.513187e-07, accuracy met: 1.396465e+02
2025-09-22 00:08:00 WARNING:TensorToolbox.core.TensorTrainVec: MaxRank truncation. Cores 15-16. Required accuracy delta=3.513187e-07, accuracy met: 9.909919e+01
2025-09-22 00:08:00 WARNING:TensorToolbox.core.TensorTrainVec: MaxRank truncation. Cores 16-17. Required accuracy delta=3.513187e-07, accuracy met: 7.056326e+01
2025-09-22 00:08:00 WARNING:TensorToolbox.core.TensorTrainVec: MaxRank truncation. Cores 17-18. Required accuracy delta=3.513187e-07, accuracy met: 5.009772e+01
2025-09-22 00:08:00 WARNING:TensorToolbox.core.TensorTrainVec: MaxRank truncation. Cores 18-19. Required accuracy delta=3.513187e-07, accuracy met: 3.595596e+01
2025-09-22 00:08:00 WARNING:TensorToolbox.core.TensorTrainVec: MaxRank truncation. Cores 19-20. Required accuracy delta=3.513187e-07, accuracy met: 2.569170e+01
2025-09-22 00:08:00 WARNING:TensorToolbox.core.TensorTrainVec: MaxRank truncation. Cores 20-21. Required accuracy delta=3.513187e-07, accuracy met: 1.862511e+01
2025-09-22 00:08:00 WARNING:TensorToolbox.core.TensorTrainVec: MaxRank truncation. Cores 21-22. Required accuracy delta=3.513187e-07, accuracy met: 1.360388e+01
2025-09-22 00:08:00 WARNING:TensorToolbox.core.TensorTrainVec: MaxRank truncation. Cores 22-23. Required accuracy delta=3.513187e-07, accuracy met: 1.001613e+01
2025-09-22 00:08:00 WARNING:TensorToolbox.core.TensorTrainVec: MaxRank truncation. Cores 23-24. Required accuracy delta=3.513187e-07, accuracy met: 7.164530e+00
2025-09-22 00:08:00 WARNING:TensorToolbox.core.TensorTrainVec: MaxRank truncation. Cores 24-25. Required accuracy delta=3.513187e-07, accuracy met: 5.455016e+00
2025-09-22 00:08:00 WARNING:TensorToolbox.core.TensorTrainVec: MaxRank truncation. Cores 25-26. Required accuracy delta=3.513187e-07, accuracy met: 3.711901e+00
2025-09-22 00:08:00 WARNING:TensorToolbox.core.TensorTrainVec: MaxRank truncation. Cores 26-27. Required accuracy delta=3.513187e-07, accuracy met: 1.140513e+00
tt_from_dense wtime: 210.8332500599936
2025-09-22 00:09:48 WARNING:TensorToolbox.core.TensorTrainVec: MaxRank truncation. Cores 2-3. Required accuracy delta=3.513187e-07, accuracy met: 3.343756e+03
2025-09-22 00:10:40 WARNING:TensorToolbox.core.TensorTrainVec: MaxRank truncation. Cores 3-4. Required accuracy delta=3.513187e-07, accuracy met: 6.255835e+03
2025-09-22 00:11:09 WARNING:TensorToolbox.core.TensorTrainVec: MaxRank truncation. Cores 4-5. Required accuracy delta=3.513187e-07, accuracy met: 4.424019e+03
2025-09-22 00:11:20 WARNING:TensorToolbox.core.TensorTrainVec: MaxRank truncation. Cores 5-6. Required accuracy delta=3.513187e-07, accuracy met: 3.128699e+03
2025-09-22 00:11:26 WARNING:TensorToolbox.core.TensorTrainVec: MaxRank truncation. Cores 6-7. Required accuracy delta=3.513187e-07, accuracy met: 2.212710e+03
2025-09-22 00:11:28 WARNING:TensorToolbox.core.TensorTrainVec: MaxRank truncation. Cores 7-8. Required accuracy delta=3.513187e-07, accuracy met: 1.564939e+03
2025-09-22 00:11:29 WARNING:TensorToolbox.core.TensorTrainVec: MaxRank truncation. Cores 8-9. Required accuracy delta=3.513187e-07, accuracy met: 1.106972e+03
2025-09-22 00:11:30 WARNING:TensorToolbox.core.TensorTrainVec: MaxRank truncation. Cores 9-10. Required accuracy delta=3.513187e-07, accuracy met: 7.831193e+02
2025-09-22 00:11:30 WARNING:TensorToolbox.core.TensorTrainVec: MaxRank truncation. Cores 10-11. Required accuracy delta=3.513187e-07, accuracy met: 5.540334e+02
2025-09-22 00:11:31 WARNING:TensorToolbox.core.TensorTrainVec: MaxRank truncation. Cores 11-12. Required accuracy delta=3.513187e-07, accuracy met: 3.924383e+02
2025-09-22 00:11:31 WARNING:TensorToolbox.core.TensorTrainVec: MaxRank truncation. Cores 12-13. Required accuracy delta=3.513187e-07, accuracy met: 2.779644e+02
2025-09-22 00:11:31 WARNING:TensorToolbox.core.TensorTrainVec: MaxRank truncation. Cores 13-14. Required accuracy delta=3.513187e-07, accuracy met: 1.964932e+02
2025-09-22 00:11:31 WARNING:TensorToolbox.core.TensorTrainVec: MaxRank truncation. Cores 14-15. Required accuracy delta=3.513187e-07, accuracy met: 1.396465e+02
2025-09-22 00:11:31 WARNING:TensorToolbox.core.TensorTrainVec: MaxRank truncation. Cores 15-16. Required accuracy delta=3.513187e-07, accuracy met: 9.909919e+01
2025-09-22 00:11:31 WARNING:TensorToolbox.core.TensorTrainVec: MaxRank truncation. Cores 16-17. Required accuracy delta=3.513187e-07, accuracy met: 7.056326e+01
2025-09-22 00:11:31 WARNING:TensorToolbox.core.TensorTrainVec: MaxRank truncation. Cores 17-18. Required accuracy delta=3.513187e-07, accuracy met: 5.009772e+01
2025-09-22 00:11:31 WARNING:TensorToolbox.core.TensorTrainVec: MaxRank truncation. Cores 18-19. Required accuracy delta=3.513187e-07, accuracy met: 3.595596e+01
2025-09-22 00:11:31 WARNING:TensorToolbox.core.TensorTrainVec: MaxRank truncation. Cores 19-20. Required accuracy delta=3.513187e-07, accuracy met: 2.569170e+01
2025-09-22 00:11:31 WARNING:TensorToolbox.core.TensorTrainVec: MaxRank truncation. Cores 20-21. Required accuracy delta=3.513187e-07, accuracy met: 1.862511e+01
2025-09-22 00:11:31 WARNING:TensorToolbox.core.TensorTrainVec: MaxRank truncation. Cores 21-22. Required accuracy delta=3.513187e-07, accuracy met: 1.360388e+01
2025-09-22 00:11:31 WARNING:TensorToolbox.core.TensorTrainVec: MaxRank truncation. Cores 22-23. Required accuracy delta=3.513187e-07, accuracy met: 1.001613e+01
2025-09-22 00:11:31 WARNING:TensorToolbox.core.TensorTrainVec: MaxRank truncation. Cores 23-24. Required accuracy delta=3.513187e-07, accuracy met: 7.164530e+00
2025-09-22 00:11:31 WARNING:TensorToolbox.core.TensorTrainVec: MaxRank truncation. Cores 24-25. Required accuracy delta=3.513187e-07, accuracy met: 5.455016e+00
2025-09-22 00:11:31 WARNING:TensorToolbox.core.TensorTrainVec: MaxRank truncation. Cores 25-26. Required accuracy delta=3.513187e-07, accuracy met: 3.711901e+00
2025-09-22 00:11:31 WARNING:TensorToolbox.core.TensorTrainVec: MaxRank truncation. Cores 26-27. Required accuracy delta=3.513187e-07, accuracy met: 1.140513e+00
tt_from_dense wtime: 210.62355711500277
random wtime: 6.410401183005888
2025-09-22 00:14:29 WARNING:TensorToolbox.core.TensorTrainVec: MaxRank truncation. Cores 3-4. Required accuracy delta=3.513051e-07, accuracy met: 6.687467e+03
2025-09-22 00:15:01 WARNING:TensorToolbox.core.TensorTrainVec: MaxRank truncation. Cores 4-5. Required accuracy delta=3.513051e-07, accuracy met: 4.729440e+03
2025-09-22 00:15:15 WARNING:TensorToolbox.core.TensorTrainVec: MaxRank truncation. Cores 5-6. Required accuracy delta=3.513051e-07, accuracy met: 3.344485e+03
2025-09-22 00:15:21 WARNING:TensorToolbox.core.TensorTrainVec: MaxRank truncation. Cores 6-7. Required accuracy delta=3.513051e-07, accuracy met: 2.365330e+03
2025-09-22 00:15:24 WARNING:TensorToolbox.core.TensorTrainVec: MaxRank truncation. Cores 7-8. Required accuracy delta=3.513051e-07, accuracy met: 1.672918e+03
2025-09-22 00:15:25 WARNING:TensorToolbox.core.TensorTrainVec: MaxRank truncation. Cores 8-9. Required accuracy delta=3.513051e-07, accuracy met: 1.183614e+03
2025-09-22 00:15:26 WARNING:TensorToolbox.core.TensorTrainVec: MaxRank truncation. Cores 9-10. Required accuracy delta=3.513051e-07, accuracy met: 8.374066e+02
2025-09-22 00:15:27 WARNING:TensorToolbox.core.TensorTrainVec: MaxRank truncation. Cores 10-11. Required accuracy delta=3.513051e-07, accuracy met: 5.926730e+02
2025-09-22 00:15:27 WARNING:TensorToolbox.core.TensorTrainVec: MaxRank truncation. Cores 11-12. Required accuracy delta=3.513051e-07, accuracy met: 4.195066e+02
2025-09-22 00:15:27 WARNING:TensorToolbox.core.TensorTrainVec: MaxRank truncation. Cores 12-13. Required accuracy delta=3.513051e-07, accuracy met: 2.970079e+02
2025-09-22 00:15:27 WARNING:TensorToolbox.core.TensorTrainVec: MaxRank truncation. Cores 13-14. Required accuracy delta=3.513051e-07, accuracy met: 2.106960e+02
2025-09-22 00:15:27 WARNING:TensorToolbox.core.TensorTrainVec: MaxRank truncation. Cores 14-15. Required accuracy delta=3.513051e-07, accuracy met: 1.492746e+02
2025-09-22 00:15:27 WARNING:TensorToolbox.core.TensorTrainVec: MaxRank truncation. Cores 15-16. Required accuracy delta=3.513051e-07, accuracy met: 1.059986e+02
2025-09-22 00:15:27 WARNING:TensorToolbox.core.TensorTrainVec: MaxRank truncation. Cores 16-17. Required accuracy delta=3.513051e-07, accuracy met: 7.539692e+01
2025-09-22 00:15:27 WARNING:TensorToolbox.core.TensorTrainVec: MaxRank truncation. Cores 17-18. Required accuracy delta=3.513051e-07, accuracy met: 5.375702e+01
2025-09-22 00:15:27 WARNING:TensorToolbox.core.TensorTrainVec: MaxRank truncation. Cores 18-19. Required accuracy delta=3.513051e-07, accuracy met: 3.835567e+01
2025-09-22 00:15:27 WARNING:TensorToolbox.core.TensorTrainVec: MaxRank truncation. Cores 19-20. Required accuracy delta=3.513051e-07, accuracy met: 2.748724e+01
2025-09-22 00:15:27 WARNING:TensorToolbox.core.TensorTrainVec: MaxRank truncation. Cores 20-21. Required accuracy delta=3.513051e-07, accuracy met: 2.007819e+01
2025-09-22 00:15:27 WARNING:TensorToolbox.core.TensorTrainVec: MaxRank truncation. Cores 21-22. Required accuracy delta=3.513051e-07, accuracy met: 1.475039e+01
2025-09-22 00:15:27 WARNING:TensorToolbox.core.TensorTrainVec: MaxRank truncation. Cores 22-23. Required accuracy delta=3.513051e-07, accuracy met: 1.052731e+01
2025-09-22 00:15:27 WARNING:TensorToolbox.core.TensorTrainVec: MaxRank truncation. Cores 23-24. Required accuracy delta=3.513051e-07, accuracy met: 7.572781e+00
2025-09-22 00:15:27 WARNING:TensorToolbox.core.TensorTrainVec: MaxRank truncation. Cores 24-25. Required accuracy delta=3.513051e-07, accuracy met: 5.355912e+00
2025-09-22 00:15:27 WARNING:TensorToolbox.core.TensorTrainVec: MaxRank truncation. Cores 25-26. Required accuracy delta=3.513051e-07, accuracy met: 3.604572e+00
tt_from_dense wtime: 228.2231911130075
2025-09-22 00:18:15 WARNING:TensorToolbox.core.TensorTrainVec: MaxRank truncation. Cores 3-4. Required accuracy delta=3.513051e-07, accuracy met: 6.687467e+03
2025-09-22 00:18:47 WARNING:TensorToolbox.core.TensorTrainVec: MaxRank truncation. Cores 4-5. Required accuracy delta=3.513051e-07, accuracy met: 4.729440e+03
2025-09-22 00:19:00 WARNING:TensorToolbox.core.TensorTrainVec: MaxRank truncation. Cores 5-6. Required accuracy delta=3.513051e-07, accuracy met: 3.344485e+03
2025-09-22 00:19:06 WARNING:TensorToolbox.core.TensorTrainVec: MaxRank truncation. Cores 6-7. Required accuracy delta=3.513051e-07, accuracy met: 2.365330e+03
2025-09-22 00:19:09 WARNING:TensorToolbox.core.TensorTrainVec: MaxRank truncation. Cores 7-8. Required accuracy delta=3.513051e-07, accuracy met: 1.672918e+03
2025-09-22 00:19:11 WARNING:TensorToolbox.core.TensorTrainVec: MaxRank truncation. Cores 8-9. Required accuracy delta=3.513051e-07, accuracy met: 1.183614e+03
2025-09-22 00:19:12 WARNING:TensorToolbox.core.TensorTrainVec: MaxRank truncation. Cores 9-10. Required accuracy delta=3.513051e-07, accuracy met: 8.374066e+02
2025-09-22 00:19:12 WARNING:TensorToolbox.core.TensorTrainVec: MaxRank truncation. Cores 10-11. Required accuracy delta=3.513051e-07, accuracy met: 5.926730e+02
2025-09-22 00:19:12 WARNING:TensorToolbox.core.TensorTrainVec: MaxRank truncation. Cores 11-12. Required accuracy delta=3.513051e-07, accuracy met: 4.195066e+02
2025-09-22 00:19:12 WARNING:TensorToolbox.core.TensorTrainVec: MaxRank truncation. Cores 12-13. Required accuracy delta=3.513051e-07, accuracy met: 2.970079e+02
2025-09-22 00:19:13 WARNING:TensorToolbox.core.TensorTrainVec: MaxRank truncation. Cores 13-14. Required accuracy delta=3.513051e-07, accuracy met: 2.106960e+02
2025-09-22 00:19:13 WARNING:TensorToolbox.core.TensorTrainVec: MaxRank truncation. Cores 14-15. Required accuracy delta=3.513051e-07, accuracy met: 1.492746e+02
2025-09-22 00:19:13 WARNING:TensorToolbox.core.TensorTrainVec: MaxRank truncation. Cores 15-16. Required accuracy delta=3.513051e-07, accuracy met: 1.059986e+02
2025-09-22 00:19:13 WARNING:TensorToolbox.core.TensorTrainVec: MaxRank truncation. Cores 16-17. Required accuracy delta=3.513051e-07, accuracy met: 7.539692e+01
2025-09-22 00:19:13 WARNING:TensorToolbox.core.TensorTrainVec: MaxRank truncation. Cores 17-18. Required accuracy delta=3.513051e-07, accuracy met: 5.375702e+01
2025-09-22 00:19:13 WARNING:TensorToolbox.core.TensorTrainVec: MaxRank truncation. Cores 18-19. Required accuracy delta=3.513051e-07, accuracy met: 3.835567e+01
2025-09-22 00:19:13 WARNING:TensorToolbox.core.TensorTrainVec: MaxRank truncation. Cores 19-20. Required accuracy delta=3.513051e-07, accuracy met: 2.748724e+01
2025-09-22 00:19:13 WARNING:TensorToolbox.core.TensorTrainVec: MaxRank truncation. Cores 20-21. Required accuracy delta=3.513051e-07, accuracy met: 2.007819e+01
2025-09-22 00:19:13 WARNING:TensorToolbox.core.TensorTrainVec: MaxRank truncation. Cores 21-22. Required accuracy delta=3.513051e-07, accuracy met: 1.475039e+01
2025-09-22 00:19:13 WARNING:TensorToolbox.core.TensorTrainVec: MaxRank truncation. Cores 22-23. Required accuracy delta=3.513051e-07, accuracy met: 1.052731e+01
2025-09-22 00:19:13 WARNING:TensorToolbox.core.TensorTrainVec: MaxRank truncation. Cores 23-24. Required accuracy delta=3.513051e-07, accuracy met: 7.572781e+00
2025-09-22 00:19:13 WARNING:TensorToolbox.core.TensorTrainVec: MaxRank truncation. Cores 24-25. Required accuracy delta=3.513051e-07, accuracy met: 5.355912e+00
2025-09-22 00:19:13 WARNING:TensorToolbox.core.TensorTrainVec: MaxRank truncation. Cores 25-26. Required accuracy delta=3.513051e-07, accuracy met: 3.604572e+00
tt_from_dense wtime: 225.40067084399925
random wtime: 6.412704143993324
2025-09-22 00:22:11 WARNING:TensorToolbox.core.TensorTrainVec: MaxRank truncation. Cores 3-4. Required accuracy delta=3.513118e-07, accuracy met: 6.255344e+03
2025-09-22 00:22:48 WARNING:TensorToolbox.core.TensorTrainVec: MaxRank truncation. Cores 4-5. Required accuracy delta=3.513118e-07, accuracy met: 5.015962e+03
2025-09-22 00:23:04 WARNING:TensorToolbox.core.TensorTrainVec: MaxRank truncation. Cores 5-6. Required accuracy delta=3.513118e-07, accuracy met: 3.547643e+03
2025-09-22 00:23:11 WARNING:TensorToolbox.core.TensorTrainVec: MaxRank truncation. Cores 6-7. Required accuracy delta=3.513118e-07, accuracy met: 2.508700e+03
2025-09-22 00:23:14 WARNING:TensorToolbox.core.TensorTrainVec: MaxRank truncation. Cores 7-8. Required accuracy delta=3.513118e-07, accuracy met: 1.774462e+03
2025-09-22 00:23:16 WARNING:TensorToolbox.core.TensorTrainVec: MaxRank truncation. Cores 8-9. Required accuracy delta=3.513118e-07, accuracy met: 1.255520e+03
2025-09-22 00:23:17 WARNING:TensorToolbox.core.TensorTrainVec: MaxRank truncation. Cores 9-10. Required accuracy delta=3.513118e-07, accuracy met: 8.882134e+02
2025-09-22 00:23:17 WARNING:TensorToolbox.core.TensorTrainVec: MaxRank truncation. Cores 10-11. Required accuracy delta=3.513118e-07, accuracy met: 6.286014e+02
2025-09-22 00:23:18 WARNING:TensorToolbox.core.TensorTrainVec: MaxRank truncation. Cores 11-12. Required accuracy delta=3.513118e-07, accuracy met: 4.449160e+02
2025-09-22 00:23:18 WARNING:TensorToolbox.core.TensorTrainVec: MaxRank truncation. Cores 12-13. Required accuracy delta=3.513118e-07, accuracy met: 3.151293e+02
2025-09-22 00:23:18 WARNING:TensorToolbox.core.TensorTrainVec: MaxRank truncation. Cores 13-14. Required accuracy delta=3.513118e-07, accuracy met: 2.233255e+02
2025-09-22 00:23:18 WARNING:TensorToolbox.core.TensorTrainVec: MaxRank truncation. Cores 14-15. Required accuracy delta=3.513118e-07, accuracy met: 1.585829e+02
2025-09-22 00:23:18 WARNING:TensorToolbox.core.TensorTrainVec: MaxRank truncation. Cores 15-16. Required accuracy delta=3.513118e-07, accuracy met: 1.125361e+02
2025-09-22 00:23:18 WARNING:TensorToolbox.core.TensorTrainVec: MaxRank truncation. Cores 16-17. Required accuracy delta=3.513118e-07, accuracy met: 8.029834e+01
2025-09-22 00:23:18 WARNING:TensorToolbox.core.TensorTrainVec: MaxRank truncation. Cores 17-18. Required accuracy delta=3.513118e-07, accuracy met: 5.713930e+01
2025-09-22 00:23:18 WARNING:TensorToolbox.core.TensorTrainVec: MaxRank truncation. Cores 18-19. Required accuracy delta=3.513118e-07, accuracy met: 4.088183e+01
2025-09-22 00:23:18 WARNING:TensorToolbox.core.TensorTrainVec: MaxRank truncation. Cores 19-20. Required accuracy delta=3.513118e-07, accuracy met: 2.931005e+01
2025-09-22 00:23:18 WARNING:TensorToolbox.core.TensorTrainVec: MaxRank truncation. Cores 20-21. Required accuracy delta=3.513118e-07, accuracy met: 2.137212e+01
2025-09-22 00:23:18 WARNING:TensorToolbox.core.TensorTrainVec: MaxRank truncation. Cores 21-22. Required accuracy delta=3.513118e-07, accuracy met: 1.520744e+01
2025-09-22 00:23:18 WARNING:TensorToolbox.core.TensorTrainVec: MaxRank truncation. Cores 22-23. Required accuracy delta=3.513118e-07, accuracy met: 1.110388e+01
2025-09-22 00:23:18 WARNING:TensorToolbox.core.TensorTrainVec: MaxRank truncation. Cores 23-24. Required accuracy delta=3.513118e-07, accuracy met: 8.546500e+00
2025-09-22 00:23:18 WARNING:TensorToolbox.core.TensorTrainVec: MaxRank truncation. Cores 24-25. Required accuracy delta=3.513118e-07, accuracy met: 5.651756e+00
2025-09-22 00:23:18 WARNING:TensorToolbox.core.TensorTrainVec: MaxRank truncation. Cores 25-26. Required accuracy delta=3.513118e-07, accuracy met: 3.449289e+00
tt_from_dense wtime: 237.26258987298934
2025-09-22 00:26:06 WARNING:TensorToolbox.core.TensorTrainVec: MaxRank truncation. Cores 3-4. Required accuracy delta=3.513118e-07, accuracy met: 6.255344e+03
2025-09-22 00:26:42 WARNING:TensorToolbox.core.TensorTrainVec: MaxRank truncation. Cores 4-5. Required accuracy delta=3.513118e-07, accuracy met: 5.015962e+03
2025-09-22 00:26:58 WARNING:TensorToolbox.core.TensorTrainVec: MaxRank truncation. Cores 5-6. Required accuracy delta=3.513118e-07, accuracy met: 3.547643e+03
2025-09-22 00:27:05 WARNING:TensorToolbox.core.TensorTrainVec: MaxRank truncation. Cores 6-7. Required accuracy delta=3.513118e-07, accuracy met: 2.508700e+03
2025-09-22 00:27:08 WARNING:TensorToolbox.core.TensorTrainVec: MaxRank truncation. Cores 7-8. Required accuracy delta=3.513118e-07, accuracy met: 1.774462e+03
2025-09-22 00:27:10 WARNING:TensorToolbox.core.TensorTrainVec: MaxRank truncation. Cores 8-9. Required accuracy delta=3.513118e-07, accuracy met: 1.255520e+03
2025-09-22 00:27:11 WARNING:TensorToolbox.core.TensorTrainVec: MaxRank truncation. Cores 9-10. Required accuracy delta=3.513118e-07, accuracy met: 8.882134e+02
2025-09-22 00:27:12 WARNING:TensorToolbox.core.TensorTrainVec: MaxRank truncation. Cores 10-11. Required accuracy delta=3.513118e-07, accuracy met: 6.286014e+02
2025-09-22 00:27:12 WARNING:TensorToolbox.core.TensorTrainVec: MaxRank truncation. Cores 11-12. Required accuracy delta=3.513118e-07, accuracy met: 4.449160e+02
2025-09-22 00:27:12 WARNING:TensorToolbox.core.TensorTrainVec: MaxRank truncation. Cores 12-13. Required accuracy delta=3.513118e-07, accuracy met: 3.151293e+02
2025-09-22 00:27:12 WARNING:TensorToolbox.core.TensorTrainVec: MaxRank truncation. Cores 13-14. Required accuracy delta=3.513118e-07, accuracy met: 2.233255e+02
2025-09-22 00:27:12 WARNING:TensorToolbox.core.TensorTrainVec: MaxRank truncation. Cores 14-15. Required accuracy delta=3.513118e-07, accuracy met: 1.585829e+02
2025-09-22 00:27:12 WARNING:TensorToolbox.core.TensorTrainVec: MaxRank truncation. Cores 15-16. Required accuracy delta=3.513118e-07, accuracy met: 1.125361e+02
2025-09-22 00:27:12 WARNING:TensorToolbox.core.TensorTrainVec: MaxRank truncation. Cores 16-17. Required accuracy delta=3.513118e-07, accuracy met: 8.029834e+01
2025-09-22 00:27:12 WARNING:TensorToolbox.core.TensorTrainVec: MaxRank truncation. Cores 17-18. Required accuracy delta=3.513118e-07, accuracy met: 5.713930e+01
2025-09-22 00:27:12 WARNING:TensorToolbox.core.TensorTrainVec: MaxRank truncation. Cores 18-19. Required accuracy delta=3.513118e-07, accuracy met: 4.088183e+01
2025-09-22 00:27:12 WARNING:TensorToolbox.core.TensorTrainVec: MaxRank truncation. Cores 19-20. Required accuracy delta=3.513118e-07, accuracy met: 2.931005e+01
2025-09-22 00:27:12 WARNING:TensorToolbox.core.TensorTrainVec: MaxRank truncation. Cores 20-21. Required accuracy delta=3.513118e-07, accuracy met: 2.137212e+01
2025-09-22 00:27:12 WARNING:TensorToolbox.core.TensorTrainVec: MaxRank truncation. Cores 21-22. Required accuracy delta=3.513118e-07, accuracy met: 1.520744e+01
2025-09-22 00:27:12 WARNING:TensorToolbox.core.TensorTrainVec: MaxRank truncation. Cores 22-23. Required accuracy delta=3.513118e-07, accuracy met: 1.110388e+01
2025-09-22 00:27:12 WARNING:TensorToolbox.core.TensorTrainVec: MaxRank truncation. Cores 23-24. Required accuracy delta=3.513118e-07, accuracy met: 8.546500e+00
2025-09-22 00:27:12 WARNING:TensorToolbox.core.TensorTrainVec: MaxRank truncation. Cores 24-25. Required accuracy delta=3.513118e-07, accuracy met: 5.651756e+00
2025-09-22 00:27:12 WARNING:TensorToolbox.core.TensorTrainVec: MaxRank truncation. Cores 25-26. Required accuracy delta=3.513118e-07, accuracy met: 3.449289e+00
tt_from_dense wtime: 234.18667619398911
random wtime: 6.4068554020050215
2025-09-22 00:30:10 WARNING:TensorToolbox.core.TensorTrainVec: MaxRank truncation. Cores 3-4. Required accuracy delta=3.513117e-07, accuracy met: 5.791254e+03
2025-09-22 00:30:54 WARNING:TensorToolbox.core.TensorTrainVec: MaxRank truncation. Cores 4-5. Required accuracy delta=3.513117e-07, accuracy met: 5.287414e+03
2025-09-22 00:31:12 WARNING:TensorToolbox.core.TensorTrainVec: MaxRank truncation. Cores 5-6. Required accuracy delta=3.513117e-07, accuracy met: 3.739198e+03
2025-09-22 00:31:20 WARNING:TensorToolbox.core.TensorTrainVec: MaxRank truncation. Cores 6-7. Required accuracy delta=3.513117e-07, accuracy met: 2.644691e+03
2025-09-22 00:31:24 WARNING:TensorToolbox.core.TensorTrainVec: MaxRank truncation. Cores 7-8. Required accuracy delta=3.513117e-07, accuracy met: 1.870745e+03
2025-09-22 00:31:26 WARNING:TensorToolbox.core.TensorTrainVec: MaxRank truncation. Cores 8-9. Required accuracy delta=3.513117e-07, accuracy met: 1.323445e+03
2025-09-22 00:31:27 WARNING:TensorToolbox.core.TensorTrainVec: MaxRank truncation. Cores 9-10. Required accuracy delta=3.513117e-07, accuracy met: 9.362675e+02
2025-09-22 00:31:28 WARNING:TensorToolbox.core.TensorTrainVec: MaxRank truncation. Cores 10-11. Required accuracy delta=3.513117e-07, accuracy met: 6.627035e+02
2025-09-22 00:31:28 WARNING:TensorToolbox.core.TensorTrainVec: MaxRank truncation. Cores 11-12. Required accuracy delta=3.513117e-07, accuracy met: 4.690938e+02
2025-09-22 00:31:28 WARNING:TensorToolbox.core.TensorTrainVec: MaxRank truncation. Cores 12-13. Required accuracy delta=3.513117e-07, accuracy met: 3.325015e+02
2025-09-22 00:31:28 WARNING:TensorToolbox.core.TensorTrainVec: MaxRank truncation. Cores 13-14. Required accuracy delta=3.513117e-07, accuracy met: 2.357138e+02
2025-09-22 00:31:28 WARNING:TensorToolbox.core.TensorTrainVec: MaxRank truncation. Cores 14-15. Required accuracy delta=3.513117e-07, accuracy met: 1.672966e+02
2025-09-22 00:31:28 WARNING:TensorToolbox.core.TensorTrainVec: MaxRank truncation. Cores 15-16. Required accuracy delta=3.513117e-07, accuracy met: 1.190686e+02
2025-09-22 00:31:28 WARNING:TensorToolbox.core.TensorTrainVec: MaxRank truncation. Cores 16-17. Required accuracy delta=3.513117e-07, accuracy met: 8.476314e+01
2025-09-22 00:31:28 WARNING:TensorToolbox.core.TensorTrainVec: MaxRank truncation. Cores 17-18. Required accuracy delta=3.513117e-07, accuracy met: 6.060482e+01
2025-09-22 00:31:28 WARNING:TensorToolbox.core.TensorTrainVec: MaxRank truncation. Cores 18-19. Required accuracy delta=3.513117e-07, accuracy met: 4.332033e+01
2025-09-22 00:31:28 WARNING:TensorToolbox.core.TensorTrainVec: MaxRank truncation. Cores 19-20. Required accuracy delta=3.513117e-07, accuracy met: 3.121306e+01
2025-09-22 00:31:28 WARNING:TensorToolbox.core.TensorTrainVec: MaxRank truncation. Cores 20-21. Required accuracy delta=3.513117e-07, accuracy met: 2.257670e+01
2025-09-22 00:31:28 WARNING:TensorToolbox.core.TensorTrainVec: MaxRank truncation. Cores 21-22. Required accuracy delta=3.513117e-07, accuracy met: 1.626192e+01
2025-09-22 00:31:28 WARNING:TensorToolbox.core.TensorTrainVec: MaxRank truncation. Cores 22-23. Required accuracy delta=3.513117e-07, accuracy met: 1.201655e+01
2025-09-22 00:31:28 WARNING:TensorToolbox.core.TensorTrainVec: MaxRank truncation. Cores 23-24. Required accuracy delta=3.513117e-07, accuracy met: 8.719797e+00
2025-09-22 00:31:28 WARNING:TensorToolbox.core.TensorTrainVec: MaxRank truncation. Cores 24-25. Required accuracy delta=3.513117e-07, accuracy met: 6.063928e+00
2025-09-22 00:31:28 WARNING:TensorToolbox.core.TensorTrainVec: MaxRank truncation. Cores 25-26. Required accuracy delta=3.513117e-07, accuracy met: 3.617516e+00
tt_from_dense wtime: 247.46993567499158
2025-09-22 00:34:16 WARNING:TensorToolbox.core.TensorTrainVec: MaxRank truncation. Cores 3-4. Required accuracy delta=3.513117e-07, accuracy met: 5.791254e+03
2025-09-22 00:34:59 WARNING:TensorToolbox.core.TensorTrainVec: MaxRank truncation. Cores 4-5. Required accuracy delta=3.513117e-07, accuracy met: 5.287414e+03
2025-09-22 00:35:17 WARNING:TensorToolbox.core.TensorTrainVec: MaxRank truncation. Cores 5-6. Required accuracy delta=3.513117e-07, accuracy met: 3.739198e+03
2025-09-22 00:35:25 WARNING:TensorToolbox.core.TensorTrainVec: MaxRank truncation. Cores 6-7. Required accuracy delta=3.513117e-07, accuracy met: 2.644691e+03
2025-09-22 00:35:29 WARNING:TensorToolbox.core.TensorTrainVec: MaxRank truncation. Cores 7-8. Required accuracy delta=3.513117e-07, accuracy met: 1.870745e+03
2025-09-22 00:35:31 WARNING:TensorToolbox.core.TensorTrainVec: MaxRank truncation. Cores 8-9. Required accuracy delta=3.513117e-07, accuracy met: 1.323445e+03
2025-09-22 00:35:32 WARNING:TensorToolbox.core.TensorTrainVec: MaxRank truncation. Cores 9-10. Required accuracy delta=3.513117e-07, accuracy met: 9.362675e+02
2025-09-22 00:35:33 WARNING:TensorToolbox.core.TensorTrainVec: MaxRank truncation. Cores 10-11. Required accuracy delta=3.513117e-07, accuracy met: 6.627035e+02
2025-09-22 00:35:33 WARNING:TensorToolbox.core.TensorTrainVec: MaxRank truncation. Cores 11-12. Required accuracy delta=3.513117e-07, accuracy met: 4.690938e+02
2025-09-22 00:35:33 WARNING:TensorToolbox.core.TensorTrainVec: MaxRank truncation. Cores 12-13. Required accuracy delta=3.513117e-07, accuracy met: 3.325015e+02
2025-09-22 00:35:33 WARNING:TensorToolbox.core.TensorTrainVec: MaxRank truncation. Cores 13-14. Required accuracy delta=3.513117e-07, accuracy met: 2.357138e+02
2025-09-22 00:35:33 WARNING:TensorToolbox.core.TensorTrainVec: MaxRank truncation. Cores 14-15. Required accuracy delta=3.513117e-07, accuracy met: 1.672966e+02
2025-09-22 00:35:33 WARNING:TensorToolbox.core.TensorTrainVec: MaxRank truncation. Cores 15-16. Required accuracy delta=3.513117e-07, accuracy met: 1.190686e+02
2025-09-22 00:35:33 WARNING:TensorToolbox.core.TensorTrainVec: MaxRank truncation. Cores 16-17. Required accuracy delta=3.513117e-07, accuracy met: 8.476314e+01
2025-09-22 00:35:33 WARNING:TensorToolbox.core.TensorTrainVec: MaxRank truncation. Cores 17-18. Required accuracy delta=3.513117e-07, accuracy met: 6.060482e+01
2025-09-22 00:35:33 WARNING:TensorToolbox.core.TensorTrainVec: MaxRank truncation. Cores 18-19. Required accuracy delta=3.513117e-07, accuracy met: 4.332033e+01
2025-09-22 00:35:33 WARNING:TensorToolbox.core.TensorTrainVec: MaxRank truncation. Cores 19-20. Required accuracy delta=3.513117e-07, accuracy met: 3.121306e+01
2025-09-22 00:35:33 WARNING:TensorToolbox.core.TensorTrainVec: MaxRank truncation. Cores 20-21. Required accuracy delta=3.513117e-07, accuracy met: 2.257670e+01
2025-09-22 00:35:33 WARNING:TensorToolbox.core.TensorTrainVec: MaxRank truncation. Cores 21-22. Required accuracy delta=3.513117e-07, accuracy met: 1.626192e+01
2025-09-22 00:35:33 WARNING:TensorToolbox.core.TensorTrainVec: MaxRank truncation. Cores 22-23. Required accuracy delta=3.513117e-07, accuracy met: 1.201655e+01
2025-09-22 00:35:33 WARNING:TensorToolbox.core.TensorTrainVec: MaxRank truncation. Cores 23-24. Required accuracy delta=3.513117e-07, accuracy met: 8.719797e+00
2025-09-22 00:35:33 WARNING:TensorToolbox.core.TensorTrainVec: MaxRank truncation. Cores 24-25. Required accuracy delta=3.513117e-07, accuracy met: 6.063928e+00
2025-09-22 00:35:33 WARNING:TensorToolbox.core.TensorTrainVec: MaxRank truncation. Cores 25-26. Required accuracy delta=3.513117e-07, accuracy met: 3.617516e+00
tt_from_dense wtime: 244.82830684400687
random wtime: 6.43518021600903
2025-09-22 00:38:28 WARNING:TensorToolbox.core.TensorTrainVec: MaxRank truncation. Cores 3-4. Required accuracy delta=3.513113e-07, accuracy met: 5.286616e+03
2025-09-22 00:39:17 WARNING:TensorToolbox.core.TensorTrainVec: MaxRank truncation. Cores 4-5. Required accuracy delta=3.513113e-07, accuracy met: 5.544969e+03
2025-09-22 00:39:36 WARNING:TensorToolbox.core.TensorTrainVec: MaxRank truncation. Cores 5-6. Required accuracy delta=3.513113e-07, accuracy met: 3.921565e+03
2025-09-22 00:39:45 WARNING:TensorToolbox.core.TensorTrainVec: MaxRank truncation. Cores 6-7. Required accuracy delta=3.513113e-07, accuracy met: 2.773644e+03
2025-09-22 00:39:50 WARNING:TensorToolbox.core.TensorTrainVec: MaxRank truncation. Cores 7-8. Required accuracy delta=3.513113e-07, accuracy met: 1.962136e+03
2025-09-22 00:39:52 WARNING:TensorToolbox.core.TensorTrainVec: MaxRank truncation. Cores 8-9. Required accuracy delta=3.513113e-07, accuracy met: 1.388293e+03
2025-09-22 00:39:53 WARNING:TensorToolbox.core.TensorTrainVec: MaxRank truncation. Cores 9-10. Required accuracy delta=3.513113e-07, accuracy met: 9.820473e+02
2025-09-22 00:39:54 WARNING:TensorToolbox.core.TensorTrainVec: MaxRank truncation. Cores 10-11. Required accuracy delta=3.513113e-07, accuracy met: 6.950322e+02
2025-09-22 00:39:54 WARNING:TensorToolbox.core.TensorTrainVec: MaxRank truncation. Cores 11-12. Required accuracy delta=3.513113e-07, accuracy met: 4.924485e+02
2025-09-22 00:39:55 WARNING:TensorToolbox.core.TensorTrainVec: MaxRank truncation. Cores 12-13. Required accuracy delta=3.513113e-07, accuracy met: 3.489142e+02
2025-09-22 00:39:55 WARNING:TensorToolbox.core.TensorTrainVec: MaxRank truncation. Cores 13-14. Required accuracy delta=3.513113e-07, accuracy met: 2.473939e+02
2025-09-22 00:39:55 WARNING:TensorToolbox.core.TensorTrainVec: MaxRank truncation. Cores 14-15. Required accuracy delta=3.513113e-07, accuracy met: 1.754330e+02
2025-09-22 00:39:55 WARNING:TensorToolbox.core.TensorTrainVec: MaxRank truncation. Cores 15-16. Required accuracy delta=3.513113e-07, accuracy met: 1.247914e+02
2025-09-22 00:39:55 WARNING:TensorToolbox.core.TensorTrainVec: MaxRank truncation. Cores 16-17. Required accuracy delta=3.513113e-07, accuracy met: 8.884126e+01
2025-09-22 00:39:55 WARNING:TensorToolbox.core.TensorTrainVec: MaxRank truncation. Cores 17-18. Required accuracy delta=3.513113e-07, accuracy met: 6.355847e+01
2025-09-22 00:39:55 WARNING:TensorToolbox.core.TensorTrainVec: MaxRank truncation. Cores 18-19. Required accuracy delta=3.513113e-07, accuracy met: 4.548087e+01
2025-09-22 00:39:55 WARNING:TensorToolbox.core.TensorTrainVec: MaxRank truncation. Cores 19-20. Required accuracy delta=3.513113e-07, accuracy met: 3.248029e+01
2025-09-22 00:39:55 WARNING:TensorToolbox.core.TensorTrainVec: MaxRank truncation. Cores 20-21. Required accuracy delta=3.513113e-07, accuracy met: 2.389550e+01
2025-09-22 00:39:55 WARNING:TensorToolbox.core.TensorTrainVec: MaxRank truncation. Cores 21-22. Required accuracy delta=3.513113e-07, accuracy met: 1.740963e+01
2025-09-22 00:39:55 WARNING:TensorToolbox.core.TensorTrainVec: MaxRank truncation. Cores 22-23. Required accuracy delta=3.513113e-07, accuracy met: 1.250780e+01
2025-09-22 00:39:55 WARNING:TensorToolbox.core.TensorTrainVec: MaxRank truncation. Cores 23-24. Required accuracy delta=3.513113e-07, accuracy met: 9.066889e+00
2025-09-22 00:39:55 WARNING:TensorToolbox.core.TensorTrainVec: MaxRank truncation. Cores 24-25. Required accuracy delta=3.513113e-07, accuracy met: 6.938096e+00
2025-09-22 00:39:55 WARNING:TensorToolbox.core.TensorTrainVec: MaxRank truncation. Cores 25-26. Required accuracy delta=3.513113e-07, accuracy met: 3.467603e+00
tt_from_dense wtime: 252.66422862399486
2025-09-22 00:42:39 WARNING:TensorToolbox.core.TensorTrainVec: MaxRank truncation. Cores 3-4. Required accuracy delta=3.513113e-07, accuracy met: 5.286616e+03
2025-09-22 00:43:26 WARNING:TensorToolbox.core.TensorTrainVec: MaxRank truncation. Cores 4-5. Required accuracy delta=3.513113e-07, accuracy met: 5.544969e+03
2025-09-22 00:43:46 WARNING:TensorToolbox.core.TensorTrainVec: MaxRank truncation. Cores 5-6. Required accuracy delta=3.513113e-07, accuracy met: 3.921565e+03
2025-09-22 00:43:56 WARNING:TensorToolbox.core.TensorTrainVec: MaxRank truncation. Cores 6-7. Required accuracy delta=3.513113e-07, accuracy met: 2.773644e+03
2025-09-22 00:44:00 WARNING:TensorToolbox.core.TensorTrainVec: MaxRank truncation. Cores 7-8. Required accuracy delta=3.513113e-07, accuracy met: 1.962136e+03
2025-09-22 00:44:02 WARNING:TensorToolbox.core.TensorTrainVec: MaxRank truncation. Cores 8-9. Required accuracy delta=3.513113e-07, accuracy met: 1.388293e+03
2025-09-22 00:44:03 WARNING:TensorToolbox.core.TensorTrainVec: MaxRank truncation. Cores 9-10. Required accuracy delta=3.513113e-07, accuracy met: 9.820473e+02
2025-09-22 00:44:04 WARNING:TensorToolbox.core.TensorTrainVec: MaxRank truncation. Cores 10-11. Required accuracy delta=3.513113e-07, accuracy met: 6.950322e+02
2025-09-22 00:44:05 WARNING:TensorToolbox.core.TensorTrainVec: MaxRank truncation. Cores 11-12. Required accuracy delta=3.513113e-07, accuracy met: 4.924485e+02
2025-09-22 00:44:05 WARNING:TensorToolbox.core.TensorTrainVec: MaxRank truncation. Cores 12-13. Required accuracy delta=3.513113e-07, accuracy met: 3.489142e+02
2025-09-22 00:44:05 WARNING:TensorToolbox.core.TensorTrainVec: MaxRank truncation. Cores 13-14. Required accuracy delta=3.513113e-07, accuracy met: 2.473939e+02
2025-09-22 00:44:05 WARNING:TensorToolbox.core.TensorTrainVec: MaxRank truncation. Cores 14-15. Required accuracy delta=3.513113e-07, accuracy met: 1.754330e+02
2025-09-22 00:44:05 WARNING:TensorToolbox.core.TensorTrainVec: MaxRank truncation. Cores 15-16. Required accuracy delta=3.513113e-07, accuracy met: 1.247914e+02
2025-09-22 00:44:05 WARNING:TensorToolbox.core.TensorTrainVec: MaxRank truncation. Cores 16-17. Required accuracy delta=3.513113e-07, accuracy met: 8.884126e+01
2025-09-22 00:44:05 WARNING:TensorToolbox.core.TensorTrainVec: MaxRank truncation. Cores 17-18. Required accuracy delta=3.513113e-07, accuracy met: 6.355847e+01
2025-09-22 00:44:05 WARNING:TensorToolbox.core.TensorTrainVec: MaxRank truncation. Cores 18-19. Required accuracy delta=3.513113e-07, accuracy met: 4.548087e+01
2025-09-22 00:44:05 WARNING:TensorToolbox.core.TensorTrainVec: MaxRank truncation. Cores 19-20. Required accuracy delta=3.513113e-07, accuracy met: 3.248029e+01
2025-09-22 00:44:05 WARNING:TensorToolbox.core.TensorTrainVec: MaxRank truncation. Cores 20-21. Required accuracy delta=3.513113e-07, accuracy met: 2.389550e+01
2025-09-22 00:44:05 WARNING:TensorToolbox.core.TensorTrainVec: MaxRank truncation. Cores 21-22. Required accuracy delta=3.513113e-07, accuracy met: 1.740963e+01
2025-09-22 00:44:05 WARNING:TensorToolbox.core.TensorTrainVec: MaxRank truncation. Cores 22-23. Required accuracy delta=3.513113e-07, accuracy met: 1.250780e+01
2025-09-22 00:44:05 WARNING:TensorToolbox.core.TensorTrainVec: MaxRank truncation. Cores 23-24. Required accuracy delta=3.513113e-07, accuracy met: 9.066889e+00
2025-09-22 00:44:05 WARNING:TensorToolbox.core.TensorTrainVec: MaxRank truncation. Cores 24-25. Required accuracy delta=3.513113e-07, accuracy met: 6.938096e+00
2025-09-22 00:44:05 WARNING:TensorToolbox.core.TensorTrainVec: MaxRank truncation. Cores 25-26. Required accuracy delta=3.513113e-07, accuracy met: 3.467603e+00
tt_from_dense wtime: 250.03965130900906
random wtime: 6.409472426996217
2025-09-22 00:47:00 WARNING:TensorToolbox.core.TensorTrainVec: MaxRank truncation. Cores 3-4. Required accuracy delta=3.513088e-07, accuracy met: 4.728308e+03
2025-09-22 00:47:54 WARNING:TensorToolbox.core.TensorTrainVec: MaxRank truncation. Cores 4-5. Required accuracy delta=3.513088e-07, accuracy met: 5.791588e+03
2025-09-22 00:48:18 WARNING:TensorToolbox.core.TensorTrainVec: MaxRank truncation. Cores 5-6. Required accuracy delta=3.513088e-07, accuracy met: 4.095922e+03
2025-09-22 00:48:29 WARNING:TensorToolbox.core.TensorTrainVec: MaxRank truncation. Cores 6-7. Required accuracy delta=3.513088e-07, accuracy met: 2.897118e+03
2025-09-22 00:48:34 WARNING:TensorToolbox.core.TensorTrainVec: MaxRank truncation. Cores 7-8. Required accuracy delta=3.513088e-07, accuracy met: 2.049388e+03
2025-09-22 00:48:37 WARNING:TensorToolbox.core.TensorTrainVec: MaxRank truncation. Cores 8-9. Required accuracy delta=3.513088e-07, accuracy met: 1.449774e+03
2025-09-22 00:48:38 WARNING:TensorToolbox.core.TensorTrainVec: MaxRank truncation. Cores 9-10. Required accuracy delta=3.513088e-07, accuracy met: 1.025726e+03
2025-09-22 00:48:39 WARNING:TensorToolbox.core.TensorTrainVec: MaxRank truncation. Cores 10-11. Required accuracy delta=3.513088e-07, accuracy met: 7.259764e+02
2025-09-22 00:48:39 WARNING:TensorToolbox.core.TensorTrainVec: MaxRank truncation. Cores 11-12. Required accuracy delta=3.513088e-07, accuracy met: 5.141049e+02
2025-09-22 00:48:40 WARNING:TensorToolbox.core.TensorTrainVec: MaxRank truncation. Cores 12-13. Required accuracy delta=3.513088e-07, accuracy met: 3.643028e+02
2025-09-22 00:48:40 WARNING:TensorToolbox.core.TensorTrainVec: MaxRank truncation. Cores 13-14. Required accuracy delta=3.513088e-07, accuracy met: 2.583006e+02
2025-09-22 00:48:40 WARNING:TensorToolbox.core.TensorTrainVec: MaxRank truncation. Cores 14-15. Required accuracy delta=3.513088e-07, accuracy met: 1.833472e+02
2025-09-22 00:48:40 WARNING:TensorToolbox.core.TensorTrainVec: MaxRank truncation. Cores 15-16. Required accuracy delta=3.513088e-07, accuracy met: 1.305115e+02
2025-09-22 00:48:40 WARNING:TensorToolbox.core.TensorTrainVec: MaxRank truncation. Cores 16-17. Required accuracy delta=3.513088e-07, accuracy met: 9.293740e+01
2025-09-22 00:48:40 WARNING:TensorToolbox.core.TensorTrainVec: MaxRank truncation. Cores 17-18. Required accuracy delta=3.513088e-07, accuracy met: 6.634951e+01
2025-09-22 00:48:40 WARNING:TensorToolbox.core.TensorTrainVec: MaxRank truncation. Cores 18-19. Required accuracy delta=3.513088e-07, accuracy met: 4.740818e+01
2025-09-22 00:48:40 WARNING:TensorToolbox.core.TensorTrainVec: MaxRank truncation. Cores 19-20. Required accuracy delta=3.513088e-07, accuracy met: 3.464437e+01
2025-09-22 00:48:40 WARNING:TensorToolbox.core.TensorTrainVec: MaxRank truncation. Cores 20-21. Required accuracy delta=3.513088e-07, accuracy met: 2.480686e+01
2025-09-22 00:48:40 WARNING:TensorToolbox.core.TensorTrainVec: MaxRank truncation. Cores 21-22. Required accuracy delta=3.513088e-07, accuracy met: 1.843008e+01
2025-09-22 00:48:40 WARNING:TensorToolbox.core.TensorTrainVec: MaxRank truncation. Cores 22-23. Required accuracy delta=3.513088e-07, accuracy met: 1.329405e+01
2025-09-22 00:48:40 WARNING:TensorToolbox.core.TensorTrainVec: MaxRank truncation. Cores 23-24. Required accuracy delta=3.513088e-07, accuracy met: 1.002621e+01
2025-09-22 00:48:40 WARNING:TensorToolbox.core.TensorTrainVec: MaxRank truncation. Cores 24-25. Required accuracy delta=3.513088e-07, accuracy met: 6.329545e+00
2025-09-22 00:48:40 WARNING:TensorToolbox.core.TensorTrainVec: MaxRank truncation. Cores 25-26. Required accuracy delta=3.513088e-07, accuracy met: 3.312136e+00
tt_from_dense wtime: 266.30716394699994
2025-09-22 00:51:25 WARNING:TensorToolbox.core.TensorTrainVec: MaxRank truncation. Cores 3-4. Required accuracy delta=3.513088e-07, accuracy met: 4.728308e+03
2025-09-22 00:52:18 WARNING:TensorToolbox.core.TensorTrainVec: MaxRank truncation. Cores 4-5. Required accuracy delta=3.513088e-07, accuracy met: 5.791588e+03
2025-09-22 00:52:41 WARNING:TensorToolbox.core.TensorTrainVec: MaxRank truncation. Cores 5-6. Required accuracy delta=3.513088e-07, accuracy met: 4.095922e+03
2025-09-22 00:52:52 WARNING:TensorToolbox.core.TensorTrainVec: MaxRank truncation. Cores 6-7. Required accuracy delta=3.513088e-07, accuracy met: 2.897118e+03
2025-09-22 00:52:57 WARNING:TensorToolbox.core.TensorTrainVec: MaxRank truncation. Cores 7-8. Required accuracy delta=3.513088e-07, accuracy met: 2.049388e+03
2025-09-22 00:52:59 WARNING:TensorToolbox.core.TensorTrainVec: MaxRank truncation. Cores 8-9. Required accuracy delta=3.513088e-07, accuracy met: 1.449774e+03
2025-09-22 00:53:01 WARNING:TensorToolbox.core.TensorTrainVec: MaxRank truncation. Cores 9-10. Required accuracy delta=3.513088e-07, accuracy met: 1.025726e+03
2025-09-22 00:53:02 WARNING:TensorToolbox.core.TensorTrainVec: MaxRank truncation. Cores 10-11. Required accuracy delta=3.513088e-07, accuracy met: 7.259764e+02
2025-09-22 00:53:02 WARNING:TensorToolbox.core.TensorTrainVec: MaxRank truncation. Cores 11-12. Required accuracy delta=3.513088e-07, accuracy met: 5.141049e+02
2025-09-22 00:53:02 WARNING:TensorToolbox.core.TensorTrainVec: MaxRank truncation. Cores 12-13. Required accuracy delta=3.513088e-07, accuracy met: 3.643028e+02
2025-09-22 00:53:02 WARNING:TensorToolbox.core.TensorTrainVec: MaxRank truncation. Cores 13-14. Required accuracy delta=3.513088e-07, accuracy met: 2.583006e+02
2025-09-22 00:53:02 WARNING:TensorToolbox.core.TensorTrainVec: MaxRank truncation. Cores 14-15. Required accuracy delta=3.513088e-07, accuracy met: 1.833472e+02
2025-09-22 00:53:02 WARNING:TensorToolbox.core.TensorTrainVec: MaxRank truncation. Cores 15-16. Required accuracy delta=3.513088e-07, accuracy met: 1.305115e+02
2025-09-22 00:53:02 WARNING:TensorToolbox.core.TensorTrainVec: MaxRank truncation. Cores 16-17. Required accuracy delta=3.513088e-07, accuracy met: 9.293740e+01
2025-09-22 00:53:02 WARNING:TensorToolbox.core.TensorTrainVec: MaxRank truncation. Cores 17-18. Required accuracy delta=3.513088e-07, accuracy met: 6.634951e+01
2025-09-22 00:53:02 WARNING:TensorToolbox.core.TensorTrainVec: MaxRank truncation. Cores 18-19. Required accuracy delta=3.513088e-07, accuracy met: 4.740818e+01
2025-09-22 00:53:02 WARNING:TensorToolbox.core.TensorTrainVec: MaxRank truncation. Cores 19-20. Required accuracy delta=3.513088e-07, accuracy met: 3.464437e+01
2025-09-22 00:53:02 WARNING:TensorToolbox.core.TensorTrainVec: MaxRank truncation. Cores 20-21. Required accuracy delta=3.513088e-07, accuracy met: 2.480686e+01
2025-09-22 00:53:02 WARNING:TensorToolbox.core.TensorTrainVec: MaxRank truncation. Cores 21-22. Required accuracy delta=3.513088e-07, accuracy met: 1.843008e+01
2025-09-22 00:53:02 WARNING:TensorToolbox.core.TensorTrainVec: MaxRank truncation. Cores 22-23. Required accuracy delta=3.513088e-07, accuracy met: 1.329405e+01
2025-09-22 00:53:02 WARNING:TensorToolbox.core.TensorTrainVec: MaxRank truncation. Cores 23-24. Required accuracy delta=3.513088e-07, accuracy met: 1.002621e+01
2025-09-22 00:53:02 WARNING:TensorToolbox.core.TensorTrainVec: MaxRank truncation. Cores 24-25. Required accuracy delta=3.513088e-07, accuracy met: 6.329545e+00
2025-09-22 00:53:02 WARNING:TensorToolbox.core.TensorTrainVec: MaxRank truncation. Cores 25-26. Required accuracy delta=3.513088e-07, accuracy met: 3.312136e+00
tt_from_dense wtime: 262.64119164099975
random wtime: 6.44478160199651
2025-09-22 00:55:57 WARNING:TensorToolbox.core.TensorTrainVec: MaxRank truncation. Cores 3-4. Required accuracy delta=3.513052e-07, accuracy met: 4.094831e+03
2025-09-22 00:56:57 WARNING:TensorToolbox.core.TensorTrainVec: MaxRank truncation. Cores 4-5. Required accuracy delta=3.513052e-07, accuracy met: 6.027480e+03
2025-09-22 00:57:23 WARNING:TensorToolbox.core.TensorTrainVec: MaxRank truncation. Cores 5-6. Required accuracy delta=3.513052e-07, accuracy met: 4.263242e+03
2025-09-22 00:57:35 WARNING:TensorToolbox.core.TensorTrainVec: MaxRank truncation. Cores 6-7. Required accuracy delta=3.513052e-07, accuracy met: 3.015255e+03
2025-09-22 00:57:41 WARNING:TensorToolbox.core.TensorTrainVec: MaxRank truncation. Cores 7-8. Required accuracy delta=3.513052e-07, accuracy met: 2.132760e+03
2025-09-22 00:57:44 WARNING:TensorToolbox.core.TensorTrainVec: MaxRank truncation. Cores 8-9. Required accuracy delta=3.513052e-07, accuracy met: 1.509108e+03
2025-09-22 00:57:45 WARNING:TensorToolbox.core.TensorTrainVec: MaxRank truncation. Cores 9-10. Required accuracy delta=3.513052e-07, accuracy met: 1.067752e+03
2025-09-22 00:57:46 WARNING:TensorToolbox.core.TensorTrainVec: MaxRank truncation. Cores 10-11. Required accuracy delta=3.513052e-07, accuracy met: 7.556625e+02
2025-09-22 00:57:47 WARNING:TensorToolbox.core.TensorTrainVec: MaxRank truncation. Cores 11-12. Required accuracy delta=3.513052e-07, accuracy met: 5.353876e+02
2025-09-22 00:57:47 WARNING:TensorToolbox.core.TensorTrainVec: MaxRank truncation. Cores 12-13. Required accuracy delta=3.513052e-07, accuracy met: 3.792068e+02
2025-09-22 00:57:47 WARNING:TensorToolbox.core.TensorTrainVec: MaxRank truncation. Cores 13-14. Required accuracy delta=3.513052e-07, accuracy met: 2.689783e+02
2025-09-22 00:57:47 WARNING:TensorToolbox.core.TensorTrainVec: MaxRank truncation. Cores 14-15. Required accuracy delta=3.513052e-07, accuracy met: 1.909772e+02
2025-09-22 00:57:47 WARNING:TensorToolbox.core.TensorTrainVec: MaxRank truncation. Cores 15-16. Required accuracy delta=3.513052e-07, accuracy met: 1.360367e+02
2025-09-22 00:57:47 WARNING:TensorToolbox.core.TensorTrainVec: MaxRank truncation. Cores 16-17. Required accuracy delta=3.513052e-07, accuracy met: 9.691251e+01
2025-09-22 00:57:47 WARNING:TensorToolbox.core.TensorTrainVec: MaxRank truncation. Cores 17-18. Required accuracy delta=3.513052e-07, accuracy met: 6.932258e+01
2025-09-22 00:57:47 WARNING:TensorToolbox.core.TensorTrainVec: MaxRank truncation. Cores 18-19. Required accuracy delta=3.513052e-07, accuracy met: 4.989055e+01
2025-09-22 00:57:47 WARNING:TensorToolbox.core.TensorTrainVec: MaxRank truncation. Cores 19-20. Required accuracy delta=3.513052e-07, accuracy met: 3.601215e+01
2025-09-22 00:57:47 WARNING:TensorToolbox.core.TensorTrainVec: MaxRank truncation. Cores 20-21. Required accuracy delta=3.513052e-07, accuracy met: 2.559034e+01
2025-09-22 00:57:47 WARNING:TensorToolbox.core.TensorTrainVec: MaxRank truncation. Cores 21-22. Required accuracy delta=3.513052e-07, accuracy met: 1.908732e+01
2025-09-22 00:57:47 WARNING:TensorToolbox.core.TensorTrainVec: MaxRank truncation. Cores 22-23. Required accuracy delta=3.513052e-07, accuracy met: 1.422885e+01
2025-09-22 00:57:47 WARNING:TensorToolbox.core.TensorTrainVec: MaxRank truncation. Cores 23-24. Required accuracy delta=3.513052e-07, accuracy met: 1.025251e+01
2025-09-22 00:57:47 WARNING:TensorToolbox.core.TensorTrainVec: MaxRank truncation. Cores 24-25. Required accuracy delta=3.513052e-07, accuracy met: 6.623485e+00
2025-09-22 00:57:47 WARNING:TensorToolbox.core.TensorTrainVec: MaxRank truncation. Cores 25-26. Required accuracy delta=3.513052e-07, accuracy met: 3.096778e+00
tt_from_dense wtime: 275.94683312599955
2025-09-22 01:00:31 WARNING:TensorToolbox.core.TensorTrainVec: MaxRank truncation. Cores 3-4. Required accuracy delta=3.513052e-07, accuracy met: 4.094831e+03
2025-09-22 01:01:32 WARNING:TensorToolbox.core.TensorTrainVec: MaxRank truncation. Cores 4-5. Required accuracy delta=3.513052e-07, accuracy met: 6.027480e+03
2025-09-22 01:01:59 WARNING:TensorToolbox.core.TensorTrainVec: MaxRank truncation. Cores 5-6. Required accuracy delta=3.513052e-07, accuracy met: 4.263242e+03
2025-09-22 01:02:11 WARNING:TensorToolbox.core.TensorTrainVec: MaxRank truncation. Cores 6-7. Required accuracy delta=3.513052e-07, accuracy met: 3.015255e+03
2025-09-22 01:02:16 WARNING:TensorToolbox.core.TensorTrainVec: MaxRank truncation. Cores 7-8. Required accuracy delta=3.513052e-07, accuracy met: 2.132760e+03
2025-09-22 01:02:20 WARNING:TensorToolbox.core.TensorTrainVec: MaxRank truncation. Cores 8-9. Required accuracy delta=3.513052e-07, accuracy met: 1.509108e+03
2025-09-22 01:02:21 WARNING:TensorToolbox.core.TensorTrainVec: MaxRank truncation. Cores 9-10. Required accuracy delta=3.513052e-07, accuracy met: 1.067752e+03
2025-09-22 01:02:22 WARNING:TensorToolbox.core.TensorTrainVec: MaxRank truncation. Cores 10-11. Required accuracy delta=3.513052e-07, accuracy met: 7.556625e+02
2025-09-22 01:02:22 WARNING:TensorToolbox.core.TensorTrainVec: MaxRank truncation. Cores 11-12. Required accuracy delta=3.513052e-07, accuracy met: 5.353876e+02
2025-09-22 01:02:23 WARNING:TensorToolbox.core.TensorTrainVec: MaxRank truncation. Cores 12-13. Required accuracy delta=3.513052e-07, accuracy met: 3.792068e+02
2025-09-22 01:02:23 WARNING:TensorToolbox.core.TensorTrainVec: MaxRank truncation. Cores 13-14. Required accuracy delta=3.513052e-07, accuracy met: 2.689783e+02
2025-09-22 01:02:23 WARNING:TensorToolbox.core.TensorTrainVec: MaxRank truncation. Cores 14-15. Required accuracy delta=3.513052e-07, accuracy met: 1.909772e+02
2025-09-22 01:02:23 WARNING:TensorToolbox.core.TensorTrainVec: MaxRank truncation. Cores 15-16. Required accuracy delta=3.513052e-07, accuracy met: 1.360367e+02
2025-09-22 01:02:23 WARNING:TensorToolbox.core.TensorTrainVec: MaxRank truncation. Cores 16-17. Required accuracy delta=3.513052e-07, accuracy met: 9.691251e+01
2025-09-22 01:02:23 WARNING:TensorToolbox.core.TensorTrainVec: MaxRank truncation. Cores 17-18. Required accuracy delta=3.513052e-07, accuracy met: 6.932258e+01
2025-09-22 01:02:23 WARNING:TensorToolbox.core.TensorTrainVec: MaxRank truncation. Cores 18-19. Required accuracy delta=3.513052e-07, accuracy met: 4.989055e+01
2025-09-22 01:02:23 WARNING:TensorToolbox.core.TensorTrainVec: MaxRank truncation. Cores 19-20. Required accuracy delta=3.513052e-07, accuracy met: 3.601215e+01
2025-09-22 01:02:23 WARNING:TensorToolbox.core.TensorTrainVec: MaxRank truncation. Cores 20-21. Required accuracy delta=3.513052e-07, accuracy met: 2.559034e+01
2025-09-22 01:02:23 WARNING:TensorToolbox.core.TensorTrainVec: MaxRank truncation. Cores 21-22. Required accuracy delta=3.513052e-07, accuracy met: 1.908732e+01
2025-09-22 01:02:23 WARNING:TensorToolbox.core.TensorTrainVec: MaxRank truncation. Cores 22-23. Required accuracy delta=3.513052e-07, accuracy met: 1.422885e+01
2025-09-22 01:02:23 WARNING:TensorToolbox.core.TensorTrainVec: MaxRank truncation. Cores 23-24. Required accuracy delta=3.513052e-07, accuracy met: 1.025251e+01
2025-09-22 01:02:23 WARNING:TensorToolbox.core.TensorTrainVec: MaxRank truncation. Cores 24-25. Required accuracy delta=3.513052e-07, accuracy met: 6.623485e+00
2025-09-22 01:02:23 WARNING:TensorToolbox.core.TensorTrainVec: MaxRank truncation. Cores 25-26. Required accuracy delta=3.513052e-07, accuracy met: 3.096778e+00
tt_from_dense wtime: 275.5598513770092
random wtime: 6.394208978992538
2025-09-22 01:05:16 WARNING:TensorToolbox.core.TensorTrainVec: MaxRank truncation. Cores 3-4. Required accuracy delta=3.513190e-07, accuracy met: 3.343108e+03
2025-09-22 01:06:21 WARNING:TensorToolbox.core.TensorTrainVec: MaxRank truncation. Cores 4-5. Required accuracy delta=3.513190e-07, accuracy met: 6.254794e+03
2025-09-22 01:06:50 WARNING:TensorToolbox.core.TensorTrainVec: MaxRank truncation. Cores 5-6. Required accuracy delta=3.513190e-07, accuracy met: 4.424146e+03
2025-09-22 01:07:03 WARNING:TensorToolbox.core.TensorTrainVec: MaxRank truncation. Cores 6-7. Required accuracy delta=3.513190e-07, accuracy met: 3.129303e+03
2025-09-22 01:07:09 WARNING:TensorToolbox.core.TensorTrainVec: MaxRank truncation. Cores 7-8. Required accuracy delta=3.513190e-07, accuracy met: 2.213257e+03
2025-09-22 01:07:13 WARNING:TensorToolbox.core.TensorTrainVec: MaxRank truncation. Cores 8-9. Required accuracy delta=3.513190e-07, accuracy met: 1.566189e+03
2025-09-22 01:07:14 WARNING:TensorToolbox.core.TensorTrainVec: MaxRank truncation. Cores 9-10. Required accuracy delta=3.513190e-07, accuracy met: 1.108219e+03
2025-09-22 01:07:15 WARNING:TensorToolbox.core.TensorTrainVec: MaxRank truncation. Cores 10-11. Required accuracy delta=3.513190e-07, accuracy met: 7.844031e+02
2025-09-22 01:07:16 WARNING:TensorToolbox.core.TensorTrainVec: MaxRank truncation. Cores 11-12. Required accuracy delta=3.513190e-07, accuracy met: 5.554905e+02
2025-09-22 01:07:16 WARNING:TensorToolbox.core.TensorTrainVec: MaxRank truncation. Cores 12-13. Required accuracy delta=3.513190e-07, accuracy met: 3.939550e+02
2025-09-22 01:07:16 WARNING:TensorToolbox.core.TensorTrainVec: MaxRank truncation. Cores 13-14. Required accuracy delta=3.513190e-07, accuracy met: 2.793478e+02
2025-09-22 01:07:16 WARNING:TensorToolbox.core.TensorTrainVec: MaxRank truncation. Cores 14-15. Required accuracy delta=3.513190e-07, accuracy met: 1.982646e+02
2025-09-22 01:07:16 WARNING:TensorToolbox.core.TensorTrainVec: MaxRank truncation. Cores 15-16. Required accuracy delta=3.513190e-07, accuracy met: 1.410457e+02
2025-09-22 01:07:16 WARNING:TensorToolbox.core.TensorTrainVec: MaxRank truncation. Cores 16-17. Required accuracy delta=3.513190e-07, accuracy met: 1.007718e+02
2025-09-22 01:07:16 WARNING:TensorToolbox.core.TensorTrainVec: MaxRank truncation. Cores 17-18. Required accuracy delta=3.513190e-07, accuracy met: 7.196886e+01
2025-09-22 01:07:16 WARNING:TensorToolbox.core.TensorTrainVec: MaxRank truncation. Cores 18-19. Required accuracy delta=3.513190e-07, accuracy met: 5.170391e+01
2025-09-22 01:07:16 WARNING:TensorToolbox.core.TensorTrainVec: MaxRank truncation. Cores 19-20. Required accuracy delta=3.513190e-07, accuracy met: 3.730852e+01
2025-09-22 01:07:16 WARNING:TensorToolbox.core.TensorTrainVec: MaxRank truncation. Cores 20-21. Required accuracy delta=3.513190e-07, accuracy met: 2.711145e+01
2025-09-22 01:07:16 WARNING:TensorToolbox.core.TensorTrainVec: MaxRank truncation. Cores 21-22. Required accuracy delta=3.513190e-07, accuracy met: 1.988061e+01
2025-09-22 01:07:16 WARNING:TensorToolbox.core.TensorTrainVec: MaxRank truncation. Cores 22-23. Required accuracy delta=3.513190e-07, accuracy met: 1.460804e+01
2025-09-22 01:07:16 WARNING:TensorToolbox.core.TensorTrainVec: MaxRank truncation. Cores 23-24. Required accuracy delta=3.513190e-07, accuracy met: 1.059188e+01
2025-09-22 01:07:16 WARNING:TensorToolbox.core.TensorTrainVec: MaxRank truncation. Cores 24-25. Required accuracy delta=3.513190e-07, accuracy met: 7.133942e+00
2025-09-22 01:07:16 WARNING:TensorToolbox.core.TensorTrainVec: MaxRank truncation. Cores 25-26. Required accuracy delta=3.513190e-07, accuracy met: 2.537240e+00
tt_from_dense wtime: 284.9946549239976
2025-09-22 01:10:02 WARNING:TensorToolbox.core.TensorTrainVec: MaxRank truncation. Cores 3-4. Required accuracy delta=3.513190e-07, accuracy met: 3.343108e+03
2025-09-22 01:11:06 WARNING:TensorToolbox.core.TensorTrainVec: MaxRank truncation. Cores 4-5. Required accuracy delta=3.513190e-07, accuracy met: 6.254794e+03
2025-09-22 01:11:36 WARNING:TensorToolbox.core.TensorTrainVec: MaxRank truncation. Cores 5-6. Required accuracy delta=3.513190e-07, accuracy met: 4.424146e+03
2025-09-22 01:11:49 WARNING:TensorToolbox.core.TensorTrainVec: MaxRank truncation. Cores 6-7. Required accuracy delta=3.513190e-07, accuracy met: 3.129303e+03
2025-09-22 01:11:55 WARNING:TensorToolbox.core.TensorTrainVec: MaxRank truncation. Cores 7-8. Required accuracy delta=3.513190e-07, accuracy met: 2.213257e+03
2025-09-22 01:11:58 WARNING:TensorToolbox.core.TensorTrainVec: MaxRank truncation. Cores 8-9. Required accuracy delta=3.513190e-07, accuracy met: 1.566189e+03
2025-09-22 01:12:00 WARNING:TensorToolbox.core.TensorTrainVec: MaxRank truncation. Cores 9-10. Required accuracy delta=3.513190e-07, accuracy met: 1.108219e+03
2025-09-22 01:12:01 WARNING:TensorToolbox.core.TensorTrainVec: MaxRank truncation. Cores 10-11. Required accuracy delta=3.513190e-07, accuracy met: 7.844031e+02
2025-09-22 01:12:02 WARNING:TensorToolbox.core.TensorTrainVec: MaxRank truncation. Cores 11-12. Required accuracy delta=3.513190e-07, accuracy met: 5.554905e+02
2025-09-22 01:12:02 WARNING:TensorToolbox.core.TensorTrainVec: MaxRank truncation. Cores 12-13. Required accuracy delta=3.513190e-07, accuracy met: 3.939550e+02
2025-09-22 01:12:02 WARNING:TensorToolbox.core.TensorTrainVec: MaxRank truncation. Cores 13-14. Required accuracy delta=3.513190e-07, accuracy met: 2.793478e+02
2025-09-22 01:12:02 WARNING:TensorToolbox.core.TensorTrainVec: MaxRank truncation. Cores 14-15. Required accuracy delta=3.513190e-07, accuracy met: 1.982646e+02
2025-09-22 01:12:02 WARNING:TensorToolbox.core.TensorTrainVec: MaxRank truncation. Cores 15-16. Required accuracy delta=3.513190e-07, accuracy met: 1.410457e+02
2025-09-22 01:12:02 WARNING:TensorToolbox.core.TensorTrainVec: MaxRank truncation. Cores 16-17. Required accuracy delta=3.513190e-07, accuracy met: 1.007718e+02
2025-09-22 01:12:02 WARNING:TensorToolbox.core.TensorTrainVec: MaxRank truncation. Cores 17-18. Required accuracy delta=3.513190e-07, accuracy met: 7.196886e+01
2025-09-22 01:12:02 WARNING:TensorToolbox.core.TensorTrainVec: MaxRank truncation. Cores 18-19. Required accuracy delta=3.513190e-07, accuracy met: 5.170391e+01
2025-09-22 01:12:02 WARNING:TensorToolbox.core.TensorTrainVec: MaxRank truncation. Cores 19-20. Required accuracy delta=3.513190e-07, accuracy met: 3.730852e+01
2025-09-22 01:12:02 WARNING:TensorToolbox.core.TensorTrainVec: MaxRank truncation. Cores 20-21. Required accuracy delta=3.513190e-07, accuracy met: 2.711145e+01
2025-09-22 01:12:02 WARNING:TensorToolbox.core.TensorTrainVec: MaxRank truncation. Cores 21-22. Required accuracy delta=3.513190e-07, accuracy met: 1.988061e+01
2025-09-22 01:12:02 WARNING:TensorToolbox.core.TensorTrainVec: MaxRank truncation. Cores 22-23. Required accuracy delta=3.513190e-07, accuracy met: 1.460804e+01
2025-09-22 01:12:02 WARNING:TensorToolbox.core.TensorTrainVec: MaxRank truncation. Cores 23-24. Required accuracy delta=3.513190e-07, accuracy met: 1.059188e+01
2025-09-22 01:12:02 WARNING:TensorToolbox.core.TensorTrainVec: MaxRank truncation. Cores 24-25. Required accuracy delta=3.513190e-07, accuracy met: 7.133942e+00
2025-09-22 01:12:02 WARNING:TensorToolbox.core.TensorTrainVec: MaxRank truncation. Cores 25-26. Required accuracy delta=3.513190e-07, accuracy met: 2.537240e+00
tt_from_dense wtime: 285.85362968400295
random wtime: 6.394048632995691
2025-09-22 01:15:01 WARNING:TensorToolbox.core.TensorTrainVec: MaxRank truncation. Cores 3-4. Required accuracy delta=3.513171e-07, accuracy met: 2.364001e+03
2025-09-22 01:16:12 WARNING:TensorToolbox.core.TensorTrainVec: MaxRank truncation. Cores 4-5. Required accuracy delta=3.513171e-07, accuracy met: 6.474056e+03
2025-09-22 01:16:43 WARNING:TensorToolbox.core.TensorTrainVec: MaxRank truncation. Cores 5-6. Required accuracy delta=3.513171e-07, accuracy met: 4.579077e+03
2025-09-22 01:16:57 WARNING:TensorToolbox.core.TensorTrainVec: MaxRank truncation. Cores 6-7. Required accuracy delta=3.513171e-07, accuracy met: 3.238722e+03
2025-09-22 01:17:04 WARNING:TensorToolbox.core.TensorTrainVec: MaxRank truncation. Cores 7-8. Required accuracy delta=3.513171e-07, accuracy met: 2.291320e+03
2025-09-22 01:17:08 WARNING:TensorToolbox.core.TensorTrainVec: MaxRank truncation. Cores 8-9. Required accuracy delta=3.513171e-07, accuracy met: 1.621243e+03
2025-09-22 01:17:09 WARNING:TensorToolbox.core.TensorTrainVec: MaxRank truncation. Cores 9-10. Required accuracy delta=3.513171e-07, accuracy met: 1.147203e+03
2025-09-22 01:17:10 WARNING:TensorToolbox.core.TensorTrainVec: MaxRank truncation. Cores 10-11. Required accuracy delta=3.513171e-07, accuracy met: 8.120913e+02
2025-09-22 01:17:11 WARNING:TensorToolbox.core.TensorTrainVec: MaxRank truncation. Cores 11-12. Required accuracy delta=3.513171e-07, accuracy met: 5.753011e+02
2025-09-22 01:17:11 WARNING:TensorToolbox.core.TensorTrainVec: MaxRank truncation. Cores 12-13. Required accuracy delta=3.513171e-07, accuracy met: 4.077080e+02
2025-09-22 01:17:11 WARNING:TensorToolbox.core.TensorTrainVec: MaxRank truncation. Cores 13-14. Required accuracy delta=3.513171e-07, accuracy met: 2.892746e+02
2025-09-22 01:17:11 WARNING:TensorToolbox.core.TensorTrainVec: MaxRank truncation. Cores 14-15. Required accuracy delta=3.513171e-07, accuracy met: 2.053031e+02
2025-09-22 01:17:11 WARNING:TensorToolbox.core.TensorTrainVec: MaxRank truncation. Cores 15-16. Required accuracy delta=3.513171e-07, accuracy met: 1.463714e+02
2025-09-22 01:17:11 WARNING:TensorToolbox.core.TensorTrainVec: MaxRank truncation. Cores 16-17. Required accuracy delta=3.513171e-07, accuracy met: 1.043675e+02
2025-09-22 01:17:11 WARNING:TensorToolbox.core.TensorTrainVec: MaxRank truncation. Cores 17-18. Required accuracy delta=3.513171e-07, accuracy met: 7.436405e+01
2025-09-22 01:17:11 WARNING:TensorToolbox.core.TensorTrainVec: MaxRank truncation. Cores 18-19. Required accuracy delta=3.513171e-07, accuracy met: 5.401075e+01
2025-09-22 01:17:11 WARNING:TensorToolbox.core.TensorTrainVec: MaxRank truncation. Cores 19-20. Required accuracy delta=3.513171e-07, accuracy met: 3.872411e+01
2025-09-22 01:17:11 WARNING:TensorToolbox.core.TensorTrainVec: MaxRank truncation. Cores 20-21. Required accuracy delta=3.513171e-07, accuracy met: 2.815935e+01
2025-09-22 01:17:11 WARNING:TensorToolbox.core.TensorTrainVec: MaxRank truncation. Cores 21-22. Required accuracy delta=3.513171e-07, accuracy met: 2.039646e+01
2025-09-22 01:17:11 WARNING:TensorToolbox.core.TensorTrainVec: MaxRank truncation. Cores 22-23. Required accuracy delta=3.513171e-07, accuracy met: 1.526156e+01
2025-09-22 01:17:11 WARNING:TensorToolbox.core.TensorTrainVec: MaxRank truncation. Cores 23-24. Required accuracy delta=3.513171e-07, accuracy met: 1.086091e+01
2025-09-22 01:17:11 WARNING:TensorToolbox.core.TensorTrainVec: MaxRank truncation. Cores 24-25. Required accuracy delta=3.513171e-07, accuracy met: 7.055128e+00
2025-09-22 01:17:11 WARNING:TensorToolbox.core.TensorTrainVec: MaxRank truncation. Cores 25-26. Required accuracy delta=3.513171e-07, accuracy met: 1.814289e+00
tt_from_dense wtime: 301.29262029800157
2025-09-22 01:20:01 WARNING:TensorToolbox.core.TensorTrainVec: MaxRank truncation. Cores 3-4. Required accuracy delta=3.513171e-07, accuracy met: 2.364001e+03
2025-09-22 01:21:11 WARNING:TensorToolbox.core.TensorTrainVec: MaxRank truncation. Cores 4-5. Required accuracy delta=3.513171e-07, accuracy met: 6.474056e+03
2025-09-22 01:21:41 WARNING:TensorToolbox.core.TensorTrainVec: MaxRank truncation. Cores 5-6. Required accuracy delta=3.513171e-07, accuracy met: 4.579077e+03
2025-09-22 01:21:55 WARNING:TensorToolbox.core.TensorTrainVec: MaxRank truncation. Cores 6-7. Required accuracy delta=3.513171e-07, accuracy met: 3.238722e+03
2025-09-22 01:22:02 WARNING:TensorToolbox.core.TensorTrainVec: MaxRank truncation. Cores 7-8. Required accuracy delta=3.513171e-07, accuracy met: 2.291320e+03
2025-09-22 01:22:06 WARNING:TensorToolbox.core.TensorTrainVec: MaxRank truncation. Cores 8-9. Required accuracy delta=3.513171e-07, accuracy met: 1.621243e+03
2025-09-22 01:22:07 WARNING:TensorToolbox.core.TensorTrainVec: MaxRank truncation. Cores 9-10. Required accuracy delta=3.513171e-07, accuracy met: 1.147203e+03
2025-09-22 01:22:08 WARNING:TensorToolbox.core.TensorTrainVec: MaxRank truncation. Cores 10-11. Required accuracy delta=3.513171e-07, accuracy met: 8.120913e+02
2025-09-22 01:22:09 WARNING:TensorToolbox.core.TensorTrainVec: MaxRank truncation. Cores 11-12. Required accuracy delta=3.513171e-07, accuracy met: 5.753011e+02
2025-09-22 01:22:09 WARNING:TensorToolbox.core.TensorTrainVec: MaxRank truncation. Cores 12-13. Required accuracy delta=3.513171e-07, accuracy met: 4.077080e+02
2025-09-22 01:22:09 WARNING:TensorToolbox.core.TensorTrainVec: MaxRank truncation. Cores 13-14. Required accuracy delta=3.513171e-07, accuracy met: 2.892746e+02
2025-09-22 01:22:09 WARNING:TensorToolbox.core.TensorTrainVec: MaxRank truncation. Cores 14-15. Required accuracy delta=3.513171e-07, accuracy met: 2.053031e+02
2025-09-22 01:22:09 WARNING:TensorToolbox.core.TensorTrainVec: MaxRank truncation. Cores 15-16. Required accuracy delta=3.513171e-07, accuracy met: 1.463714e+02
2025-09-22 01:22:09 WARNING:TensorToolbox.core.TensorTrainVec: MaxRank truncation. Cores 16-17. Required accuracy delta=3.513171e-07, accuracy met: 1.043675e+02
2025-09-22 01:22:09 WARNING:TensorToolbox.core.TensorTrainVec: MaxRank truncation. Cores 17-18. Required accuracy delta=3.513171e-07, accuracy met: 7.436405e+01
2025-09-22 01:22:09 WARNING:TensorToolbox.core.TensorTrainVec: MaxRank truncation. Cores 18-19. Required accuracy delta=3.513171e-07, accuracy met: 5.401075e+01
2025-09-22 01:22:09 WARNING:TensorToolbox.core.TensorTrainVec: MaxRank truncation. Cores 19-20. Required accuracy delta=3.513171e-07, accuracy met: 3.872411e+01
2025-09-22 01:22:09 WARNING:TensorToolbox.core.TensorTrainVec: MaxRank truncation. Cores 20-21. Required accuracy delta=3.513171e-07, accuracy met: 2.815935e+01
2025-09-22 01:22:09 WARNING:TensorToolbox.core.TensorTrainVec: MaxRank truncation. Cores 21-22. Required accuracy delta=3.513171e-07, accuracy met: 2.039646e+01
2025-09-22 01:22:09 WARNING:TensorToolbox.core.TensorTrainVec: MaxRank truncation. Cores 22-23. Required accuracy delta=3.513171e-07, accuracy met: 1.526156e+01
2025-09-22 01:22:09 WARNING:TensorToolbox.core.TensorTrainVec: MaxRank truncation. Cores 23-24. Required accuracy delta=3.513171e-07, accuracy met: 1.086091e+01
2025-09-22 01:22:09 WARNING:TensorToolbox.core.TensorTrainVec: MaxRank truncation. Cores 24-25. Required accuracy delta=3.513171e-07, accuracy met: 7.055128e+00
2025-09-22 01:22:09 WARNING:TensorToolbox.core.TensorTrainVec: MaxRank truncation. Cores 25-26. Required accuracy delta=3.513171e-07, accuracy met: 1.814289e+00
tt_from_dense wtime: 297.9641542300087
random wtime: 6.428810002995306
2025-09-22 01:26:23 WARNING:TensorToolbox.core.TensorTrainVec: MaxRank truncation. Cores 4-5. Required accuracy delta=3.513090e-07, accuracy met: 6.686168e+03
2025-09-22 01:26:57 WARNING:TensorToolbox.core.TensorTrainVec: MaxRank truncation. Cores 5-6. Required accuracy delta=3.513090e-07, accuracy met: 4.728966e+03
2025-09-22 01:27:13 WARNING:TensorToolbox.core.TensorTrainVec: MaxRank truncation. Cores 6-7. Required accuracy delta=3.513090e-07, accuracy met: 3.344967e+03
2025-09-22 01:27:20 WARNING:TensorToolbox.core.TensorTrainVec: MaxRank truncation. Cores 7-8. Required accuracy delta=3.513090e-07, accuracy met: 2.366019e+03
2025-09-22 01:27:24 WARNING:TensorToolbox.core.TensorTrainVec: MaxRank truncation. Cores 8-9. Required accuracy delta=3.513090e-07, accuracy met: 1.674310e+03
2025-09-22 01:27:27 WARNING:TensorToolbox.core.TensorTrainVec: MaxRank truncation. Cores 9-10. Required accuracy delta=3.513090e-07, accuracy met: 1.184904e+03
2025-09-22 01:27:28 WARNING:TensorToolbox.core.TensorTrainVec: MaxRank truncation. Cores 10-11. Required accuracy delta=3.513090e-07, accuracy met: 8.389642e+02
2025-09-22 01:27:28 WARNING:TensorToolbox.core.TensorTrainVec: MaxRank truncation. Cores 11-12. Required accuracy delta=3.513090e-07, accuracy met: 5.941565e+02
2025-09-22 01:27:29 WARNING:TensorToolbox.core.TensorTrainVec: MaxRank truncation. Cores 12-13. Required accuracy delta=3.513090e-07, accuracy met: 4.211101e+02
2025-09-22 01:27:29 WARNING:TensorToolbox.core.TensorTrainVec: MaxRank truncation. Cores 13-14. Required accuracy delta=3.513090e-07, accuracy met: 2.987702e+02
2025-09-22 01:27:29 WARNING:TensorToolbox.core.TensorTrainVec: MaxRank truncation. Cores 14-15. Required accuracy delta=3.513090e-07, accuracy met: 2.121666e+02
2025-09-22 01:27:29 WARNING:TensorToolbox.core.TensorTrainVec: MaxRank truncation. Cores 15-16. Required accuracy delta=3.513090e-07, accuracy met: 1.510381e+02
2025-09-22 01:27:29 WARNING:TensorToolbox.core.TensorTrainVec: MaxRank truncation. Cores 16-17. Required accuracy delta=3.513090e-07, accuracy met: 1.078091e+02
2025-09-22 01:27:29 WARNING:TensorToolbox.core.TensorTrainVec: MaxRank truncation. Cores 17-18. Required accuracy delta=3.513090e-07, accuracy met: 7.712106e+01
2025-09-22 01:27:29 WARNING:TensorToolbox.core.TensorTrainVec: MaxRank truncation. Cores 18-19. Required accuracy delta=3.513090e-07, accuracy met: 5.568760e+01
2025-09-22 01:27:29 WARNING:TensorToolbox.core.TensorTrainVec: MaxRank truncation. Cores 19-20. Required accuracy delta=3.513090e-07, accuracy met: 4.025270e+01
2025-09-22 01:27:29 WARNING:TensorToolbox.core.TensorTrainVec: MaxRank truncation. Cores 20-21. Required accuracy delta=3.513090e-07, accuracy met: 2.903772e+01
2025-09-22 01:27:29 WARNING:TensorToolbox.core.TensorTrainVec: MaxRank truncation. Cores 21-22. Required accuracy delta=3.513090e-07, accuracy met: 2.133083e+01
2025-09-22 01:27:29 WARNING:TensorToolbox.core.TensorTrainVec: MaxRank truncation. Cores 22-23. Required accuracy delta=3.513090e-07, accuracy met: 1.565634e+01
2025-09-22 01:27:29 WARNING:TensorToolbox.core.TensorTrainVec: MaxRank truncation. Cores 23-24. Required accuracy delta=3.513090e-07, accuracy met: 1.084332e+01
2025-09-22 01:27:29 WARNING:TensorToolbox.core.TensorTrainVec: MaxRank truncation. Cores 24-25. Required accuracy delta=3.513090e-07, accuracy met: 7.315781e+00
tt_from_dense wtime: 310.7271380019956
2025-09-22 01:31:32 WARNING:TensorToolbox.core.TensorTrainVec: MaxRank truncation. Cores 4-5. Required accuracy delta=3.513090e-07, accuracy met: 6.686168e+03
2025-09-22 01:32:06 WARNING:TensorToolbox.core.TensorTrainVec: MaxRank truncation. Cores 5-6. Required accuracy delta=3.513090e-07, accuracy met: 4.728966e+03
2025-09-22 01:32:21 WARNING:TensorToolbox.core.TensorTrainVec: MaxRank truncation. Cores 6-7. Required accuracy delta=3.513090e-07, accuracy met: 3.344967e+03
2025-09-22 01:32:29 WARNING:TensorToolbox.core.TensorTrainVec: MaxRank truncation. Cores 7-8. Required accuracy delta=3.513090e-07, accuracy met: 2.366019e+03
2025-09-22 01:32:33 WARNING:TensorToolbox.core.TensorTrainVec: MaxRank truncation. Cores 8-9. Required accuracy delta=3.513090e-07, accuracy met: 1.674310e+03
2025-09-22 01:32:35 WARNING:TensorToolbox.core.TensorTrainVec: MaxRank truncation. Cores 9-10. Required accuracy delta=3.513090e-07, accuracy met: 1.184904e+03
2025-09-22 01:32:36 WARNING:TensorToolbox.core.TensorTrainVec: MaxRank truncation. Cores 10-11. Required accuracy delta=3.513090e-07, accuracy met: 8.389642e+02
2025-09-22 01:32:37 WARNING:TensorToolbox.core.TensorTrainVec: MaxRank truncation. Cores 11-12. Required accuracy delta=3.513090e-07, accuracy met: 5.941565e+02
2025-09-22 01:32:37 WARNING:TensorToolbox.core.TensorTrainVec: MaxRank truncation. Cores 12-13. Required accuracy delta=3.513090e-07, accuracy met: 4.211101e+02
2025-09-22 01:32:37 WARNING:TensorToolbox.core.TensorTrainVec: MaxRank truncation. Cores 13-14. Required accuracy delta=3.513090e-07, accuracy met: 2.987702e+02
2025-09-22 01:32:37 WARNING:TensorToolbox.core.TensorTrainVec: MaxRank truncation. Cores 14-15. Required accuracy delta=3.513090e-07, accuracy met: 2.121666e+02
2025-09-22 01:32:37 WARNING:TensorToolbox.core.TensorTrainVec: MaxRank truncation. Cores 15-16. Required accuracy delta=3.513090e-07, accuracy met: 1.510381e+02
2025-09-22 01:32:37 WARNING:TensorToolbox.core.TensorTrainVec: MaxRank truncation. Cores 16-17. Required accuracy delta=3.513090e-07, accuracy met: 1.078091e+02
2025-09-22 01:32:37 WARNING:TensorToolbox.core.TensorTrainVec: MaxRank truncation. Cores 17-18. Required accuracy delta=3.513090e-07, accuracy met: 7.712106e+01
2025-09-22 01:32:37 WARNING:TensorToolbox.core.TensorTrainVec: MaxRank truncation. Cores 18-19. Required accuracy delta=3.513090e-07, accuracy met: 5.568760e+01
2025-09-22 01:32:37 WARNING:TensorToolbox.core.TensorTrainVec: MaxRank truncation. Cores 19-20. Required accuracy delta=3.513090e-07, accuracy met: 4.025270e+01
2025-09-22 01:32:37 WARNING:TensorToolbox.core.TensorTrainVec: MaxRank truncation. Cores 20-21. Required accuracy delta=3.513090e-07, accuracy met: 2.903772e+01
2025-09-22 01:32:37 WARNING:TensorToolbox.core.TensorTrainVec: MaxRank truncation. Cores 21-22. Required accuracy delta=3.513090e-07, accuracy met: 2.133083e+01
2025-09-22 01:32:37 WARNING:TensorToolbox.core.TensorTrainVec: MaxRank truncation. Cores 22-23. Required accuracy delta=3.513090e-07, accuracy met: 1.565634e+01
2025-09-22 01:32:37 WARNING:TensorToolbox.core.TensorTrainVec: MaxRank truncation. Cores 23-24. Required accuracy delta=3.513090e-07, accuracy met: 1.084332e+01
2025-09-22 01:32:37 WARNING:TensorToolbox.core.TensorTrainVec: MaxRank truncation. Cores 24-25. Required accuracy delta=3.513090e-07, accuracy met: 7.315781e+00
tt_from_dense wtime: 308.3802217509947
random wtime: 6.4137969269941095
2025-09-22 01:36:51 WARNING:TensorToolbox.core.TensorTrainVec: MaxRank truncation. Cores 4-5. Required accuracy delta=3.513131e-07, accuracy met: 6.473555e+03
2025-09-22 01:37:18 WARNING:TensorToolbox.core.TensorTrainVec: MaxRank truncation. Cores 5-6. Required accuracy delta=3.513131e-07, accuracy met: 4.874279e+03
2025-09-22 01:37:30 WARNING:TensorToolbox.core.TensorTrainVec: MaxRank truncation. Cores 6-7. Required accuracy delta=3.513131e-07, accuracy met: 3.447690e+03
2025-09-22 01:37:35 WARNING:TensorToolbox.core.TensorTrainVec: MaxRank truncation. Cores 7-8. Required accuracy delta=3.513131e-07, accuracy met: 2.439089e+03
2025-09-22 01:37:37 WARNING:TensorToolbox.core.TensorTrainVec: MaxRank truncation. Cores 8-9. Required accuracy delta=3.513131e-07, accuracy met: 1.725835e+03
2025-09-22 01:37:38 WARNING:TensorToolbox.core.TensorTrainVec: MaxRank truncation. Cores 9-10. Required accuracy delta=3.513131e-07, accuracy met: 1.221175e+03
2025-09-22 01:37:39 WARNING:TensorToolbox.core.TensorTrainVec: MaxRank truncation. Cores 10-11. Required accuracy delta=3.513131e-07, accuracy met: 8.644940e+02
2025-09-22 01:37:39 WARNING:TensorToolbox.core.TensorTrainVec: MaxRank truncation. Cores 11-12. Required accuracy delta=3.513131e-07, accuracy met: 6.124863e+02
2025-09-22 01:37:40 WARNING:TensorToolbox.core.TensorTrainVec: MaxRank truncation. Cores 12-13. Required accuracy delta=3.513131e-07, accuracy met: 4.340276e+02
2025-09-22 01:37:40 WARNING:TensorToolbox.core.TensorTrainVec: MaxRank truncation. Cores 13-14. Required accuracy delta=3.513131e-07, accuracy met: 3.081048e+02
2025-09-22 01:37:40 WARNING:TensorToolbox.core.TensorTrainVec: MaxRank truncation. Cores 14-15. Required accuracy delta=3.513131e-07, accuracy met: 2.184641e+02
2025-09-22 01:37:40 WARNING:TensorToolbox.core.TensorTrainVec: MaxRank truncation. Cores 15-16. Required accuracy delta=3.513131e-07, accuracy met: 1.558201e+02
2025-09-22 01:37:40 WARNING:TensorToolbox.core.TensorTrainVec: MaxRank truncation. Cores 16-17. Required accuracy delta=3.513131e-07, accuracy met: 1.112281e+02
2025-09-22 01:37:40 WARNING:TensorToolbox.core.TensorTrainVec: MaxRank truncation. Cores 17-18. Required accuracy delta=3.513131e-07, accuracy met: 7.962590e+01
2025-09-22 01:37:40 WARNING:TensorToolbox.core.TensorTrainVec: MaxRank truncation. Cores 18-19. Required accuracy delta=3.513131e-07, accuracy met: 5.735650e+01
2025-09-22 01:37:40 WARNING:TensorToolbox.core.TensorTrainVec: MaxRank truncation. Cores 19-20. Required accuracy delta=3.513131e-07, accuracy met: 4.130166e+01
2025-09-22 01:37:40 WARNING:TensorToolbox.core.TensorTrainVec: MaxRank truncation. Cores 20-21. Required accuracy delta=3.513131e-07, accuracy met: 3.023352e+01
2025-09-22 01:37:40 WARNING:TensorToolbox.core.TensorTrainVec: MaxRank truncation. Cores 21-22. Required accuracy delta=3.513131e-07, accuracy met: 2.211906e+01
2025-09-22 01:37:40 WARNING:TensorToolbox.core.TensorTrainVec: MaxRank truncation. Cores 22-23. Required accuracy delta=3.513131e-07, accuracy met: 1.615998e+01
2025-09-22 01:37:40 WARNING:TensorToolbox.core.TensorTrainVec: MaxRank truncation. Cores 23-24. Required accuracy delta=3.513131e-07, accuracy met: 1.156379e+01
2025-09-22 01:37:40 WARNING:TensorToolbox.core.TensorTrainVec: MaxRank truncation. Cores 24-25. Required accuracy delta=3.513131e-07, accuracy met: 7.573467e+00
tt_from_dense wtime: 293.6184364280052
2025-09-22 01:41:44 WARNING:TensorToolbox.core.TensorTrainVec: MaxRank truncation. Cores 4-5. Required accuracy delta=3.513131e-07, accuracy met: 6.473555e+03
2025-09-22 01:42:10 WARNING:TensorToolbox.core.TensorTrainVec: MaxRank truncation. Cores 5-6. Required accuracy delta=3.513131e-07, accuracy met: 4.874279e+03
2025-09-22 01:42:22 WARNING:TensorToolbox.core.TensorTrainVec: MaxRank truncation. Cores 6-7. Required accuracy delta=3.513131e-07, accuracy met: 3.447690e+03
2025-09-22 01:42:27 WARNING:TensorToolbox.core.TensorTrainVec: MaxRank truncation. Cores 7-8. Required accuracy delta=3.513131e-07, accuracy met: 2.439089e+03
2025-09-22 01:42:29 WARNING:TensorToolbox.core.TensorTrainVec: MaxRank truncation. Cores 8-9. Required accuracy delta=3.513131e-07, accuracy met: 1.725835e+03
2025-09-22 01:42:31 WARNING:TensorToolbox.core.TensorTrainVec: MaxRank truncation. Cores 9-10. Required accuracy delta=3.513131e-07, accuracy met: 1.221175e+03
2025-09-22 01:42:31 WARNING:TensorToolbox.core.TensorTrainVec: MaxRank truncation. Cores 10-11. Required accuracy delta=3.513131e-07, accuracy met: 8.644940e+02
2025-09-22 01:42:32 WARNING:TensorToolbox.core.TensorTrainVec: MaxRank truncation. Cores 11-12. Required accuracy delta=3.513131e-07, accuracy met: 6.124863e+02
2025-09-22 01:42:32 WARNING:TensorToolbox.core.TensorTrainVec: MaxRank truncation. Cores 12-13. Required accuracy delta=3.513131e-07, accuracy met: 4.340276e+02
2025-09-22 01:42:32 WARNING:TensorToolbox.core.TensorTrainVec: MaxRank truncation. Cores 13-14. Required accuracy delta=3.513131e-07, accuracy met: 3.081048e+02
2025-09-22 01:42:32 WARNING:TensorToolbox.core.TensorTrainVec: MaxRank truncation. Cores 14-15. Required accuracy delta=3.513131e-07, accuracy met: 2.184641e+02
2025-09-22 01:42:32 WARNING:TensorToolbox.core.TensorTrainVec: MaxRank truncation. Cores 15-16. Required accuracy delta=3.513131e-07, accuracy met: 1.558201e+02
2025-09-22 01:42:32 WARNING:TensorToolbox.core.TensorTrainVec: MaxRank truncation. Cores 16-17. Required accuracy delta=3.513131e-07, accuracy met: 1.112281e+02
2025-09-22 01:42:32 WARNING:TensorToolbox.core.TensorTrainVec: MaxRank truncation. Cores 17-18. Required accuracy delta=3.513131e-07, accuracy met: 7.962590e+01
2025-09-22 01:42:32 WARNING:TensorToolbox.core.TensorTrainVec: MaxRank truncation. Cores 18-19. Required accuracy delta=3.513131e-07, accuracy met: 5.735650e+01
2025-09-22 01:42:32 WARNING:TensorToolbox.core.TensorTrainVec: MaxRank truncation. Cores 19-20. Required accuracy delta=3.513131e-07, accuracy met: 4.130166e+01
2025-09-22 01:42:32 WARNING:TensorToolbox.core.TensorTrainVec: MaxRank truncation. Cores 20-21. Required accuracy delta=3.513131e-07, accuracy met: 3.023352e+01
2025-09-22 01:42:32 WARNING:TensorToolbox.core.TensorTrainVec: MaxRank truncation. Cores 21-22. Required accuracy delta=3.513131e-07, accuracy met: 2.211906e+01
2025-09-22 01:42:32 WARNING:TensorToolbox.core.TensorTrainVec: MaxRank truncation. Cores 22-23. Required accuracy delta=3.513131e-07, accuracy met: 1.615998e+01
2025-09-22 01:42:32 WARNING:TensorToolbox.core.TensorTrainVec: MaxRank truncation. Cores 23-24. Required accuracy delta=3.513131e-07, accuracy met: 1.156379e+01
2025-09-22 01:42:32 WARNING:TensorToolbox.core.TensorTrainVec: MaxRank truncation. Cores 24-25. Required accuracy delta=3.513131e-07, accuracy met: 7.573467e+00
tt_from_dense wtime: 292.3472876070009
random wtime: 6.425863748998381
2025-09-22 01:46:49 WARNING:TensorToolbox.core.TensorTrainVec: MaxRank truncation. Cores 4-5. Required accuracy delta=3.513072e-07, accuracy met: 6.253805e+03
2025-09-22 01:47:20 WARNING:TensorToolbox.core.TensorTrainVec: MaxRank truncation. Cores 5-6. Required accuracy delta=3.513072e-07, accuracy met: 5.015522e+03
2025-09-22 01:47:33 WARNING:TensorToolbox.core.TensorTrainVec: MaxRank truncation. Cores 6-7. Required accuracy delta=3.513072e-07, accuracy met: 3.547523e+03
2025-09-22 01:47:38 WARNING:TensorToolbox.core.TensorTrainVec: MaxRank truncation. Cores 7-8. Required accuracy delta=3.513072e-07, accuracy met: 2.509580e+03
2025-09-22 01:47:41 WARNING:TensorToolbox.core.TensorTrainVec: MaxRank truncation. Cores 8-9. Required accuracy delta=3.513072e-07, accuracy met: 1.775619e+03
2025-09-22 01:47:42 WARNING:TensorToolbox.core.TensorTrainVec: MaxRank truncation. Cores 9-10. Required accuracy delta=3.513072e-07, accuracy met: 1.256982e+03
2025-09-22 01:47:43 WARNING:TensorToolbox.core.TensorTrainVec: MaxRank truncation. Cores 10-11. Required accuracy delta=3.513072e-07, accuracy met: 8.899239e+02
2025-09-22 01:47:43 WARNING:TensorToolbox.core.TensorTrainVec: MaxRank truncation. Cores 11-12. Required accuracy delta=3.513072e-07, accuracy met: 6.304597e+02
2025-09-22 01:47:44 WARNING:TensorToolbox.core.TensorTrainVec: MaxRank truncation. Cores 12-13. Required accuracy delta=3.513072e-07, accuracy met: 4.470584e+02
2025-09-22 01:47:44 WARNING:TensorToolbox.core.TensorTrainVec: MaxRank truncation. Cores 13-14. Required accuracy delta=3.513072e-07, accuracy met: 3.171953e+02
2025-09-22 01:47:44 WARNING:TensorToolbox.core.TensorTrainVec: MaxRank truncation. Cores 14-15. Required accuracy delta=3.513072e-07, accuracy met: 2.253868e+02
2025-09-22 01:47:44 WARNING:TensorToolbox.core.TensorTrainVec: MaxRank truncation. Cores 15-16. Required accuracy delta=3.513072e-07, accuracy met: 1.604876e+02
2025-09-22 01:47:44 WARNING:TensorToolbox.core.TensorTrainVec: MaxRank truncation. Cores 16-17. Required accuracy delta=3.513072e-07, accuracy met: 1.144398e+02
2025-09-22 01:47:44 WARNING:TensorToolbox.core.TensorTrainVec: MaxRank truncation. Cores 17-18. Required accuracy delta=3.513072e-07, accuracy met: 8.198059e+01
2025-09-22 01:47:44 WARNING:TensorToolbox.core.TensorTrainVec: MaxRank truncation. Cores 18-19. Required accuracy delta=3.513072e-07, accuracy met: 5.891268e+01
2025-09-22 01:47:44 WARNING:TensorToolbox.core.TensorTrainVec: MaxRank truncation. Cores 19-20. Required accuracy delta=3.513072e-07, accuracy met: 4.258539e+01
2025-09-22 01:47:44 WARNING:TensorToolbox.core.TensorTrainVec: MaxRank truncation. Cores 20-21. Required accuracy delta=3.513072e-07, accuracy met: 3.090950e+01
2025-09-22 01:47:44 WARNING:TensorToolbox.core.TensorTrainVec: MaxRank truncation. Cores 21-22. Required accuracy delta=3.513072e-07, accuracy met: 2.285606e+01
2025-09-22 01:47:44 WARNING:TensorToolbox.core.TensorTrainVec: MaxRank truncation. Cores 22-23. Required accuracy delta=3.513072e-07, accuracy met: 1.642850e+01
2025-09-22 01:47:44 WARNING:TensorToolbox.core.TensorTrainVec: MaxRank truncation. Cores 23-24. Required accuracy delta=3.513072e-07, accuracy met: 1.182105e+01
2025-09-22 01:47:44 WARNING:TensorToolbox.core.TensorTrainVec: MaxRank truncation. Cores 24-25. Required accuracy delta=3.513072e-07, accuracy met: 7.617130e+00
tt_from_dense wtime: 303.0762345779949
2025-09-22 01:51:51 WARNING:TensorToolbox.core.TensorTrainVec: MaxRank truncation. Cores 4-5. Required accuracy delta=3.513072e-07, accuracy met: 6.253805e+03
2025-09-22 01:52:21 WARNING:TensorToolbox.core.TensorTrainVec: MaxRank truncation. Cores 5-6. Required accuracy delta=3.513072e-07, accuracy met: 5.015522e+03
2025-09-22 01:52:34 WARNING:TensorToolbox.core.TensorTrainVec: MaxRank truncation. Cores 6-7. Required accuracy delta=3.513072e-07, accuracy met: 3.547523e+03
2025-09-22 01:52:39 WARNING:TensorToolbox.core.TensorTrainVec: MaxRank truncation. Cores 7-8. Required accuracy delta=3.513072e-07, accuracy met: 2.509580e+03
2025-09-22 01:52:42 WARNING:TensorToolbox.core.TensorTrainVec: MaxRank truncation. Cores 8-9. Required accuracy delta=3.513072e-07, accuracy met: 1.775619e+03
2025-09-22 01:52:44 WARNING:TensorToolbox.core.TensorTrainVec: MaxRank truncation. Cores 9-10. Required accuracy delta=3.513072e-07, accuracy met: 1.256982e+03
2025-09-22 01:52:44 WARNING:TensorToolbox.core.TensorTrainVec: MaxRank truncation. Cores 10-11. Required accuracy delta=3.513072e-07, accuracy met: 8.899239e+02
2025-09-22 01:52:45 WARNING:TensorToolbox.core.TensorTrainVec: MaxRank truncation. Cores 11-12. Required accuracy delta=3.513072e-07, accuracy met: 6.304597e+02
2025-09-22 01:52:45 WARNING:TensorToolbox.core.TensorTrainVec: MaxRank truncation. Cores 12-13. Required accuracy delta=3.513072e-07, accuracy met: 4.470584e+02
2025-09-22 01:52:45 WARNING:TensorToolbox.core.TensorTrainVec: MaxRank truncation. Cores 13-14. Required accuracy delta=3.513072e-07, accuracy met: 3.171953e+02
2025-09-22 01:52:45 WARNING:TensorToolbox.core.TensorTrainVec: MaxRank truncation. Cores 14-15. Required accuracy delta=3.513072e-07, accuracy met: 2.253868e+02
2025-09-22 01:52:45 WARNING:TensorToolbox.core.TensorTrainVec: MaxRank truncation. Cores 15-16. Required accuracy delta=3.513072e-07, accuracy met: 1.604876e+02
2025-09-22 01:52:45 WARNING:TensorToolbox.core.TensorTrainVec: MaxRank truncation. Cores 16-17. Required accuracy delta=3.513072e-07, accuracy met: 1.144398e+02
2025-09-22 01:52:45 WARNING:TensorToolbox.core.TensorTrainVec: MaxRank truncation. Cores 17-18. Required accuracy delta=3.513072e-07, accuracy met: 8.198059e+01
2025-09-22 01:52:45 WARNING:TensorToolbox.core.TensorTrainVec: MaxRank truncation. Cores 18-19. Required accuracy delta=3.513072e-07, accuracy met: 5.891268e+01
2025-09-22 01:52:45 WARNING:TensorToolbox.core.TensorTrainVec: MaxRank truncation. Cores 19-20. Required accuracy delta=3.513072e-07, accuracy met: 4.258539e+01
2025-09-22 01:52:45 WARNING:TensorToolbox.core.TensorTrainVec: MaxRank truncation. Cores 20-21. Required accuracy delta=3.513072e-07, accuracy met: 3.090950e+01
2025-09-22 01:52:45 WARNING:TensorToolbox.core.TensorTrainVec: MaxRank truncation. Cores 21-22. Required accuracy delta=3.513072e-07, accuracy met: 2.285606e+01
2025-09-22 01:52:45 WARNING:TensorToolbox.core.TensorTrainVec: MaxRank truncation. Cores 22-23. Required accuracy delta=3.513072e-07, accuracy met: 1.642850e+01
2025-09-22 01:52:45 WARNING:TensorToolbox.core.TensorTrainVec: MaxRank truncation. Cores 23-24. Required accuracy delta=3.513072e-07, accuracy met: 1.182105e+01
2025-09-22 01:52:45 WARNING:TensorToolbox.core.TensorTrainVec: MaxRank truncation. Cores 24-25. Required accuracy delta=3.513072e-07, accuracy met: 7.617130e+00
tt_from_dense wtime: 301.2610561499896
random wtime: 6.404992659998243
2025-09-22 01:56:59 WARNING:TensorToolbox.core.TensorTrainVec: MaxRank truncation. Cores 4-5. Required accuracy delta=3.513157e-07, accuracy met: 6.026262e+03
2025-09-22 01:57:31 WARNING:TensorToolbox.core.TensorTrainVec: MaxRank truncation. Cores 5-6. Required accuracy delta=3.513157e-07, accuracy met: 5.152774e+03
2025-09-22 01:57:46 WARNING:TensorToolbox.core.TensorTrainVec: MaxRank truncation. Cores 6-7. Required accuracy delta=3.513157e-07, accuracy met: 3.644897e+03
2025-09-22 01:57:52 WARNING:TensorToolbox.core.TensorTrainVec: MaxRank truncation. Cores 7-8. Required accuracy delta=3.513157e-07, accuracy met: 2.578568e+03
2025-09-22 01:57:55 WARNING:TensorToolbox.core.TensorTrainVec: MaxRank truncation. Cores 8-9. Required accuracy delta=3.513157e-07, accuracy met: 1.824390e+03
2025-09-22 01:57:56 WARNING:TensorToolbox.core.TensorTrainVec: MaxRank truncation. Cores 9-10. Required accuracy delta=3.513157e-07, accuracy met: 1.291323e+03
2025-09-22 01:57:57 WARNING:TensorToolbox.core.TensorTrainVec: MaxRank truncation. Cores 10-11. Required accuracy delta=3.513157e-07, accuracy met: 9.140988e+02
2025-09-22 01:57:57 WARNING:TensorToolbox.core.TensorTrainVec: MaxRank truncation. Cores 11-12. Required accuracy delta=3.513157e-07, accuracy met: 6.476905e+02
2025-09-22 01:57:57 WARNING:TensorToolbox.core.TensorTrainVec: MaxRank truncation. Cores 12-13. Required accuracy delta=3.513157e-07, accuracy met: 4.589887e+02
2025-09-22 01:57:58 WARNING:TensorToolbox.core.TensorTrainVec: MaxRank truncation. Cores 13-14. Required accuracy delta=3.513157e-07, accuracy met: 3.259433e+02
2025-09-22 01:57:58 WARNING:TensorToolbox.core.TensorTrainVec: MaxRank truncation. Cores 14-15. Required accuracy delta=3.513157e-07, accuracy met: 2.317080e+02
2025-09-22 01:57:58 WARNING:TensorToolbox.core.TensorTrainVec: MaxRank truncation. Cores 15-16. Required accuracy delta=3.513157e-07, accuracy met: 1.649424e+02
2025-09-22 01:57:58 WARNING:TensorToolbox.core.TensorTrainVec: MaxRank truncation. Cores 16-17. Required accuracy delta=3.513157e-07, accuracy met: 1.179127e+02
2025-09-22 01:57:58 WARNING:TensorToolbox.core.TensorTrainVec: MaxRank truncation. Cores 17-18. Required accuracy delta=3.513157e-07, accuracy met: 8.433435e+01
2025-09-22 01:57:58 WARNING:TensorToolbox.core.TensorTrainVec: MaxRank truncation. Cores 18-19. Required accuracy delta=3.513157e-07, accuracy met: 6.082021e+01
2025-09-22 01:57:58 WARNING:TensorToolbox.core.TensorTrainVec: MaxRank truncation. Cores 19-20. Required accuracy delta=3.513157e-07, accuracy met: 4.408388e+01
2025-09-22 01:57:58 WARNING:TensorToolbox.core.TensorTrainVec: MaxRank truncation. Cores 20-21. Required accuracy delta=3.513157e-07, accuracy met: 3.215305e+01
2025-09-22 01:57:58 WARNING:TensorToolbox.core.TensorTrainVec: MaxRank truncation. Cores 21-22. Required accuracy delta=3.513157e-07, accuracy met: 2.325059e+01
2025-09-22 01:57:58 WARNING:TensorToolbox.core.TensorTrainVec: MaxRank truncation. Cores 22-23. Required accuracy delta=3.513157e-07, accuracy met: 1.729593e+01
2025-09-22 01:57:58 WARNING:TensorToolbox.core.TensorTrainVec: MaxRank truncation. Cores 23-24. Required accuracy delta=3.513157e-07, accuracy met: 1.214656e+01
2025-09-22 01:57:58 WARNING:TensorToolbox.core.TensorTrainVec: MaxRank truncation. Cores 24-25. Required accuracy delta=3.513157e-07, accuracy met: 7.037373e+00
tt_from_dense wtime: 303.87661875800404
2025-09-22 02:02:03 WARNING:TensorToolbox.core.TensorTrainVec: MaxRank truncation. Cores 4-5. Required accuracy delta=3.513157e-07, accuracy met: 6.026262e+03
2025-09-22 02:02:35 WARNING:TensorToolbox.core.TensorTrainVec: MaxRank truncation. Cores 5-6. Required accuracy delta=3.513157e-07, accuracy met: 5.152774e+03
2025-09-22 02:02:50 WARNING:TensorToolbox.core.TensorTrainVec: MaxRank truncation. Cores 6-7. Required accuracy delta=3.513157e-07, accuracy met: 3.644897e+03
2025-09-22 02:02:56 WARNING:TensorToolbox.core.TensorTrainVec: MaxRank truncation. Cores 7-8. Required accuracy delta=3.513157e-07, accuracy met: 2.578568e+03
2025-09-22 02:02:59 WARNING:TensorToolbox.core.TensorTrainVec: MaxRank truncation. Cores 8-9. Required accuracy delta=3.513157e-07, accuracy met: 1.824390e+03
2025-09-22 02:03:01 WARNING:TensorToolbox.core.TensorTrainVec: MaxRank truncation. Cores 9-10. Required accuracy delta=3.513157e-07, accuracy met: 1.291323e+03
2025-09-22 02:03:02 WARNING:TensorToolbox.core.TensorTrainVec: MaxRank truncation. Cores 10-11. Required accuracy delta=3.513157e-07, accuracy met: 9.140988e+02
2025-09-22 02:03:02 WARNING:TensorToolbox.core.TensorTrainVec: MaxRank truncation. Cores 11-12. Required accuracy delta=3.513157e-07, accuracy met: 6.476905e+02
2025-09-22 02:03:02 WARNING:TensorToolbox.core.TensorTrainVec: MaxRank truncation. Cores 12-13. Required accuracy delta=3.513157e-07, accuracy met: 4.589887e+02
2025-09-22 02:03:02 WARNING:TensorToolbox.core.TensorTrainVec: MaxRank truncation. Cores 13-14. Required accuracy delta=3.513157e-07, accuracy met: 3.259433e+02
2025-09-22 02:03:02 WARNING:TensorToolbox.core.TensorTrainVec: MaxRank truncation. Cores 14-15. Required accuracy delta=3.513157e-07, accuracy met: 2.317080e+02
2025-09-22 02:03:03 WARNING:TensorToolbox.core.TensorTrainVec: MaxRank truncation. Cores 15-16. Required accuracy delta=3.513157e-07, accuracy met: 1.649424e+02
2025-09-22 02:03:03 WARNING:TensorToolbox.core.TensorTrainVec: MaxRank truncation. Cores 16-17. Required accuracy delta=3.513157e-07, accuracy met: 1.179127e+02
2025-09-22 02:03:03 WARNING:TensorToolbox.core.TensorTrainVec: MaxRank truncation. Cores 17-18. Required accuracy delta=3.513157e-07, accuracy met: 8.433435e+01
2025-09-22 02:03:03 WARNING:TensorToolbox.core.TensorTrainVec: MaxRank truncation. Cores 18-19. Required accuracy delta=3.513157e-07, accuracy met: 6.082021e+01
2025-09-22 02:03:03 WARNING:TensorToolbox.core.TensorTrainVec: MaxRank truncation. Cores 19-20. Required accuracy delta=3.513157e-07, accuracy met: 4.408388e+01
2025-09-22 02:03:03 WARNING:TensorToolbox.core.TensorTrainVec: MaxRank truncation. Cores 20-21. Required accuracy delta=3.513157e-07, accuracy met: 3.215305e+01
2025-09-22 02:03:03 WARNING:TensorToolbox.core.TensorTrainVec: MaxRank truncation. Cores 21-22. Required accuracy delta=3.513157e-07, accuracy met: 2.325059e+01
2025-09-22 02:03:03 WARNING:TensorToolbox.core.TensorTrainVec: MaxRank truncation. Cores 22-23. Required accuracy delta=3.513157e-07, accuracy met: 1.729593e+01
2025-09-22 02:03:03 WARNING:TensorToolbox.core.TensorTrainVec: MaxRank truncation. Cores 23-24. Required accuracy delta=3.513157e-07, accuracy met: 1.214656e+01
2025-09-22 02:03:03 WARNING:TensorToolbox.core.TensorTrainVec: MaxRank truncation. Cores 24-25. Required accuracy delta=3.513157e-07, accuracy met: 7.037373e+00
tt_from_dense wtime: 304.7814476700005
random wtime: 6.414147849005531
2025-09-22 02:07:17 WARNING:TensorToolbox.core.TensorTrainVec: MaxRank truncation. Cores 4-5. Required accuracy delta=3.513121e-07, accuracy met: 5.789894e+03
2025-09-22 02:07:53 WARNING:TensorToolbox.core.TensorTrainVec: MaxRank truncation. Cores 5-6. Required accuracy delta=3.513121e-07, accuracy met: 5.286317e+03
2025-09-22 02:08:10 WARNING:TensorToolbox.core.TensorTrainVec: MaxRank truncation. Cores 6-7. Required accuracy delta=3.513121e-07, accuracy met: 3.739455e+03
2025-09-22 02:08:16 WARNING:TensorToolbox.core.TensorTrainVec: MaxRank truncation. Cores 7-8. Required accuracy delta=3.513121e-07, accuracy met: 2.645462e+03
2025-09-22 02:08:19 WARNING:TensorToolbox.core.TensorTrainVec: MaxRank truncation. Cores 8-9. Required accuracy delta=3.513121e-07, accuracy met: 1.871868e+03
2025-09-22 02:08:21 WARNING:TensorToolbox.core.TensorTrainVec: MaxRank truncation. Cores 9-10. Required accuracy delta=3.513121e-07, accuracy met: 1.324911e+03
2025-09-22 02:08:22 WARNING:TensorToolbox.core.TensorTrainVec: MaxRank truncation. Cores 10-11. Required accuracy delta=3.513121e-07, accuracy met: 9.381415e+02
2025-09-22 02:08:22 WARNING:TensorToolbox.core.TensorTrainVec: MaxRank truncation. Cores 11-12. Required accuracy delta=3.513121e-07, accuracy met: 6.647456e+02
2025-09-22 02:08:23 WARNING:TensorToolbox.core.TensorTrainVec: MaxRank truncation. Cores 12-13. Required accuracy delta=3.513121e-07, accuracy met: 4.710875e+02
2025-09-22 02:08:23 WARNING:TensorToolbox.core.TensorTrainVec: MaxRank truncation. Cores 13-14. Required accuracy delta=3.513121e-07, accuracy met: 3.343972e+02
2025-09-22 02:08:23 WARNING:TensorToolbox.core.TensorTrainVec: MaxRank truncation. Cores 14-15. Required accuracy delta=3.513121e-07, accuracy met: 2.379011e+02
2025-09-22 02:08:23 WARNING:TensorToolbox.core.TensorTrainVec: MaxRank truncation. Cores 15-16. Required accuracy delta=3.513121e-07, accuracy met: 1.691659e+02
2025-09-22 02:08:23 WARNING:TensorToolbox.core.TensorTrainVec: MaxRank truncation. Cores 16-17. Required accuracy delta=3.513121e-07, accuracy met: 1.208462e+02
2025-09-22 02:08:23 WARNING:TensorToolbox.core.TensorTrainVec: MaxRank truncation. Cores 17-18. Required accuracy delta=3.513121e-07, accuracy met: 8.657551e+01
2025-09-22 02:08:23 WARNING:TensorToolbox.core.TensorTrainVec: MaxRank truncation. Cores 18-19. Required accuracy delta=3.513121e-07, accuracy met: 6.260330e+01
2025-09-22 02:08:23 WARNING:TensorToolbox.core.TensorTrainVec: MaxRank truncation. Cores 19-20. Required accuracy delta=3.513121e-07, accuracy met: 4.537862e+01
2025-09-22 02:08:23 WARNING:TensorToolbox.core.TensorTrainVec: MaxRank truncation. Cores 20-21. Required accuracy delta=3.513121e-07, accuracy met: 3.312853e+01
2025-09-22 02:08:23 WARNING:TensorToolbox.core.TensorTrainVec: MaxRank truncation. Cores 21-22. Required accuracy delta=3.513121e-07, accuracy met: 2.399268e+01
2025-09-22 02:08:23 WARNING:TensorToolbox.core.TensorTrainVec: MaxRank truncation. Cores 22-23. Required accuracy delta=3.513121e-07, accuracy met: 1.732070e+01
2025-09-22 02:08:23 WARNING:TensorToolbox.core.TensorTrainVec: MaxRank truncation. Cores 23-24. Required accuracy delta=3.513121e-07, accuracy met: 1.243078e+01
2025-09-22 02:08:23 WARNING:TensorToolbox.core.TensorTrainVec: MaxRank truncation. Cores 24-25. Required accuracy delta=3.513121e-07, accuracy met: 7.145212e+00
tt_from_dense wtime: 311.66903082400677
2025-09-22 02:12:25 WARNING:TensorToolbox.core.TensorTrainVec: MaxRank truncation. Cores 4-5. Required accuracy delta=3.513121e-07, accuracy met: 5.789894e+03
2025-09-22 02:13:01 WARNING:TensorToolbox.core.TensorTrainVec: MaxRank truncation. Cores 5-6. Required accuracy delta=3.513121e-07, accuracy met: 5.286317e+03
2025-09-22 02:13:18 WARNING:TensorToolbox.core.TensorTrainVec: MaxRank truncation. Cores 6-7. Required accuracy delta=3.513121e-07, accuracy met: 3.739455e+03
2025-09-22 02:13:25 WARNING:TensorToolbox.core.TensorTrainVec: MaxRank truncation. Cores 7-8. Required accuracy delta=3.513121e-07, accuracy met: 2.645462e+03
2025-09-22 02:13:28 WARNING:TensorToolbox.core.TensorTrainVec: MaxRank truncation. Cores 8-9. Required accuracy delta=3.513121e-07, accuracy met: 1.871868e+03
2025-09-22 02:13:30 WARNING:TensorToolbox.core.TensorTrainVec: MaxRank truncation. Cores 9-10. Required accuracy delta=3.513121e-07, accuracy met: 1.324911e+03
2025-09-22 02:13:31 WARNING:TensorToolbox.core.TensorTrainVec: MaxRank truncation. Cores 10-11. Required accuracy delta=3.513121e-07, accuracy met: 9.381415e+02
2025-09-22 02:13:31 WARNING:TensorToolbox.core.TensorTrainVec: MaxRank truncation. Cores 11-12. Required accuracy delta=3.513121e-07, accuracy met: 6.647456e+02
2025-09-22 02:13:31 WARNING:TensorToolbox.core.TensorTrainVec: MaxRank truncation. Cores 12-13. Required accuracy delta=3.513121e-07, accuracy met: 4.710875e+02
2025-09-22 02:13:32 WARNING:TensorToolbox.core.TensorTrainVec: MaxRank truncation. Cores 13-14. Required accuracy delta=3.513121e-07, accuracy met: 3.343972e+02
2025-09-22 02:13:32 WARNING:TensorToolbox.core.TensorTrainVec: MaxRank truncation. Cores 14-15. Required accuracy delta=3.513121e-07, accuracy met: 2.379011e+02
2025-09-22 02:13:32 WARNING:TensorToolbox.core.TensorTrainVec: MaxRank truncation. Cores 15-16. Required accuracy delta=3.513121e-07, accuracy met: 1.691659e+02
2025-09-22 02:13:32 WARNING:TensorToolbox.core.TensorTrainVec: MaxRank truncation. Cores 16-17. Required accuracy delta=3.513121e-07, accuracy met: 1.208462e+02
2025-09-22 02:13:32 WARNING:TensorToolbox.core.TensorTrainVec: MaxRank truncation. Cores 17-18. Required accuracy delta=3.513121e-07, accuracy met: 8.657551e+01
2025-09-22 02:13:32 WARNING:TensorToolbox.core.TensorTrainVec: MaxRank truncation. Cores 18-19. Required accuracy delta=3.513121e-07, accuracy met: 6.260330e+01
2025-09-22 02:13:32 WARNING:TensorToolbox.core.TensorTrainVec: MaxRank truncation. Cores 19-20. Required accuracy delta=3.513121e-07, accuracy met: 4.537862e+01
2025-09-22 02:13:32 WARNING:TensorToolbox.core.TensorTrainVec: MaxRank truncation. Cores 20-21. Required accuracy delta=3.513121e-07, accuracy met: 3.312853e+01
2025-09-22 02:13:32 WARNING:TensorToolbox.core.TensorTrainVec: MaxRank truncation. Cores 21-22. Required accuracy delta=3.513121e-07, accuracy met: 2.399268e+01
2025-09-22 02:13:32 WARNING:TensorToolbox.core.TensorTrainVec: MaxRank truncation. Cores 22-23. Required accuracy delta=3.513121e-07, accuracy met: 1.732070e+01
2025-09-22 02:13:32 WARNING:TensorToolbox.core.TensorTrainVec: MaxRank truncation. Cores 23-24. Required accuracy delta=3.513121e-07, accuracy met: 1.243078e+01
2025-09-22 02:13:32 WARNING:TensorToolbox.core.TensorTrainVec: MaxRank truncation. Cores 24-25. Required accuracy delta=3.513121e-07, accuracy met: 7.145212e+00
tt_from_dense wtime: 308.6104521119996
random wtime: 6.45198491300107
2025-09-22 02:17:49 WARNING:TensorToolbox.core.TensorTrainVec: MaxRank truncation. Cores 4-5. Required accuracy delta=3.513131e-07, accuracy met: 5.543308e+03
2025-09-22 02:18:28 WARNING:TensorToolbox.core.TensorTrainVec: MaxRank truncation. Cores 5-6. Required accuracy delta=3.513131e-07, accuracy met: 5.416668e+03
2025-09-22 02:18:46 WARNING:TensorToolbox.core.TensorTrainVec: MaxRank truncation. Cores 6-7. Required accuracy delta=3.513131e-07, accuracy met: 3.831566e+03
2025-09-22 02:18:53 WARNING:TensorToolbox.core.TensorTrainVec: MaxRank truncation. Cores 7-8. Required accuracy delta=3.513131e-07, accuracy met: 2.710697e+03
2025-09-22 02:18:56 WARNING:TensorToolbox.core.TensorTrainVec: MaxRank truncation. Cores 8-9. Required accuracy delta=3.513131e-07, accuracy met: 1.917887e+03
2025-09-22 02:18:58 WARNING:TensorToolbox.core.TensorTrainVec: MaxRank truncation. Cores 9-10. Required accuracy delta=3.513131e-07, accuracy met: 1.357653e+03
2025-09-22 02:18:59 WARNING:TensorToolbox.core.TensorTrainVec: MaxRank truncation. Cores 10-11. Required accuracy delta=3.513131e-07, accuracy met: 9.613986e+02
2025-09-22 02:19:00 WARNING:TensorToolbox.core.TensorTrainVec: MaxRank truncation. Cores 11-12. Required accuracy delta=3.513131e-07, accuracy met: 6.809977e+02
2025-09-22 02:19:00 WARNING:TensorToolbox.core.TensorTrainVec: MaxRank truncation. Cores 12-13. Required accuracy delta=3.513131e-07, accuracy met: 4.827074e+02
2025-09-22 02:19:00 WARNING:TensorToolbox.core.TensorTrainVec: MaxRank truncation. Cores 13-14. Required accuracy delta=3.513131e-07, accuracy met: 3.426638e+02
2025-09-22 02:19:00 WARNING:TensorToolbox.core.TensorTrainVec: MaxRank truncation. Cores 14-15. Required accuracy delta=3.513131e-07, accuracy met: 2.437761e+02
2025-09-22 02:19:00 WARNING:TensorToolbox.core.TensorTrainVec: MaxRank truncation. Cores 15-16. Required accuracy delta=3.513131e-07, accuracy met: 1.737022e+02
2025-09-22 02:19:00 WARNING:TensorToolbox.core.TensorTrainVec: MaxRank truncation. Cores 16-17. Required accuracy delta=3.513131e-07, accuracy met: 1.240268e+02
2025-09-22 02:19:00 WARNING:TensorToolbox.core.TensorTrainVec: MaxRank truncation. Cores 17-18. Required accuracy delta=3.513131e-07, accuracy met: 8.920150e+01
2025-09-22 02:19:00 WARNING:TensorToolbox.core.TensorTrainVec: MaxRank truncation. Cores 18-19. Required accuracy delta=3.513131e-07, accuracy met: 6.411892e+01
2025-09-22 02:19:00 WARNING:TensorToolbox.core.TensorTrainVec: MaxRank truncation. Cores 19-20. Required accuracy delta=3.513131e-07, accuracy met: 4.647603e+01
2025-09-22 02:19:00 WARNING:TensorToolbox.core.TensorTrainVec: MaxRank truncation. Cores 20-21. Required accuracy delta=3.513131e-07, accuracy met: 3.380081e+01
2025-09-22 02:19:00 WARNING:TensorToolbox.core.TensorTrainVec: MaxRank truncation. Cores 21-22. Required accuracy delta=3.513131e-07, accuracy met: 2.492974e+01
2025-09-22 02:19:00 WARNING:TensorToolbox.core.TensorTrainVec: MaxRank truncation. Cores 22-23. Required accuracy delta=3.513131e-07, accuracy met: 1.849302e+01
2025-09-22 02:19:00 WARNING:TensorToolbox.core.TensorTrainVec: MaxRank truncation. Cores 23-24. Required accuracy delta=3.513131e-07, accuracy met: 1.233164e+01
2025-09-22 02:19:00 WARNING:TensorToolbox.core.TensorTrainVec: MaxRank truncation. Cores 24-25. Required accuracy delta=3.513131e-07, accuracy met: 6.836011e+00
tt_from_dense wtime: 319.88079815699894
2025-09-22 02:23:06 WARNING:TensorToolbox.core.TensorTrainVec: MaxRank truncation. Cores 4-5. Required accuracy delta=3.513131e-07, accuracy met: 5.543308e+03
2025-09-22 02:23:44 WARNING:TensorToolbox.core.TensorTrainVec: MaxRank truncation. Cores 5-6. Required accuracy delta=3.513131e-07, accuracy met: 5.416668e+03
2025-09-22 02:24:02 WARNING:TensorToolbox.core.TensorTrainVec: MaxRank truncation. Cores 6-7. Required accuracy delta=3.513131e-07, accuracy met: 3.831566e+03
2025-09-22 02:24:09 WARNING:TensorToolbox.core.TensorTrainVec: MaxRank truncation. Cores 7-8. Required accuracy delta=3.513131e-07, accuracy met: 2.710697e+03
2025-09-22 02:24:13 WARNING:TensorToolbox.core.TensorTrainVec: MaxRank truncation. Cores 8-9. Required accuracy delta=3.513131e-07, accuracy met: 1.917887e+03
2025-09-22 02:24:14 WARNING:TensorToolbox.core.TensorTrainVec: MaxRank truncation. Cores 9-10. Required accuracy delta=3.513131e-07, accuracy met: 1.357653e+03
2025-09-22 02:24:15 WARNING:TensorToolbox.core.TensorTrainVec: MaxRank truncation. Cores 10-11. Required accuracy delta=3.513131e-07, accuracy met: 9.613986e+02
2025-09-22 02:24:16 WARNING:TensorToolbox.core.TensorTrainVec: MaxRank truncation. Cores 11-12. Required accuracy delta=3.513131e-07, accuracy met: 6.809977e+02
2025-09-22 02:24:16 WARNING:TensorToolbox.core.TensorTrainVec: MaxRank truncation. Cores 12-13. Required accuracy delta=3.513131e-07, accuracy met: 4.827074e+02
2025-09-22 02:24:16 WARNING:TensorToolbox.core.TensorTrainVec: MaxRank truncation. Cores 13-14. Required accuracy delta=3.513131e-07, accuracy met: 3.426638e+02
2025-09-22 02:24:16 WARNING:TensorToolbox.core.TensorTrainVec: MaxRank truncation. Cores 14-15. Required accuracy delta=3.513131e-07, accuracy met: 2.437761e+02
2025-09-22 02:24:16 WARNING:TensorToolbox.core.TensorTrainVec: MaxRank truncation. Cores 15-16. Required accuracy delta=3.513131e-07, accuracy met: 1.737022e+02
2025-09-22 02:24:16 WARNING:TensorToolbox.core.TensorTrainVec: MaxRank truncation. Cores 16-17. Required accuracy delta=3.513131e-07, accuracy met: 1.240268e+02
2025-09-22 02:24:16 WARNING:TensorToolbox.core.TensorTrainVec: MaxRank truncation. Cores 17-18. Required accuracy delta=3.513131e-07, accuracy met: 8.920150e+01
2025-09-22 02:24:16 WARNING:TensorToolbox.core.TensorTrainVec: MaxRank truncation. Cores 18-19. Required accuracy delta=3.513131e-07, accuracy met: 6.411892e+01
2025-09-22 02:24:16 WARNING:TensorToolbox.core.TensorTrainVec: MaxRank truncation. Cores 19-20. Required accuracy delta=3.513131e-07, accuracy met: 4.647603e+01
2025-09-22 02:24:16 WARNING:TensorToolbox.core.TensorTrainVec: MaxRank truncation. Cores 20-21. Required accuracy delta=3.513131e-07, accuracy met: 3.380081e+01
2025-09-22 02:24:16 WARNING:TensorToolbox.core.TensorTrainVec: MaxRank truncation. Cores 21-22. Required accuracy delta=3.513131e-07, accuracy met: 2.492974e+01
2025-09-22 02:24:16 WARNING:TensorToolbox.core.TensorTrainVec: MaxRank truncation. Cores 22-23. Required accuracy delta=3.513131e-07, accuracy met: 1.849302e+01
2025-09-22 02:24:16 WARNING:TensorToolbox.core.TensorTrainVec: MaxRank truncation. Cores 23-24. Required accuracy delta=3.513131e-07, accuracy met: 1.233164e+01
2025-09-22 02:24:16 WARNING:TensorToolbox.core.TensorTrainVec: MaxRank truncation. Cores 24-25. Required accuracy delta=3.513131e-07, accuracy met: 6.836011e+00
tt_from_dense wtime: 316.12849610501144
random wtime: 6.441897858996526
2025-09-22 02:28:33 WARNING:TensorToolbox.core.TensorTrainVec: MaxRank truncation. Cores 4-5. Required accuracy delta=3.513058e-07, accuracy met: 5.285099e+03
2025-09-22 02:29:16 WARNING:TensorToolbox.core.TensorTrainVec: MaxRank truncation. Cores 5-6. Required accuracy delta=3.513058e-07, accuracy met: 5.544214e+03
2025-09-22 02:29:34 WARNING:TensorToolbox.core.TensorTrainVec: MaxRank truncation. Cores 6-7. Required accuracy delta=3.513058e-07, accuracy met: 3.921604e+03
2025-09-22 02:29:42 WARNING:TensorToolbox.core.TensorTrainVec: MaxRank truncation. Cores 7-8. Required accuracy delta=3.513058e-07, accuracy met: 2.774501e+03
2025-09-22 02:29:46 WARNING:TensorToolbox.core.TensorTrainVec: MaxRank truncation. Cores 8-9. Required accuracy delta=3.513058e-07, accuracy met: 1.963234e+03
2025-09-22 02:29:48 WARNING:TensorToolbox.core.TensorTrainVec: MaxRank truncation. Cores 9-10. Required accuracy delta=3.513058e-07, accuracy met: 1.389863e+03
2025-09-22 02:29:49 WARNING:TensorToolbox.core.TensorTrainVec: MaxRank truncation. Cores 10-11. Required accuracy delta=3.513058e-07, accuracy met: 9.840384e+02
2025-09-22 02:29:49 WARNING:TensorToolbox.core.TensorTrainVec: MaxRank truncation. Cores 11-12. Required accuracy delta=3.513058e-07, accuracy met: 6.972777e+02
2025-09-22 02:29:49 WARNING:TensorToolbox.core.TensorTrainVec: MaxRank truncation. Cores 12-13. Required accuracy delta=3.513058e-07, accuracy met: 4.945862e+02
2025-09-22 02:29:50 WARNING:TensorToolbox.core.TensorTrainVec: MaxRank truncation. Cores 13-14. Required accuracy delta=3.513058e-07, accuracy met: 3.510114e+02
2025-09-22 02:29:50 WARNING:TensorToolbox.core.TensorTrainVec: MaxRank truncation. Cores 14-15. Required accuracy delta=3.513058e-07, accuracy met: 2.495803e+02
2025-09-22 02:29:50 WARNING:TensorToolbox.core.TensorTrainVec: MaxRank truncation. Cores 15-16. Required accuracy delta=3.513058e-07, accuracy met: 1.777796e+02
2025-09-22 02:29:50 WARNING:TensorToolbox.core.TensorTrainVec: MaxRank truncation. Cores 16-17. Required accuracy delta=3.513058e-07, accuracy met: 1.269964e+02
2025-09-22 02:29:50 WARNING:TensorToolbox.core.TensorTrainVec: MaxRank truncation. Cores 17-18. Required accuracy delta=3.513058e-07, accuracy met: 9.081232e+01
2025-09-22 02:29:50 WARNING:TensorToolbox.core.TensorTrainVec: MaxRank truncation. Cores 18-19. Required accuracy delta=3.513058e-07, accuracy met: 6.593802e+01
2025-09-22 02:29:50 WARNING:TensorToolbox.core.TensorTrainVec: MaxRank truncation. Cores 19-20. Required accuracy delta=3.513058e-07, accuracy met: 4.768012e+01
2025-09-22 02:29:50 WARNING:TensorToolbox.core.TensorTrainVec: MaxRank truncation. Cores 20-21. Required accuracy delta=3.513058e-07, accuracy met: 3.481594e+01
2025-09-22 02:29:50 WARNING:TensorToolbox.core.TensorTrainVec: MaxRank truncation. Cores 21-22. Required accuracy delta=3.513058e-07, accuracy met: 2.567645e+01
2025-09-22 02:29:50 WARNING:TensorToolbox.core.TensorTrainVec: MaxRank truncation. Cores 22-23. Required accuracy delta=3.513058e-07, accuracy met: 1.911825e+01
2025-09-22 02:29:50 WARNING:TensorToolbox.core.TensorTrainVec: MaxRank truncation. Cores 23-24. Required accuracy delta=3.513058e-07, accuracy met: 1.313843e+01
2025-09-22 02:29:50 WARNING:TensorToolbox.core.TensorTrainVec: MaxRank truncation. Cores 24-25. Required accuracy delta=3.513058e-07, accuracy met: 7.159469e+00
tt_from_dense wtime: 324.64300275500864
2025-09-22 02:33:58 WARNING:TensorToolbox.core.TensorTrainVec: MaxRank truncation. Cores 4-5. Required accuracy delta=3.513058e-07, accuracy met: 5.285099e+03
2025-09-22 02:34:40 WARNING:TensorToolbox.core.TensorTrainVec: MaxRank truncation. Cores 5-6. Required accuracy delta=3.513058e-07, accuracy met: 5.544214e+03
2025-09-22 02:34:59 WARNING:TensorToolbox.core.TensorTrainVec: MaxRank truncation. Cores 6-7. Required accuracy delta=3.513058e-07, accuracy met: 3.921604e+03
2025-09-22 02:35:06 WARNING:TensorToolbox.core.TensorTrainVec: MaxRank truncation. Cores 7-8. Required accuracy delta=3.513058e-07, accuracy met: 2.774501e+03
2025-09-22 02:35:10 WARNING:TensorToolbox.core.TensorTrainVec: MaxRank truncation. Cores 8-9. Required accuracy delta=3.513058e-07, accuracy met: 1.963234e+03
2025-09-22 02:35:12 WARNING:TensorToolbox.core.TensorTrainVec: MaxRank truncation. Cores 9-10. Required accuracy delta=3.513058e-07, accuracy met: 1.389863e+03
2025-09-22 02:35:13 WARNING:TensorToolbox.core.TensorTrainVec: MaxRank truncation. Cores 10-11. Required accuracy delta=3.513058e-07, accuracy met: 9.840384e+02
2025-09-22 02:35:14 WARNING:TensorToolbox.core.TensorTrainVec: MaxRank truncation. Cores 11-12. Required accuracy delta=3.513058e-07, accuracy met: 6.972777e+02
2025-09-22 02:35:14 WARNING:TensorToolbox.core.TensorTrainVec: MaxRank truncation. Cores 12-13. Required accuracy delta=3.513058e-07, accuracy met: 4.945862e+02
2025-09-22 02:35:14 WARNING:TensorToolbox.core.TensorTrainVec: MaxRank truncation. Cores 13-14. Required accuracy delta=3.513058e-07, accuracy met: 3.510114e+02
2025-09-22 02:35:14 WARNING:TensorToolbox.core.TensorTrainVec: MaxRank truncation. Cores 14-15. Required accuracy delta=3.513058e-07, accuracy met: 2.495803e+02
2025-09-22 02:35:14 WARNING:TensorToolbox.core.TensorTrainVec: MaxRank truncation. Cores 15-16. Required accuracy delta=3.513058e-07, accuracy met: 1.777796e+02
2025-09-22 02:35:14 WARNING:TensorToolbox.core.TensorTrainVec: MaxRank truncation. Cores 16-17. Required accuracy delta=3.513058e-07, accuracy met: 1.269964e+02
2025-09-22 02:35:14 WARNING:TensorToolbox.core.TensorTrainVec: MaxRank truncation. Cores 17-18. Required accuracy delta=3.513058e-07, accuracy met: 9.081232e+01
2025-09-22 02:35:14 WARNING:TensorToolbox.core.TensorTrainVec: MaxRank truncation. Cores 18-19. Required accuracy delta=3.513058e-07, accuracy met: 6.593802e+01
2025-09-22 02:35:14 WARNING:TensorToolbox.core.TensorTrainVec: MaxRank truncation. Cores 19-20. Required accuracy delta=3.513058e-07, accuracy met: 4.768012e+01
2025-09-22 02:35:14 WARNING:TensorToolbox.core.TensorTrainVec: MaxRank truncation. Cores 20-21. Required accuracy delta=3.513058e-07, accuracy met: 3.481594e+01
2025-09-22 02:35:14 WARNING:TensorToolbox.core.TensorTrainVec: MaxRank truncation. Cores 21-22. Required accuracy delta=3.513058e-07, accuracy met: 2.567645e+01
2025-09-22 02:35:14 WARNING:TensorToolbox.core.TensorTrainVec: MaxRank truncation. Cores 22-23. Required accuracy delta=3.513058e-07, accuracy met: 1.911825e+01
2025-09-22 02:35:14 WARNING:TensorToolbox.core.TensorTrainVec: MaxRank truncation. Cores 23-24. Required accuracy delta=3.513058e-07, accuracy met: 1.313843e+01
2025-09-22 02:35:14 WARNING:TensorToolbox.core.TensorTrainVec: MaxRank truncation. Cores 24-25. Required accuracy delta=3.513058e-07, accuracy met: 7.159469e+00
tt_from_dense wtime: 324.41244145498786
random wtime: 6.425909397992655
2025-09-22 02:39:27 WARNING:TensorToolbox.core.TensorTrainVec: MaxRank truncation. Cores 4-5. Required accuracy delta=3.513047e-07, accuracy met: 5.013702e+03
2025-09-22 02:40:11 WARNING:TensorToolbox.core.TensorTrainVec: MaxRank truncation. Cores 5-6. Required accuracy delta=3.513047e-07, accuracy met: 5.668243e+03
2025-09-22 02:40:32 WARNING:TensorToolbox.core.TensorTrainVec: MaxRank truncation. Cores 6-7. Required accuracy delta=3.513047e-07, accuracy met: 4.009879e+03
2025-09-22 02:40:40 WARNING:TensorToolbox.core.TensorTrainVec: MaxRank truncation. Cores 7-8. Required accuracy delta=3.513047e-07, accuracy met: 2.836600e+03
2025-09-22 02:40:45 WARNING:TensorToolbox.core.TensorTrainVec: MaxRank truncation. Cores 8-9. Required accuracy delta=3.513047e-07, accuracy met: 2.007257e+03
2025-09-22 02:40:47 WARNING:TensorToolbox.core.TensorTrainVec: MaxRank truncation. Cores 9-10. Required accuracy delta=3.513047e-07, accuracy met: 1.420954e+03
2025-09-22 02:40:48 WARNING:TensorToolbox.core.TensorTrainVec: MaxRank truncation. Cores 10-11. Required accuracy delta=3.513047e-07, accuracy met: 1.006041e+03
2025-09-22 02:40:48 WARNING:TensorToolbox.core.TensorTrainVec: MaxRank truncation. Cores 11-12. Required accuracy delta=3.513047e-07, accuracy met: 7.129086e+02
2025-09-22 02:40:49 WARNING:TensorToolbox.core.TensorTrainVec: MaxRank truncation. Cores 12-13. Required accuracy delta=3.513047e-07, accuracy met: 5.056629e+02
2025-09-22 02:40:49 WARNING:TensorToolbox.core.TensorTrainVec: MaxRank truncation. Cores 13-14. Required accuracy delta=3.513047e-07, accuracy met: 3.591302e+02
2025-09-22 02:40:49 WARNING:TensorToolbox.core.TensorTrainVec: MaxRank truncation. Cores 14-15. Required accuracy delta=3.513047e-07, accuracy met: 2.551295e+02
2025-09-22 02:40:49 WARNING:TensorToolbox.core.TensorTrainVec: MaxRank truncation. Cores 15-16. Required accuracy delta=3.513047e-07, accuracy met: 1.817773e+02
2025-09-22 02:40:49 WARNING:TensorToolbox.core.TensorTrainVec: MaxRank truncation. Cores 16-17. Required accuracy delta=3.513047e-07, accuracy met: 1.301037e+02
2025-09-22 02:40:49 WARNING:TensorToolbox.core.TensorTrainVec: MaxRank truncation. Cores 17-18. Required accuracy delta=3.513047e-07, accuracy met: 9.326512e+01
2025-09-22 02:40:49 WARNING:TensorToolbox.core.TensorTrainVec: MaxRank truncation. Cores 18-19. Required accuracy delta=3.513047e-07, accuracy met: 6.736205e+01
2025-09-22 02:40:49 WARNING:TensorToolbox.core.TensorTrainVec: MaxRank truncation. Cores 19-20. Required accuracy delta=3.513047e-07, accuracy met: 4.858985e+01
2025-09-22 02:40:49 WARNING:TensorToolbox.core.TensorTrainVec: MaxRank truncation. Cores 20-21. Required accuracy delta=3.513047e-07, accuracy met: 3.558160e+01
2025-09-22 02:40:49 WARNING:TensorToolbox.core.TensorTrainVec: MaxRank truncation. Cores 21-22. Required accuracy delta=3.513047e-07, accuracy met: 2.602304e+01
2025-09-22 02:40:49 WARNING:TensorToolbox.core.TensorTrainVec: MaxRank truncation. Cores 22-23. Required accuracy delta=3.513047e-07, accuracy met: 1.870201e+01
2025-09-22 02:40:49 WARNING:TensorToolbox.core.TensorTrainVec: MaxRank truncation. Cores 23-24. Required accuracy delta=3.513047e-07, accuracy met: 1.280114e+01
2025-09-22 02:40:49 WARNING:TensorToolbox.core.TensorTrainVec: MaxRank truncation. Cores 24-25. Required accuracy delta=3.513047e-07, accuracy met: 6.784885e+00
tt_from_dense wtime: 325.9328198200092
2025-09-22 02:44:52 WARNING:TensorToolbox.core.TensorTrainVec: MaxRank truncation. Cores 4-5. Required accuracy delta=3.513047e-07, accuracy met: 5.013702e+03
2025-09-22 02:45:36 WARNING:TensorToolbox.core.TensorTrainVec: MaxRank truncation. Cores 5-6. Required accuracy delta=3.513047e-07, accuracy met: 5.668243e+03
2025-09-22 02:45:56 WARNING:TensorToolbox.core.TensorTrainVec: MaxRank truncation. Cores 6-7. Required accuracy delta=3.513047e-07, accuracy met: 4.009879e+03
2025-09-22 02:46:05 WARNING:TensorToolbox.core.TensorTrainVec: MaxRank truncation. Cores 7-8. Required accuracy delta=3.513047e-07, accuracy met: 2.836600e+03
2025-09-22 02:46:09 WARNING:TensorToolbox.core.TensorTrainVec: MaxRank truncation. Cores 8-9. Required accuracy delta=3.513047e-07, accuracy met: 2.007257e+03
2025-09-22 02:46:11 WARNING:TensorToolbox.core.TensorTrainVec: MaxRank truncation. Cores 9-10. Required accuracy delta=3.513047e-07, accuracy met: 1.420954e+03
2025-09-22 02:46:12 WARNING:TensorToolbox.core.TensorTrainVec: MaxRank truncation. Cores 10-11. Required accuracy delta=3.513047e-07, accuracy met: 1.006041e+03
2025-09-22 02:46:12 WARNING:TensorToolbox.core.TensorTrainVec: MaxRank truncation. Cores 11-12. Required accuracy delta=3.513047e-07, accuracy met: 7.129086e+02
2025-09-22 02:46:13 WARNING:TensorToolbox.core.TensorTrainVec: MaxRank truncation. Cores 12-13. Required accuracy delta=3.513047e-07, accuracy met: 5.056629e+02
2025-09-22 02:46:13 WARNING:TensorToolbox.core.TensorTrainVec: MaxRank truncation. Cores 13-14. Required accuracy delta=3.513047e-07, accuracy met: 3.591302e+02
2025-09-22 02:46:13 WARNING:TensorToolbox.core.TensorTrainVec: MaxRank truncation. Cores 14-15. Required accuracy delta=3.513047e-07, accuracy met: 2.551295e+02
2025-09-22 02:46:13 WARNING:TensorToolbox.core.TensorTrainVec: MaxRank truncation. Cores 15-16. Required accuracy delta=3.513047e-07, accuracy met: 1.817773e+02
2025-09-22 02:46:13 WARNING:TensorToolbox.core.TensorTrainVec: MaxRank truncation. Cores 16-17. Required accuracy delta=3.513047e-07, accuracy met: 1.301037e+02
2025-09-22 02:46:13 WARNING:TensorToolbox.core.TensorTrainVec: MaxRank truncation. Cores 17-18. Required accuracy delta=3.513047e-07, accuracy met: 9.326512e+01
2025-09-22 02:46:13 WARNING:TensorToolbox.core.TensorTrainVec: MaxRank truncation. Cores 18-19. Required accuracy delta=3.513047e-07, accuracy met: 6.736205e+01
2025-09-22 02:46:13 WARNING:TensorToolbox.core.TensorTrainVec: MaxRank truncation. Cores 19-20. Required accuracy delta=3.513047e-07, accuracy met: 4.858985e+01
2025-09-22 02:46:13 WARNING:TensorToolbox.core.TensorTrainVec: MaxRank truncation. Cores 20-21. Required accuracy delta=3.513047e-07, accuracy met: 3.558160e+01
2025-09-22 02:46:13 WARNING:TensorToolbox.core.TensorTrainVec: MaxRank truncation. Cores 21-22. Required accuracy delta=3.513047e-07, accuracy met: 2.602304e+01
2025-09-22 02:46:13 WARNING:TensorToolbox.core.TensorTrainVec: MaxRank truncation. Cores 22-23. Required accuracy delta=3.513047e-07, accuracy met: 1.870201e+01
2025-09-22 02:46:13 WARNING:TensorToolbox.core.TensorTrainVec: MaxRank truncation. Cores 23-24. Required accuracy delta=3.513047e-07, accuracy met: 1.280114e+01
2025-09-22 02:46:13 WARNING:TensorToolbox.core.TensorTrainVec: MaxRank truncation. Cores 24-25. Required accuracy delta=3.513047e-07, accuracy met: 6.784885e+00
tt_from_dense wtime: 324.167921455999
random wtime: 6.427370183009771
2025-09-22 02:50:26 WARNING:TensorToolbox.core.TensorTrainVec: MaxRank truncation. Cores 4-5. Required accuracy delta=3.512985e-07, accuracy met: 4.726774e+03
2025-09-22 02:51:14 WARNING:TensorToolbox.core.TensorTrainVec: MaxRank truncation. Cores 5-6. Required accuracy delta=3.512985e-07, accuracy met: 5.789975e+03
2025-09-22 02:51:35 WARNING:TensorToolbox.core.TensorTrainVec: MaxRank truncation. Cores 6-7. Required accuracy delta=3.512985e-07, accuracy met: 4.095908e+03
2025-09-22 02:51:44 WARNING:TensorToolbox.core.TensorTrainVec: MaxRank truncation. Cores 7-8. Required accuracy delta=3.512985e-07, accuracy met: 2.897599e+03
2025-09-22 02:51:49 WARNING:TensorToolbox.core.TensorTrainVec: MaxRank truncation. Cores 8-9. Required accuracy delta=3.512985e-07, accuracy met: 2.050647e+03
2025-09-22 02:51:51 WARNING:TensorToolbox.core.TensorTrainVec: MaxRank truncation. Cores 9-10. Required accuracy delta=3.512985e-07, accuracy met: 1.451534e+03
2025-09-22 02:51:52 WARNING:TensorToolbox.core.TensorTrainVec: MaxRank truncation. Cores 10-11. Required accuracy delta=3.512985e-07, accuracy met: 1.027775e+03
2025-09-22 02:51:53 WARNING:TensorToolbox.core.TensorTrainVec: MaxRank truncation. Cores 11-12. Required accuracy delta=3.512985e-07, accuracy met: 7.284840e+02
2025-09-22 02:51:53 WARNING:TensorToolbox.core.TensorTrainVec: MaxRank truncation. Cores 12-13. Required accuracy delta=3.512985e-07, accuracy met: 5.163730e+02
2025-09-22 02:51:53 WARNING:TensorToolbox.core.TensorTrainVec: MaxRank truncation. Cores 13-14. Required accuracy delta=3.512985e-07, accuracy met: 3.668870e+02
2025-09-22 02:51:53 WARNING:TensorToolbox.core.TensorTrainVec: MaxRank truncation. Cores 14-15. Required accuracy delta=3.512985e-07, accuracy met: 2.607039e+02
2025-09-22 02:51:53 WARNING:TensorToolbox.core.TensorTrainVec: MaxRank truncation. Cores 15-16. Required accuracy delta=3.512985e-07, accuracy met: 1.858263e+02
2025-09-22 02:51:54 WARNING:TensorToolbox.core.TensorTrainVec: MaxRank truncation. Cores 16-17. Required accuracy delta=3.512985e-07, accuracy met: 1.330593e+02
2025-09-22 02:51:54 WARNING:TensorToolbox.core.TensorTrainVec: MaxRank truncation. Cores 17-18. Required accuracy delta=3.512985e-07, accuracy met: 9.579249e+01
2025-09-22 02:51:54 WARNING:TensorToolbox.core.TensorTrainVec: MaxRank truncation. Cores 18-19. Required accuracy delta=3.512985e-07, accuracy met: 6.876659e+01
2025-09-22 02:51:54 WARNING:TensorToolbox.core.TensorTrainVec: MaxRank truncation. Cores 19-20. Required accuracy delta=3.512985e-07, accuracy met: 4.983666e+01
2025-09-22 02:51:54 WARNING:TensorToolbox.core.TensorTrainVec: MaxRank truncation. Cores 20-21. Required accuracy delta=3.512985e-07, accuracy met: 3.662595e+01
2025-09-22 02:51:54 WARNING:TensorToolbox.core.TensorTrainVec: MaxRank truncation. Cores 21-22. Required accuracy delta=3.512985e-07, accuracy met: 2.700016e+01
2025-09-22 02:51:54 WARNING:TensorToolbox.core.TensorTrainVec: MaxRank truncation. Cores 22-23. Required accuracy delta=3.512985e-07, accuracy met: 1.960404e+01
2025-09-22 02:51:54 WARNING:TensorToolbox.core.TensorTrainVec: MaxRank truncation. Cores 23-24. Required accuracy delta=3.512985e-07, accuracy met: 1.339853e+01
2025-09-22 02:51:54 WARNING:TensorToolbox.core.TensorTrainVec: MaxRank truncation. Cores 24-25. Required accuracy delta=3.512985e-07, accuracy met: 6.715133e+00
tt_from_dense wtime: 331.6809631329961
2025-09-22 02:55:57 WARNING:TensorToolbox.core.TensorTrainVec: MaxRank truncation. Cores 4-5. Required accuracy delta=3.512985e-07, accuracy met: 4.726774e+03
2025-09-22 02:56:45 WARNING:TensorToolbox.core.TensorTrainVec: MaxRank truncation. Cores 5-6. Required accuracy delta=3.512985e-07, accuracy met: 5.789975e+03
2025-09-22 02:57:06 WARNING:TensorToolbox.core.TensorTrainVec: MaxRank truncation. Cores 6-7. Required accuracy delta=3.512985e-07, accuracy met: 4.095908e+03
2025-09-22 02:57:15 WARNING:TensorToolbox.core.TensorTrainVec: MaxRank truncation. Cores 7-8. Required accuracy delta=3.512985e-07, accuracy met: 2.897599e+03
2025-09-22 02:57:19 WARNING:TensorToolbox.core.TensorTrainVec: MaxRank truncation. Cores 8-9. Required accuracy delta=3.512985e-07, accuracy met: 2.050647e+03
2025-09-22 02:57:22 WARNING:TensorToolbox.core.TensorTrainVec: MaxRank truncation. Cores 9-10. Required accuracy delta=3.512985e-07, accuracy met: 1.451534e+03
2025-09-22 02:57:23 WARNING:TensorToolbox.core.TensorTrainVec: MaxRank truncation. Cores 10-11. Required accuracy delta=3.512985e-07, accuracy met: 1.027775e+03
2025-09-22 02:57:24 WARNING:TensorToolbox.core.TensorTrainVec: MaxRank truncation. Cores 11-12. Required accuracy delta=3.512985e-07, accuracy met: 7.284840e+02
2025-09-22 02:57:24 WARNING:TensorToolbox.core.TensorTrainVec: MaxRank truncation. Cores 12-13. Required accuracy delta=3.512985e-07, accuracy met: 5.163730e+02
2025-09-22 02:57:24 WARNING:TensorToolbox.core.TensorTrainVec: MaxRank truncation. Cores 13-14. Required accuracy delta=3.512985e-07, accuracy met: 3.668870e+02
2025-09-22 02:57:24 WARNING:TensorToolbox.core.TensorTrainVec: MaxRank truncation. Cores 14-15. Required accuracy delta=3.512985e-07, accuracy met: 2.607039e+02
2025-09-22 02:57:24 WARNING:TensorToolbox.core.TensorTrainVec: MaxRank truncation. Cores 15-16. Required accuracy delta=3.512985e-07, accuracy met: 1.858263e+02
2025-09-22 02:57:24 WARNING:TensorToolbox.core.TensorTrainVec: MaxRank truncation. Cores 16-17. Required accuracy delta=3.512985e-07, accuracy met: 1.330593e+02
2025-09-22 02:57:24 WARNING:TensorToolbox.core.TensorTrainVec: MaxRank truncation. Cores 17-18. Required accuracy delta=3.512985e-07, accuracy met: 9.579249e+01
2025-09-22 02:57:24 WARNING:TensorToolbox.core.TensorTrainVec: MaxRank truncation. Cores 18-19. Required accuracy delta=3.512985e-07, accuracy met: 6.876659e+01
2025-09-22 02:57:24 WARNING:TensorToolbox.core.TensorTrainVec: MaxRank truncation. Cores 19-20. Required accuracy delta=3.512985e-07, accuracy met: 4.983666e+01
2025-09-22 02:57:24 WARNING:TensorToolbox.core.TensorTrainVec: MaxRank truncation. Cores 20-21. Required accuracy delta=3.512985e-07, accuracy met: 3.662595e+01
2025-09-22 02:57:24 WARNING:TensorToolbox.core.TensorTrainVec: MaxRank truncation. Cores 21-22. Required accuracy delta=3.512985e-07, accuracy met: 2.700016e+01
2025-09-22 02:57:24 WARNING:TensorToolbox.core.TensorTrainVec: MaxRank truncation. Cores 22-23. Required accuracy delta=3.512985e-07, accuracy met: 1.960404e+01
2025-09-22 02:57:24 WARNING:TensorToolbox.core.TensorTrainVec: MaxRank truncation. Cores 23-24. Required accuracy delta=3.512985e-07, accuracy met: 1.339853e+01
2025-09-22 02:57:24 WARNING:TensorToolbox.core.TensorTrainVec: MaxRank truncation. Cores 24-25. Required accuracy delta=3.512985e-07, accuracy met: 6.715133e+00
tt_from_dense wtime: 330.7066849969997
random wtime: 6.430483403004473
2025-09-22 03:01:38 WARNING:TensorToolbox.core.TensorTrainVec: MaxRank truncation. Cores 4-5. Required accuracy delta=3.513161e-07, accuracy met: 4.421330e+03
2025-09-22 03:02:23 WARNING:TensorToolbox.core.TensorTrainVec: MaxRank truncation. Cores 5-6. Required accuracy delta=3.513161e-07, accuracy met: 5.909255e+03
2025-09-22 03:02:43 WARNING:TensorToolbox.core.TensorTrainVec: MaxRank truncation. Cores 6-7. Required accuracy delta=3.513161e-07, accuracy met: 4.180194e+03
2025-09-22 03:02:51 WARNING:TensorToolbox.core.TensorTrainVec: MaxRank truncation. Cores 7-8. Required accuracy delta=3.513161e-07, accuracy met: 2.957660e+03
2025-09-22 03:02:55 WARNING:TensorToolbox.core.TensorTrainVec: MaxRank truncation. Cores 8-9. Required accuracy delta=3.513161e-07, accuracy met: 2.092666e+03
2025-09-22 03:02:57 WARNING:TensorToolbox.core.TensorTrainVec: MaxRank truncation. Cores 9-10. Required accuracy delta=3.513161e-07, accuracy met: 1.481659e+03
2025-09-22 03:02:58 WARNING:TensorToolbox.core.TensorTrainVec: MaxRank truncation. Cores 10-11. Required accuracy delta=3.513161e-07, accuracy met: 1.048996e+03
2025-09-22 03:02:58 WARNING:TensorToolbox.core.TensorTrainVec: MaxRank truncation. Cores 11-12. Required accuracy delta=3.513161e-07, accuracy met: 7.433604e+02
2025-09-22 03:02:59 WARNING:TensorToolbox.core.TensorTrainVec: MaxRank truncation. Cores 12-13. Required accuracy delta=3.513161e-07, accuracy met: 5.273881e+02
2025-09-22 03:02:59 WARNING:TensorToolbox.core.TensorTrainVec: MaxRank truncation. Cores 13-14. Required accuracy delta=3.513161e-07, accuracy met: 3.744548e+02
2025-09-22 03:02:59 WARNING:TensorToolbox.core.TensorTrainVec: MaxRank truncation. Cores 14-15. Required accuracy delta=3.513161e-07, accuracy met: 2.664455e+02
2025-09-22 03:02:59 WARNING:TensorToolbox.core.TensorTrainVec: MaxRank truncation. Cores 15-16. Required accuracy delta=3.513161e-07, accuracy met: 1.899572e+02
2025-09-22 03:02:59 WARNING:TensorToolbox.core.TensorTrainVec: MaxRank truncation. Cores 16-17. Required accuracy delta=3.513161e-07, accuracy met: 1.356003e+02
2025-09-22 03:02:59 WARNING:TensorToolbox.core.TensorTrainVec: MaxRank truncation. Cores 17-18. Required accuracy delta=3.513161e-07, accuracy met: 9.762200e+01
2025-09-22 03:02:59 WARNING:TensorToolbox.core.TensorTrainVec: MaxRank truncation. Cores 18-19. Required accuracy delta=3.513161e-07, accuracy met: 7.031052e+01
2025-09-22 03:02:59 WARNING:TensorToolbox.core.TensorTrainVec: MaxRank truncation. Cores 19-20. Required accuracy delta=3.513161e-07, accuracy met: 5.123626e+01
2025-09-22 03:02:59 WARNING:TensorToolbox.core.TensorTrainVec: MaxRank truncation. Cores 20-21. Required accuracy delta=3.513161e-07, accuracy met: 3.761176e+01
2025-09-22 03:02:59 WARNING:TensorToolbox.core.TensorTrainVec: MaxRank truncation. Cores 21-22. Required accuracy delta=3.513161e-07, accuracy met: 2.757320e+01
2025-09-22 03:02:59 WARNING:TensorToolbox.core.TensorTrainVec: MaxRank truncation. Cores 22-23. Required accuracy delta=3.513161e-07, accuracy met: 1.992290e+01
2025-09-22 03:02:59 WARNING:TensorToolbox.core.TensorTrainVec: MaxRank truncation. Cores 23-24. Required accuracy delta=3.513161e-07, accuracy met: 1.346176e+01
2025-09-22 03:02:59 WARNING:TensorToolbox.core.TensorTrainVec: MaxRank truncation. Cores 24-25. Required accuracy delta=3.513161e-07, accuracy met: 5.994344e+00
tt_from_dense wtime: 326.10974861698924
2025-09-22 03:07:04 WARNING:TensorToolbox.core.TensorTrainVec: MaxRank truncation. Cores 4-5. Required accuracy delta=3.513161e-07, accuracy met: 4.421330e+03
2025-09-22 03:07:50 WARNING:TensorToolbox.core.TensorTrainVec: MaxRank truncation. Cores 5-6. Required accuracy delta=3.513161e-07, accuracy met: 5.909255e+03
2025-09-22 03:08:10 WARNING:TensorToolbox.core.TensorTrainVec: MaxRank truncation. Cores 6-7. Required accuracy delta=3.513161e-07, accuracy met: 4.180194e+03
2025-09-22 03:08:18 WARNING:TensorToolbox.core.TensorTrainVec: MaxRank truncation. Cores 7-8. Required accuracy delta=3.513161e-07, accuracy met: 2.957660e+03
2025-09-22 03:08:22 WARNING:TensorToolbox.core.TensorTrainVec: MaxRank truncation. Cores 8-9. Required accuracy delta=3.513161e-07, accuracy met: 2.092666e+03
2025-09-22 03:08:24 WARNING:TensorToolbox.core.TensorTrainVec: MaxRank truncation. Cores 9-10. Required accuracy delta=3.513161e-07, accuracy met: 1.481659e+03
2025-09-22 03:08:25 WARNING:TensorToolbox.core.TensorTrainVec: MaxRank truncation. Cores 10-11. Required accuracy delta=3.513161e-07, accuracy met: 1.048996e+03
2025-09-22 03:08:26 WARNING:TensorToolbox.core.TensorTrainVec: MaxRank truncation. Cores 11-12. Required accuracy delta=3.513161e-07, accuracy met: 7.433604e+02
2025-09-22 03:08:26 WARNING:TensorToolbox.core.TensorTrainVec: MaxRank truncation. Cores 12-13. Required accuracy delta=3.513161e-07, accuracy met: 5.273881e+02
2025-09-22 03:08:26 WARNING:TensorToolbox.core.TensorTrainVec: MaxRank truncation. Cores 13-14. Required accuracy delta=3.513161e-07, accuracy met: 3.744548e+02
2025-09-22 03:08:26 WARNING:TensorToolbox.core.TensorTrainVec: MaxRank truncation. Cores 14-15. Required accuracy delta=3.513161e-07, accuracy met: 2.664455e+02
2025-09-22 03:08:26 WARNING:TensorToolbox.core.TensorTrainVec: MaxRank truncation. Cores 15-16. Required accuracy delta=3.513161e-07, accuracy met: 1.899572e+02
2025-09-22 03:08:26 WARNING:TensorToolbox.core.TensorTrainVec: MaxRank truncation. Cores 16-17. Required accuracy delta=3.513161e-07, accuracy met: 1.356003e+02
2025-09-22 03:08:26 WARNING:TensorToolbox.core.TensorTrainVec: MaxRank truncation. Cores 17-18. Required accuracy delta=3.513161e-07, accuracy met: 9.762200e+01
2025-09-22 03:08:26 WARNING:TensorToolbox.core.TensorTrainVec: MaxRank truncation. Cores 18-19. Required accuracy delta=3.513161e-07, accuracy met: 7.031052e+01
2025-09-22 03:08:26 WARNING:TensorToolbox.core.TensorTrainVec: MaxRank truncation. Cores 19-20. Required accuracy delta=3.513161e-07, accuracy met: 5.123626e+01
2025-09-22 03:08:26 WARNING:TensorToolbox.core.TensorTrainVec: MaxRank truncation. Cores 20-21. Required accuracy delta=3.513161e-07, accuracy met: 3.761176e+01
2025-09-22 03:08:26 WARNING:TensorToolbox.core.TensorTrainVec: MaxRank truncation. Cores 21-22. Required accuracy delta=3.513161e-07, accuracy met: 2.757320e+01
2025-09-22 03:08:26 WARNING:TensorToolbox.core.TensorTrainVec: MaxRank truncation. Cores 22-23. Required accuracy delta=3.513161e-07, accuracy met: 1.992290e+01
2025-09-22 03:08:26 WARNING:TensorToolbox.core.TensorTrainVec: MaxRank truncation. Cores 23-24. Required accuracy delta=3.513161e-07, accuracy met: 1.346176e+01
2025-09-22 03:08:26 WARNING:TensorToolbox.core.TensorTrainVec: MaxRank truncation. Cores 24-25. Required accuracy delta=3.513161e-07, accuracy met: 5.994344e+00
tt_from_dense wtime: 327.0991078109946
random wtime: 6.397782735002693
2025-09-22 03:12:44 WARNING:TensorToolbox.core.TensorTrainVec: MaxRank truncation. Cores 4-5. Required accuracy delta=3.513095e-07, accuracy met: 4.093178e+03
2025-09-22 03:13:32 WARNING:TensorToolbox.core.TensorTrainVec: MaxRank truncation. Cores 5-6. Required accuracy delta=3.513095e-07, accuracy met: 6.025794e+03
2025-09-22 03:13:53 WARNING:TensorToolbox.core.TensorTrainVec: MaxRank truncation. Cores 6-7. Required accuracy delta=3.513095e-07, accuracy met: 4.262882e+03
2025-09-22 03:14:01 WARNING:TensorToolbox.core.TensorTrainVec: MaxRank truncation. Cores 7-8. Required accuracy delta=3.513095e-07, accuracy met: 3.015869e+03
2025-09-22 03:14:06 WARNING:TensorToolbox.core.TensorTrainVec: MaxRank truncation. Cores 8-9. Required accuracy delta=3.513095e-07, accuracy met: 2.134158e+03
2025-09-22 03:14:08 WARNING:TensorToolbox.core.TensorTrainVec: MaxRank truncation. Cores 9-10. Required accuracy delta=3.513095e-07, accuracy met: 1.510887e+03
2025-09-22 03:14:09 WARNING:TensorToolbox.core.TensorTrainVec: MaxRank truncation. Cores 10-11. Required accuracy delta=3.513095e-07, accuracy met: 1.069947e+03
2025-09-22 03:14:10 WARNING:TensorToolbox.core.TensorTrainVec: MaxRank truncation. Cores 11-12. Required accuracy delta=3.513095e-07, accuracy met: 7.581846e+02
2025-09-22 03:14:10 WARNING:TensorToolbox.core.TensorTrainVec: MaxRank truncation. Cores 12-13. Required accuracy delta=3.513095e-07, accuracy met: 5.378577e+02
2025-09-22 03:14:10 WARNING:TensorToolbox.core.TensorTrainVec: MaxRank truncation. Cores 13-14. Required accuracy delta=3.513095e-07, accuracy met: 3.820403e+02
2025-09-22 03:14:10 WARNING:TensorToolbox.core.TensorTrainVec: MaxRank truncation. Cores 14-15. Required accuracy delta=3.513095e-07, accuracy met: 2.717557e+02
2025-09-22 03:14:10 WARNING:TensorToolbox.core.TensorTrainVec: MaxRank truncation. Cores 15-16. Required accuracy delta=3.513095e-07, accuracy met: 1.936301e+02
2025-09-22 03:14:10 WARNING:TensorToolbox.core.TensorTrainVec: MaxRank truncation. Cores 16-17. Required accuracy delta=3.513095e-07, accuracy met: 1.386338e+02
2025-09-22 03:14:10 WARNING:TensorToolbox.core.TensorTrainVec: MaxRank truncation. Cores 17-18. Required accuracy delta=3.513095e-07, accuracy met: 9.974613e+01
2025-09-22 03:14:10 WARNING:TensorToolbox.core.TensorTrainVec: MaxRank truncation. Cores 18-19. Required accuracy delta=3.513095e-07, accuracy met: 7.222768e+01
2025-09-22 03:14:10 WARNING:TensorToolbox.core.TensorTrainVec: MaxRank truncation. Cores 19-20. Required accuracy delta=3.513095e-07, accuracy met: 5.234660e+01
2025-09-22 03:14:10 WARNING:TensorToolbox.core.TensorTrainVec: MaxRank truncation. Cores 20-21. Required accuracy delta=3.513095e-07, accuracy met: 3.814395e+01
2025-09-22 03:14:10 WARNING:TensorToolbox.core.TensorTrainVec: MaxRank truncation. Cores 21-22. Required accuracy delta=3.513095e-07, accuracy met: 2.781387e+01
2025-09-22 03:14:10 WARNING:TensorToolbox.core.TensorTrainVec: MaxRank truncation. Cores 22-23. Required accuracy delta=3.513095e-07, accuracy met: 2.045469e+01
2025-09-22 03:14:10 WARNING:TensorToolbox.core.TensorTrainVec: MaxRank truncation. Cores 23-24. Required accuracy delta=3.513095e-07, accuracy met: 1.361209e+01
2025-09-22 03:14:10 WARNING:TensorToolbox.core.TensorTrainVec: MaxRank truncation. Cores 24-25. Required accuracy delta=3.513095e-07, accuracy met: 5.787856e+00
tt_from_dense wtime: 335.3481580269872
2025-09-22 03:18:17 WARNING:TensorToolbox.core.TensorTrainVec: MaxRank truncation. Cores 4-5. Required accuracy delta=3.513095e-07, accuracy met: 4.093178e+03
2025-09-22 03:19:05 WARNING:TensorToolbox.core.TensorTrainVec: MaxRank truncation. Cores 5-6. Required accuracy delta=3.513095e-07, accuracy met: 6.025794e+03
2025-09-22 03:19:25 WARNING:TensorToolbox.core.TensorTrainVec: MaxRank truncation. Cores 6-7. Required accuracy delta=3.513095e-07, accuracy met: 4.262882e+03
2025-09-22 03:19:34 WARNING:TensorToolbox.core.TensorTrainVec: MaxRank truncation. Cores 7-8. Required accuracy delta=3.513095e-07, accuracy met: 3.015869e+03
2025-09-22 03:19:39 WARNING:TensorToolbox.core.TensorTrainVec: MaxRank truncation. Cores 8-9. Required accuracy delta=3.513095e-07, accuracy met: 2.134158e+03
2025-09-22 03:19:41 WARNING:TensorToolbox.core.TensorTrainVec: MaxRank truncation. Cores 9-10. Required accuracy delta=3.513095e-07, accuracy met: 1.510887e+03
2025-09-22 03:19:42 WARNING:TensorToolbox.core.TensorTrainVec: MaxRank truncation. Cores 10-11. Required accuracy delta=3.513095e-07, accuracy met: 1.069947e+03
2025-09-22 03:19:43 WARNING:TensorToolbox.core.TensorTrainVec: MaxRank truncation. Cores 11-12. Required accuracy delta=3.513095e-07, accuracy met: 7.581846e+02
2025-09-22 03:19:43 WARNING:TensorToolbox.core.TensorTrainVec: MaxRank truncation. Cores 12-13. Required accuracy delta=3.513095e-07, accuracy met: 5.378577e+02
2025-09-22 03:19:43 WARNING:TensorToolbox.core.TensorTrainVec: MaxRank truncation. Cores 13-14. Required accuracy delta=3.513095e-07, accuracy met: 3.820403e+02
2025-09-22 03:19:43 WARNING:TensorToolbox.core.TensorTrainVec: MaxRank truncation. Cores 14-15. Required accuracy delta=3.513095e-07, accuracy met: 2.717557e+02
2025-09-22 03:19:43 WARNING:TensorToolbox.core.TensorTrainVec: MaxRank truncation. Cores 15-16. Required accuracy delta=3.513095e-07, accuracy met: 1.936301e+02
2025-09-22 03:19:43 WARNING:TensorToolbox.core.TensorTrainVec: MaxRank truncation. Cores 16-17. Required accuracy delta=3.513095e-07, accuracy met: 1.386338e+02
2025-09-22 03:19:43 WARNING:TensorToolbox.core.TensorTrainVec: MaxRank truncation. Cores 17-18. Required accuracy delta=3.513095e-07, accuracy met: 9.974613e+01
2025-09-22 03:19:43 WARNING:TensorToolbox.core.TensorTrainVec: MaxRank truncation. Cores 18-19. Required accuracy delta=3.513095e-07, accuracy met: 7.222768e+01
2025-09-22 03:19:43 WARNING:TensorToolbox.core.TensorTrainVec: MaxRank truncation. Cores 19-20. Required accuracy delta=3.513095e-07, accuracy met: 5.234660e+01
2025-09-22 03:19:43 WARNING:TensorToolbox.core.TensorTrainVec: MaxRank truncation. Cores 20-21. Required accuracy delta=3.513095e-07, accuracy met: 3.814395e+01
2025-09-22 03:19:43 WARNING:TensorToolbox.core.TensorTrainVec: MaxRank truncation. Cores 21-22. Required accuracy delta=3.513095e-07, accuracy met: 2.781387e+01
2025-09-22 03:19:43 WARNING:TensorToolbox.core.TensorTrainVec: MaxRank truncation. Cores 22-23. Required accuracy delta=3.513095e-07, accuracy met: 2.045469e+01
2025-09-22 03:19:43 WARNING:TensorToolbox.core.TensorTrainVec: MaxRank truncation. Cores 23-24. Required accuracy delta=3.513095e-07, accuracy met: 1.361209e+01
2025-09-22 03:19:43 WARNING:TensorToolbox.core.TensorTrainVec: MaxRank truncation. Cores 24-25. Required accuracy delta=3.513095e-07, accuracy met: 5.787856e+00
tt_from_dense wtime: 332.9465844450024
random wtime: 6.421281317001558
2025-09-22 03:23:57 WARNING:TensorToolbox.core.TensorTrainVec: MaxRank truncation. Cores 4-5. Required accuracy delta=3.513195e-07, accuracy met: 3.736605e+03
2025-09-22 03:24:50 WARNING:TensorToolbox.core.TensorTrainVec: MaxRank truncation. Cores 5-6. Required accuracy delta=3.513195e-07, accuracy met: 6.140488e+03
2025-09-22 03:25:12 WARNING:TensorToolbox.core.TensorTrainVec: MaxRank truncation. Cores 6-7. Required accuracy delta=3.513195e-07, accuracy met: 4.344050e+03
2025-09-22 03:25:21 WARNING:TensorToolbox.core.TensorTrainVec: MaxRank truncation. Cores 7-8. Required accuracy delta=3.513195e-07, accuracy met: 3.073507e+03
2025-09-22 03:25:26 WARNING:TensorToolbox.core.TensorTrainVec: MaxRank truncation. Cores 8-9. Required accuracy delta=3.513195e-07, accuracy met: 2.174985e+03
2025-09-22 03:25:28 WARNING:TensorToolbox.core.TensorTrainVec: MaxRank truncation. Cores 9-10. Required accuracy delta=3.513195e-07, accuracy met: 1.539513e+03
2025-09-22 03:25:30 WARNING:TensorToolbox.core.TensorTrainVec: MaxRank truncation. Cores 10-11. Required accuracy delta=3.513195e-07, accuracy met: 1.090466e+03
2025-09-22 03:25:30 WARNING:TensorToolbox.core.TensorTrainVec: MaxRank truncation. Cores 11-12. Required accuracy delta=3.513195e-07, accuracy met: 7.727613e+02
2025-09-22 03:25:31 WARNING:TensorToolbox.core.TensorTrainVec: MaxRank truncation. Cores 12-13. Required accuracy delta=3.513195e-07, accuracy met: 5.481094e+02
2025-09-22 03:25:31 WARNING:TensorToolbox.core.TensorTrainVec: MaxRank truncation. Cores 13-14. Required accuracy delta=3.513195e-07, accuracy met: 3.893760e+02
2025-09-22 03:25:31 WARNING:TensorToolbox.core.TensorTrainVec: MaxRank truncation. Cores 14-15. Required accuracy delta=3.513195e-07, accuracy met: 2.769641e+02
2025-09-22 03:25:31 WARNING:TensorToolbox.core.TensorTrainVec: MaxRank truncation. Cores 15-16. Required accuracy delta=3.513195e-07, accuracy met: 1.975039e+02
2025-09-22 03:25:31 WARNING:TensorToolbox.core.TensorTrainVec: MaxRank truncation. Cores 16-17. Required accuracy delta=3.513195e-07, accuracy met: 1.414168e+02
2025-09-22 03:25:31 WARNING:TensorToolbox.core.TensorTrainVec: MaxRank truncation. Cores 17-18. Required accuracy delta=3.513195e-07, accuracy met: 1.014361e+02
2025-09-22 03:25:31 WARNING:TensorToolbox.core.TensorTrainVec: MaxRank truncation. Cores 18-19. Required accuracy delta=3.513195e-07, accuracy met: 7.329303e+01
2025-09-22 03:25:31 WARNING:TensorToolbox.core.TensorTrainVec: MaxRank truncation. Cores 19-20. Required accuracy delta=3.513195e-07, accuracy met: 5.339430e+01
2025-09-22 03:25:31 WARNING:TensorToolbox.core.TensorTrainVec: MaxRank truncation. Cores 20-21. Required accuracy delta=3.513195e-07, accuracy met: 3.911135e+01
2025-09-22 03:25:31 WARNING:TensorToolbox.core.TensorTrainVec: MaxRank truncation. Cores 21-22. Required accuracy delta=3.513195e-07, accuracy met: 2.876950e+01
2025-09-22 03:25:31 WARNING:TensorToolbox.core.TensorTrainVec: MaxRank truncation. Cores 22-23. Required accuracy delta=3.513195e-07, accuracy met: 2.072502e+01
2025-09-22 03:25:31 WARNING:TensorToolbox.core.TensorTrainVec: MaxRank truncation. Cores 23-24. Required accuracy delta=3.513195e-07, accuracy met: 1.409087e+01
2025-09-22 03:25:31 WARNING:TensorToolbox.core.TensorTrainVec: MaxRank truncation. Cores 24-25. Required accuracy delta=3.513195e-07, accuracy met: 5.424595e+00
tt_from_dense wtime: 338.9800479080004
2025-09-22 03:29:34 WARNING:TensorToolbox.core.TensorTrainVec: MaxRank truncation. Cores 4-5. Required accuracy delta=3.513195e-07, accuracy met: 3.736605e+03
2025-09-22 03:30:25 WARNING:TensorToolbox.core.TensorTrainVec: MaxRank truncation. Cores 5-6. Required accuracy delta=3.513195e-07, accuracy met: 6.140488e+03
2025-09-22 03:30:48 WARNING:TensorToolbox.core.TensorTrainVec: MaxRank truncation. Cores 6-7. Required accuracy delta=3.513195e-07, accuracy met: 4.344050e+03
2025-09-22 03:30:57 WARNING:TensorToolbox.core.TensorTrainVec: MaxRank truncation. Cores 7-8. Required accuracy delta=3.513195e-07, accuracy met: 3.073507e+03
2025-09-22 03:31:02 WARNING:TensorToolbox.core.TensorTrainVec: MaxRank truncation. Cores 8-9. Required accuracy delta=3.513195e-07, accuracy met: 2.174985e+03
2025-09-22 03:31:04 WARNING:TensorToolbox.core.TensorTrainVec: MaxRank truncation. Cores 9-10. Required accuracy delta=3.513195e-07, accuracy met: 1.539513e+03
2025-09-22 03:31:05 WARNING:TensorToolbox.core.TensorTrainVec: MaxRank truncation. Cores 10-11. Required accuracy delta=3.513195e-07, accuracy met: 1.090466e+03
2025-09-22 03:31:06 WARNING:TensorToolbox.core.TensorTrainVec: MaxRank truncation. Cores 11-12. Required accuracy delta=3.513195e-07, accuracy met: 7.727613e+02
2025-09-22 03:31:06 WARNING:TensorToolbox.core.TensorTrainVec: MaxRank truncation. Cores 12-13. Required accuracy delta=3.513195e-07, accuracy met: 5.481094e+02
2025-09-22 03:31:06 WARNING:TensorToolbox.core.TensorTrainVec: MaxRank truncation. Cores 13-14. Required accuracy delta=3.513195e-07, accuracy met: 3.893760e+02
2025-09-22 03:31:06 WARNING:TensorToolbox.core.TensorTrainVec: MaxRank truncation. Cores 14-15. Required accuracy delta=3.513195e-07, accuracy met: 2.769641e+02
2025-09-22 03:31:06 WARNING:TensorToolbox.core.TensorTrainVec: MaxRank truncation. Cores 15-16. Required accuracy delta=3.513195e-07, accuracy met: 1.975039e+02
2025-09-22 03:31:06 WARNING:TensorToolbox.core.TensorTrainVec: MaxRank truncation. Cores 16-17. Required accuracy delta=3.513195e-07, accuracy met: 1.414168e+02
2025-09-22 03:31:06 WARNING:TensorToolbox.core.TensorTrainVec: MaxRank truncation. Cores 17-18. Required accuracy delta=3.513195e-07, accuracy met: 1.014361e+02
2025-09-22 03:31:06 WARNING:TensorToolbox.core.TensorTrainVec: MaxRank truncation. Cores 18-19. Required accuracy delta=3.513195e-07, accuracy met: 7.329303e+01
2025-09-22 03:31:06 WARNING:TensorToolbox.core.TensorTrainVec: MaxRank truncation. Cores 19-20. Required accuracy delta=3.513195e-07, accuracy met: 5.339430e+01
2025-09-22 03:31:06 WARNING:TensorToolbox.core.TensorTrainVec: MaxRank truncation. Cores 20-21. Required accuracy delta=3.513195e-07, accuracy met: 3.911135e+01
2025-09-22 03:31:06 WARNING:TensorToolbox.core.TensorTrainVec: MaxRank truncation. Cores 21-22. Required accuracy delta=3.513195e-07, accuracy met: 2.876950e+01
2025-09-22 03:31:06 WARNING:TensorToolbox.core.TensorTrainVec: MaxRank truncation. Cores 22-23. Required accuracy delta=3.513195e-07, accuracy met: 2.072502e+01
2025-09-22 03:31:06 WARNING:TensorToolbox.core.TensorTrainVec: MaxRank truncation. Cores 23-24. Required accuracy delta=3.513195e-07, accuracy met: 1.409087e+01
2025-09-22 03:31:06 WARNING:TensorToolbox.core.TensorTrainVec: MaxRank truncation. Cores 24-25. Required accuracy delta=3.513195e-07, accuracy met: 5.424595e+00
tt_from_dense wtime: 335.41895810500137
random wtime: 6.403986958990572
2025-09-22 03:35:20 WARNING:TensorToolbox.core.TensorTrainVec: MaxRank truncation. Cores 4-5. Required accuracy delta=3.513149e-07, accuracy met: 3.341824e+03
2025-09-22 03:36:15 WARNING:TensorToolbox.core.TensorTrainVec: MaxRank truncation. Cores 5-6. Required accuracy delta=3.513149e-07, accuracy met: 6.252745e+03
2025-09-22 03:36:38 WARNING:TensorToolbox.core.TensorTrainVec: MaxRank truncation. Cores 6-7. Required accuracy delta=3.513149e-07, accuracy met: 4.423327e+03
2025-09-22 03:36:48 WARNING:TensorToolbox.core.TensorTrainVec: MaxRank truncation. Cores 7-8. Required accuracy delta=3.513149e-07, accuracy met: 3.129950e+03
2025-09-22 03:36:53 WARNING:TensorToolbox.core.TensorTrainVec: MaxRank truncation. Cores 8-9. Required accuracy delta=3.513149e-07, accuracy met: 2.214833e+03
2025-09-22 03:36:56 WARNING:TensorToolbox.core.TensorTrainVec: MaxRank truncation. Cores 9-10. Required accuracy delta=3.513149e-07, accuracy met: 1.568175e+03
2025-09-22 03:36:57 WARNING:TensorToolbox.core.TensorTrainVec: MaxRank truncation. Cores 10-11. Required accuracy delta=3.513149e-07, accuracy met: 1.110381e+03
2025-09-22 03:36:58 WARNING:TensorToolbox.core.TensorTrainVec: MaxRank truncation. Cores 11-12. Required accuracy delta=3.513149e-07, accuracy met: 7.870411e+02
2025-09-22 03:36:59 WARNING:TensorToolbox.core.TensorTrainVec: MaxRank truncation. Cores 12-13. Required accuracy delta=3.513149e-07, accuracy met: 5.583288e+02
2025-09-22 03:36:59 WARNING:TensorToolbox.core.TensorTrainVec: MaxRank truncation. Cores 13-14. Required accuracy delta=3.513149e-07, accuracy met: 3.964776e+02
2025-09-22 03:36:59 WARNING:TensorToolbox.core.TensorTrainVec: MaxRank truncation. Cores 14-15. Required accuracy delta=3.513149e-07, accuracy met: 2.821670e+02
2025-09-22 03:36:59 WARNING:TensorToolbox.core.TensorTrainVec: MaxRank truncation. Cores 15-16. Required accuracy delta=3.513149e-07, accuracy met: 2.010956e+02
2025-09-22 03:36:59 WARNING:TensorToolbox.core.TensorTrainVec: MaxRank truncation. Cores 16-17. Required accuracy delta=3.513149e-07, accuracy met: 1.440015e+02
2025-09-22 03:36:59 WARNING:TensorToolbox.core.TensorTrainVec: MaxRank truncation. Cores 17-18. Required accuracy delta=3.513149e-07, accuracy met: 1.035847e+02
2025-09-22 03:36:59 WARNING:TensorToolbox.core.TensorTrainVec: MaxRank truncation. Cores 18-19. Required accuracy delta=3.513149e-07, accuracy met: 7.483411e+01
2025-09-22 03:36:59 WARNING:TensorToolbox.core.TensorTrainVec: MaxRank truncation. Cores 19-20. Required accuracy delta=3.513149e-07, accuracy met: 5.458424e+01
2025-09-22 03:36:59 WARNING:TensorToolbox.core.TensorTrainVec: MaxRank truncation. Cores 20-21. Required accuracy delta=3.513149e-07, accuracy met: 3.974488e+01
2025-09-22 03:36:59 WARNING:TensorToolbox.core.TensorTrainVec: MaxRank truncation. Cores 21-22. Required accuracy delta=3.513149e-07, accuracy met: 2.934618e+01
2025-09-22 03:36:59 WARNING:TensorToolbox.core.TensorTrainVec: MaxRank truncation. Cores 22-23. Required accuracy delta=3.513149e-07, accuracy met: 2.074601e+01
2025-09-22 03:36:59 WARNING:TensorToolbox.core.TensorTrainVec: MaxRank truncation. Cores 23-24. Required accuracy delta=3.513149e-07, accuracy met: 1.384766e+01
2025-09-22 03:36:59 WARNING:TensorToolbox.core.TensorTrainVec: MaxRank truncation. Cores 24-25. Required accuracy delta=3.513149e-07, accuracy met: 4.738224e+00
tt_from_dense wtime: 343.7603508519969
2025-09-22 03:41:02 WARNING:TensorToolbox.core.TensorTrainVec: MaxRank truncation. Cores 4-5. Required accuracy delta=3.513149e-07, accuracy met: 3.341824e+03
2025-09-22 03:41:57 WARNING:TensorToolbox.core.TensorTrainVec: MaxRank truncation. Cores 5-6. Required accuracy delta=3.513149e-07, accuracy met: 6.252745e+03
2025-09-22 03:42:21 WARNING:TensorToolbox.core.TensorTrainVec: MaxRank truncation. Cores 6-7. Required accuracy delta=3.513149e-07, accuracy met: 4.423327e+03
2025-09-22 03:42:31 WARNING:TensorToolbox.core.TensorTrainVec: MaxRank truncation. Cores 7-8. Required accuracy delta=3.513149e-07, accuracy met: 3.129950e+03
2025-09-22 03:42:36 WARNING:TensorToolbox.core.TensorTrainVec: MaxRank truncation. Cores 8-9. Required accuracy delta=3.513149e-07, accuracy met: 2.214833e+03
2025-09-22 03:42:39 WARNING:TensorToolbox.core.TensorTrainVec: MaxRank truncation. Cores 9-10. Required accuracy delta=3.513149e-07, accuracy met: 1.568175e+03
2025-09-22 03:42:40 WARNING:TensorToolbox.core.TensorTrainVec: MaxRank truncation. Cores 10-11. Required accuracy delta=3.513149e-07, accuracy met: 1.110381e+03
2025-09-22 03:42:41 WARNING:TensorToolbox.core.TensorTrainVec: MaxRank truncation. Cores 11-12. Required accuracy delta=3.513149e-07, accuracy met: 7.870411e+02
2025-09-22 03:42:41 WARNING:TensorToolbox.core.TensorTrainVec: MaxRank truncation. Cores 12-13. Required accuracy delta=3.513149e-07, accuracy met: 5.583288e+02
2025-09-22 03:42:41 WARNING:TensorToolbox.core.TensorTrainVec: MaxRank truncation. Cores 13-14. Required accuracy delta=3.513149e-07, accuracy met: 3.964776e+02
2025-09-22 03:42:41 WARNING:TensorToolbox.core.TensorTrainVec: MaxRank truncation. Cores 14-15. Required accuracy delta=3.513149e-07, accuracy met: 2.821670e+02
2025-09-22 03:42:41 WARNING:TensorToolbox.core.TensorTrainVec: MaxRank truncation. Cores 15-16. Required accuracy delta=3.513149e-07, accuracy met: 2.010956e+02
2025-09-22 03:42:41 WARNING:TensorToolbox.core.TensorTrainVec: MaxRank truncation. Cores 16-17. Required accuracy delta=3.513149e-07, accuracy met: 1.440015e+02
2025-09-22 03:42:41 WARNING:TensorToolbox.core.TensorTrainVec: MaxRank truncation. Cores 17-18. Required accuracy delta=3.513149e-07, accuracy met: 1.035847e+02
2025-09-22 03:42:41 WARNING:TensorToolbox.core.TensorTrainVec: MaxRank truncation. Cores 18-19. Required accuracy delta=3.513149e-07, accuracy met: 7.483411e+01
2025-09-22 03:42:41 WARNING:TensorToolbox.core.TensorTrainVec: MaxRank truncation. Cores 19-20. Required accuracy delta=3.513149e-07, accuracy met: 5.458424e+01
2025-09-22 03:42:41 WARNING:TensorToolbox.core.TensorTrainVec: MaxRank truncation. Cores 20-21. Required accuracy delta=3.513149e-07, accuracy met: 3.974488e+01
2025-09-22 03:42:41 WARNING:TensorToolbox.core.TensorTrainVec: MaxRank truncation. Cores 21-22. Required accuracy delta=3.513149e-07, accuracy met: 2.934618e+01
2025-09-22 03:42:41 WARNING:TensorToolbox.core.TensorTrainVec: MaxRank truncation. Cores 22-23. Required accuracy delta=3.513149e-07, accuracy met: 2.074601e+01
2025-09-22 03:42:41 WARNING:TensorToolbox.core.TensorTrainVec: MaxRank truncation. Cores 23-24. Required accuracy delta=3.513149e-07, accuracy met: 1.384766e+01
2025-09-22 03:42:41 WARNING:TensorToolbox.core.TensorTrainVec: MaxRank truncation. Cores 24-25. Required accuracy delta=3.513149e-07, accuracy met: 4.738224e+00
tt_from_dense wtime: 342.40157607798756
random wtime: 6.434983813000144
2025-09-22 03:46:56 WARNING:TensorToolbox.core.TensorTrainVec: MaxRank truncation. Cores 4-5. Required accuracy delta=3.513100e-07, accuracy met: 2.893964e+03
2025-09-22 03:47:54 WARNING:TensorToolbox.core.TensorTrainVec: MaxRank truncation. Cores 5-6. Required accuracy delta=3.513100e-07, accuracy met: 6.363131e+03
2025-09-22 03:48:19 WARNING:TensorToolbox.core.TensorTrainVec: MaxRank truncation. Cores 6-7. Required accuracy delta=3.513100e-07, accuracy met: 4.501677e+03
2025-09-22 03:48:30 WARNING:TensorToolbox.core.TensorTrainVec: MaxRank truncation. Cores 7-8. Required accuracy delta=3.513100e-07, accuracy met: 3.185085e+03
2025-09-22 03:48:35 WARNING:TensorToolbox.core.TensorTrainVec: MaxRank truncation. Cores 8-9. Required accuracy delta=3.513100e-07, accuracy met: 2.254104e+03
2025-09-22 03:48:38 WARNING:TensorToolbox.core.TensorTrainVec: MaxRank truncation. Cores 9-10. Required accuracy delta=3.513100e-07, accuracy met: 1.595593e+03
2025-09-22 03:48:39 WARNING:TensorToolbox.core.TensorTrainVec: MaxRank truncation. Cores 10-11. Required accuracy delta=3.513100e-07, accuracy met: 1.130107e+03
2025-09-22 03:48:40 WARNING:TensorToolbox.core.TensorTrainVec: MaxRank truncation. Cores 11-12. Required accuracy delta=3.513100e-07, accuracy met: 8.009734e+02
2025-09-22 03:48:40 WARNING:TensorToolbox.core.TensorTrainVec: MaxRank truncation. Cores 12-13. Required accuracy delta=3.513100e-07, accuracy met: 5.682237e+02
2025-09-22 03:48:40 WARNING:TensorToolbox.core.TensorTrainVec: MaxRank truncation. Cores 13-14. Required accuracy delta=3.513100e-07, accuracy met: 4.037075e+02
2025-09-22 03:48:40 WARNING:TensorToolbox.core.TensorTrainVec: MaxRank truncation. Cores 14-15. Required accuracy delta=3.513100e-07, accuracy met: 2.873609e+02
2025-09-22 03:48:40 WARNING:TensorToolbox.core.TensorTrainVec: MaxRank truncation. Cores 15-16. Required accuracy delta=3.513100e-07, accuracy met: 2.046863e+02
2025-09-22 03:48:40 WARNING:TensorToolbox.core.TensorTrainVec: MaxRank truncation. Cores 16-17. Required accuracy delta=3.513100e-07, accuracy met: 1.465626e+02
2025-09-22 03:48:40 WARNING:TensorToolbox.core.TensorTrainVec: MaxRank truncation. Cores 17-18. Required accuracy delta=3.513100e-07, accuracy met: 1.055522e+02
2025-09-22 03:48:40 WARNING:TensorToolbox.core.TensorTrainVec: MaxRank truncation. Cores 18-19. Required accuracy delta=3.513100e-07, accuracy met: 7.611085e+01
2025-09-22 03:48:40 WARNING:TensorToolbox.core.TensorTrainVec: MaxRank truncation. Cores 19-20. Required accuracy delta=3.513100e-07, accuracy met: 5.554658e+01
2025-09-22 03:48:40 WARNING:TensorToolbox.core.TensorTrainVec: MaxRank truncation. Cores 20-21. Required accuracy delta=3.513100e-07, accuracy met: 4.087927e+01
2025-09-22 03:48:40 WARNING:TensorToolbox.core.TensorTrainVec: MaxRank truncation. Cores 21-22. Required accuracy delta=3.513100e-07, accuracy met: 2.992513e+01
2025-09-22 03:48:40 WARNING:TensorToolbox.core.TensorTrainVec: MaxRank truncation. Cores 22-23. Required accuracy delta=3.513100e-07, accuracy met: 2.191673e+01
2025-09-22 03:48:40 WARNING:TensorToolbox.core.TensorTrainVec: MaxRank truncation. Cores 23-24. Required accuracy delta=3.513100e-07, accuracy met: 1.448405e+01
2025-09-22 03:48:40 WARNING:TensorToolbox.core.TensorTrainVec: MaxRank truncation. Cores 24-25. Required accuracy delta=3.513100e-07, accuracy met: 4.402492e+00
tt_from_dense wtime: 350.37313203500526
2025-09-22 03:52:45 WARNING:TensorToolbox.core.TensorTrainVec: MaxRank truncation. Cores 4-5. Required accuracy delta=3.513100e-07, accuracy met: 2.893964e+03
2025-09-22 03:53:42 WARNING:TensorToolbox.core.TensorTrainVec: MaxRank truncation. Cores 5-6. Required accuracy delta=3.513100e-07, accuracy met: 6.363131e+03
2025-09-22 03:54:07 WARNING:TensorToolbox.core.TensorTrainVec: MaxRank truncation. Cores 6-7. Required accuracy delta=3.513100e-07, accuracy met: 4.501677e+03
2025-09-22 03:54:17 WARNING:TensorToolbox.core.TensorTrainVec: MaxRank truncation. Cores 7-8. Required accuracy delta=3.513100e-07, accuracy met: 3.185085e+03
2025-09-22 03:54:23 WARNING:TensorToolbox.core.TensorTrainVec: MaxRank truncation. Cores 8-9. Required accuracy delta=3.513100e-07, accuracy met: 2.254104e+03
2025-09-22 03:54:26 WARNING:TensorToolbox.core.TensorTrainVec: MaxRank truncation. Cores 9-10. Required accuracy delta=3.513100e-07, accuracy met: 1.595593e+03
2025-09-22 03:54:27 WARNING:TensorToolbox.core.TensorTrainVec: MaxRank truncation. Cores 10-11. Required accuracy delta=3.513100e-07, accuracy met: 1.130107e+03
2025-09-22 03:54:28 WARNING:TensorToolbox.core.TensorTrainVec: MaxRank truncation. Cores 11-12. Required accuracy delta=3.513100e-07, accuracy met: 8.009734e+02
2025-09-22 03:54:28 WARNING:TensorToolbox.core.TensorTrainVec: MaxRank truncation. Cores 12-13. Required accuracy delta=3.513100e-07, accuracy met: 5.682237e+02
2025-09-22 03:54:28 WARNING:TensorToolbox.core.TensorTrainVec: MaxRank truncation. Cores 13-14. Required accuracy delta=3.513100e-07, accuracy met: 4.037075e+02
2025-09-22 03:54:28 WARNING:TensorToolbox.core.TensorTrainVec: MaxRank truncation. Cores 14-15. Required accuracy delta=3.513100e-07, accuracy met: 2.873609e+02
2025-09-22 03:54:28 WARNING:TensorToolbox.core.TensorTrainVec: MaxRank truncation. Cores 15-16. Required accuracy delta=3.513100e-07, accuracy met: 2.046863e+02
2025-09-22 03:54:28 WARNING:TensorToolbox.core.TensorTrainVec: MaxRank truncation. Cores 16-17. Required accuracy delta=3.513100e-07, accuracy met: 1.465626e+02
2025-09-22 03:54:28 WARNING:TensorToolbox.core.TensorTrainVec: MaxRank truncation. Cores 17-18. Required accuracy delta=3.513100e-07, accuracy met: 1.055522e+02
2025-09-22 03:54:28 WARNING:TensorToolbox.core.TensorTrainVec: MaxRank truncation. Cores 18-19. Required accuracy delta=3.513100e-07, accuracy met: 7.611085e+01
2025-09-22 03:54:28 WARNING:TensorToolbox.core.TensorTrainVec: MaxRank truncation. Cores 19-20. Required accuracy delta=3.513100e-07, accuracy met: 5.554658e+01
2025-09-22 03:54:28 WARNING:TensorToolbox.core.TensorTrainVec: MaxRank truncation. Cores 20-21. Required accuracy delta=3.513100e-07, accuracy met: 4.087927e+01
2025-09-22 03:54:28 WARNING:TensorToolbox.core.TensorTrainVec: MaxRank truncation. Cores 21-22. Required accuracy delta=3.513100e-07, accuracy met: 2.992513e+01
2025-09-22 03:54:28 WARNING:TensorToolbox.core.TensorTrainVec: MaxRank truncation. Cores 22-23. Required accuracy delta=3.513100e-07, accuracy met: 2.191673e+01
2025-09-22 03:54:28 WARNING:TensorToolbox.core.TensorTrainVec: MaxRank truncation. Cores 23-24. Required accuracy delta=3.513100e-07, accuracy met: 1.448405e+01
2025-09-22 03:54:28 WARNING:TensorToolbox.core.TensorTrainVec: MaxRank truncation. Cores 24-25. Required accuracy delta=3.513100e-07, accuracy met: 4.402492e+00
tt_from_dense wtime: 347.7949214100081
random wtime: 6.441383726996719
2025-09-22 03:58:45 WARNING:TensorToolbox.core.TensorTrainVec: MaxRank truncation. Cores 4-5. Required accuracy delta=3.513123e-07, accuracy met: 2.362951e+03
2025-09-22 03:59:47 WARNING:TensorToolbox.core.TensorTrainVec: MaxRank truncation. Cores 5-6. Required accuracy delta=3.513123e-07, accuracy met: 6.471742e+03
2025-09-22 04:00:13 WARNING:TensorToolbox.core.TensorTrainVec: MaxRank truncation. Cores 6-7. Required accuracy delta=3.513123e-07, accuracy met: 4.578634e+03
2025-09-22 04:00:25 WARNING:TensorToolbox.core.TensorTrainVec: MaxRank truncation. Cores 7-8. Required accuracy delta=3.513123e-07, accuracy met: 3.239455e+03
2025-09-22 04:00:30 WARNING:TensorToolbox.core.TensorTrainVec: MaxRank truncation. Cores 8-9. Required accuracy delta=3.513123e-07, accuracy met: 2.292588e+03
2025-09-22 04:00:33 WARNING:TensorToolbox.core.TensorTrainVec: MaxRank truncation. Cores 9-10. Required accuracy delta=3.513123e-07, accuracy met: 1.623169e+03
2025-09-22 04:00:35 WARNING:TensorToolbox.core.TensorTrainVec: MaxRank truncation. Cores 10-11. Required accuracy delta=3.513123e-07, accuracy met: 1.149594e+03
2025-09-22 04:00:36 WARNING:TensorToolbox.core.TensorTrainVec: MaxRank truncation. Cores 11-12. Required accuracy delta=3.513123e-07, accuracy met: 8.147478e+02
2025-09-22 04:00:36 WARNING:TensorToolbox.core.TensorTrainVec: MaxRank truncation. Cores 12-13. Required accuracy delta=3.513123e-07, accuracy met: 5.783660e+02
2025-09-22 04:00:36 WARNING:TensorToolbox.core.TensorTrainVec: MaxRank truncation. Cores 13-14. Required accuracy delta=3.513123e-07, accuracy met: 4.108130e+02
2025-09-22 04:00:36 WARNING:TensorToolbox.core.TensorTrainVec: MaxRank truncation. Cores 14-15. Required accuracy delta=3.513123e-07, accuracy met: 2.922899e+02
2025-09-22 04:00:36 WARNING:TensorToolbox.core.TensorTrainVec: MaxRank truncation. Cores 15-16. Required accuracy delta=3.513123e-07, accuracy met: 2.085680e+02
2025-09-22 04:00:36 WARNING:TensorToolbox.core.TensorTrainVec: MaxRank truncation. Cores 16-17. Required accuracy delta=3.513123e-07, accuracy met: 1.492755e+02
2025-09-22 04:00:37 WARNING:TensorToolbox.core.TensorTrainVec: MaxRank truncation. Cores 17-18. Required accuracy delta=3.513123e-07, accuracy met: 1.072898e+02
2025-09-22 04:00:37 WARNING:TensorToolbox.core.TensorTrainVec: MaxRank truncation. Cores 18-19. Required accuracy delta=3.513123e-07, accuracy met: 7.772219e+01
2025-09-22 04:00:37 WARNING:TensorToolbox.core.TensorTrainVec: MaxRank truncation. Cores 19-20. Required accuracy delta=3.513123e-07, accuracy met: 5.642414e+01
2025-09-22 04:00:37 WARNING:TensorToolbox.core.TensorTrainVec: MaxRank truncation. Cores 20-21. Required accuracy delta=3.513123e-07, accuracy met: 4.125359e+01
2025-09-22 04:00:37 WARNING:TensorToolbox.core.TensorTrainVec: MaxRank truncation. Cores 21-22. Required accuracy delta=3.513123e-07, accuracy met: 3.021231e+01
2025-09-22 04:00:37 WARNING:TensorToolbox.core.TensorTrainVec: MaxRank truncation. Cores 22-23. Required accuracy delta=3.513123e-07, accuracy met: 2.191475e+01
2025-09-22 04:00:37 WARNING:TensorToolbox.core.TensorTrainVec: MaxRank truncation. Cores 23-24. Required accuracy delta=3.513123e-07, accuracy met: 1.445399e+01
2025-09-22 04:00:37 WARNING:TensorToolbox.core.TensorTrainVec: MaxRank truncation. Cores 24-25. Required accuracy delta=3.513123e-07, accuracy met: 3.334443e+00
tt_from_dense wtime: 359.45329740899615
2025-09-22 04:04:45 WARNING:TensorToolbox.core.TensorTrainVec: MaxRank truncation. Cores 4-5. Required accuracy delta=3.513123e-07, accuracy met: 2.362951e+03
2025-09-22 04:05:46 WARNING:TensorToolbox.core.TensorTrainVec: MaxRank truncation. Cores 5-6. Required accuracy delta=3.513123e-07, accuracy met: 6.471742e+03
2025-09-22 04:06:13 WARNING:TensorToolbox.core.TensorTrainVec: MaxRank truncation. Cores 6-7. Required accuracy delta=3.513123e-07, accuracy met: 4.578634e+03
2025-09-22 04:06:25 WARNING:TensorToolbox.core.TensorTrainVec: MaxRank truncation. Cores 7-8. Required accuracy delta=3.513123e-07, accuracy met: 3.239455e+03
2025-09-22 04:06:31 WARNING:TensorToolbox.core.TensorTrainVec: MaxRank truncation. Cores 8-9. Required accuracy delta=3.513123e-07, accuracy met: 2.292588e+03
2025-09-22 04:06:34 WARNING:TensorToolbox.core.TensorTrainVec: MaxRank truncation. Cores 9-10. Required accuracy delta=3.513123e-07, accuracy met: 1.623169e+03
2025-09-22 04:06:35 WARNING:TensorToolbox.core.TensorTrainVec: MaxRank truncation. Cores 10-11. Required accuracy delta=3.513123e-07, accuracy met: 1.149594e+03
2025-09-22 04:06:36 WARNING:TensorToolbox.core.TensorTrainVec: MaxRank truncation. Cores 11-12. Required accuracy delta=3.513123e-07, accuracy met: 8.147478e+02
2025-09-22 04:06:37 WARNING:TensorToolbox.core.TensorTrainVec: MaxRank truncation. Cores 12-13. Required accuracy delta=3.513123e-07, accuracy met: 5.783660e+02
2025-09-22 04:06:37 WARNING:TensorToolbox.core.TensorTrainVec: MaxRank truncation. Cores 13-14. Required accuracy delta=3.513123e-07, accuracy met: 4.108130e+02
2025-09-22 04:06:37 WARNING:TensorToolbox.core.TensorTrainVec: MaxRank truncation. Cores 14-15. Required accuracy delta=3.513123e-07, accuracy met: 2.922899e+02
2025-09-22 04:06:37 WARNING:TensorToolbox.core.TensorTrainVec: MaxRank truncation. Cores 15-16. Required accuracy delta=3.513123e-07, accuracy met: 2.085680e+02
2025-09-22 04:06:37 WARNING:TensorToolbox.core.TensorTrainVec: MaxRank truncation. Cores 16-17. Required accuracy delta=3.513123e-07, accuracy met: 1.492755e+02
2025-09-22 04:06:37 WARNING:TensorToolbox.core.TensorTrainVec: MaxRank truncation. Cores 17-18. Required accuracy delta=3.513123e-07, accuracy met: 1.072898e+02
2025-09-22 04:06:37 WARNING:TensorToolbox.core.TensorTrainVec: MaxRank truncation. Cores 18-19. Required accuracy delta=3.513123e-07, accuracy met: 7.772219e+01
2025-09-22 04:06:37 WARNING:TensorToolbox.core.TensorTrainVec: MaxRank truncation. Cores 19-20. Required accuracy delta=3.513123e-07, accuracy met: 5.642414e+01
2025-09-22 04:06:37 WARNING:TensorToolbox.core.TensorTrainVec: MaxRank truncation. Cores 20-21. Required accuracy delta=3.513123e-07, accuracy met: 4.125359e+01
2025-09-22 04:06:37 WARNING:TensorToolbox.core.TensorTrainVec: MaxRank truncation. Cores 21-22. Required accuracy delta=3.513123e-07, accuracy met: 3.021231e+01
2025-09-22 04:06:37 WARNING:TensorToolbox.core.TensorTrainVec: MaxRank truncation. Cores 22-23. Required accuracy delta=3.513123e-07, accuracy met: 2.191475e+01
2025-09-22 04:06:37 WARNING:TensorToolbox.core.TensorTrainVec: MaxRank truncation. Cores 23-24. Required accuracy delta=3.513123e-07, accuracy met: 1.445399e+01
2025-09-22 04:06:37 WARNING:TensorToolbox.core.TensorTrainVec: MaxRank truncation. Cores 24-25. Required accuracy delta=3.513123e-07, accuracy met: 3.334443e+00
tt_from_dense wtime: 360.3492294530006
random wtime: 6.437501895008609
2025-09-22 04:10:52 WARNING:TensorToolbox.core.TensorTrainVec: MaxRank truncation. Cores 4-5. Required accuracy delta=3.513117e-07, accuracy met: 1.670561e+03
2025-09-22 04:11:56 WARNING:TensorToolbox.core.TensorTrainVec: MaxRank truncation. Cores 5-6. Required accuracy delta=3.513117e-07, accuracy met: 6.578444e+03
2025-09-22 04:12:24 WARNING:TensorToolbox.core.TensorTrainVec: MaxRank truncation. Cores 6-7. Required accuracy delta=3.513117e-07, accuracy met: 4.654093e+03
2025-09-22 04:12:37 WARNING:TensorToolbox.core.TensorTrainVec: MaxRank truncation. Cores 7-8. Required accuracy delta=3.513117e-07, accuracy met: 3.293010e+03
2025-09-22 04:12:43 WARNING:TensorToolbox.core.TensorTrainVec: MaxRank truncation. Cores 8-9. Required accuracy delta=3.513117e-07, accuracy met: 2.330565e+03
2025-09-22 04:12:46 WARNING:TensorToolbox.core.TensorTrainVec: MaxRank truncation. Cores 9-10. Required accuracy delta=3.513117e-07, accuracy met: 1.649942e+03
2025-09-22 04:12:48 WARNING:TensorToolbox.core.TensorTrainVec: MaxRank truncation. Cores 10-11. Required accuracy delta=3.513117e-07, accuracy met: 1.168608e+03
2025-09-22 04:12:48 WARNING:TensorToolbox.core.TensorTrainVec: MaxRank truncation. Cores 11-12. Required accuracy delta=3.513117e-07, accuracy met: 8.284838e+02
2025-09-22 04:12:49 WARNING:TensorToolbox.core.TensorTrainVec: MaxRank truncation. Cores 12-13. Required accuracy delta=3.513117e-07, accuracy met: 5.877333e+02
2025-09-22 04:12:49 WARNING:TensorToolbox.core.TensorTrainVec: MaxRank truncation. Cores 13-14. Required accuracy delta=3.513117e-07, accuracy met: 4.176280e+02
2025-09-22 04:12:49 WARNING:TensorToolbox.core.TensorTrainVec: MaxRank truncation. Cores 14-15. Required accuracy delta=3.513117e-07, accuracy met: 2.972510e+02
2025-09-22 04:12:49 WARNING:TensorToolbox.core.TensorTrainVec: MaxRank truncation. Cores 15-16. Required accuracy delta=3.513117e-07, accuracy met: 2.119759e+02
2025-09-22 04:12:49 WARNING:TensorToolbox.core.TensorTrainVec: MaxRank truncation. Cores 16-17. Required accuracy delta=3.513117e-07, accuracy met: 1.516345e+02
2025-09-22 04:12:49 WARNING:TensorToolbox.core.TensorTrainVec: MaxRank truncation. Cores 17-18. Required accuracy delta=3.513117e-07, accuracy met: 1.093439e+02
2025-09-22 04:12:49 WARNING:TensorToolbox.core.TensorTrainVec: MaxRank truncation. Cores 18-19. Required accuracy delta=3.513117e-07, accuracy met: 7.884631e+01
2025-09-22 04:12:49 WARNING:TensorToolbox.core.TensorTrainVec: MaxRank truncation. Cores 19-20. Required accuracy delta=3.513117e-07, accuracy met: 5.769934e+01
2025-09-22 04:12:49 WARNING:TensorToolbox.core.TensorTrainVec: MaxRank truncation. Cores 20-21. Required accuracy delta=3.513117e-07, accuracy met: 4.225802e+01
2025-09-22 04:12:49 WARNING:TensorToolbox.core.TensorTrainVec: MaxRank truncation. Cores 21-22. Required accuracy delta=3.513117e-07, accuracy met: 3.078232e+01
2025-09-22 04:12:49 WARNING:TensorToolbox.core.TensorTrainVec: MaxRank truncation. Cores 22-23. Required accuracy delta=3.513117e-07, accuracy met: 2.228568e+01
2025-09-22 04:12:49 WARNING:TensorToolbox.core.TensorTrainVec: MaxRank truncation. Cores 23-24. Required accuracy delta=3.513117e-07, accuracy met: 1.419339e+01
2025-09-22 04:12:49 WARNING:TensorToolbox.core.TensorTrainVec: MaxRank truncation. Cores 24-25. Required accuracy delta=3.513117e-07, accuracy met: 2.609928e+00
tt_from_dense wtime: 363.6897132160084
2025-09-22 04:16:53 WARNING:TensorToolbox.core.TensorTrainVec: MaxRank truncation. Cores 4-5. Required accuracy delta=3.513117e-07, accuracy met: 1.670561e+03
2025-09-22 04:17:58 WARNING:TensorToolbox.core.TensorTrainVec: MaxRank truncation. Cores 5-6. Required accuracy delta=3.513117e-07, accuracy met: 6.578444e+03
2025-09-22 04:18:26 WARNING:TensorToolbox.core.TensorTrainVec: MaxRank truncation. Cores 6-7. Required accuracy delta=3.513117e-07, accuracy met: 4.654093e+03
2025-09-22 04:18:38 WARNING:TensorToolbox.core.TensorTrainVec: MaxRank truncation. Cores 7-8. Required accuracy delta=3.513117e-07, accuracy met: 3.293010e+03
2025-09-22 04:18:44 WARNING:TensorToolbox.core.TensorTrainVec: MaxRank truncation. Cores 8-9. Required accuracy delta=3.513117e-07, accuracy met: 2.330565e+03
2025-09-22 04:18:48 WARNING:TensorToolbox.core.TensorTrainVec: MaxRank truncation. Cores 9-10. Required accuracy delta=3.513117e-07, accuracy met: 1.649942e+03
2025-09-22 04:18:49 WARNING:TensorToolbox.core.TensorTrainVec: MaxRank truncation. Cores 10-11. Required accuracy delta=3.513117e-07, accuracy met: 1.168608e+03
2025-09-22 04:18:50 WARNING:TensorToolbox.core.TensorTrainVec: MaxRank truncation. Cores 11-12. Required accuracy delta=3.513117e-07, accuracy met: 8.284838e+02
2025-09-22 04:18:50 WARNING:TensorToolbox.core.TensorTrainVec: MaxRank truncation. Cores 12-13. Required accuracy delta=3.513117e-07, accuracy met: 5.877333e+02
2025-09-22 04:18:50 WARNING:TensorToolbox.core.TensorTrainVec: MaxRank truncation. Cores 13-14. Required accuracy delta=3.513117e-07, accuracy met: 4.176280e+02
2025-09-22 04:18:51 WARNING:TensorToolbox.core.TensorTrainVec: MaxRank truncation. Cores 14-15. Required accuracy delta=3.513117e-07, accuracy met: 2.972510e+02
2025-09-22 04:18:51 WARNING:TensorToolbox.core.TensorTrainVec: MaxRank truncation. Cores 15-16. Required accuracy delta=3.513117e-07, accuracy met: 2.119759e+02
2025-09-22 04:18:51 WARNING:TensorToolbox.core.TensorTrainVec: MaxRank truncation. Cores 16-17. Required accuracy delta=3.513117e-07, accuracy met: 1.516345e+02
2025-09-22 04:18:51 WARNING:TensorToolbox.core.TensorTrainVec: MaxRank truncation. Cores 17-18. Required accuracy delta=3.513117e-07, accuracy met: 1.093439e+02
2025-09-22 04:18:51 WARNING:TensorToolbox.core.TensorTrainVec: MaxRank truncation. Cores 18-19. Required accuracy delta=3.513117e-07, accuracy met: 7.884631e+01
2025-09-22 04:18:51 WARNING:TensorToolbox.core.TensorTrainVec: MaxRank truncation. Cores 19-20. Required accuracy delta=3.513117e-07, accuracy met: 5.769934e+01
2025-09-22 04:18:51 WARNING:TensorToolbox.core.TensorTrainVec: MaxRank truncation. Cores 20-21. Required accuracy delta=3.513117e-07, accuracy met: 4.225802e+01
2025-09-22 04:18:51 WARNING:TensorToolbox.core.TensorTrainVec: MaxRank truncation. Cores 21-22. Required accuracy delta=3.513117e-07, accuracy met: 3.078232e+01
2025-09-22 04:18:51 WARNING:TensorToolbox.core.TensorTrainVec: MaxRank truncation. Cores 22-23. Required accuracy delta=3.513117e-07, accuracy met: 2.228568e+01
2025-09-22 04:18:51 WARNING:TensorToolbox.core.TensorTrainVec: MaxRank truncation. Cores 23-24. Required accuracy delta=3.513117e-07, accuracy met: 1.419339e+01
2025-09-22 04:18:51 WARNING:TensorToolbox.core.TensorTrainVec: MaxRank truncation. Cores 24-25. Required accuracy delta=3.513117e-07, accuracy met: 2.609928e+00
tt_from_dense wtime: 361.47216003900394
random wtime: 6.4501704379945295
2025-09-22 04:24:20 WARNING:TensorToolbox.core.TensorTrainVec: MaxRank truncation. Cores 5-6. Required accuracy delta=3.513051e-07, accuracy met: 6.683212e+03
2025-09-22 04:24:52 WARNING:TensorToolbox.core.TensorTrainVec: MaxRank truncation. Cores 6-7. Required accuracy delta=3.513051e-07, accuracy met: 4.728271e+03
2025-09-22 04:25:05 WARNING:TensorToolbox.core.TensorTrainVec: MaxRank truncation. Cores 7-8. Required accuracy delta=3.513051e-07, accuracy met: 3.345686e+03
2025-09-22 04:25:12 WARNING:TensorToolbox.core.TensorTrainVec: MaxRank truncation. Cores 8-9. Required accuracy delta=3.513051e-07, accuracy met: 2.367822e+03
2025-09-22 04:25:16 WARNING:TensorToolbox.core.TensorTrainVec: MaxRank truncation. Cores 9-10. Required accuracy delta=3.513051e-07, accuracy met: 1.676172e+03
2025-09-22 04:25:18 WARNING:TensorToolbox.core.TensorTrainVec: MaxRank truncation. Cores 10-11. Required accuracy delta=3.513051e-07, accuracy met: 1.187314e+03
2025-09-22 04:25:19 WARNING:TensorToolbox.core.TensorTrainVec: MaxRank truncation. Cores 11-12. Required accuracy delta=3.513051e-07, accuracy met: 8.418449e+02
2025-09-22 04:25:19 WARNING:TensorToolbox.core.TensorTrainVec: MaxRank truncation. Cores 12-13. Required accuracy delta=3.513051e-07, accuracy met: 5.970079e+02
2025-09-22 04:25:19 WARNING:TensorToolbox.core.TensorTrainVec: MaxRank truncation. Cores 13-14. Required accuracy delta=3.513051e-07, accuracy met: 4.240459e+02
2025-09-22 04:25:19 WARNING:TensorToolbox.core.TensorTrainVec: MaxRank truncation. Cores 14-15. Required accuracy delta=3.513051e-07, accuracy met: 3.020268e+02
2025-09-22 04:25:19 WARNING:TensorToolbox.core.TensorTrainVec: MaxRank truncation. Cores 15-16. Required accuracy delta=3.513051e-07, accuracy met: 2.155372e+02
2025-09-22 04:25:19 WARNING:TensorToolbox.core.TensorTrainVec: MaxRank truncation. Cores 16-17. Required accuracy delta=3.513051e-07, accuracy met: 1.543365e+02
2025-09-22 04:25:19 WARNING:TensorToolbox.core.TensorTrainVec: MaxRank truncation. Cores 17-18. Required accuracy delta=3.513051e-07, accuracy met: 1.110197e+02
2025-09-22 04:25:19 WARNING:TensorToolbox.core.TensorTrainVec: MaxRank truncation. Cores 18-19. Required accuracy delta=3.513051e-07, accuracy met: 8.031370e+01
2025-09-22 04:25:19 WARNING:TensorToolbox.core.TensorTrainVec: MaxRank truncation. Cores 19-20. Required accuracy delta=3.513051e-07, accuracy met: 5.832607e+01
2025-09-22 04:25:19 WARNING:TensorToolbox.core.TensorTrainVec: MaxRank truncation. Cores 20-21. Required accuracy delta=3.513051e-07, accuracy met: 4.281009e+01
2025-09-22 04:25:19 WARNING:TensorToolbox.core.TensorTrainVec: MaxRank truncation. Cores 21-22. Required accuracy delta=3.513051e-07, accuracy met: 3.157016e+01
2025-09-22 04:25:19 WARNING:TensorToolbox.core.TensorTrainVec: MaxRank truncation. Cores 22-23. Required accuracy delta=3.513051e-07, accuracy met: 2.290958e+01
2025-09-22 04:25:19 WARNING:TensorToolbox.core.TensorTrainVec: MaxRank truncation. Cores 23-24. Required accuracy delta=3.513051e-07, accuracy met: 1.463239e+01
tt_from_dense wtime: 379.9521136419935
2025-09-22 04:30:37 WARNING:TensorToolbox.core.TensorTrainVec: MaxRank truncation. Cores 5-6. Required accuracy delta=3.513051e-07, accuracy met: 6.683212e+03
2025-09-22 04:31:09 WARNING:TensorToolbox.core.TensorTrainVec: MaxRank truncation. Cores 6-7. Required accuracy delta=3.513051e-07, accuracy met: 4.728271e+03
2025-09-22 04:31:22 WARNING:TensorToolbox.core.TensorTrainVec: MaxRank truncation. Cores 7-8. Required accuracy delta=3.513051e-07, accuracy met: 3.345686e+03
2025-09-22 04:31:29 WARNING:TensorToolbox.core.TensorTrainVec: MaxRank truncation. Cores 8-9. Required accuracy delta=3.513051e-07, accuracy met: 2.367822e+03
2025-09-22 04:31:33 WARNING:TensorToolbox.core.TensorTrainVec: MaxRank truncation. Cores 9-10. Required accuracy delta=3.513051e-07, accuracy met: 1.676172e+03
2025-09-22 04:31:34 WARNING:TensorToolbox.core.TensorTrainVec: MaxRank truncation. Cores 10-11. Required accuracy delta=3.513051e-07, accuracy met: 1.187314e+03
2025-09-22 04:31:35 WARNING:TensorToolbox.core.TensorTrainVec: MaxRank truncation. Cores 11-12. Required accuracy delta=3.513051e-07, accuracy met: 8.418449e+02
2025-09-22 04:31:36 WARNING:TensorToolbox.core.TensorTrainVec: MaxRank truncation. Cores 12-13. Required accuracy delta=3.513051e-07, accuracy met: 5.970079e+02
2025-09-22 04:31:36 WARNING:TensorToolbox.core.TensorTrainVec: MaxRank truncation. Cores 13-14. Required accuracy delta=3.513051e-07, accuracy met: 4.240459e+02
2025-09-22 04:31:36 WARNING:TensorToolbox.core.TensorTrainVec: MaxRank truncation. Cores 14-15. Required accuracy delta=3.513051e-07, accuracy met: 3.020268e+02
2025-09-22 04:31:36 WARNING:TensorToolbox.core.TensorTrainVec: MaxRank truncation. Cores 15-16. Required accuracy delta=3.513051e-07, accuracy met: 2.155372e+02
2025-09-22 04:31:36 WARNING:TensorToolbox.core.TensorTrainVec: MaxRank truncation. Cores 16-17. Required accuracy delta=3.513051e-07, accuracy met: 1.543365e+02
2025-09-22 04:31:36 WARNING:TensorToolbox.core.TensorTrainVec: MaxRank truncation. Cores 17-18. Required accuracy delta=3.513051e-07, accuracy met: 1.110197e+02
2025-09-22 04:31:36 WARNING:TensorToolbox.core.TensorTrainVec: MaxRank truncation. Cores 18-19. Required accuracy delta=3.513051e-07, accuracy met: 8.031370e+01
2025-09-22 04:31:36 WARNING:TensorToolbox.core.TensorTrainVec: MaxRank truncation. Cores 19-20. Required accuracy delta=3.513051e-07, accuracy met: 5.832607e+01
2025-09-22 04:31:36 WARNING:TensorToolbox.core.TensorTrainVec: MaxRank truncation. Cores 20-21. Required accuracy delta=3.513051e-07, accuracy met: 4.281009e+01
2025-09-22 04:31:36 WARNING:TensorToolbox.core.TensorTrainVec: MaxRank truncation. Cores 21-22. Required accuracy delta=3.513051e-07, accuracy met: 3.157016e+01
2025-09-22 04:31:36 WARNING:TensorToolbox.core.TensorTrainVec: MaxRank truncation. Cores 22-23. Required accuracy delta=3.513051e-07, accuracy met: 2.290958e+01
2025-09-22 04:31:36 WARNING:TensorToolbox.core.TensorTrainVec: MaxRank truncation. Cores 23-24. Required accuracy delta=3.513051e-07, accuracy met: 1.463239e+01
tt_from_dense wtime: 376.7230066470074
random wtime: 6.4128559100063285
2025-09-22 04:36:59 WARNING:TensorToolbox.core.TensorTrainVec: MaxRank truncation. Cores 5-6. Required accuracy delta=3.513038e-07, accuracy met: 6.577853e+03
2025-09-22 04:37:34 WARNING:TensorToolbox.core.TensorTrainVec: MaxRank truncation. Cores 6-7. Required accuracy delta=3.513038e-07, accuracy met: 4.801740e+03
2025-09-22 04:37:49 WARNING:TensorToolbox.core.TensorTrainVec: MaxRank truncation. Cores 7-8. Required accuracy delta=3.513038e-07, accuracy met: 3.397370e+03
2025-09-22 04:37:56 WARNING:TensorToolbox.core.TensorTrainVec: MaxRank truncation. Cores 8-9. Required accuracy delta=3.513038e-07, accuracy met: 2.404372e+03
2025-09-22 04:38:00 WARNING:TensorToolbox.core.TensorTrainVec: MaxRank truncation. Cores 9-10. Required accuracy delta=3.513038e-07, accuracy met: 1.702149e+03
2025-09-22 04:38:02 WARNING:TensorToolbox.core.TensorTrainVec: MaxRank truncation. Cores 10-11. Required accuracy delta=3.513038e-07, accuracy met: 1.205879e+03
2025-09-22 04:38:03 WARNING:TensorToolbox.core.TensorTrainVec: MaxRank truncation. Cores 11-12. Required accuracy delta=3.513038e-07, accuracy met: 8.549367e+02
2025-09-22 04:38:04 WARNING:TensorToolbox.core.TensorTrainVec: MaxRank truncation. Cores 12-13. Required accuracy delta=3.513038e-07, accuracy met: 6.063801e+02
2025-09-22 04:38:04 WARNING:TensorToolbox.core.TensorTrainVec: MaxRank truncation. Cores 13-14. Required accuracy delta=3.513038e-07, accuracy met: 4.309247e+02
2025-09-22 04:38:04 WARNING:TensorToolbox.core.TensorTrainVec: MaxRank truncation. Cores 14-15. Required accuracy delta=3.513038e-07, accuracy met: 3.067740e+02
2025-09-22 04:38:04 WARNING:TensorToolbox.core.TensorTrainVec: MaxRank truncation. Cores 15-16. Required accuracy delta=3.513038e-07, accuracy met: 2.189423e+02
2025-09-22 04:38:04 WARNING:TensorToolbox.core.TensorTrainVec: MaxRank truncation. Cores 16-17. Required accuracy delta=3.513038e-07, accuracy met: 1.569728e+02
2025-09-22 04:38:04 WARNING:TensorToolbox.core.TensorTrainVec: MaxRank truncation. Cores 17-18. Required accuracy delta=3.513038e-07, accuracy met: 1.131176e+02
2025-09-22 04:38:04 WARNING:TensorToolbox.core.TensorTrainVec: MaxRank truncation. Cores 18-19. Required accuracy delta=3.513038e-07, accuracy met: 8.194103e+01
2025-09-22 04:38:04 WARNING:TensorToolbox.core.TensorTrainVec: MaxRank truncation. Cores 19-20. Required accuracy delta=3.513038e-07, accuracy met: 5.942850e+01
2025-09-22 04:38:04 WARNING:TensorToolbox.core.TensorTrainVec: MaxRank truncation. Cores 20-21. Required accuracy delta=3.513038e-07, accuracy met: 4.358355e+01
2025-09-22 04:38:04 WARNING:TensorToolbox.core.TensorTrainVec: MaxRank truncation. Cores 21-22. Required accuracy delta=3.513038e-07, accuracy met: 3.202701e+01
2025-09-22 04:38:04 WARNING:TensorToolbox.core.TensorTrainVec: MaxRank truncation. Cores 22-23. Required accuracy delta=3.513038e-07, accuracy met: 2.291252e+01
2025-09-22 04:38:04 WARNING:TensorToolbox.core.TensorTrainVec: MaxRank truncation. Cores 23-24. Required accuracy delta=3.513038e-07, accuracy met: 1.441890e+01
tt_from_dense wtime: 379.4899309330067
2025-09-22 04:43:18 WARNING:TensorToolbox.core.TensorTrainVec: MaxRank truncation. Cores 5-6. Required accuracy delta=3.513038e-07, accuracy met: 6.577853e+03
2025-09-22 04:43:52 WARNING:TensorToolbox.core.TensorTrainVec: MaxRank truncation. Cores 6-7. Required accuracy delta=3.513038e-07, accuracy met: 4.801740e+03
2025-09-22 04:44:07 WARNING:TensorToolbox.core.TensorTrainVec: MaxRank truncation. Cores 7-8. Required accuracy delta=3.513038e-07, accuracy met: 3.397370e+03
2025-09-22 04:44:14 WARNING:TensorToolbox.core.TensorTrainVec: MaxRank truncation. Cores 8-9. Required accuracy delta=3.513038e-07, accuracy met: 2.404372e+03
2025-09-22 04:44:18 WARNING:TensorToolbox.core.TensorTrainVec: MaxRank truncation. Cores 9-10. Required accuracy delta=3.513038e-07, accuracy met: 1.702149e+03
2025-09-22 04:44:20 WARNING:TensorToolbox.core.TensorTrainVec: MaxRank truncation. Cores 10-11. Required accuracy delta=3.513038e-07, accuracy met: 1.205879e+03
2025-09-22 04:44:21 WARNING:TensorToolbox.core.TensorTrainVec: MaxRank truncation. Cores 11-12. Required accuracy delta=3.513038e-07, accuracy met: 8.549367e+02
2025-09-22 04:44:22 WARNING:TensorToolbox.core.TensorTrainVec: MaxRank truncation. Cores 12-13. Required accuracy delta=3.513038e-07, accuracy met: 6.063801e+02
2025-09-22 04:44:22 WARNING:TensorToolbox.core.TensorTrainVec: MaxRank truncation. Cores 13-14. Required accuracy delta=3.513038e-07, accuracy met: 4.309247e+02
2025-09-22 04:44:22 WARNING:TensorToolbox.core.TensorTrainVec: MaxRank truncation. Cores 14-15. Required accuracy delta=3.513038e-07, accuracy met: 3.067740e+02
2025-09-22 04:44:22 WARNING:TensorToolbox.core.TensorTrainVec: MaxRank truncation. Cores 15-16. Required accuracy delta=3.513038e-07, accuracy met: 2.189423e+02
2025-09-22 04:44:22 WARNING:TensorToolbox.core.TensorTrainVec: MaxRank truncation. Cores 16-17. Required accuracy delta=3.513038e-07, accuracy met: 1.569728e+02
2025-09-22 04:44:22 WARNING:TensorToolbox.core.TensorTrainVec: MaxRank truncation. Cores 17-18. Required accuracy delta=3.513038e-07, accuracy met: 1.131176e+02
2025-09-22 04:44:22 WARNING:TensorToolbox.core.TensorTrainVec: MaxRank truncation. Cores 18-19. Required accuracy delta=3.513038e-07, accuracy met: 8.194103e+01
2025-09-22 04:44:22 WARNING:TensorToolbox.core.TensorTrainVec: MaxRank truncation. Cores 19-20. Required accuracy delta=3.513038e-07, accuracy met: 5.942850e+01
2025-09-22 04:44:22 WARNING:TensorToolbox.core.TensorTrainVec: MaxRank truncation. Cores 20-21. Required accuracy delta=3.513038e-07, accuracy met: 4.358355e+01
2025-09-22 04:44:22 WARNING:TensorToolbox.core.TensorTrainVec: MaxRank truncation. Cores 21-22. Required accuracy delta=3.513038e-07, accuracy met: 3.202701e+01
2025-09-22 04:44:22 WARNING:TensorToolbox.core.TensorTrainVec: MaxRank truncation. Cores 22-23. Required accuracy delta=3.513038e-07, accuracy met: 2.291252e+01
2025-09-22 04:44:22 WARNING:TensorToolbox.core.TensorTrainVec: MaxRank truncation. Cores 23-24. Required accuracy delta=3.513038e-07, accuracy met: 1.441890e+01
tt_from_dense wtime: 377.71414763800567
random wtime: 6.413703397993231
2025-09-22 04:49:50 WARNING:TensorToolbox.core.TensorTrainVec: MaxRank truncation. Cores 5-6. Required accuracy delta=3.513045e-07, accuracy met: 6.470791e+03
2025-09-22 04:50:27 WARNING:TensorToolbox.core.TensorTrainVec: MaxRank truncation. Cores 6-7. Required accuracy delta=3.513045e-07, accuracy met: 4.873583e+03
2025-09-22 04:50:43 WARNING:TensorToolbox.core.TensorTrainVec: MaxRank truncation. Cores 7-8. Required accuracy delta=3.513045e-07, accuracy met: 3.448274e+03
2025-09-22 04:50:51 WARNING:TensorToolbox.core.TensorTrainVec: MaxRank truncation. Cores 8-9. Required accuracy delta=3.513045e-07, accuracy met: 2.440415e+03
2025-09-22 04:50:55 WARNING:TensorToolbox.core.TensorTrainVec: MaxRank truncation. Cores 9-10. Required accuracy delta=3.513045e-07, accuracy met: 1.728050e+03
2025-09-22 04:50:57 WARNING:TensorToolbox.core.TensorTrainVec: MaxRank truncation. Cores 10-11. Required accuracy delta=3.513045e-07, accuracy met: 1.223735e+03
2025-09-22 04:50:58 WARNING:TensorToolbox.core.TensorTrainVec: MaxRank truncation. Cores 11-12. Required accuracy delta=3.513045e-07, accuracy met: 8.677334e+02
2025-09-22 04:50:59 WARNING:TensorToolbox.core.TensorTrainVec: MaxRank truncation. Cores 12-13. Required accuracy delta=3.513045e-07, accuracy met: 6.156946e+02
2025-09-22 04:50:59 WARNING:TensorToolbox.core.TensorTrainVec: MaxRank truncation. Cores 13-14. Required accuracy delta=3.513045e-07, accuracy met: 4.376887e+02
2025-09-22 04:51:00 WARNING:TensorToolbox.core.TensorTrainVec: MaxRank truncation. Cores 14-15. Required accuracy delta=3.513045e-07, accuracy met: 3.114998e+02
2025-09-22 04:51:00 WARNING:TensorToolbox.core.TensorTrainVec: MaxRank truncation. Cores 15-16. Required accuracy delta=3.513045e-07, accuracy met: 2.223165e+02
2025-09-22 04:51:00 WARNING:TensorToolbox.core.TensorTrainVec: MaxRank truncation. Cores 16-17. Required accuracy delta=3.513045e-07, accuracy met: 1.592778e+02
2025-09-22 04:51:00 WARNING:TensorToolbox.core.TensorTrainVec: MaxRank truncation. Cores 17-18. Required accuracy delta=3.513045e-07, accuracy met: 1.147443e+02
2025-09-22 04:51:00 WARNING:TensorToolbox.core.TensorTrainVec: MaxRank truncation. Cores 18-19. Required accuracy delta=3.513045e-07, accuracy met: 8.296562e+01
2025-09-22 04:51:00 WARNING:TensorToolbox.core.TensorTrainVec: MaxRank truncation. Cores 19-20. Required accuracy delta=3.513045e-07, accuracy met: 6.057760e+01
2025-09-22 04:51:00 WARNING:TensorToolbox.core.TensorTrainVec: MaxRank truncation. Cores 20-21. Required accuracy delta=3.513045e-07, accuracy met: 4.463984e+01
2025-09-22 04:51:00 WARNING:TensorToolbox.core.TensorTrainVec: MaxRank truncation. Cores 21-22. Required accuracy delta=3.513045e-07, accuracy met: 3.260480e+01
2025-09-22 04:51:00 WARNING:TensorToolbox.core.TensorTrainVec: MaxRank truncation. Cores 22-23. Required accuracy delta=3.513045e-07, accuracy met: 2.376174e+01
2025-09-22 04:51:00 WARNING:TensorToolbox.core.TensorTrainVec: MaxRank truncation. Cores 23-24. Required accuracy delta=3.513045e-07, accuracy met: 1.445276e+01
tt_from_dense wtime: 388.714253876009
2025-09-22 04:56:15 WARNING:TensorToolbox.core.TensorTrainVec: MaxRank truncation. Cores 5-6. Required accuracy delta=3.513045e-07, accuracy met: 6.470791e+03
2025-09-22 04:56:53 WARNING:TensorToolbox.core.TensorTrainVec: MaxRank truncation. Cores 6-7. Required accuracy delta=3.513045e-07, accuracy met: 4.873583e+03
2025-09-22 04:57:08 WARNING:TensorToolbox.core.TensorTrainVec: MaxRank truncation. Cores 7-8. Required accuracy delta=3.513045e-07, accuracy met: 3.448274e+03
2025-09-22 04:57:16 WARNING:TensorToolbox.core.TensorTrainVec: MaxRank truncation. Cores 8-9. Required accuracy delta=3.513045e-07, accuracy met: 2.440415e+03
2025-09-22 04:57:20 WARNING:TensorToolbox.core.TensorTrainVec: MaxRank truncation. Cores 9-10. Required accuracy delta=3.513045e-07, accuracy met: 1.728050e+03
2025-09-22 04:57:22 WARNING:TensorToolbox.core.TensorTrainVec: MaxRank truncation. Cores 10-11. Required accuracy delta=3.513045e-07, accuracy met: 1.223735e+03
2025-09-22 04:57:24 WARNING:TensorToolbox.core.TensorTrainVec: MaxRank truncation. Cores 11-12. Required accuracy delta=3.513045e-07, accuracy met: 8.677334e+02
2025-09-22 04:57:24 WARNING:TensorToolbox.core.TensorTrainVec: MaxRank truncation. Cores 12-13. Required accuracy delta=3.513045e-07, accuracy met: 6.156946e+02
2025-09-22 04:57:25 WARNING:TensorToolbox.core.TensorTrainVec: MaxRank truncation. Cores 13-14. Required accuracy delta=3.513045e-07, accuracy met: 4.376887e+02
2025-09-22 04:57:25 WARNING:TensorToolbox.core.TensorTrainVec: MaxRank truncation. Cores 14-15. Required accuracy delta=3.513045e-07, accuracy met: 3.114998e+02
2025-09-22 04:57:25 WARNING:TensorToolbox.core.TensorTrainVec: MaxRank truncation. Cores 15-16. Required accuracy delta=3.513045e-07, accuracy met: 2.223165e+02
2025-09-22 04:57:25 WARNING:TensorToolbox.core.TensorTrainVec: MaxRank truncation. Cores 16-17. Required accuracy delta=3.513045e-07, accuracy met: 1.592778e+02
2025-09-22 04:57:25 WARNING:TensorToolbox.core.TensorTrainVec: MaxRank truncation. Cores 17-18. Required accuracy delta=3.513045e-07, accuracy met: 1.147443e+02
2025-09-22 04:57:25 WARNING:TensorToolbox.core.TensorTrainVec: MaxRank truncation. Cores 18-19. Required accuracy delta=3.513045e-07, accuracy met: 8.296562e+01
2025-09-22 04:57:25 WARNING:TensorToolbox.core.TensorTrainVec: MaxRank truncation. Cores 19-20. Required accuracy delta=3.513045e-07, accuracy met: 6.057760e+01
2025-09-22 04:57:25 WARNING:TensorToolbox.core.TensorTrainVec: MaxRank truncation. Cores 20-21. Required accuracy delta=3.513045e-07, accuracy met: 4.463984e+01
2025-09-22 04:57:25 WARNING:TensorToolbox.core.TensorTrainVec: MaxRank truncation. Cores 21-22. Required accuracy delta=3.513045e-07, accuracy met: 3.260480e+01
2025-09-22 04:57:25 WARNING:TensorToolbox.core.TensorTrainVec: MaxRank truncation. Cores 22-23. Required accuracy delta=3.513045e-07, accuracy met: 2.376174e+01
2025-09-22 04:57:25 WARNING:TensorToolbox.core.TensorTrainVec: MaxRank truncation. Cores 23-24. Required accuracy delta=3.513045e-07, accuracy met: 1.445276e+01
tt_from_dense wtime: 385.3319179819955
random wtime: 6.423754268005723
2025-09-22 05:02:52 WARNING:TensorToolbox.core.TensorTrainVec: MaxRank truncation. Cores 5-6. Required accuracy delta=3.513118e-07, accuracy met: 6.361719e+03
2025-09-22 05:03:31 WARNING:TensorToolbox.core.TensorTrainVec: MaxRank truncation. Cores 6-7. Required accuracy delta=3.513118e-07, accuracy met: 4.944335e+03
2025-09-22 05:03:48 WARNING:TensorToolbox.core.TensorTrainVec: MaxRank truncation. Cores 7-8. Required accuracy delta=3.513118e-07, accuracy met: 3.498515e+03
2025-09-22 05:03:56 WARNING:TensorToolbox.core.TensorTrainVec: MaxRank truncation. Cores 8-9. Required accuracy delta=3.513118e-07, accuracy met: 2.475952e+03
2025-09-22 05:04:00 WARNING:TensorToolbox.core.TensorTrainVec: MaxRank truncation. Cores 9-10. Required accuracy delta=3.513118e-07, accuracy met: 1.752881e+03
2025-09-22 05:04:03 WARNING:TensorToolbox.core.TensorTrainVec: MaxRank truncation. Cores 10-11. Required accuracy delta=3.513118e-07, accuracy met: 1.242078e+03
2025-09-22 05:04:04 WARNING:TensorToolbox.core.TensorTrainVec: MaxRank truncation. Cores 11-12. Required accuracy delta=3.513118e-07, accuracy met: 8.806757e+02
2025-09-22 05:04:05 WARNING:TensorToolbox.core.TensorTrainVec: MaxRank truncation. Cores 12-13. Required accuracy delta=3.513118e-07, accuracy met: 6.246246e+02
2025-09-22 05:04:05 WARNING:TensorToolbox.core.TensorTrainVec: MaxRank truncation. Cores 13-14. Required accuracy delta=3.513118e-07, accuracy met: 4.439036e+02
2025-09-22 05:04:05 WARNING:TensorToolbox.core.TensorTrainVec: MaxRank truncation. Cores 14-15. Required accuracy delta=3.513118e-07, accuracy met: 3.160367e+02
2025-09-22 05:04:05 WARNING:TensorToolbox.core.TensorTrainVec: MaxRank truncation. Cores 15-16. Required accuracy delta=3.513118e-07, accuracy met: 2.256281e+02
2025-09-22 05:04:05 WARNING:TensorToolbox.core.TensorTrainVec: MaxRank truncation. Cores 16-17. Required accuracy delta=3.513118e-07, accuracy met: 1.616762e+02
2025-09-22 05:04:05 WARNING:TensorToolbox.core.TensorTrainVec: MaxRank truncation. Cores 17-18. Required accuracy delta=3.513118e-07, accuracy met: 1.164600e+02
2025-09-22 05:04:05 WARNING:TensorToolbox.core.TensorTrainVec: MaxRank truncation. Cores 18-19. Required accuracy delta=3.513118e-07, accuracy met: 8.426086e+01
2025-09-22 05:04:05 WARNING:TensorToolbox.core.TensorTrainVec: MaxRank truncation. Cores 19-20. Required accuracy delta=3.513118e-07, accuracy met: 6.136981e+01
2025-09-22 05:04:05 WARNING:TensorToolbox.core.TensorTrainVec: MaxRank truncation. Cores 20-21. Required accuracy delta=3.513118e-07, accuracy met: 4.541555e+01
2025-09-22 05:04:05 WARNING:TensorToolbox.core.TensorTrainVec: MaxRank truncation. Cores 21-22. Required accuracy delta=3.513118e-07, accuracy met: 3.299895e+01
2025-09-22 05:04:05 WARNING:TensorToolbox.core.TensorTrainVec: MaxRank truncation. Cores 22-23. Required accuracy delta=3.513118e-07, accuracy met: 2.374461e+01
2025-09-22 05:04:05 WARNING:TensorToolbox.core.TensorTrainVec: MaxRank truncation. Cores 23-24. Required accuracy delta=3.513118e-07, accuracy met: 1.467704e+01
tt_from_dense wtime: 391.5705483629863
2025-09-22 05:09:25 WARNING:TensorToolbox.core.TensorTrainVec: MaxRank truncation. Cores 5-6. Required accuracy delta=3.513118e-07, accuracy met: 6.361719e+03
2025-09-22 05:10:05 WARNING:TensorToolbox.core.TensorTrainVec: MaxRank truncation. Cores 6-7. Required accuracy delta=3.513118e-07, accuracy met: 4.944335e+03
2025-09-22 05:10:21 WARNING:TensorToolbox.core.TensorTrainVec: MaxRank truncation. Cores 7-8. Required accuracy delta=3.513118e-07, accuracy met: 3.498515e+03
2025-09-22 05:10:30 WARNING:TensorToolbox.core.TensorTrainVec: MaxRank truncation. Cores 8-9. Required accuracy delta=3.513118e-07, accuracy met: 2.475952e+03
2025-09-22 05:10:34 WARNING:TensorToolbox.core.TensorTrainVec: MaxRank truncation. Cores 9-10. Required accuracy delta=3.513118e-07, accuracy met: 1.752881e+03
2025-09-22 05:10:36 WARNING:TensorToolbox.core.TensorTrainVec: MaxRank truncation. Cores 10-11. Required accuracy delta=3.513118e-07, accuracy met: 1.242078e+03
2025-09-22 05:10:37 WARNING:TensorToolbox.core.TensorTrainVec: MaxRank truncation. Cores 11-12. Required accuracy delta=3.513118e-07, accuracy met: 8.806757e+02
2025-09-22 05:10:38 WARNING:TensorToolbox.core.TensorTrainVec: MaxRank truncation. Cores 12-13. Required accuracy delta=3.513118e-07, accuracy met: 6.246246e+02
2025-09-22 05:10:39 WARNING:TensorToolbox.core.TensorTrainVec: MaxRank truncation. Cores 13-14. Required accuracy delta=3.513118e-07, accuracy met: 4.439036e+02
2025-09-22 05:10:39 WARNING:TensorToolbox.core.TensorTrainVec: MaxRank truncation. Cores 14-15. Required accuracy delta=3.513118e-07, accuracy met: 3.160367e+02
2025-09-22 05:10:39 WARNING:TensorToolbox.core.TensorTrainVec: MaxRank truncation. Cores 15-16. Required accuracy delta=3.513118e-07, accuracy met: 2.256281e+02
2025-09-22 05:10:39 WARNING:TensorToolbox.core.TensorTrainVec: MaxRank truncation. Cores 16-17. Required accuracy delta=3.513118e-07, accuracy met: 1.616762e+02
2025-09-22 05:10:39 WARNING:TensorToolbox.core.TensorTrainVec: MaxRank truncation. Cores 17-18. Required accuracy delta=3.513118e-07, accuracy met: 1.164600e+02
2025-09-22 05:10:39 WARNING:TensorToolbox.core.TensorTrainVec: MaxRank truncation. Cores 18-19. Required accuracy delta=3.513118e-07, accuracy met: 8.426086e+01
2025-09-22 05:10:39 WARNING:TensorToolbox.core.TensorTrainVec: MaxRank truncation. Cores 19-20. Required accuracy delta=3.513118e-07, accuracy met: 6.136981e+01
2025-09-22 05:10:39 WARNING:TensorToolbox.core.TensorTrainVec: MaxRank truncation. Cores 20-21. Required accuracy delta=3.513118e-07, accuracy met: 4.541555e+01
2025-09-22 05:10:39 WARNING:TensorToolbox.core.TensorTrainVec: MaxRank truncation. Cores 21-22. Required accuracy delta=3.513118e-07, accuracy met: 3.299895e+01
2025-09-22 05:10:39 WARNING:TensorToolbox.core.TensorTrainVec: MaxRank truncation. Cores 22-23. Required accuracy delta=3.513118e-07, accuracy met: 2.374461e+01
2025-09-22 05:10:39 WARNING:TensorToolbox.core.TensorTrainVec: MaxRank truncation. Cores 23-24. Required accuracy delta=3.513118e-07, accuracy met: 1.467704e+01
tt_from_dense wtime: 393.44978059500863
random wtime: 6.417865461990004
2025-09-22 05:16:07 WARNING:TensorToolbox.core.TensorTrainVec: MaxRank truncation. Cores 5-6. Required accuracy delta=3.513103e-07, accuracy met: 6.251143e+03
2025-09-22 05:16:49 WARNING:TensorToolbox.core.TensorTrainVec: MaxRank truncation. Cores 6-7. Required accuracy delta=3.513103e-07, accuracy met: 5.014288e+03
2025-09-22 05:17:06 WARNING:TensorToolbox.core.TensorTrainVec: MaxRank truncation. Cores 7-8. Required accuracy delta=3.513103e-07, accuracy met: 3.548219e+03
2025-09-22 05:17:16 WARNING:TensorToolbox.core.TensorTrainVec: MaxRank truncation. Cores 8-9. Required accuracy delta=3.513103e-07, accuracy met: 2.511408e+03
2025-09-22 05:17:20 WARNING:TensorToolbox.core.TensorTrainVec: MaxRank truncation. Cores 9-10. Required accuracy delta=3.513103e-07, accuracy met: 1.778156e+03
2025-09-22 05:17:23 WARNING:TensorToolbox.core.TensorTrainVec: MaxRank truncation. Cores 10-11. Required accuracy delta=3.513103e-07, accuracy met: 1.259777e+03
2025-09-22 05:17:24 WARNING:TensorToolbox.core.TensorTrainVec: MaxRank truncation. Cores 11-12. Required accuracy delta=3.513103e-07, accuracy met: 8.930205e+02
2025-09-22 05:17:25 WARNING:TensorToolbox.core.TensorTrainVec: MaxRank truncation. Cores 12-13. Required accuracy delta=3.513103e-07, accuracy met: 6.335813e+02
2025-09-22 05:17:26 WARNING:TensorToolbox.core.TensorTrainVec: MaxRank truncation. Cores 13-14. Required accuracy delta=3.513103e-07, accuracy met: 4.505313e+02
2025-09-22 05:17:26 WARNING:TensorToolbox.core.TensorTrainVec: MaxRank truncation. Cores 14-15. Required accuracy delta=3.513103e-07, accuracy met: 3.207279e+02
2025-09-22 05:17:26 WARNING:TensorToolbox.core.TensorTrainVec: MaxRank truncation. Cores 15-16. Required accuracy delta=3.513103e-07, accuracy met: 2.289538e+02
2025-09-22 05:17:26 WARNING:TensorToolbox.core.TensorTrainVec: MaxRank truncation. Cores 16-17. Required accuracy delta=3.513103e-07, accuracy met: 1.642849e+02
2025-09-22 05:17:26 WARNING:TensorToolbox.core.TensorTrainVec: MaxRank truncation. Cores 17-18. Required accuracy delta=3.513103e-07, accuracy met: 1.182727e+02
2025-09-22 05:17:26 WARNING:TensorToolbox.core.TensorTrainVec: MaxRank truncation. Cores 18-19. Required accuracy delta=3.513103e-07, accuracy met: 8.550808e+01
2025-09-22 05:17:26 WARNING:TensorToolbox.core.TensorTrainVec: MaxRank truncation. Cores 19-20. Required accuracy delta=3.513103e-07, accuracy met: 6.260584e+01
2025-09-22 05:17:26 WARNING:TensorToolbox.core.TensorTrainVec: MaxRank truncation. Cores 20-21. Required accuracy delta=3.513103e-07, accuracy met: 4.587871e+01
2025-09-22 05:17:26 WARNING:TensorToolbox.core.TensorTrainVec: MaxRank truncation. Cores 21-22. Required accuracy delta=3.513103e-07, accuracy met: 3.350899e+01
2025-09-22 05:17:26 WARNING:TensorToolbox.core.TensorTrainVec: MaxRank truncation. Cores 22-23. Required accuracy delta=3.513103e-07, accuracy met: 2.382530e+01
2025-09-22 05:17:26 WARNING:TensorToolbox.core.TensorTrainVec: MaxRank truncation. Cores 23-24. Required accuracy delta=3.513103e-07, accuracy met: 1.456743e+01
tt_from_dense wtime: 398.2515894219978
2025-09-22 05:22:43 WARNING:TensorToolbox.core.TensorTrainVec: MaxRank truncation. Cores 5-6. Required accuracy delta=3.513103e-07, accuracy met: 6.251143e+03
2025-09-22 05:23:25 WARNING:TensorToolbox.core.TensorTrainVec: MaxRank truncation. Cores 6-7. Required accuracy delta=3.513103e-07, accuracy met: 5.014288e+03
2025-09-22 05:23:42 WARNING:TensorToolbox.core.TensorTrainVec: MaxRank truncation. Cores 7-8. Required accuracy delta=3.513103e-07, accuracy met: 3.548219e+03
2025-09-22 05:23:51 WARNING:TensorToolbox.core.TensorTrainVec: MaxRank truncation. Cores 8-9. Required accuracy delta=3.513103e-07, accuracy met: 2.511408e+03
2025-09-22 05:23:56 WARNING:TensorToolbox.core.TensorTrainVec: MaxRank truncation. Cores 9-10. Required accuracy delta=3.513103e-07, accuracy met: 1.778156e+03
2025-09-22 05:23:59 WARNING:TensorToolbox.core.TensorTrainVec: MaxRank truncation. Cores 10-11. Required accuracy delta=3.513103e-07, accuracy met: 1.259777e+03
2025-09-22 05:24:00 WARNING:TensorToolbox.core.TensorTrainVec: MaxRank truncation. Cores 11-12. Required accuracy delta=3.513103e-07, accuracy met: 8.930205e+02
2025-09-22 05:24:01 WARNING:TensorToolbox.core.TensorTrainVec: MaxRank truncation. Cores 12-13. Required accuracy delta=3.513103e-07, accuracy met: 6.335813e+02
2025-09-22 05:24:01 WARNING:TensorToolbox.core.TensorTrainVec: MaxRank truncation. Cores 13-14. Required accuracy delta=3.513103e-07, accuracy met: 4.505313e+02
2025-09-22 05:24:01 WARNING:TensorToolbox.core.TensorTrainVec: MaxRank truncation. Cores 14-15. Required accuracy delta=3.513103e-07, accuracy met: 3.207279e+02
2025-09-22 05:24:01 WARNING:TensorToolbox.core.TensorTrainVec: MaxRank truncation. Cores 15-16. Required accuracy delta=3.513103e-07, accuracy met: 2.289538e+02
2025-09-22 05:24:01 WARNING:TensorToolbox.core.TensorTrainVec: MaxRank truncation. Cores 16-17. Required accuracy delta=3.513103e-07, accuracy met: 1.642849e+02
2025-09-22 05:24:01 WARNING:TensorToolbox.core.TensorTrainVec: MaxRank truncation. Cores 17-18. Required accuracy delta=3.513103e-07, accuracy met: 1.182727e+02
2025-09-22 05:24:01 WARNING:TensorToolbox.core.TensorTrainVec: MaxRank truncation. Cores 18-19. Required accuracy delta=3.513103e-07, accuracy met: 8.550808e+01
2025-09-22 05:24:01 WARNING:TensorToolbox.core.TensorTrainVec: MaxRank truncation. Cores 19-20. Required accuracy delta=3.513103e-07, accuracy met: 6.260584e+01
2025-09-22 05:24:01 WARNING:TensorToolbox.core.TensorTrainVec: MaxRank truncation. Cores 20-21. Required accuracy delta=3.513103e-07, accuracy met: 4.587871e+01
2025-09-22 05:24:01 WARNING:TensorToolbox.core.TensorTrainVec: MaxRank truncation. Cores 21-22. Required accuracy delta=3.513103e-07, accuracy met: 3.350899e+01
2025-09-22 05:24:01 WARNING:TensorToolbox.core.TensorTrainVec: MaxRank truncation. Cores 22-23. Required accuracy delta=3.513103e-07, accuracy met: 2.382530e+01
2025-09-22 05:24:01 WARNING:TensorToolbox.core.TensorTrainVec: MaxRank truncation. Cores 23-24. Required accuracy delta=3.513103e-07, accuracy met: 1.456743e+01
tt_from_dense wtime: 395.4517385670042
random wtime: 6.404622453002958
2025-09-22 05:29:28 WARNING:TensorToolbox.core.TensorTrainVec: MaxRank truncation. Cores 5-6. Required accuracy delta=3.513166e-07, accuracy met: 6.138195e+03
2025-09-22 05:30:13 WARNING:TensorToolbox.core.TensorTrainVec: MaxRank truncation. Cores 6-7. Required accuracy delta=3.513166e-07, accuracy met: 5.083333e+03
2025-09-22 05:30:32 WARNING:TensorToolbox.core.TensorTrainVec: MaxRank truncation. Cores 7-8. Required accuracy delta=3.513166e-07, accuracy met: 3.596884e+03
2025-09-22 05:30:41 WARNING:TensorToolbox.core.TensorTrainVec: MaxRank truncation. Cores 8-9. Required accuracy delta=3.513166e-07, accuracy met: 2.545841e+03
2025-09-22 05:30:46 WARNING:TensorToolbox.core.TensorTrainVec: MaxRank truncation. Cores 9-10. Required accuracy delta=3.513166e-07, accuracy met: 1.802669e+03
2025-09-22 05:30:48 WARNING:TensorToolbox.core.TensorTrainVec: MaxRank truncation. Cores 10-11. Required accuracy delta=3.513166e-07, accuracy met: 1.277117e+03
2025-09-22 05:30:50 WARNING:TensorToolbox.core.TensorTrainVec: MaxRank truncation. Cores 11-12. Required accuracy delta=3.513166e-07, accuracy met: 9.053753e+02
2025-09-22 05:30:50 WARNING:TensorToolbox.core.TensorTrainVec: MaxRank truncation. Cores 12-13. Required accuracy delta=3.513166e-07, accuracy met: 6.423520e+02
2025-09-22 05:30:51 WARNING:TensorToolbox.core.TensorTrainVec: MaxRank truncation. Cores 13-14. Required accuracy delta=3.513166e-07, accuracy met: 4.568752e+02
2025-09-22 05:30:51 WARNING:TensorToolbox.core.TensorTrainVec: MaxRank truncation. Cores 14-15. Required accuracy delta=3.513166e-07, accuracy met: 3.254662e+02
2025-09-22 05:30:51 WARNING:TensorToolbox.core.TensorTrainVec: MaxRank truncation. Cores 15-16. Required accuracy delta=3.513166e-07, accuracy met: 2.322960e+02
2025-09-22 05:30:51 WARNING:TensorToolbox.core.TensorTrainVec: MaxRank truncation. Cores 16-17. Required accuracy delta=3.513166e-07, accuracy met: 1.665823e+02
2025-09-22 05:30:51 WARNING:TensorToolbox.core.TensorTrainVec: MaxRank truncation. Cores 17-18. Required accuracy delta=3.513166e-07, accuracy met: 1.199714e+02
2025-09-22 05:30:51 WARNING:TensorToolbox.core.TensorTrainVec: MaxRank truncation. Cores 18-19. Required accuracy delta=3.513166e-07, accuracy met: 8.685088e+01
2025-09-22 05:30:51 WARNING:TensorToolbox.core.TensorTrainVec: MaxRank truncation. Cores 19-20. Required accuracy delta=3.513166e-07, accuracy met: 6.337359e+01
2025-09-22 05:30:51 WARNING:TensorToolbox.core.TensorTrainVec: MaxRank truncation. Cores 20-21. Required accuracy delta=3.513166e-07, accuracy met: 4.655891e+01
2025-09-22 05:30:51 WARNING:TensorToolbox.core.TensorTrainVec: MaxRank truncation. Cores 21-22. Required accuracy delta=3.513166e-07, accuracy met: 3.414267e+01
2025-09-22 05:30:51 WARNING:TensorToolbox.core.TensorTrainVec: MaxRank truncation. Cores 22-23. Required accuracy delta=3.513166e-07, accuracy met: 2.412207e+01
2025-09-22 05:30:51 WARNING:TensorToolbox.core.TensorTrainVec: MaxRank truncation. Cores 23-24. Required accuracy delta=3.513166e-07, accuracy met: 1.483977e+01
tt_from_dense wtime: 401.1186539749906
2025-09-22 05:36:09 WARNING:TensorToolbox.core.TensorTrainVec: MaxRank truncation. Cores 5-6. Required accuracy delta=3.513166e-07, accuracy met: 6.138195e+03
2025-09-22 05:36:54 WARNING:TensorToolbox.core.TensorTrainVec: MaxRank truncation. Cores 6-7. Required accuracy delta=3.513166e-07, accuracy met: 5.083333e+03
2025-09-22 05:37:12 WARNING:TensorToolbox.core.TensorTrainVec: MaxRank truncation. Cores 7-8. Required accuracy delta=3.513166e-07, accuracy met: 3.596884e+03
2025-09-22 05:37:22 WARNING:TensorToolbox.core.TensorTrainVec: MaxRank truncation. Cores 8-9. Required accuracy delta=3.513166e-07, accuracy met: 2.545841e+03
2025-09-22 05:37:26 WARNING:TensorToolbox.core.TensorTrainVec: MaxRank truncation. Cores 9-10. Required accuracy delta=3.513166e-07, accuracy met: 1.802669e+03
2025-09-22 05:37:29 WARNING:TensorToolbox.core.TensorTrainVec: MaxRank truncation. Cores 10-11. Required accuracy delta=3.513166e-07, accuracy met: 1.277117e+03
2025-09-22 05:37:30 WARNING:TensorToolbox.core.TensorTrainVec: MaxRank truncation. Cores 11-12. Required accuracy delta=3.513166e-07, accuracy met: 9.053753e+02
2025-09-22 05:37:31 WARNING:TensorToolbox.core.TensorTrainVec: MaxRank truncation. Cores 12-13. Required accuracy delta=3.513166e-07, accuracy met: 6.423520e+02
2025-09-22 05:37:31 WARNING:TensorToolbox.core.TensorTrainVec: MaxRank truncation. Cores 13-14. Required accuracy delta=3.513166e-07, accuracy met: 4.568752e+02
2025-09-22 05:37:31 WARNING:TensorToolbox.core.TensorTrainVec: MaxRank truncation. Cores 14-15. Required accuracy delta=3.513166e-07, accuracy met: 3.254662e+02
2025-09-22 05:37:31 WARNING:TensorToolbox.core.TensorTrainVec: MaxRank truncation. Cores 15-16. Required accuracy delta=3.513166e-07, accuracy met: 2.322960e+02
2025-09-22 05:37:31 WARNING:TensorToolbox.core.TensorTrainVec: MaxRank truncation. Cores 16-17. Required accuracy delta=3.513166e-07, accuracy met: 1.665823e+02
2025-09-22 05:37:31 WARNING:TensorToolbox.core.TensorTrainVec: MaxRank truncation. Cores 17-18. Required accuracy delta=3.513166e-07, accuracy met: 1.199714e+02
2025-09-22 05:37:31 WARNING:TensorToolbox.core.TensorTrainVec: MaxRank truncation. Cores 18-19. Required accuracy delta=3.513166e-07, accuracy met: 8.685088e+01
2025-09-22 05:37:31 WARNING:TensorToolbox.core.TensorTrainVec: MaxRank truncation. Cores 19-20. Required accuracy delta=3.513166e-07, accuracy met: 6.337359e+01
2025-09-22 05:37:31 WARNING:TensorToolbox.core.TensorTrainVec: MaxRank truncation. Cores 20-21. Required accuracy delta=3.513166e-07, accuracy met: 4.655891e+01
2025-09-22 05:37:31 WARNING:TensorToolbox.core.TensorTrainVec: MaxRank truncation. Cores 21-22. Required accuracy delta=3.513166e-07, accuracy met: 3.414267e+01
2025-09-22 05:37:31 WARNING:TensorToolbox.core.TensorTrainVec: MaxRank truncation. Cores 22-23. Required accuracy delta=3.513166e-07, accuracy met: 2.412207e+01
2025-09-22 05:37:31 WARNING:TensorToolbox.core.TensorTrainVec: MaxRank truncation. Cores 23-24. Required accuracy delta=3.513166e-07, accuracy met: 1.483977e+01
tt_from_dense wtime: 400.3742786139919
random wtime: 6.409029586997349
2025-09-22 05:43:00 WARNING:TensorToolbox.core.TensorTrainVec: MaxRank truncation. Cores 5-6. Required accuracy delta=3.513124e-07, accuracy met: 6.023534e+03
2025-09-22 05:43:47 WARNING:TensorToolbox.core.TensorTrainVec: MaxRank truncation. Cores 6-7. Required accuracy delta=3.513124e-07, accuracy met: 5.151253e+03
2025-09-22 05:44:07 WARNING:TensorToolbox.core.TensorTrainVec: MaxRank truncation. Cores 7-8. Required accuracy delta=3.513124e-07, accuracy met: 3.645215e+03
2025-09-22 05:44:17 WARNING:TensorToolbox.core.TensorTrainVec: MaxRank truncation. Cores 8-9. Required accuracy delta=3.513124e-07, accuracy met: 2.580228e+03
2025-09-22 05:44:22 WARNING:TensorToolbox.core.TensorTrainVec: MaxRank truncation. Cores 9-10. Required accuracy delta=3.513124e-07, accuracy met: 1.826799e+03
2025-09-22 05:44:25 WARNING:TensorToolbox.core.TensorTrainVec: MaxRank truncation. Cores 10-11. Required accuracy delta=3.513124e-07, accuracy met: 1.294152e+03
2025-09-22 05:44:26 WARNING:TensorToolbox.core.TensorTrainVec: MaxRank truncation. Cores 11-12. Required accuracy delta=3.513124e-07, accuracy met: 9.176093e+02
2025-09-22 05:44:27 WARNING:TensorToolbox.core.TensorTrainVec: MaxRank truncation. Cores 12-13. Required accuracy delta=3.513124e-07, accuracy met: 6.513253e+02
2025-09-22 05:44:28 WARNING:TensorToolbox.core.TensorTrainVec: MaxRank truncation. Cores 13-14. Required accuracy delta=3.513124e-07, accuracy met: 4.631040e+02
2025-09-22 05:44:28 WARNING:TensorToolbox.core.TensorTrainVec: MaxRank truncation. Cores 14-15. Required accuracy delta=3.513124e-07, accuracy met: 3.296769e+02
2025-09-22 05:44:28 WARNING:TensorToolbox.core.TensorTrainVec: MaxRank truncation. Cores 15-16. Required accuracy delta=3.513124e-07, accuracy met: 2.356667e+02
2025-09-22 05:44:28 WARNING:TensorToolbox.core.TensorTrainVec: MaxRank truncation. Cores 16-17. Required accuracy delta=3.513124e-07, accuracy met: 1.686348e+02
2025-09-22 05:44:28 WARNING:TensorToolbox.core.TensorTrainVec: MaxRank truncation. Cores 17-18. Required accuracy delta=3.513124e-07, accuracy met: 1.216926e+02
2025-09-22 05:44:28 WARNING:TensorToolbox.core.TensorTrainVec: MaxRank truncation. Cores 18-19. Required accuracy delta=3.513124e-07, accuracy met: 8.814580e+01
2025-09-22 05:44:28 WARNING:TensorToolbox.core.TensorTrainVec: MaxRank truncation. Cores 19-20. Required accuracy delta=3.513124e-07, accuracy met: 6.417286e+01
2025-09-22 05:44:28 WARNING:TensorToolbox.core.TensorTrainVec: MaxRank truncation. Cores 20-21. Required accuracy delta=3.513124e-07, accuracy met: 4.719054e+01
2025-09-22 05:44:28 WARNING:TensorToolbox.core.TensorTrainVec: MaxRank truncation. Cores 21-22. Required accuracy delta=3.513124e-07, accuracy met: 3.488207e+01
2025-09-22 05:44:28 WARNING:TensorToolbox.core.TensorTrainVec: MaxRank truncation. Cores 22-23. Required accuracy delta=3.513124e-07, accuracy met: 2.429700e+01
2025-09-22 05:44:28 WARNING:TensorToolbox.core.TensorTrainVec: MaxRank truncation. Cores 23-24. Required accuracy delta=3.513124e-07, accuracy met: 1.461606e+01
tt_from_dense wtime: 407.6241391830117
2025-09-22 05:49:46 WARNING:TensorToolbox.core.TensorTrainVec: MaxRank truncation. Cores 5-6. Required accuracy delta=3.513124e-07, accuracy met: 6.023534e+03
2025-09-22 05:50:34 WARNING:TensorToolbox.core.TensorTrainVec: MaxRank truncation. Cores 6-7. Required accuracy delta=3.513124e-07, accuracy met: 5.151253e+03
2025-09-22 05:50:53 WARNING:TensorToolbox.core.TensorTrainVec: MaxRank truncation. Cores 7-8. Required accuracy delta=3.513124e-07, accuracy met: 3.645215e+03
2025-09-22 05:51:03 WARNING:TensorToolbox.core.TensorTrainVec: MaxRank truncation. Cores 8-9. Required accuracy delta=3.513124e-07, accuracy met: 2.580228e+03
2025-09-22 05:51:08 WARNING:TensorToolbox.core.TensorTrainVec: MaxRank truncation. Cores 9-10. Required accuracy delta=3.513124e-07, accuracy met: 1.826799e+03
2025-09-22 05:51:11 WARNING:TensorToolbox.core.TensorTrainVec: MaxRank truncation. Cores 10-11. Required accuracy delta=3.513124e-07, accuracy met: 1.294152e+03
2025-09-22 05:51:12 WARNING:TensorToolbox.core.TensorTrainVec: MaxRank truncation. Cores 11-12. Required accuracy delta=3.513124e-07, accuracy met: 9.176093e+02
2025-09-22 05:51:13 WARNING:TensorToolbox.core.TensorTrainVec: MaxRank truncation. Cores 12-13. Required accuracy delta=3.513124e-07, accuracy met: 6.513253e+02
2025-09-22 05:51:14 WARNING:TensorToolbox.core.TensorTrainVec: MaxRank truncation. Cores 13-14. Required accuracy delta=3.513124e-07, accuracy met: 4.631040e+02
2025-09-22 05:51:14 WARNING:TensorToolbox.core.TensorTrainVec: MaxRank truncation. Cores 14-15. Required accuracy delta=3.513124e-07, accuracy met: 3.296769e+02
2025-09-22 05:51:14 WARNING:TensorToolbox.core.TensorTrainVec: MaxRank truncation. Cores 15-16. Required accuracy delta=3.513124e-07, accuracy met: 2.356667e+02
2025-09-22 05:51:14 WARNING:TensorToolbox.core.TensorTrainVec: MaxRank truncation. Cores 16-17. Required accuracy delta=3.513124e-07, accuracy met: 1.686348e+02
2025-09-22 05:51:14 WARNING:TensorToolbox.core.TensorTrainVec: MaxRank truncation. Cores 17-18. Required accuracy delta=3.513124e-07, accuracy met: 1.216926e+02
2025-09-22 05:51:14 WARNING:TensorToolbox.core.TensorTrainVec: MaxRank truncation. Cores 18-19. Required accuracy delta=3.513124e-07, accuracy met: 8.814580e+01
2025-09-22 05:51:14 WARNING:TensorToolbox.core.TensorTrainVec: MaxRank truncation. Cores 19-20. Required accuracy delta=3.513124e-07, accuracy met: 6.417286e+01
2025-09-22 05:51:14 WARNING:TensorToolbox.core.TensorTrainVec: MaxRank truncation. Cores 20-21. Required accuracy delta=3.513124e-07, accuracy met: 4.719054e+01
2025-09-22 05:51:14 WARNING:TensorToolbox.core.TensorTrainVec: MaxRank truncation. Cores 21-22. Required accuracy delta=3.513124e-07, accuracy met: 3.488207e+01
2025-09-22 05:51:14 WARNING:TensorToolbox.core.TensorTrainVec: MaxRank truncation. Cores 22-23. Required accuracy delta=3.513124e-07, accuracy met: 2.429700e+01
2025-09-22 05:51:14 WARNING:TensorToolbox.core.TensorTrainVec: MaxRank truncation. Cores 23-24. Required accuracy delta=3.513124e-07, accuracy met: 1.461606e+01
tt_from_dense wtime: 406.0403342600039
random wtime: 6.402276654000161
2025-09-22 05:56:37 WARNING:TensorToolbox.core.TensorTrainVec: MaxRank truncation. Cores 5-6. Required accuracy delta=3.513216e-07, accuracy met: 5.906222e+03
2025-09-22 05:57:26 WARNING:TensorToolbox.core.TensorTrainVec: MaxRank truncation. Cores 6-7. Required accuracy delta=3.513216e-07, accuracy met: 5.218611e+03
2025-09-22 05:57:46 WARNING:TensorToolbox.core.TensorTrainVec: MaxRank truncation. Cores 7-8. Required accuracy delta=3.513216e-07, accuracy met: 3.692768e+03
2025-09-22 05:57:56 WARNING:TensorToolbox.core.TensorTrainVec: MaxRank truncation. Cores 8-9. Required accuracy delta=3.513216e-07, accuracy met: 2.613755e+03
2025-09-22 05:58:02 WARNING:TensorToolbox.core.TensorTrainVec: MaxRank truncation. Cores 9-10. Required accuracy delta=3.513216e-07, accuracy met: 1.850751e+03
2025-09-22 05:58:04 WARNING:TensorToolbox.core.TensorTrainVec: MaxRank truncation. Cores 10-11. Required accuracy delta=3.513216e-07, accuracy met: 1.311146e+03
2025-09-22 05:58:06 WARNING:TensorToolbox.core.TensorTrainVec: MaxRank truncation. Cores 11-12. Required accuracy delta=3.513216e-07, accuracy met: 9.295989e+02
2025-09-22 05:58:07 WARNING:TensorToolbox.core.TensorTrainVec: MaxRank truncation. Cores 12-13. Required accuracy delta=3.513216e-07, accuracy met: 6.598303e+02
2025-09-22 05:58:07 WARNING:TensorToolbox.core.TensorTrainVec: MaxRank truncation. Cores 13-14. Required accuracy delta=3.513216e-07, accuracy met: 4.692079e+02
2025-09-22 05:58:07 WARNING:TensorToolbox.core.TensorTrainVec: MaxRank truncation. Cores 14-15. Required accuracy delta=3.513216e-07, accuracy met: 3.342085e+02
2025-09-22 05:58:07 WARNING:TensorToolbox.core.TensorTrainVec: MaxRank truncation. Cores 15-16. Required accuracy delta=3.513216e-07, accuracy met: 2.386446e+02
2025-09-22 05:58:07 WARNING:TensorToolbox.core.TensorTrainVec: MaxRank truncation. Cores 16-17. Required accuracy delta=3.513216e-07, accuracy met: 1.712195e+02
2025-09-22 05:58:07 WARNING:TensorToolbox.core.TensorTrainVec: MaxRank truncation. Cores 17-18. Required accuracy delta=3.513216e-07, accuracy met: 1.235557e+02
2025-09-22 05:58:07 WARNING:TensorToolbox.core.TensorTrainVec: MaxRank truncation. Cores 18-19. Required accuracy delta=3.513216e-07, accuracy met: 8.940695e+01
2025-09-22 05:58:07 WARNING:TensorToolbox.core.TensorTrainVec: MaxRank truncation. Cores 19-20. Required accuracy delta=3.513216e-07, accuracy met: 6.537264e+01
2025-09-22 05:58:07 WARNING:TensorToolbox.core.TensorTrainVec: MaxRank truncation. Cores 20-21. Required accuracy delta=3.513216e-07, accuracy met: 4.789676e+01
2025-09-22 05:58:07 WARNING:TensorToolbox.core.TensorTrainVec: MaxRank truncation. Cores 21-22. Required accuracy delta=3.513216e-07, accuracy met: 3.495926e+01
2025-09-22 05:58:07 WARNING:TensorToolbox.core.TensorTrainVec: MaxRank truncation. Cores 22-23. Required accuracy delta=3.513216e-07, accuracy met: 2.463390e+01
2025-09-22 05:58:07 WARNING:TensorToolbox.core.TensorTrainVec: MaxRank truncation. Cores 23-24. Required accuracy delta=3.513216e-07, accuracy met: 1.467050e+01
tt_from_dense wtime: 404.622336586006
2025-09-22 06:03:22 WARNING:TensorToolbox.core.TensorTrainVec: MaxRank truncation. Cores 5-6. Required accuracy delta=3.513216e-07, accuracy met: 5.906222e+03
2025-09-22 06:04:12 WARNING:TensorToolbox.core.TensorTrainVec: MaxRank truncation. Cores 6-7. Required accuracy delta=3.513216e-07, accuracy met: 5.218611e+03
2025-09-22 06:04:33 WARNING:TensorToolbox.core.TensorTrainVec: MaxRank truncation. Cores 7-8. Required accuracy delta=3.513216e-07, accuracy met: 3.692768e+03
2025-09-22 06:04:43 WARNING:TensorToolbox.core.TensorTrainVec: MaxRank truncation. Cores 8-9. Required accuracy delta=3.513216e-07, accuracy met: 2.613755e+03
2025-09-22 06:04:48 WARNING:TensorToolbox.core.TensorTrainVec: MaxRank truncation. Cores 9-10. Required accuracy delta=3.513216e-07, accuracy met: 1.850751e+03
2025-09-22 06:04:51 WARNING:TensorToolbox.core.TensorTrainVec: MaxRank truncation. Cores 10-11. Required accuracy delta=3.513216e-07, accuracy met: 1.311146e+03
2025-09-22 06:04:52 WARNING:TensorToolbox.core.TensorTrainVec: MaxRank truncation. Cores 11-12. Required accuracy delta=3.513216e-07, accuracy met: 9.295989e+02
2025-09-22 06:04:53 WARNING:TensorToolbox.core.TensorTrainVec: MaxRank truncation. Cores 12-13. Required accuracy delta=3.513216e-07, accuracy met: 6.598303e+02
2025-09-22 06:04:54 WARNING:TensorToolbox.core.TensorTrainVec: MaxRank truncation. Cores 13-14. Required accuracy delta=3.513216e-07, accuracy met: 4.692079e+02
2025-09-22 06:04:54 WARNING:TensorToolbox.core.TensorTrainVec: MaxRank truncation. Cores 14-15. Required accuracy delta=3.513216e-07, accuracy met: 3.342085e+02
2025-09-22 06:04:54 WARNING:TensorToolbox.core.TensorTrainVec: MaxRank truncation. Cores 15-16. Required accuracy delta=3.513216e-07, accuracy met: 2.386446e+02
2025-09-22 06:04:54 WARNING:TensorToolbox.core.TensorTrainVec: MaxRank truncation. Cores 16-17. Required accuracy delta=3.513216e-07, accuracy met: 1.712195e+02
2025-09-22 06:04:54 WARNING:TensorToolbox.core.TensorTrainVec: MaxRank truncation. Cores 17-18. Required accuracy delta=3.513216e-07, accuracy met: 1.235557e+02
2025-09-22 06:04:54 WARNING:TensorToolbox.core.TensorTrainVec: MaxRank truncation. Cores 18-19. Required accuracy delta=3.513216e-07, accuracy met: 8.940695e+01
2025-09-22 06:04:54 WARNING:TensorToolbox.core.TensorTrainVec: MaxRank truncation. Cores 19-20. Required accuracy delta=3.513216e-07, accuracy met: 6.537264e+01
2025-09-22 06:04:54 WARNING:TensorToolbox.core.TensorTrainVec: MaxRank truncation. Cores 20-21. Required accuracy delta=3.513216e-07, accuracy met: 4.789676e+01
2025-09-22 06:04:54 WARNING:TensorToolbox.core.TensorTrainVec: MaxRank truncation. Cores 21-22. Required accuracy delta=3.513216e-07, accuracy met: 3.495926e+01
2025-09-22 06:04:54 WARNING:TensorToolbox.core.TensorTrainVec: MaxRank truncation. Cores 22-23. Required accuracy delta=3.513216e-07, accuracy met: 2.463390e+01
2025-09-22 06:04:54 WARNING:TensorToolbox.core.TensorTrainVec: MaxRank truncation. Cores 23-24. Required accuracy delta=3.513216e-07, accuracy met: 1.467050e+01
tt_from_dense wtime: 406.69789783799206
random wtime: 6.41184235199762
2025-09-22 06:10:21 WARNING:TensorToolbox.core.TensorTrainVec: MaxRank truncation. Cores 5-6. Required accuracy delta=3.513069e-07, accuracy met: 5.786630e+03
2025-09-22 06:11:14 WARNING:TensorToolbox.core.TensorTrainVec: MaxRank truncation. Cores 6-7. Required accuracy delta=3.513069e-07, accuracy met: 5.284636e+03
2025-09-22 06:11:37 WARNING:TensorToolbox.core.TensorTrainVec: MaxRank truncation. Cores 7-8. Required accuracy delta=3.513069e-07, accuracy met: 3.739726e+03
2025-09-22 06:11:48 WARNING:TensorToolbox.core.TensorTrainVec: MaxRank truncation. Cores 8-9. Required accuracy delta=3.513069e-07, accuracy met: 2.646782e+03
2025-09-22 06:11:54 WARNING:TensorToolbox.core.TensorTrainVec: MaxRank truncation. Cores 9-10. Required accuracy delta=3.513069e-07, accuracy met: 1.874111e+03
2025-09-22 06:11:57 WARNING:TensorToolbox.core.TensorTrainVec: MaxRank truncation. Cores 10-11. Required accuracy delta=3.513069e-07, accuracy met: 1.328001e+03
2025-09-22 06:11:59 WARNING:TensorToolbox.core.TensorTrainVec: MaxRank truncation. Cores 11-12. Required accuracy delta=3.513069e-07, accuracy met: 9.414764e+02
2025-09-22 06:12:00 WARNING:TensorToolbox.core.TensorTrainVec: MaxRank truncation. Cores 12-13. Required accuracy delta=3.513069e-07, accuracy met: 6.683361e+02
2025-09-22 06:12:01 WARNING:TensorToolbox.core.TensorTrainVec: MaxRank truncation. Cores 13-14. Required accuracy delta=3.513069e-07, accuracy met: 4.750248e+02
2025-09-22 06:12:01 WARNING:TensorToolbox.core.TensorTrainVec: MaxRank truncation. Cores 14-15. Required accuracy delta=3.513069e-07, accuracy met: 3.386140e+02
2025-09-22 06:12:01 WARNING:TensorToolbox.core.TensorTrainVec: MaxRank truncation. Cores 15-16. Required accuracy delta=3.513069e-07, accuracy met: 2.416830e+02
2025-09-22 06:12:01 WARNING:TensorToolbox.core.TensorTrainVec: MaxRank truncation. Cores 16-17. Required accuracy delta=3.513069e-07, accuracy met: 1.734361e+02
2025-09-22 06:12:01 WARNING:TensorToolbox.core.TensorTrainVec: MaxRank truncation. Cores 17-18. Required accuracy delta=3.513069e-07, accuracy met: 1.248927e+02
2025-09-22 06:12:01 WARNING:TensorToolbox.core.TensorTrainVec: MaxRank truncation. Cores 18-19. Required accuracy delta=3.513069e-07, accuracy met: 9.078091e+01
2025-09-22 06:12:01 WARNING:TensorToolbox.core.TensorTrainVec: MaxRank truncation. Cores 19-20. Required accuracy delta=3.513069e-07, accuracy met: 6.647623e+01
2025-09-22 06:12:01 WARNING:TensorToolbox.core.TensorTrainVec: MaxRank truncation. Cores 20-21. Required accuracy delta=3.513069e-07, accuracy met: 4.851370e+01
2025-09-22 06:12:01 WARNING:TensorToolbox.core.TensorTrainVec: MaxRank truncation. Cores 21-22. Required accuracy delta=3.513069e-07, accuracy met: 3.567705e+01
2025-09-22 06:12:01 WARNING:TensorToolbox.core.TensorTrainVec: MaxRank truncation. Cores 22-23. Required accuracy delta=3.513069e-07, accuracy met: 2.511405e+01
2025-09-22 06:12:01 WARNING:TensorToolbox.core.TensorTrainVec: MaxRank truncation. Cores 23-24. Required accuracy delta=3.513069e-07, accuracy met: 1.485819e+01
tt_from_dense wtime: 418.04753912900924
2025-09-22 06:17:19 WARNING:TensorToolbox.core.TensorTrainVec: MaxRank truncation. Cores 5-6. Required accuracy delta=3.513069e-07, accuracy met: 5.786630e+03
2025-09-22 06:18:11 WARNING:TensorToolbox.core.TensorTrainVec: MaxRank truncation. Cores 6-7. Required accuracy delta=3.513069e-07, accuracy met: 5.284636e+03
2025-09-22 06:18:34 WARNING:TensorToolbox.core.TensorTrainVec: MaxRank truncation. Cores 7-8. Required accuracy delta=3.513069e-07, accuracy met: 3.739726e+03
2025-09-22 06:18:45 WARNING:TensorToolbox.core.TensorTrainVec: MaxRank truncation. Cores 8-9. Required accuracy delta=3.513069e-07, accuracy met: 2.646782e+03
2025-09-22 06:18:51 WARNING:TensorToolbox.core.TensorTrainVec: MaxRank truncation. Cores 9-10. Required accuracy delta=3.513069e-07, accuracy met: 1.874111e+03
2025-09-22 06:18:54 WARNING:TensorToolbox.core.TensorTrainVec: MaxRank truncation. Cores 10-11. Required accuracy delta=3.513069e-07, accuracy met: 1.328001e+03
2025-09-22 06:18:56 WARNING:TensorToolbox.core.TensorTrainVec: MaxRank truncation. Cores 11-12. Required accuracy delta=3.513069e-07, accuracy met: 9.414764e+02
2025-09-22 06:18:57 WARNING:TensorToolbox.core.TensorTrainVec: MaxRank truncation. Cores 12-13. Required accuracy delta=3.513069e-07, accuracy met: 6.683361e+02
2025-09-22 06:18:57 WARNING:TensorToolbox.core.TensorTrainVec: MaxRank truncation. Cores 13-14. Required accuracy delta=3.513069e-07, accuracy met: 4.750248e+02
2025-09-22 06:18:58 WARNING:TensorToolbox.core.TensorTrainVec: MaxRank truncation. Cores 14-15. Required accuracy delta=3.513069e-07, accuracy met: 3.386140e+02
2025-09-22 06:18:58 WARNING:TensorToolbox.core.TensorTrainVec: MaxRank truncation. Cores 15-16. Required accuracy delta=3.513069e-07, accuracy met: 2.416830e+02
2025-09-22 06:18:58 WARNING:TensorToolbox.core.TensorTrainVec: MaxRank truncation. Cores 16-17. Required accuracy delta=3.513069e-07, accuracy met: 1.734361e+02
2025-09-22 06:18:58 WARNING:TensorToolbox.core.TensorTrainVec: MaxRank truncation. Cores 17-18. Required accuracy delta=3.513069e-07, accuracy met: 1.248927e+02
2025-09-22 06:18:58 WARNING:TensorToolbox.core.TensorTrainVec: MaxRank truncation. Cores 18-19. Required accuracy delta=3.513069e-07, accuracy met: 9.078091e+01
2025-09-22 06:18:58 WARNING:TensorToolbox.core.TensorTrainVec: MaxRank truncation. Cores 19-20. Required accuracy delta=3.513069e-07, accuracy met: 6.647623e+01
2025-09-22 06:18:58 WARNING:TensorToolbox.core.TensorTrainVec: MaxRank truncation. Cores 20-21. Required accuracy delta=3.513069e-07, accuracy met: 4.851370e+01
2025-09-22 06:18:58 WARNING:TensorToolbox.core.TensorTrainVec: MaxRank truncation. Cores 21-22. Required accuracy delta=3.513069e-07, accuracy met: 3.567705e+01
2025-09-22 06:18:58 WARNING:TensorToolbox.core.TensorTrainVec: MaxRank truncation. Cores 22-23. Required accuracy delta=3.513069e-07, accuracy met: 2.511405e+01
2025-09-22 06:18:58 WARNING:TensorToolbox.core.TensorTrainVec: MaxRank truncation. Cores 23-24. Required accuracy delta=3.513069e-07, accuracy met: 1.485819e+01
tt_from_dense wtime: 416.8733908840077
random wtime: 6.414180451989523
2025-09-22 06:24:22 WARNING:TensorToolbox.core.TensorTrainVec: MaxRank truncation. Cores 5-6. Required accuracy delta=3.512986e-07, accuracy met: 5.665016e+03
2025-09-22 06:25:16 WARNING:TensorToolbox.core.TensorTrainVec: MaxRank truncation. Cores 6-7. Required accuracy delta=3.512986e-07, accuracy met: 5.350217e+03
2025-09-22 06:25:38 WARNING:TensorToolbox.core.TensorTrainVec: MaxRank truncation. Cores 7-8. Required accuracy delta=3.512986e-07, accuracy met: 3.785987e+03
2025-09-22 06:25:50 WARNING:TensorToolbox.core.TensorTrainVec: MaxRank truncation. Cores 8-9. Required accuracy delta=3.512986e-07, accuracy met: 2.679534e+03
2025-09-22 06:25:55 WARNING:TensorToolbox.core.TensorTrainVec: MaxRank truncation. Cores 9-10. Required accuracy delta=3.512986e-07, accuracy met: 1.897583e+03
2025-09-22 06:25:58 WARNING:TensorToolbox.core.TensorTrainVec: MaxRank truncation. Cores 10-11. Required accuracy delta=3.512986e-07, accuracy met: 1.344597e+03
2025-09-22 06:26:00 WARNING:TensorToolbox.core.TensorTrainVec: MaxRank truncation. Cores 11-12. Required accuracy delta=3.512986e-07, accuracy met: 9.531979e+02
2025-09-22 06:26:01 WARNING:TensorToolbox.core.TensorTrainVec: MaxRank truncation. Cores 12-13. Required accuracy delta=3.512986e-07, accuracy met: 6.767182e+02
2025-09-22 06:26:01 WARNING:TensorToolbox.core.TensorTrainVec: MaxRank truncation. Cores 13-14. Required accuracy delta=3.512986e-07, accuracy met: 4.812232e+02
2025-09-22 06:26:02 WARNING:TensorToolbox.core.TensorTrainVec: MaxRank truncation. Cores 14-15. Required accuracy delta=3.512986e-07, accuracy met: 3.427072e+02
2025-09-22 06:26:02 WARNING:TensorToolbox.core.TensorTrainVec: MaxRank truncation. Cores 15-16. Required accuracy delta=3.512986e-07, accuracy met: 2.450529e+02
2025-09-22 06:26:02 WARNING:TensorToolbox.core.TensorTrainVec: MaxRank truncation. Cores 16-17. Required accuracy delta=3.512986e-07, accuracy met: 1.758018e+02
2025-09-22 06:26:02 WARNING:TensorToolbox.core.TensorTrainVec: MaxRank truncation. Cores 17-18. Required accuracy delta=3.512986e-07, accuracy met: 1.268474e+02
2025-09-22 06:26:02 WARNING:TensorToolbox.core.TensorTrainVec: MaxRank truncation. Cores 18-19. Required accuracy delta=3.512986e-07, accuracy met: 9.199285e+01
2025-09-22 06:26:02 WARNING:TensorToolbox.core.TensorTrainVec: MaxRank truncation. Cores 19-20. Required accuracy delta=3.512986e-07, accuracy met: 6.710003e+01
2025-09-22 06:26:02 WARNING:TensorToolbox.core.TensorTrainVec: MaxRank truncation. Cores 20-21. Required accuracy delta=3.512986e-07, accuracy met: 4.921531e+01
2025-09-22 06:26:02 WARNING:TensorToolbox.core.TensorTrainVec: MaxRank truncation. Cores 21-22. Required accuracy delta=3.512986e-07, accuracy met: 3.598536e+01
2025-09-22 06:26:02 WARNING:TensorToolbox.core.TensorTrainVec: MaxRank truncation. Cores 22-23. Required accuracy delta=3.512986e-07, accuracy met: 2.536742e+01
2025-09-22 06:26:02 WARNING:TensorToolbox.core.TensorTrainVec: MaxRank truncation. Cores 23-24. Required accuracy delta=3.512986e-07, accuracy met: 1.472536e+01
tt_from_dense wtime: 415.11415564200433
2025-09-22 06:31:15 WARNING:TensorToolbox.core.TensorTrainVec: MaxRank truncation. Cores 5-6. Required accuracy delta=3.512986e-07, accuracy met: 5.665016e+03
2025-09-22 06:32:08 WARNING:TensorToolbox.core.TensorTrainVec: MaxRank truncation. Cores 6-7. Required accuracy delta=3.512986e-07, accuracy met: 5.350217e+03
2025-09-22 06:32:31 WARNING:TensorToolbox.core.TensorTrainVec: MaxRank truncation. Cores 7-8. Required accuracy delta=3.512986e-07, accuracy met: 3.785987e+03
2025-09-22 06:32:43 WARNING:TensorToolbox.core.TensorTrainVec: MaxRank truncation. Cores 8-9. Required accuracy delta=3.512986e-07, accuracy met: 2.679534e+03
2025-09-22 06:32:49 WARNING:TensorToolbox.core.TensorTrainVec: MaxRank truncation. Cores 9-10. Required accuracy delta=3.512986e-07, accuracy met: 1.897583e+03
2025-09-22 06:32:52 WARNING:TensorToolbox.core.TensorTrainVec: MaxRank truncation. Cores 10-11. Required accuracy delta=3.512986e-07, accuracy met: 1.344597e+03
2025-09-22 06:32:53 WARNING:TensorToolbox.core.TensorTrainVec: MaxRank truncation. Cores 11-12. Required accuracy delta=3.512986e-07, accuracy met: 9.531979e+02
2025-09-22 06:32:54 WARNING:TensorToolbox.core.TensorTrainVec: MaxRank truncation. Cores 12-13. Required accuracy delta=3.512986e-07, accuracy met: 6.767182e+02
2025-09-22 06:32:55 WARNING:TensorToolbox.core.TensorTrainVec: MaxRank truncation. Cores 13-14. Required accuracy delta=3.512986e-07, accuracy met: 4.812232e+02
2025-09-22 06:32:55 WARNING:TensorToolbox.core.TensorTrainVec: MaxRank truncation. Cores 14-15. Required accuracy delta=3.512986e-07, accuracy met: 3.427072e+02
2025-09-22 06:32:55 WARNING:TensorToolbox.core.TensorTrainVec: MaxRank truncation. Cores 15-16. Required accuracy delta=3.512986e-07, accuracy met: 2.450529e+02
2025-09-22 06:32:55 WARNING:TensorToolbox.core.TensorTrainVec: MaxRank truncation. Cores 16-17. Required accuracy delta=3.512986e-07, accuracy met: 1.758018e+02
2025-09-22 06:32:55 WARNING:TensorToolbox.core.TensorTrainVec: MaxRank truncation. Cores 17-18. Required accuracy delta=3.512986e-07, accuracy met: 1.268474e+02
2025-09-22 06:32:55 WARNING:TensorToolbox.core.TensorTrainVec: MaxRank truncation. Cores 18-19. Required accuracy delta=3.512986e-07, accuracy met: 9.199285e+01
2025-09-22 06:32:55 WARNING:TensorToolbox.core.TensorTrainVec: MaxRank truncation. Cores 19-20. Required accuracy delta=3.512986e-07, accuracy met: 6.710003e+01
2025-09-22 06:32:55 WARNING:TensorToolbox.core.TensorTrainVec: MaxRank truncation. Cores 20-21. Required accuracy delta=3.512986e-07, accuracy met: 4.921531e+01
2025-09-22 06:32:55 WARNING:TensorToolbox.core.TensorTrainVec: MaxRank truncation. Cores 21-22. Required accuracy delta=3.512986e-07, accuracy met: 3.598536e+01
2025-09-22 06:32:55 WARNING:TensorToolbox.core.TensorTrainVec: MaxRank truncation. Cores 22-23. Required accuracy delta=3.512986e-07, accuracy met: 2.536742e+01
2025-09-22 06:32:55 WARNING:TensorToolbox.core.TensorTrainVec: MaxRank truncation. Cores 23-24. Required accuracy delta=3.512986e-07, accuracy met: 1.472536e+01
tt_from_dense wtime: 413.23575983000046
random wtime: 6.4034829159936635
2025-09-22 06:38:19 WARNING:TensorToolbox.core.TensorTrainVec: MaxRank truncation. Cores 5-6. Required accuracy delta=3.513053e-07, accuracy met: 5.540201e+03
2025-09-22 06:39:16 WARNING:TensorToolbox.core.TensorTrainVec: MaxRank truncation. Cores 6-7. Required accuracy delta=3.513053e-07, accuracy met: 5.414502e+03
2025-09-22 06:39:40 WARNING:TensorToolbox.core.TensorTrainVec: MaxRank truncation. Cores 7-8. Required accuracy delta=3.513053e-07, accuracy met: 3.831682e+03
2025-09-22 06:39:52 WARNING:TensorToolbox.core.TensorTrainVec: MaxRank truncation. Cores 8-9. Required accuracy delta=3.513053e-07, accuracy met: 2.712274e+03
2025-09-22 06:39:58 WARNING:TensorToolbox.core.TensorTrainVec: MaxRank truncation. Cores 9-10. Required accuracy delta=3.513053e-07, accuracy met: 1.920502e+03
2025-09-22 06:40:01 WARNING:TensorToolbox.core.TensorTrainVec: MaxRank truncation. Cores 10-11. Required accuracy delta=3.513053e-07, accuracy met: 1.360635e+03
2025-09-22 06:40:03 WARNING:TensorToolbox.core.TensorTrainVec: MaxRank truncation. Cores 11-12. Required accuracy delta=3.513053e-07, accuracy met: 9.648031e+02
2025-09-22 06:40:04 WARNING:TensorToolbox.core.TensorTrainVec: MaxRank truncation. Cores 12-13. Required accuracy delta=3.513053e-07, accuracy met: 6.848707e+02
2025-09-22 06:40:05 WARNING:TensorToolbox.core.TensorTrainVec: MaxRank truncation. Cores 13-14. Required accuracy delta=3.513053e-07, accuracy met: 4.870865e+02
2025-09-22 06:40:05 WARNING:TensorToolbox.core.TensorTrainVec: MaxRank truncation. Cores 14-15. Required accuracy delta=3.513053e-07, accuracy met: 3.467064e+02
2025-09-22 06:40:05 WARNING:TensorToolbox.core.TensorTrainVec: MaxRank truncation. Cores 15-16. Required accuracy delta=3.513053e-07, accuracy met: 2.479026e+02
2025-09-22 06:40:05 WARNING:TensorToolbox.core.TensorTrainVec: MaxRank truncation. Cores 16-17. Required accuracy delta=3.513053e-07, accuracy met: 1.780785e+02
2025-09-22 06:40:05 WARNING:TensorToolbox.core.TensorTrainVec: MaxRank truncation. Cores 17-18. Required accuracy delta=3.513053e-07, accuracy met: 1.284017e+02
2025-09-22 06:40:05 WARNING:TensorToolbox.core.TensorTrainVec: MaxRank truncation. Cores 18-19. Required accuracy delta=3.513053e-07, accuracy met: 9.288815e+01
2025-09-22 06:40:05 WARNING:TensorToolbox.core.TensorTrainVec: MaxRank truncation. Cores 19-20. Required accuracy delta=3.513053e-07, accuracy met: 6.780028e+01
2025-09-22 06:40:05 WARNING:TensorToolbox.core.TensorTrainVec: MaxRank truncation. Cores 20-21. Required accuracy delta=3.513053e-07, accuracy met: 5.007695e+01
2025-09-22 06:40:05 WARNING:TensorToolbox.core.TensorTrainVec: MaxRank truncation. Cores 21-22. Required accuracy delta=3.513053e-07, accuracy met: 3.649146e+01
2025-09-22 06:40:05 WARNING:TensorToolbox.core.TensorTrainVec: MaxRank truncation. Cores 22-23. Required accuracy delta=3.513053e-07, accuracy met: 2.564694e+01
2025-09-22 06:40:05 WARNING:TensorToolbox.core.TensorTrainVec: MaxRank truncation. Cores 23-24. Required accuracy delta=3.513053e-07, accuracy met: 1.433138e+01
tt_from_dense wtime: 421.447098042001
2025-09-22 06:45:19 WARNING:TensorToolbox.core.TensorTrainVec: MaxRank truncation. Cores 5-6. Required accuracy delta=3.513053e-07, accuracy met: 5.540201e+03
2025-09-22 06:46:15 WARNING:TensorToolbox.core.TensorTrainVec: MaxRank truncation. Cores 6-7. Required accuracy delta=3.513053e-07, accuracy met: 5.414502e+03
2025-09-22 06:46:39 WARNING:TensorToolbox.core.TensorTrainVec: MaxRank truncation. Cores 7-8. Required accuracy delta=3.513053e-07, accuracy met: 3.831682e+03
2025-09-22 06:46:51 WARNING:TensorToolbox.core.TensorTrainVec: MaxRank truncation. Cores 8-9. Required accuracy delta=3.513053e-07, accuracy met: 2.712274e+03
2025-09-22 06:46:57 WARNING:TensorToolbox.core.TensorTrainVec: MaxRank truncation. Cores 9-10. Required accuracy delta=3.513053e-07, accuracy met: 1.920502e+03
2025-09-22 06:47:01 WARNING:TensorToolbox.core.TensorTrainVec: MaxRank truncation. Cores 10-11. Required accuracy delta=3.513053e-07, accuracy met: 1.360635e+03
2025-09-22 06:47:02 WARNING:TensorToolbox.core.TensorTrainVec: MaxRank truncation. Cores 11-12. Required accuracy delta=3.513053e-07, accuracy met: 9.648031e+02
2025-09-22 06:47:03 WARNING:TensorToolbox.core.TensorTrainVec: MaxRank truncation. Cores 12-13. Required accuracy delta=3.513053e-07, accuracy met: 6.848707e+02
2025-09-22 06:47:04 WARNING:TensorToolbox.core.TensorTrainVec: MaxRank truncation. Cores 13-14. Required accuracy delta=3.513053e-07, accuracy met: 4.870865e+02
2025-09-22 06:47:04 WARNING:TensorToolbox.core.TensorTrainVec: MaxRank truncation. Cores 14-15. Required accuracy delta=3.513053e-07, accuracy met: 3.467064e+02
2025-09-22 06:47:04 WARNING:TensorToolbox.core.TensorTrainVec: MaxRank truncation. Cores 15-16. Required accuracy delta=3.513053e-07, accuracy met: 2.479026e+02
2025-09-22 06:47:04 WARNING:TensorToolbox.core.TensorTrainVec: MaxRank truncation. Cores 16-17. Required accuracy delta=3.513053e-07, accuracy met: 1.780785e+02
2025-09-22 06:47:04 WARNING:TensorToolbox.core.TensorTrainVec: MaxRank truncation. Cores 17-18. Required accuracy delta=3.513053e-07, accuracy met: 1.284017e+02
2025-09-22 06:47:04 WARNING:TensorToolbox.core.TensorTrainVec: MaxRank truncation. Cores 18-19. Required accuracy delta=3.513053e-07, accuracy met: 9.288815e+01
2025-09-22 06:47:04 WARNING:TensorToolbox.core.TensorTrainVec: MaxRank truncation. Cores 19-20. Required accuracy delta=3.513053e-07, accuracy met: 6.780028e+01
2025-09-22 06:47:04 WARNING:TensorToolbox.core.TensorTrainVec: MaxRank truncation. Cores 20-21. Required accuracy delta=3.513053e-07, accuracy met: 5.007695e+01
2025-09-22 06:47:04 WARNING:TensorToolbox.core.TensorTrainVec: MaxRank truncation. Cores 21-22. Required accuracy delta=3.513053e-07, accuracy met: 3.649146e+01
2025-09-22 06:47:04 WARNING:TensorToolbox.core.TensorTrainVec: MaxRank truncation. Cores 22-23. Required accuracy delta=3.513053e-07, accuracy met: 2.564694e+01
2025-09-22 06:47:04 WARNING:TensorToolbox.core.TensorTrainVec: MaxRank truncation. Cores 23-24. Required accuracy delta=3.513053e-07, accuracy met: 1.433138e+01
tt_from_dense wtime: 418.7538098410005
random wtime: 6.409565786001622
2025-09-22 06:52:33 WARNING:TensorToolbox.core.TensorTrainVec: MaxRank truncation. Cores 5-6. Required accuracy delta=3.513087e-07, accuracy met: 5.412719e+03
2025-09-22 06:53:32 WARNING:TensorToolbox.core.TensorTrainVec: MaxRank truncation. Cores 6-7. Required accuracy delta=3.513087e-07, accuracy met: 5.478352e+03
2025-09-22 06:53:57 WARNING:TensorToolbox.core.TensorTrainVec: MaxRank truncation. Cores 7-8. Required accuracy delta=3.513087e-07, accuracy met: 3.876948e+03
2025-09-22 06:54:10 WARNING:TensorToolbox.core.TensorTrainVec: MaxRank truncation. Cores 8-9. Required accuracy delta=3.513087e-07, accuracy met: 2.744364e+03
2025-09-22 06:54:16 WARNING:TensorToolbox.core.TensorTrainVec: MaxRank truncation. Cores 9-10. Required accuracy delta=3.513087e-07, accuracy met: 1.943306e+03
2025-09-22 06:54:19 WARNING:TensorToolbox.core.TensorTrainVec: MaxRank truncation. Cores 10-11. Required accuracy delta=3.513087e-07, accuracy met: 1.376827e+03
2025-09-22 06:54:21 WARNING:TensorToolbox.core.TensorTrainVec: MaxRank truncation. Cores 11-12. Required accuracy delta=3.513087e-07, accuracy met: 9.764560e+02
2025-09-22 06:54:22 WARNING:TensorToolbox.core.TensorTrainVec: MaxRank truncation. Cores 12-13. Required accuracy delta=3.513087e-07, accuracy met: 6.933834e+02
2025-09-22 06:54:23 WARNING:TensorToolbox.core.TensorTrainVec: MaxRank truncation. Cores 13-14. Required accuracy delta=3.513087e-07, accuracy met: 4.929656e+02
2025-09-22 06:54:23 WARNING:TensorToolbox.core.TensorTrainVec: MaxRank truncation. Cores 14-15. Required accuracy delta=3.513087e-07, accuracy met: 3.511689e+02
2025-09-22 06:54:23 WARNING:TensorToolbox.core.TensorTrainVec: MaxRank truncation. Cores 15-16. Required accuracy delta=3.513087e-07, accuracy met: 2.510406e+02
2025-09-22 06:54:23 WARNING:TensorToolbox.core.TensorTrainVec: MaxRank truncation. Cores 16-17. Required accuracy delta=3.513087e-07, accuracy met: 1.802041e+02
2025-09-22 06:54:23 WARNING:TensorToolbox.core.TensorTrainVec: MaxRank truncation. Cores 17-18. Required accuracy delta=3.513087e-07, accuracy met: 1.300810e+02
2025-09-22 06:54:23 WARNING:TensorToolbox.core.TensorTrainVec: MaxRank truncation. Cores 18-19. Required accuracy delta=3.513087e-07, accuracy met: 9.442765e+01
2025-09-22 06:54:23 WARNING:TensorToolbox.core.TensorTrainVec: MaxRank truncation. Cores 19-20. Required accuracy delta=3.513087e-07, accuracy met: 6.866278e+01
2025-09-22 06:54:23 WARNING:TensorToolbox.core.TensorTrainVec: MaxRank truncation. Cores 20-21. Required accuracy delta=3.513087e-07, accuracy met: 5.076232e+01
2025-09-22 06:54:23 WARNING:TensorToolbox.core.TensorTrainVec: MaxRank truncation. Cores 21-22. Required accuracy delta=3.513087e-07, accuracy met: 3.722207e+01
2025-09-22 06:54:23 WARNING:TensorToolbox.core.TensorTrainVec: MaxRank truncation. Cores 22-23. Required accuracy delta=3.513087e-07, accuracy met: 2.582841e+01
2025-09-22 06:54:23 WARNING:TensorToolbox.core.TensorTrainVec: MaxRank truncation. Cores 23-24. Required accuracy delta=3.513087e-07, accuracy met: 1.375476e+01
tt_from_dense wtime: 430.2472925720067
2025-09-22 06:59:42 WARNING:TensorToolbox.core.TensorTrainVec: MaxRank truncation. Cores 5-6. Required accuracy delta=3.513087e-07, accuracy met: 5.412719e+03
2025-09-22 07:00:41 WARNING:TensorToolbox.core.TensorTrainVec: MaxRank truncation. Cores 6-7. Required accuracy delta=3.513087e-07, accuracy met: 5.478352e+03
2025-09-22 07:01:06 WARNING:TensorToolbox.core.TensorTrainVec: MaxRank truncation. Cores 7-8. Required accuracy delta=3.513087e-07, accuracy met: 3.876948e+03
2025-09-22 07:01:18 WARNING:TensorToolbox.core.TensorTrainVec: MaxRank truncation. Cores 8-9. Required accuracy delta=3.513087e-07, accuracy met: 2.744364e+03
2025-09-22 07:01:25 WARNING:TensorToolbox.core.TensorTrainVec: MaxRank truncation. Cores 9-10. Required accuracy delta=3.513087e-07, accuracy met: 1.943306e+03
2025-09-22 07:01:28 WARNING:TensorToolbox.core.TensorTrainVec: MaxRank truncation. Cores 10-11. Required accuracy delta=3.513087e-07, accuracy met: 1.376827e+03
2025-09-22 07:01:29 WARNING:TensorToolbox.core.TensorTrainVec: MaxRank truncation. Cores 11-12. Required accuracy delta=3.513087e-07, accuracy met: 9.764560e+02
2025-09-22 07:01:30 WARNING:TensorToolbox.core.TensorTrainVec: MaxRank truncation. Cores 12-13. Required accuracy delta=3.513087e-07, accuracy met: 6.933834e+02
2025-09-22 07:01:31 WARNING:TensorToolbox.core.TensorTrainVec: MaxRank truncation. Cores 13-14. Required accuracy delta=3.513087e-07, accuracy met: 4.929656e+02
2025-09-22 07:01:31 WARNING:TensorToolbox.core.TensorTrainVec: MaxRank truncation. Cores 14-15. Required accuracy delta=3.513087e-07, accuracy met: 3.511689e+02
2025-09-22 07:01:31 WARNING:TensorToolbox.core.TensorTrainVec: MaxRank truncation. Cores 15-16. Required accuracy delta=3.513087e-07, accuracy met: 2.510406e+02
2025-09-22 07:01:31 WARNING:TensorToolbox.core.TensorTrainVec: MaxRank truncation. Cores 16-17. Required accuracy delta=3.513087e-07, accuracy met: 1.802041e+02
2025-09-22 07:01:31 WARNING:TensorToolbox.core.TensorTrainVec: MaxRank truncation. Cores 17-18. Required accuracy delta=3.513087e-07, accuracy met: 1.300810e+02
2025-09-22 07:01:31 WARNING:TensorToolbox.core.TensorTrainVec: MaxRank truncation. Cores 18-19. Required accuracy delta=3.513087e-07, accuracy met: 9.442765e+01
2025-09-22 07:01:31 WARNING:TensorToolbox.core.TensorTrainVec: MaxRank truncation. Cores 19-20. Required accuracy delta=3.513087e-07, accuracy met: 6.866278e+01
2025-09-22 07:01:31 WARNING:TensorToolbox.core.TensorTrainVec: MaxRank truncation. Cores 20-21. Required accuracy delta=3.513087e-07, accuracy met: 5.076232e+01
2025-09-22 07:01:31 WARNING:TensorToolbox.core.TensorTrainVec: MaxRank truncation. Cores 21-22. Required accuracy delta=3.513087e-07, accuracy met: 3.722207e+01
2025-09-22 07:01:31 WARNING:TensorToolbox.core.TensorTrainVec: MaxRank truncation. Cores 22-23. Required accuracy delta=3.513087e-07, accuracy met: 2.582841e+01
2025-09-22 07:01:31 WARNING:TensorToolbox.core.TensorTrainVec: MaxRank truncation. Cores 23-24. Required accuracy delta=3.513087e-07, accuracy met: 1.375476e+01
tt_from_dense wtime: 428.2299320549937
random wtime: 6.40129916400474
2025-09-22 07:06:54 WARNING:TensorToolbox.core.TensorTrainVec: MaxRank truncation. Cores 5-6. Required accuracy delta=3.513091e-07, accuracy met: 5.281885e+03
2025-09-22 07:07:55 WARNING:TensorToolbox.core.TensorTrainVec: MaxRank truncation. Cores 6-7. Required accuracy delta=3.513091e-07, accuracy met: 5.541583e+03
2025-09-22 07:08:21 WARNING:TensorToolbox.core.TensorTrainVec: MaxRank truncation. Cores 7-8. Required accuracy delta=3.513091e-07, accuracy met: 3.921746e+03
2025-09-22 07:08:34 WARNING:TensorToolbox.core.TensorTrainVec: MaxRank truncation. Cores 8-9. Required accuracy delta=3.513091e-07, accuracy met: 2.776013e+03
2025-09-22 07:08:41 WARNING:TensorToolbox.core.TensorTrainVec: MaxRank truncation. Cores 9-10. Required accuracy delta=3.513091e-07, accuracy met: 1.965793e+03
2025-09-22 07:08:44 WARNING:TensorToolbox.core.TensorTrainVec: MaxRank truncation. Cores 10-11. Required accuracy delta=3.513091e-07, accuracy met: 1.392825e+03
2025-09-22 07:08:46 WARNING:TensorToolbox.core.TensorTrainVec: MaxRank truncation. Cores 11-12. Required accuracy delta=3.513091e-07, accuracy met: 9.875946e+02
2025-09-22 07:08:48 WARNING:TensorToolbox.core.TensorTrainVec: MaxRank truncation. Cores 12-13. Required accuracy delta=3.513091e-07, accuracy met: 7.011850e+02
2025-09-22 07:08:48 WARNING:TensorToolbox.core.TensorTrainVec: MaxRank truncation. Cores 13-14. Required accuracy delta=3.513091e-07, accuracy met: 4.987736e+02
2025-09-22 07:08:48 WARNING:TensorToolbox.core.TensorTrainVec: MaxRank truncation. Cores 14-15. Required accuracy delta=3.513091e-07, accuracy met: 3.555424e+02
2025-09-22 07:08:49 WARNING:TensorToolbox.core.TensorTrainVec: MaxRank truncation. Cores 15-16. Required accuracy delta=3.513091e-07, accuracy met: 2.540931e+02
2025-09-22 07:08:49 WARNING:TensorToolbox.core.TensorTrainVec: MaxRank truncation. Cores 16-17. Required accuracy delta=3.513091e-07, accuracy met: 1.823981e+02
2025-09-22 07:08:49 WARNING:TensorToolbox.core.TensorTrainVec: MaxRank truncation. Cores 17-18. Required accuracy delta=3.513091e-07, accuracy met: 1.317894e+02
2025-09-22 07:08:49 WARNING:TensorToolbox.core.TensorTrainVec: MaxRank truncation. Cores 18-19. Required accuracy delta=3.513091e-07, accuracy met: 9.578690e+01
2025-09-22 07:08:49 WARNING:TensorToolbox.core.TensorTrainVec: MaxRank truncation. Cores 19-20. Required accuracy delta=3.513091e-07, accuracy met: 6.975172e+01
2025-09-22 07:08:49 WARNING:TensorToolbox.core.TensorTrainVec: MaxRank truncation. Cores 20-21. Required accuracy delta=3.513091e-07, accuracy met: 5.129689e+01
2025-09-22 07:08:49 WARNING:TensorToolbox.core.TensorTrainVec: MaxRank truncation. Cores 21-22. Required accuracy delta=3.513091e-07, accuracy met: 3.745554e+01
2025-09-22 07:08:49 WARNING:TensorToolbox.core.TensorTrainVec: MaxRank truncation. Cores 22-23. Required accuracy delta=3.513091e-07, accuracy met: 2.616613e+01
2025-09-22 07:08:49 WARNING:TensorToolbox.core.TensorTrainVec: MaxRank truncation. Cores 23-24. Required accuracy delta=3.513091e-07, accuracy met: 1.430217e+01
tt_from_dense wtime: 428.7722771800036
2025-09-22 07:14:01 WARNING:TensorToolbox.core.TensorTrainVec: MaxRank truncation. Cores 5-6. Required accuracy delta=3.513091e-07, accuracy met: 5.281885e+03
2025-09-22 07:15:02 WARNING:TensorToolbox.core.TensorTrainVec: MaxRank truncation. Cores 6-7. Required accuracy delta=3.513091e-07, accuracy met: 5.541583e+03
2025-09-22 07:15:28 WARNING:TensorToolbox.core.TensorTrainVec: MaxRank truncation. Cores 7-8. Required accuracy delta=3.513091e-07, accuracy met: 3.921746e+03
2025-09-22 07:15:41 WARNING:TensorToolbox.core.TensorTrainVec: MaxRank truncation. Cores 8-9. Required accuracy delta=3.513091e-07, accuracy met: 2.776013e+03
2025-09-22 07:15:48 WARNING:TensorToolbox.core.TensorTrainVec: MaxRank truncation. Cores 9-10. Required accuracy delta=3.513091e-07, accuracy met: 1.965793e+03
2025-09-22 07:15:52 WARNING:TensorToolbox.core.TensorTrainVec: MaxRank truncation. Cores 10-11. Required accuracy delta=3.513091e-07, accuracy met: 1.392825e+03
2025-09-22 07:15:54 WARNING:TensorToolbox.core.TensorTrainVec: MaxRank truncation. Cores 11-12. Required accuracy delta=3.513091e-07, accuracy met: 9.875946e+02
2025-09-22 07:15:55 WARNING:TensorToolbox.core.TensorTrainVec: MaxRank truncation. Cores 12-13. Required accuracy delta=3.513091e-07, accuracy met: 7.011850e+02
2025-09-22 07:15:55 WARNING:TensorToolbox.core.TensorTrainVec: MaxRank truncation. Cores 13-14. Required accuracy delta=3.513091e-07, accuracy met: 4.987736e+02
2025-09-22 07:15:55 WARNING:TensorToolbox.core.TensorTrainVec: MaxRank truncation. Cores 14-15. Required accuracy delta=3.513091e-07, accuracy met: 3.555424e+02
2025-09-22 07:15:56 WARNING:TensorToolbox.core.TensorTrainVec: MaxRank truncation. Cores 15-16. Required accuracy delta=3.513091e-07, accuracy met: 2.540931e+02
2025-09-22 07:15:56 WARNING:TensorToolbox.core.TensorTrainVec: MaxRank truncation. Cores 16-17. Required accuracy delta=3.513091e-07, accuracy met: 1.823981e+02
2025-09-22 07:15:56 WARNING:TensorToolbox.core.TensorTrainVec: MaxRank truncation. Cores 17-18. Required accuracy delta=3.513091e-07, accuracy met: 1.317894e+02
2025-09-22 07:15:56 WARNING:TensorToolbox.core.TensorTrainVec: MaxRank truncation. Cores 18-19. Required accuracy delta=3.513091e-07, accuracy met: 9.578690e+01
2025-09-22 07:15:56 WARNING:TensorToolbox.core.TensorTrainVec: MaxRank truncation. Cores 19-20. Required accuracy delta=3.513091e-07, accuracy met: 6.975172e+01
2025-09-22 07:15:56 WARNING:TensorToolbox.core.TensorTrainVec: MaxRank truncation. Cores 20-21. Required accuracy delta=3.513091e-07, accuracy met: 5.129689e+01
2025-09-22 07:15:56 WARNING:TensorToolbox.core.TensorTrainVec: MaxRank truncation. Cores 21-22. Required accuracy delta=3.513091e-07, accuracy met: 3.745554e+01
2025-09-22 07:15:56 WARNING:TensorToolbox.core.TensorTrainVec: MaxRank truncation. Cores 22-23. Required accuracy delta=3.513091e-07, accuracy met: 2.616613e+01
2025-09-22 07:15:56 WARNING:TensorToolbox.core.TensorTrainVec: MaxRank truncation. Cores 23-24. Required accuracy delta=3.513091e-07, accuracy met: 1.430217e+01
tt_from_dense wtime: 426.98198669200065
random wtime: 6.432137525000144
2025-09-22 07:21:19 WARNING:TensorToolbox.core.TensorTrainVec: MaxRank truncation. Cores 5-6. Required accuracy delta=3.513100e-07, accuracy met: 5.148135e+03
2025-09-22 07:22:21 WARNING:TensorToolbox.core.TensorTrainVec: MaxRank truncation. Cores 6-7. Required accuracy delta=3.513100e-07, accuracy met: 5.604240e+03
2025-09-22 07:22:48 WARNING:TensorToolbox.core.TensorTrainVec: MaxRank truncation. Cores 7-8. Required accuracy delta=3.513100e-07, accuracy met: 3.965787e+03
2025-09-22 07:23:02 WARNING:TensorToolbox.core.TensorTrainVec: MaxRank truncation. Cores 8-9. Required accuracy delta=3.513100e-07, accuracy met: 2.807166e+03
2025-09-22 07:23:08 WARNING:TensorToolbox.core.TensorTrainVec: MaxRank truncation. Cores 9-10. Required accuracy delta=3.513100e-07, accuracy met: 1.987812e+03
2025-09-22 07:23:12 WARNING:TensorToolbox.core.TensorTrainVec: MaxRank truncation. Cores 10-11. Required accuracy delta=3.513100e-07, accuracy met: 1.408706e+03
2025-09-22 07:23:14 WARNING:TensorToolbox.core.TensorTrainVec: MaxRank truncation. Cores 11-12. Required accuracy delta=3.513100e-07, accuracy met: 9.991042e+02
2025-09-22 07:23:15 WARNING:TensorToolbox.core.TensorTrainVec: MaxRank truncation. Cores 12-13. Required accuracy delta=3.513100e-07, accuracy met: 7.092971e+02
2025-09-22 07:23:15 WARNING:TensorToolbox.core.TensorTrainVec: MaxRank truncation. Cores 13-14. Required accuracy delta=3.513100e-07, accuracy met: 5.044494e+02
2025-09-22 07:23:15 WARNING:TensorToolbox.core.TensorTrainVec: MaxRank truncation. Cores 14-15. Required accuracy delta=3.513100e-07, accuracy met: 3.595816e+02
2025-09-22 07:23:16 WARNING:TensorToolbox.core.TensorTrainVec: MaxRank truncation. Cores 15-16. Required accuracy delta=3.513100e-07, accuracy met: 2.570641e+02
2025-09-22 07:23:16 WARNING:TensorToolbox.core.TensorTrainVec: MaxRank truncation. Cores 16-17. Required accuracy delta=3.513100e-07, accuracy met: 1.847878e+02
2025-09-22 07:23:16 WARNING:TensorToolbox.core.TensorTrainVec: MaxRank truncation. Cores 17-18. Required accuracy delta=3.513100e-07, accuracy met: 1.333067e+02
2025-09-22 07:23:16 WARNING:TensorToolbox.core.TensorTrainVec: MaxRank truncation. Cores 18-19. Required accuracy delta=3.513100e-07, accuracy met: 9.667941e+01
2025-09-22 07:23:16 WARNING:TensorToolbox.core.TensorTrainVec: MaxRank truncation. Cores 19-20. Required accuracy delta=3.513100e-07, accuracy met: 7.057796e+01
2025-09-22 07:23:16 WARNING:TensorToolbox.core.TensorTrainVec: MaxRank truncation. Cores 20-21. Required accuracy delta=3.513100e-07, accuracy met: 5.185306e+01
2025-09-22 07:23:16 WARNING:TensorToolbox.core.TensorTrainVec: MaxRank truncation. Cores 21-22. Required accuracy delta=3.513100e-07, accuracy met: 3.790748e+01
2025-09-22 07:23:16 WARNING:TensorToolbox.core.TensorTrainVec: MaxRank truncation. Cores 22-23. Required accuracy delta=3.513100e-07, accuracy met: 2.676736e+01
2025-09-22 07:23:16 WARNING:TensorToolbox.core.TensorTrainVec: MaxRank truncation. Cores 23-24. Required accuracy delta=3.513100e-07, accuracy met: 1.398773e+01
tt_from_dense wtime: 431.1928988050058
2025-09-22 07:28:30 WARNING:TensorToolbox.core.TensorTrainVec: MaxRank truncation. Cores 5-6. Required accuracy delta=3.513100e-07, accuracy met: 5.148135e+03
2025-09-22 07:29:33 WARNING:TensorToolbox.core.TensorTrainVec: MaxRank truncation. Cores 6-7. Required accuracy delta=3.513100e-07, accuracy met: 5.604240e+03
2025-09-22 07:30:00 WARNING:TensorToolbox.core.TensorTrainVec: MaxRank truncation. Cores 7-8. Required accuracy delta=3.513100e-07, accuracy met: 3.965787e+03
2025-09-22 07:30:14 WARNING:TensorToolbox.core.TensorTrainVec: MaxRank truncation. Cores 8-9. Required accuracy delta=3.513100e-07, accuracy met: 2.807166e+03
2025-09-22 07:30:21 WARNING:TensorToolbox.core.TensorTrainVec: MaxRank truncation. Cores 9-10. Required accuracy delta=3.513100e-07, accuracy met: 1.987812e+03
2025-09-22 07:30:24 WARNING:TensorToolbox.core.TensorTrainVec: MaxRank truncation. Cores 10-11. Required accuracy delta=3.513100e-07, accuracy met: 1.408706e+03
2025-09-22 07:30:26 WARNING:TensorToolbox.core.TensorTrainVec: MaxRank truncation. Cores 11-12. Required accuracy delta=3.513100e-07, accuracy met: 9.991042e+02
2025-09-22 07:30:27 WARNING:TensorToolbox.core.TensorTrainVec: MaxRank truncation. Cores 12-13. Required accuracy delta=3.513100e-07, accuracy met: 7.092971e+02
2025-09-22 07:30:27 WARNING:TensorToolbox.core.TensorTrainVec: MaxRank truncation. Cores 13-14. Required accuracy delta=3.513100e-07, accuracy met: 5.044494e+02
2025-09-22 07:30:28 WARNING:TensorToolbox.core.TensorTrainVec: MaxRank truncation. Cores 14-15. Required accuracy delta=3.513100e-07, accuracy met: 3.595816e+02
2025-09-22 07:30:28 WARNING:TensorToolbox.core.TensorTrainVec: MaxRank truncation. Cores 15-16. Required accuracy delta=3.513100e-07, accuracy met: 2.570641e+02
2025-09-22 07:30:28 WARNING:TensorToolbox.core.TensorTrainVec: MaxRank truncation. Cores 16-17. Required accuracy delta=3.513100e-07, accuracy met: 1.847878e+02
2025-09-22 07:30:28 WARNING:TensorToolbox.core.TensorTrainVec: MaxRank truncation. Cores 17-18. Required accuracy delta=3.513100e-07, accuracy met: 1.333067e+02
2025-09-22 07:30:28 WARNING:TensorToolbox.core.TensorTrainVec: MaxRank truncation. Cores 18-19. Required accuracy delta=3.513100e-07, accuracy met: 9.667941e+01
2025-09-22 07:30:28 WARNING:TensorToolbox.core.TensorTrainVec: MaxRank truncation. Cores 19-20. Required accuracy delta=3.513100e-07, accuracy met: 7.057796e+01
2025-09-22 07:30:28 WARNING:TensorToolbox.core.TensorTrainVec: MaxRank truncation. Cores 20-21. Required accuracy delta=3.513100e-07, accuracy met: 5.185306e+01
2025-09-22 07:30:28 WARNING:TensorToolbox.core.TensorTrainVec: MaxRank truncation. Cores 21-22. Required accuracy delta=3.513100e-07, accuracy met: 3.790748e+01
2025-09-22 07:30:28 WARNING:TensorToolbox.core.TensorTrainVec: MaxRank truncation. Cores 22-23. Required accuracy delta=3.513100e-07, accuracy met: 2.676736e+01
2025-09-22 07:30:28 WARNING:TensorToolbox.core.TensorTrainVec: MaxRank truncation. Cores 23-24. Required accuracy delta=3.513100e-07, accuracy met: 1.398773e+01
tt_from_dense wtime: 432.23736420100613
random wtime: 6.470436282004812
2025-09-22 07:35:55 WARNING:TensorToolbox.core.TensorTrainVec: MaxRank truncation. Cores 5-6. Required accuracy delta=3.513031e-07, accuracy met: 5.010766e+03
2025-09-22 07:37:00 WARNING:TensorToolbox.core.TensorTrainVec: MaxRank truncation. Cores 6-7. Required accuracy delta=3.513031e-07, accuracy met: 5.665835e+03
2025-09-22 07:37:27 WARNING:TensorToolbox.core.TensorTrainVec: MaxRank truncation. Cores 7-8. Required accuracy delta=3.513031e-07, accuracy met: 4.009594e+03
2025-09-22 07:37:41 WARNING:TensorToolbox.core.TensorTrainVec: MaxRank truncation. Cores 8-9. Required accuracy delta=3.513031e-07, accuracy met: 2.838262e+03
2025-09-22 07:37:49 WARNING:TensorToolbox.core.TensorTrainVec: MaxRank truncation. Cores 9-10. Required accuracy delta=3.513031e-07, accuracy met: 2.010008e+03
2025-09-22 07:37:52 WARNING:TensorToolbox.core.TensorTrainVec: MaxRank truncation. Cores 10-11. Required accuracy delta=3.513031e-07, accuracy met: 1.424217e+03
2025-09-22 07:37:54 WARNING:TensorToolbox.core.TensorTrainVec: MaxRank truncation. Cores 11-12. Required accuracy delta=3.513031e-07, accuracy met: 1.010216e+03
2025-09-22 07:37:55 WARNING:TensorToolbox.core.TensorTrainVec: MaxRank truncation. Cores 12-13. Required accuracy delta=3.513031e-07, accuracy met: 7.173283e+02
2025-09-22 07:37:56 WARNING:TensorToolbox.core.TensorTrainVec: MaxRank truncation. Cores 13-14. Required accuracy delta=3.513031e-07, accuracy met: 5.101602e+02
2025-09-22 07:37:56 WARNING:TensorToolbox.core.TensorTrainVec: MaxRank truncation. Cores 14-15. Required accuracy delta=3.513031e-07, accuracy met: 3.636167e+02
2025-09-22 07:37:56 WARNING:TensorToolbox.core.TensorTrainVec: MaxRank truncation. Cores 15-16. Required accuracy delta=3.513031e-07, accuracy met: 2.599826e+02
2025-09-22 07:37:56 WARNING:TensorToolbox.core.TensorTrainVec: MaxRank truncation. Cores 16-17. Required accuracy delta=3.513031e-07, accuracy met: 1.867456e+02
2025-09-22 07:37:56 WARNING:TensorToolbox.core.TensorTrainVec: MaxRank truncation. Cores 17-18. Required accuracy delta=3.513031e-07, accuracy met: 1.346441e+02
2025-09-22 07:37:56 WARNING:TensorToolbox.core.TensorTrainVec: MaxRank truncation. Cores 18-19. Required accuracy delta=3.513031e-07, accuracy met: 9.746238e+01
2025-09-22 07:37:56 WARNING:TensorToolbox.core.TensorTrainVec: MaxRank truncation. Cores 19-20. Required accuracy delta=3.513031e-07, accuracy met: 7.166832e+01
2025-09-22 07:37:56 WARNING:TensorToolbox.core.TensorTrainVec: MaxRank truncation. Cores 20-21. Required accuracy delta=3.513031e-07, accuracy met: 5.252662e+01
2025-09-22 07:37:56 WARNING:TensorToolbox.core.TensorTrainVec: MaxRank truncation. Cores 21-22. Required accuracy delta=3.513031e-07, accuracy met: 3.852969e+01
2025-09-22 07:37:56 WARNING:TensorToolbox.core.TensorTrainVec: MaxRank truncation. Cores 22-23. Required accuracy delta=3.513031e-07, accuracy met: 2.616041e+01
2025-09-22 07:37:56 WARNING:TensorToolbox.core.TensorTrainVec: MaxRank truncation. Cores 23-24. Required accuracy delta=3.513031e-07, accuracy met: 1.335053e+01
tt_from_dense wtime: 439.5423216850031
2025-09-22 07:43:15 WARNING:TensorToolbox.core.TensorTrainVec: MaxRank truncation. Cores 5-6. Required accuracy delta=3.513031e-07, accuracy met: 5.010766e+03
2025-09-22 07:44:19 WARNING:TensorToolbox.core.TensorTrainVec: MaxRank truncation. Cores 6-7. Required accuracy delta=3.513031e-07, accuracy met: 5.665835e+03
2025-09-22 07:44:48 WARNING:TensorToolbox.core.TensorTrainVec: MaxRank truncation. Cores 7-8. Required accuracy delta=3.513031e-07, accuracy met: 4.009594e+03
2025-09-22 07:45:02 WARNING:TensorToolbox.core.TensorTrainVec: MaxRank truncation. Cores 8-9. Required accuracy delta=3.513031e-07, accuracy met: 2.838262e+03
2025-09-22 07:45:09 WARNING:TensorToolbox.core.TensorTrainVec: MaxRank truncation. Cores 9-10. Required accuracy delta=3.513031e-07, accuracy met: 2.010008e+03
2025-09-22 07:45:13 WARNING:TensorToolbox.core.TensorTrainVec: MaxRank truncation. Cores 10-11. Required accuracy delta=3.513031e-07, accuracy met: 1.424217e+03
2025-09-22 07:45:14 WARNING:TensorToolbox.core.TensorTrainVec: MaxRank truncation. Cores 11-12. Required accuracy delta=3.513031e-07, accuracy met: 1.010216e+03
2025-09-22 07:45:15 WARNING:TensorToolbox.core.TensorTrainVec: MaxRank truncation. Cores 12-13. Required accuracy delta=3.513031e-07, accuracy met: 7.173283e+02
2025-09-22 07:45:16 WARNING:TensorToolbox.core.TensorTrainVec: MaxRank truncation. Cores 13-14. Required accuracy delta=3.513031e-07, accuracy met: 5.101602e+02
2025-09-22 07:45:16 WARNING:TensorToolbox.core.TensorTrainVec: MaxRank truncation. Cores 14-15. Required accuracy delta=3.513031e-07, accuracy met: 3.636167e+02
2025-09-22 07:45:16 WARNING:TensorToolbox.core.TensorTrainVec: MaxRank truncation. Cores 15-16. Required accuracy delta=3.513031e-07, accuracy met: 2.599826e+02
2025-09-22 07:45:16 WARNING:TensorToolbox.core.TensorTrainVec: MaxRank truncation. Cores 16-17. Required accuracy delta=3.513031e-07, accuracy met: 1.867456e+02
2025-09-22 07:45:16 WARNING:TensorToolbox.core.TensorTrainVec: MaxRank truncation. Cores 17-18. Required accuracy delta=3.513031e-07, accuracy met: 1.346441e+02
2025-09-22 07:45:16 WARNING:TensorToolbox.core.TensorTrainVec: MaxRank truncation. Cores 18-19. Required accuracy delta=3.513031e-07, accuracy met: 9.746238e+01
2025-09-22 07:45:16 WARNING:TensorToolbox.core.TensorTrainVec: MaxRank truncation. Cores 19-20. Required accuracy delta=3.513031e-07, accuracy met: 7.166832e+01
2025-09-22 07:45:16 WARNING:TensorToolbox.core.TensorTrainVec: MaxRank truncation. Cores 20-21. Required accuracy delta=3.513031e-07, accuracy met: 5.252662e+01
2025-09-22 07:45:16 WARNING:TensorToolbox.core.TensorTrainVec: MaxRank truncation. Cores 21-22. Required accuracy delta=3.513031e-07, accuracy met: 3.852969e+01
2025-09-22 07:45:16 WARNING:TensorToolbox.core.TensorTrainVec: MaxRank truncation. Cores 22-23. Required accuracy delta=3.513031e-07, accuracy met: 2.616041e+01
2025-09-22 07:45:16 WARNING:TensorToolbox.core.TensorTrainVec: MaxRank truncation. Cores 23-24. Required accuracy delta=3.513031e-07, accuracy met: 1.335053e+01
tt_from_dense wtime: 440.18326284100476
random wtime: 6.425880303999293
2025-09-22 07:50:38 WARNING:TensorToolbox.core.TensorTrainVec: MaxRank truncation. Cores 5-6. Required accuracy delta=3.513119e-07, accuracy met: 4.869288e+03
2025-09-22 07:51:46 WARNING:TensorToolbox.core.TensorTrainVec: MaxRank truncation. Cores 6-7. Required accuracy delta=3.513119e-07, accuracy met: 5.726792e+03
2025-09-22 07:52:15 WARNING:TensorToolbox.core.TensorTrainVec: MaxRank truncation. Cores 7-8. Required accuracy delta=3.513119e-07, accuracy met: 4.052724e+03
2025-09-22 07:52:30 WARNING:TensorToolbox.core.TensorTrainVec: MaxRank truncation. Cores 8-9. Required accuracy delta=3.513119e-07, accuracy met: 2.868803e+03
2025-09-22 07:52:37 WARNING:TensorToolbox.core.TensorTrainVec: MaxRank truncation. Cores 9-10. Required accuracy delta=3.513119e-07, accuracy met: 2.031660e+03
2025-09-22 07:52:41 WARNING:TensorToolbox.core.TensorTrainVec: MaxRank truncation. Cores 10-11. Required accuracy delta=3.513119e-07, accuracy met: 1.439856e+03
2025-09-22 07:52:43 WARNING:TensorToolbox.core.TensorTrainVec: MaxRank truncation. Cores 11-12. Required accuracy delta=3.513119e-07, accuracy met: 1.021128e+03
2025-09-22 07:52:44 WARNING:TensorToolbox.core.TensorTrainVec: MaxRank truncation. Cores 12-13. Required accuracy delta=3.513119e-07, accuracy met: 7.251147e+02
2025-09-22 07:52:44 WARNING:TensorToolbox.core.TensorTrainVec: MaxRank truncation. Cores 13-14. Required accuracy delta=3.513119e-07, accuracy met: 5.156386e+02
2025-09-22 07:52:45 WARNING:TensorToolbox.core.TensorTrainVec: MaxRank truncation. Cores 14-15. Required accuracy delta=3.513119e-07, accuracy met: 3.676182e+02
2025-09-22 07:52:45 WARNING:TensorToolbox.core.TensorTrainVec: MaxRank truncation. Cores 15-16. Required accuracy delta=3.513119e-07, accuracy met: 2.628097e+02
2025-09-22 07:52:45 WARNING:TensorToolbox.core.TensorTrainVec: MaxRank truncation. Cores 16-17. Required accuracy delta=3.513119e-07, accuracy met: 1.887999e+02
2025-09-22 07:52:45 WARNING:TensorToolbox.core.TensorTrainVec: MaxRank truncation. Cores 17-18. Required accuracy delta=3.513119e-07, accuracy met: 1.363758e+02
2025-09-22 07:52:45 WARNING:TensorToolbox.core.TensorTrainVec: MaxRank truncation. Cores 18-19. Required accuracy delta=3.513119e-07, accuracy met: 9.901731e+01
2025-09-22 07:52:45 WARNING:TensorToolbox.core.TensorTrainVec: MaxRank truncation. Cores 19-20. Required accuracy delta=3.513119e-07, accuracy met: 7.258727e+01
2025-09-22 07:52:45 WARNING:TensorToolbox.core.TensorTrainVec: MaxRank truncation. Cores 20-21. Required accuracy delta=3.513119e-07, accuracy met: 5.328365e+01
2025-09-22 07:52:45 WARNING:TensorToolbox.core.TensorTrainVec: MaxRank truncation. Cores 21-22. Required accuracy delta=3.513119e-07, accuracy met: 3.860541e+01
2025-09-22 07:52:45 WARNING:TensorToolbox.core.TensorTrainVec: MaxRank truncation. Cores 22-23. Required accuracy delta=3.513119e-07, accuracy met: 2.665666e+01
2025-09-22 07:52:45 WARNING:TensorToolbox.core.TensorTrainVec: MaxRank truncation. Cores 23-24. Required accuracy delta=3.513119e-07, accuracy met: 1.360970e+01
tt_from_dense wtime: 439.544843391006
2025-09-22 07:57:59 WARNING:TensorToolbox.core.TensorTrainVec: MaxRank truncation. Cores 5-6. Required accuracy delta=3.513119e-07, accuracy met: 4.869288e+03
2025-09-22 07:59:07 WARNING:TensorToolbox.core.TensorTrainVec: MaxRank truncation. Cores 6-7. Required accuracy delta=3.513119e-07, accuracy met: 5.726792e+03
2025-09-22 07:59:35 WARNING:TensorToolbox.core.TensorTrainVec: MaxRank truncation. Cores 7-8. Required accuracy delta=3.513119e-07, accuracy met: 4.052724e+03
2025-09-22 07:59:50 WARNING:TensorToolbox.core.TensorTrainVec: MaxRank truncation. Cores 8-9. Required accuracy delta=3.513119e-07, accuracy met: 2.868803e+03
2025-09-22 07:59:57 WARNING:TensorToolbox.core.TensorTrainVec: MaxRank truncation. Cores 9-10. Required accuracy delta=3.513119e-07, accuracy met: 2.031660e+03
2025-09-22 08:00:01 WARNING:TensorToolbox.core.TensorTrainVec: MaxRank truncation. Cores 10-11. Required accuracy delta=3.513119e-07, accuracy met: 1.439856e+03
2025-09-22 08:00:03 WARNING:TensorToolbox.core.TensorTrainVec: MaxRank truncation. Cores 11-12. Required accuracy delta=3.513119e-07, accuracy met: 1.021128e+03
2025-09-22 08:00:04 WARNING:TensorToolbox.core.TensorTrainVec: MaxRank truncation. Cores 12-13. Required accuracy delta=3.513119e-07, accuracy met: 7.251147e+02
2025-09-22 08:00:04 WARNING:TensorToolbox.core.TensorTrainVec: MaxRank truncation. Cores 13-14. Required accuracy delta=3.513119e-07, accuracy met: 5.156386e+02
2025-09-22 08:00:04 WARNING:TensorToolbox.core.TensorTrainVec: MaxRank truncation. Cores 14-15. Required accuracy delta=3.513119e-07, accuracy met: 3.676182e+02
2025-09-22 08:00:05 WARNING:TensorToolbox.core.TensorTrainVec: MaxRank truncation. Cores 15-16. Required accuracy delta=3.513119e-07, accuracy met: 2.628097e+02
2025-09-22 08:00:05 WARNING:TensorToolbox.core.TensorTrainVec: MaxRank truncation. Cores 16-17. Required accuracy delta=3.513119e-07, accuracy met: 1.887999e+02
2025-09-22 08:00:05 WARNING:TensorToolbox.core.TensorTrainVec: MaxRank truncation. Cores 17-18. Required accuracy delta=3.513119e-07, accuracy met: 1.363758e+02
2025-09-22 08:00:05 WARNING:TensorToolbox.core.TensorTrainVec: MaxRank truncation. Cores 18-19. Required accuracy delta=3.513119e-07, accuracy met: 9.901731e+01
2025-09-22 08:00:05 WARNING:TensorToolbox.core.TensorTrainVec: MaxRank truncation. Cores 19-20. Required accuracy delta=3.513119e-07, accuracy met: 7.258727e+01
2025-09-22 08:00:05 WARNING:TensorToolbox.core.TensorTrainVec: MaxRank truncation. Cores 20-21. Required accuracy delta=3.513119e-07, accuracy met: 5.328365e+01
2025-09-22 08:00:05 WARNING:TensorToolbox.core.TensorTrainVec: MaxRank truncation. Cores 21-22. Required accuracy delta=3.513119e-07, accuracy met: 3.860541e+01
2025-09-22 08:00:05 WARNING:TensorToolbox.core.TensorTrainVec: MaxRank truncation. Cores 22-23. Required accuracy delta=3.513119e-07, accuracy met: 2.665666e+01
2025-09-22 08:00:05 WARNING:TensorToolbox.core.TensorTrainVec: MaxRank truncation. Cores 23-24. Required accuracy delta=3.513119e-07, accuracy met: 1.360970e+01
tt_from_dense wtime: 439.94399797799997
random wtime: 6.409625503991265
2025-09-22 08:05:28 WARNING:TensorToolbox.core.TensorTrainVec: MaxRank truncation. Cores 5-6. Required accuracy delta=3.513067e-07, accuracy met: 4.723667e+03
2025-09-22 08:06:37 WARNING:TensorToolbox.core.TensorTrainVec: MaxRank truncation. Cores 6-7. Required accuracy delta=3.513067e-07, accuracy met: 5.787230e+03
2025-09-22 08:07:08 WARNING:TensorToolbox.core.TensorTrainVec: MaxRank truncation. Cores 7-8. Required accuracy delta=3.513067e-07, accuracy met: 4.095703e+03
2025-09-22 08:07:23 WARNING:TensorToolbox.core.TensorTrainVec: MaxRank truncation. Cores 8-9. Required accuracy delta=3.513067e-07, accuracy met: 2.899281e+03
2025-09-22 08:07:31 WARNING:TensorToolbox.core.TensorTrainVec: MaxRank truncation. Cores 9-10. Required accuracy delta=3.513067e-07, accuracy met: 2.053268e+03
2025-09-22 08:07:35 WARNING:TensorToolbox.core.TensorTrainVec: MaxRank truncation. Cores 10-11. Required accuracy delta=3.513067e-07, accuracy met: 1.454800e+03
2025-09-22 08:07:37 WARNING:TensorToolbox.core.TensorTrainVec: MaxRank truncation. Cores 11-12. Required accuracy delta=3.513067e-07, accuracy met: 1.031836e+03
2025-09-22 08:07:38 WARNING:TensorToolbox.core.TensorTrainVec: MaxRank truncation. Cores 12-13. Required accuracy delta=3.513067e-07, accuracy met: 7.327849e+02
2025-09-22 08:07:39 WARNING:TensorToolbox.core.TensorTrainVec: MaxRank truncation. Cores 13-14. Required accuracy delta=3.513067e-07, accuracy met: 5.212325e+02
2025-09-22 08:07:39 WARNING:TensorToolbox.core.TensorTrainVec: MaxRank truncation. Cores 14-15. Required accuracy delta=3.513067e-07, accuracy met: 3.716479e+02
2025-09-22 08:07:40 WARNING:TensorToolbox.core.TensorTrainVec: MaxRank truncation. Cores 15-16. Required accuracy delta=3.513067e-07, accuracy met: 2.658915e+02
2025-09-22 08:07:40 WARNING:TensorToolbox.core.TensorTrainVec: MaxRank truncation. Cores 16-17. Required accuracy delta=3.513067e-07, accuracy met: 1.911424e+02
2025-09-22 08:07:40 WARNING:TensorToolbox.core.TensorTrainVec: MaxRank truncation. Cores 17-18. Required accuracy delta=3.513067e-07, accuracy met: 1.376127e+02
2025-09-22 08:07:40 WARNING:TensorToolbox.core.TensorTrainVec: MaxRank truncation. Cores 18-19. Required accuracy delta=3.513067e-07, accuracy met: 9.990894e+01
2025-09-22 08:07:40 WARNING:TensorToolbox.core.TensorTrainVec: MaxRank truncation. Cores 19-20. Required accuracy delta=3.513067e-07, accuracy met: 7.341435e+01
2025-09-22 08:07:40 WARNING:TensorToolbox.core.TensorTrainVec: MaxRank truncation. Cores 20-21. Required accuracy delta=3.513067e-07, accuracy met: 5.371960e+01
2025-09-22 08:07:40 WARNING:TensorToolbox.core.TensorTrainVec: MaxRank truncation. Cores 21-22. Required accuracy delta=3.513067e-07, accuracy met: 3.936326e+01
2025-09-22 08:07:40 WARNING:TensorToolbox.core.TensorTrainVec: MaxRank truncation. Cores 22-23. Required accuracy delta=3.513067e-07, accuracy met: 2.678227e+01
2025-09-22 08:07:40 WARNING:TensorToolbox.core.TensorTrainVec: MaxRank truncation. Cores 23-24. Required accuracy delta=3.513067e-07, accuracy met: 1.348458e+01
tt_from_dense wtime: 446.60061853801017
2025-09-22 08:12:57 WARNING:TensorToolbox.core.TensorTrainVec: MaxRank truncation. Cores 5-6. Required accuracy delta=3.513067e-07, accuracy met: 4.723667e+03
2025-09-22 08:14:07 WARNING:TensorToolbox.core.TensorTrainVec: MaxRank truncation. Cores 6-7. Required accuracy delta=3.513067e-07, accuracy met: 5.787230e+03
2025-09-22 08:14:37 WARNING:TensorToolbox.core.TensorTrainVec: MaxRank truncation. Cores 7-8. Required accuracy delta=3.513067e-07, accuracy met: 4.095703e+03
2025-09-22 08:14:53 WARNING:TensorToolbox.core.TensorTrainVec: MaxRank truncation. Cores 8-9. Required accuracy delta=3.513067e-07, accuracy met: 2.899281e+03
2025-09-22 08:15:01 WARNING:TensorToolbox.core.TensorTrainVec: MaxRank truncation. Cores 9-10. Required accuracy delta=3.513067e-07, accuracy met: 2.053268e+03
2025-09-22 08:15:05 WARNING:TensorToolbox.core.TensorTrainVec: MaxRank truncation. Cores 10-11. Required accuracy delta=3.513067e-07, accuracy met: 1.454800e+03
2025-09-22 08:15:07 WARNING:TensorToolbox.core.TensorTrainVec: MaxRank truncation. Cores 11-12. Required accuracy delta=3.513067e-07, accuracy met: 1.031836e+03
2025-09-22 08:15:08 WARNING:TensorToolbox.core.TensorTrainVec: MaxRank truncation. Cores 12-13. Required accuracy delta=3.513067e-07, accuracy met: 7.327849e+02
2025-09-22 08:15:09 WARNING:TensorToolbox.core.TensorTrainVec: MaxRank truncation. Cores 13-14. Required accuracy delta=3.513067e-07, accuracy met: 5.212325e+02
2025-09-22 08:15:09 WARNING:TensorToolbox.core.TensorTrainVec: MaxRank truncation. Cores 14-15. Required accuracy delta=3.513067e-07, accuracy met: 3.716479e+02
2025-09-22 08:15:09 WARNING:TensorToolbox.core.TensorTrainVec: MaxRank truncation. Cores 15-16. Required accuracy delta=3.513067e-07, accuracy met: 2.658915e+02
2025-09-22 08:15:09 WARNING:TensorToolbox.core.TensorTrainVec: MaxRank truncation. Cores 16-17. Required accuracy delta=3.513067e-07, accuracy met: 1.911424e+02
2025-09-22 08:15:09 WARNING:TensorToolbox.core.TensorTrainVec: MaxRank truncation. Cores 17-18. Required accuracy delta=3.513067e-07, accuracy met: 1.376127e+02
2025-09-22 08:15:09 WARNING:TensorToolbox.core.TensorTrainVec: MaxRank truncation. Cores 18-19. Required accuracy delta=3.513067e-07, accuracy met: 9.990894e+01
2025-09-22 08:15:09 WARNING:TensorToolbox.core.TensorTrainVec: MaxRank truncation. Cores 19-20. Required accuracy delta=3.513067e-07, accuracy met: 7.341435e+01
2025-09-22 08:15:09 WARNING:TensorToolbox.core.TensorTrainVec: MaxRank truncation. Cores 20-21. Required accuracy delta=3.513067e-07, accuracy met: 5.371960e+01
2025-09-22 08:15:09 WARNING:TensorToolbox.core.TensorTrainVec: MaxRank truncation. Cores 21-22. Required accuracy delta=3.513067e-07, accuracy met: 3.936326e+01
2025-09-22 08:15:09 WARNING:TensorToolbox.core.TensorTrainVec: MaxRank truncation. Cores 22-23. Required accuracy delta=3.513067e-07, accuracy met: 2.678227e+01
2025-09-22 08:15:09 WARNING:TensorToolbox.core.TensorTrainVec: MaxRank truncation. Cores 23-24. Required accuracy delta=3.513067e-07, accuracy met: 1.348458e+01
tt_from_dense wtime: 449.34120229700056
random wtime: 6.436552289000247
2025-09-22 08:20:32 WARNING:TensorToolbox.core.TensorTrainVec: MaxRank truncation. Cores 5-6. Required accuracy delta=3.513123e-07, accuracy met: 4.573447e+03
2025-09-22 08:21:39 WARNING:TensorToolbox.core.TensorTrainVec: MaxRank truncation. Cores 6-7. Required accuracy delta=3.513123e-07, accuracy met: 5.846903e+03
2025-09-22 08:22:07 WARNING:TensorToolbox.core.TensorTrainVec: MaxRank truncation. Cores 7-8. Required accuracy delta=3.513123e-07, accuracy met: 4.137767e+03
2025-09-22 08:22:22 WARNING:TensorToolbox.core.TensorTrainVec: MaxRank truncation. Cores 8-9. Required accuracy delta=3.513123e-07, accuracy met: 2.929307e+03
2025-09-22 08:22:29 WARNING:TensorToolbox.core.TensorTrainVec: MaxRank truncation. Cores 9-10. Required accuracy delta=3.513123e-07, accuracy met: 2.074762e+03
2025-09-22 08:22:32 WARNING:TensorToolbox.core.TensorTrainVec: MaxRank truncation. Cores 10-11. Required accuracy delta=3.513123e-07, accuracy met: 1.470184e+03
2025-09-22 08:22:34 WARNING:TensorToolbox.core.TensorTrainVec: MaxRank truncation. Cores 11-12. Required accuracy delta=3.513123e-07, accuracy met: 1.042869e+03
2025-09-22 08:22:35 WARNING:TensorToolbox.core.TensorTrainVec: MaxRank truncation. Cores 12-13. Required accuracy delta=3.513123e-07, accuracy met: 7.406708e+02
2025-09-22 08:22:36 WARNING:TensorToolbox.core.TensorTrainVec: MaxRank truncation. Cores 13-14. Required accuracy delta=3.513123e-07, accuracy met: 5.267220e+02
2025-09-22 08:22:36 WARNING:TensorToolbox.core.TensorTrainVec: MaxRank truncation. Cores 14-15. Required accuracy delta=3.513123e-07, accuracy met: 3.753729e+02
2025-09-22 08:22:36 WARNING:TensorToolbox.core.TensorTrainVec: MaxRank truncation. Cores 15-16. Required accuracy delta=3.513123e-07, accuracy met: 2.688015e+02
2025-09-22 08:22:37 WARNING:TensorToolbox.core.TensorTrainVec: MaxRank truncation. Cores 16-17. Required accuracy delta=3.513123e-07, accuracy met: 1.928418e+02
2025-09-22 08:22:37 WARNING:TensorToolbox.core.TensorTrainVec: MaxRank truncation. Cores 17-18. Required accuracy delta=3.513123e-07, accuracy met: 1.394062e+02
2025-09-22 08:22:37 WARNING:TensorToolbox.core.TensorTrainVec: MaxRank truncation. Cores 18-19. Required accuracy delta=3.513123e-07, accuracy met: 1.016463e+02
2025-09-22 08:22:37 WARNING:TensorToolbox.core.TensorTrainVec: MaxRank truncation. Cores 19-20. Required accuracy delta=3.513123e-07, accuracy met: 7.424581e+01
2025-09-22 08:22:37 WARNING:TensorToolbox.core.TensorTrainVec: MaxRank truncation. Cores 20-21. Required accuracy delta=3.513123e-07, accuracy met: 5.453252e+01
2025-09-22 08:22:37 WARNING:TensorToolbox.core.TensorTrainVec: MaxRank truncation. Cores 21-22. Required accuracy delta=3.513123e-07, accuracy met: 3.967475e+01
2025-09-22 08:22:37 WARNING:TensorToolbox.core.TensorTrainVec: MaxRank truncation. Cores 22-23. Required accuracy delta=3.513123e-07, accuracy met: 2.730806e+01
2025-09-22 08:22:37 WARNING:TensorToolbox.core.TensorTrainVec: MaxRank truncation. Cores 23-24. Required accuracy delta=3.513123e-07, accuracy met: 1.262310e+01
tt_from_dense wtime: 438.62342274500406
2025-09-22 08:27:50 WARNING:TensorToolbox.core.TensorTrainVec: MaxRank truncation. Cores 5-6. Required accuracy delta=3.513123e-07, accuracy met: 4.573447e+03
2025-09-22 08:28:58 WARNING:TensorToolbox.core.TensorTrainVec: MaxRank truncation. Cores 6-7. Required accuracy delta=3.513123e-07, accuracy met: 5.846903e+03
2025-09-22 08:29:25 WARNING:TensorToolbox.core.TensorTrainVec: MaxRank truncation. Cores 7-8. Required accuracy delta=3.513123e-07, accuracy met: 4.137767e+03
2025-09-22 08:29:39 WARNING:TensorToolbox.core.TensorTrainVec: MaxRank truncation. Cores 8-9. Required accuracy delta=3.513123e-07, accuracy met: 2.929307e+03
2025-09-22 08:29:46 WARNING:TensorToolbox.core.TensorTrainVec: MaxRank truncation. Cores 9-10. Required accuracy delta=3.513123e-07, accuracy met: 2.074762e+03
2025-09-22 08:29:50 WARNING:TensorToolbox.core.TensorTrainVec: MaxRank truncation. Cores 10-11. Required accuracy delta=3.513123e-07, accuracy met: 1.470184e+03
2025-09-22 08:29:52 WARNING:TensorToolbox.core.TensorTrainVec: MaxRank truncation. Cores 11-12. Required accuracy delta=3.513123e-07, accuracy met: 1.042869e+03
2025-09-22 08:29:53 WARNING:TensorToolbox.core.TensorTrainVec: MaxRank truncation. Cores 12-13. Required accuracy delta=3.513123e-07, accuracy met: 7.406708e+02
2025-09-22 08:29:54 WARNING:TensorToolbox.core.TensorTrainVec: MaxRank truncation. Cores 13-14. Required accuracy delta=3.513123e-07, accuracy met: 5.267220e+02
2025-09-22 08:29:54 WARNING:TensorToolbox.core.TensorTrainVec: MaxRank truncation. Cores 14-15. Required accuracy delta=3.513123e-07, accuracy met: 3.753729e+02
2025-09-22 08:29:54 WARNING:TensorToolbox.core.TensorTrainVec: MaxRank truncation. Cores 15-16. Required accuracy delta=3.513123e-07, accuracy met: 2.688015e+02
2025-09-22 08:29:54 WARNING:TensorToolbox.core.TensorTrainVec: MaxRank truncation. Cores 16-17. Required accuracy delta=3.513123e-07, accuracy met: 1.928418e+02
2025-09-22 08:29:54 WARNING:TensorToolbox.core.TensorTrainVec: MaxRank truncation. Cores 17-18. Required accuracy delta=3.513123e-07, accuracy met: 1.394062e+02
2025-09-22 08:29:54 WARNING:TensorToolbox.core.TensorTrainVec: MaxRank truncation. Cores 18-19. Required accuracy delta=3.513123e-07, accuracy met: 1.016463e+02
2025-09-22 08:29:54 WARNING:TensorToolbox.core.TensorTrainVec: MaxRank truncation. Cores 19-20. Required accuracy delta=3.513123e-07, accuracy met: 7.424581e+01
2025-09-22 08:29:54 WARNING:TensorToolbox.core.TensorTrainVec: MaxRank truncation. Cores 20-21. Required accuracy delta=3.513123e-07, accuracy met: 5.453252e+01
2025-09-22 08:29:54 WARNING:TensorToolbox.core.TensorTrainVec: MaxRank truncation. Cores 21-22. Required accuracy delta=3.513123e-07, accuracy met: 3.967475e+01
2025-09-22 08:29:54 WARNING:TensorToolbox.core.TensorTrainVec: MaxRank truncation. Cores 22-23. Required accuracy delta=3.513123e-07, accuracy met: 2.730806e+01
2025-09-22 08:29:54 WARNING:TensorToolbox.core.TensorTrainVec: MaxRank truncation. Cores 23-24. Required accuracy delta=3.513123e-07, accuracy met: 1.262310e+01
tt_from_dense wtime: 437.52468709299865
random wtime: 6.416933036001865
2025-09-22 08:35:23 WARNING:TensorToolbox.core.TensorTrainVec: MaxRank truncation. Cores 5-6. Required accuracy delta=3.513117e-07, accuracy met: 4.418466e+03
2025-09-22 08:36:33 WARNING:TensorToolbox.core.TensorTrainVec: MaxRank truncation. Cores 6-7. Required accuracy delta=3.513117e-07, accuracy met: 5.905926e+03
2025-09-22 08:37:02 WARNING:TensorToolbox.core.TensorTrainVec: MaxRank truncation. Cores 7-8. Required accuracy delta=3.513117e-07, accuracy met: 4.179888e+03
2025-09-22 08:37:17 WARNING:TensorToolbox.core.TensorTrainVec: MaxRank truncation. Cores 8-9. Required accuracy delta=3.513117e-07, accuracy met: 2.959034e+03
2025-09-22 08:37:24 WARNING:TensorToolbox.core.TensorTrainVec: MaxRank truncation. Cores 9-10. Required accuracy delta=3.513117e-07, accuracy met: 2.095456e+03
2025-09-22 08:37:28 WARNING:TensorToolbox.core.TensorTrainVec: MaxRank truncation. Cores 10-11. Required accuracy delta=3.513117e-07, accuracy met: 1.485015e+03
2025-09-22 08:37:30 WARNING:TensorToolbox.core.TensorTrainVec: MaxRank truncation. Cores 11-12. Required accuracy delta=3.513117e-07, accuracy met: 1.053136e+03
2025-09-22 08:37:31 WARNING:TensorToolbox.core.TensorTrainVec: MaxRank truncation. Cores 12-13. Required accuracy delta=3.513117e-07, accuracy met: 7.480123e+02
2025-09-22 08:37:32 WARNING:TensorToolbox.core.TensorTrainVec: MaxRank truncation. Cores 13-14. Required accuracy delta=3.513117e-07, accuracy met: 5.321708e+02
2025-09-22 08:37:32 WARNING:TensorToolbox.core.TensorTrainVec: MaxRank truncation. Cores 14-15. Required accuracy delta=3.513117e-07, accuracy met: 3.793943e+02
2025-09-22 08:37:32 WARNING:TensorToolbox.core.TensorTrainVec: MaxRank truncation. Cores 15-16. Required accuracy delta=3.513117e-07, accuracy met: 2.712289e+02
2025-09-22 08:37:32 WARNING:TensorToolbox.core.TensorTrainVec: MaxRank truncation. Cores 16-17. Required accuracy delta=3.513117e-07, accuracy met: 1.949457e+02
2025-09-22 08:37:32 WARNING:TensorToolbox.core.TensorTrainVec: MaxRank truncation. Cores 17-18. Required accuracy delta=3.513117e-07, accuracy met: 1.408132e+02
2025-09-22 08:37:32 WARNING:TensorToolbox.core.TensorTrainVec: MaxRank truncation. Cores 18-19. Required accuracy delta=3.513117e-07, accuracy met: 1.024400e+02
2025-09-22 08:37:32 WARNING:TensorToolbox.core.TensorTrainVec: MaxRank truncation. Cores 19-20. Required accuracy delta=3.513117e-07, accuracy met: 7.466528e+01
2025-09-22 08:37:32 WARNING:TensorToolbox.core.TensorTrainVec: MaxRank truncation. Cores 20-21. Required accuracy delta=3.513117e-07, accuracy met: 5.506412e+01
2025-09-22 08:37:32 WARNING:TensorToolbox.core.TensorTrainVec: MaxRank truncation. Cores 21-22. Required accuracy delta=3.513117e-07, accuracy met: 3.986509e+01
2025-09-22 08:37:33 WARNING:TensorToolbox.core.TensorTrainVec: MaxRank truncation. Cores 22-23. Required accuracy delta=3.513117e-07, accuracy met: 2.726839e+01
2025-09-22 08:37:33 WARNING:TensorToolbox.core.TensorTrainVec: MaxRank truncation. Cores 23-24. Required accuracy delta=3.513117e-07, accuracy met: 1.271912e+01
tt_from_dense wtime: 449.6345552959974
2025-09-22 08:42:49 WARNING:TensorToolbox.core.TensorTrainVec: MaxRank truncation. Cores 5-6. Required accuracy delta=3.513117e-07, accuracy met: 4.418466e+03
2025-09-22 08:43:57 WARNING:TensorToolbox.core.TensorTrainVec: MaxRank truncation. Cores 6-7. Required accuracy delta=3.513117e-07, accuracy met: 5.905926e+03
2025-09-22 08:44:26 WARNING:TensorToolbox.core.TensorTrainVec: MaxRank truncation. Cores 7-8. Required accuracy delta=3.513117e-07, accuracy met: 4.179888e+03
2025-09-22 08:44:41 WARNING:TensorToolbox.core.TensorTrainVec: MaxRank truncation. Cores 8-9. Required accuracy delta=3.513117e-07, accuracy met: 2.959034e+03
2025-09-22 08:44:48 WARNING:TensorToolbox.core.TensorTrainVec: MaxRank truncation. Cores 9-10. Required accuracy delta=3.513117e-07, accuracy met: 2.095456e+03
2025-09-22 08:44:52 WARNING:TensorToolbox.core.TensorTrainVec: MaxRank truncation. Cores 10-11. Required accuracy delta=3.513117e-07, accuracy met: 1.485015e+03
2025-09-22 08:44:54 WARNING:TensorToolbox.core.TensorTrainVec: MaxRank truncation. Cores 11-12. Required accuracy delta=3.513117e-07, accuracy met: 1.053136e+03
2025-09-22 08:44:55 WARNING:TensorToolbox.core.TensorTrainVec: MaxRank truncation. Cores 12-13. Required accuracy delta=3.513117e-07, accuracy met: 7.480123e+02
2025-09-22 08:44:56 WARNING:TensorToolbox.core.TensorTrainVec: MaxRank truncation. Cores 13-14. Required accuracy delta=3.513117e-07, accuracy met: 5.321708e+02
2025-09-22 08:44:56 WARNING:TensorToolbox.core.TensorTrainVec: MaxRank truncation. Cores 14-15. Required accuracy delta=3.513117e-07, accuracy met: 3.793943e+02
2025-09-22 08:44:56 WARNING:TensorToolbox.core.TensorTrainVec: MaxRank truncation. Cores 15-16. Required accuracy delta=3.513117e-07, accuracy met: 2.712289e+02
2025-09-22 08:44:56 WARNING:TensorToolbox.core.TensorTrainVec: MaxRank truncation. Cores 16-17. Required accuracy delta=3.513117e-07, accuracy met: 1.949457e+02
2025-09-22 08:44:56 WARNING:TensorToolbox.core.TensorTrainVec: MaxRank truncation. Cores 17-18. Required accuracy delta=3.513117e-07, accuracy met: 1.408132e+02
2025-09-22 08:44:56 WARNING:TensorToolbox.core.TensorTrainVec: MaxRank truncation. Cores 18-19. Required accuracy delta=3.513117e-07, accuracy met: 1.024400e+02
2025-09-22 08:44:56 WARNING:TensorToolbox.core.TensorTrainVec: MaxRank truncation. Cores 19-20. Required accuracy delta=3.513117e-07, accuracy met: 7.466528e+01
2025-09-22 08:44:56 WARNING:TensorToolbox.core.TensorTrainVec: MaxRank truncation. Cores 20-21. Required accuracy delta=3.513117e-07, accuracy met: 5.506412e+01
2025-09-22 08:44:56 WARNING:TensorToolbox.core.TensorTrainVec: MaxRank truncation. Cores 21-22. Required accuracy delta=3.513117e-07, accuracy met: 3.986509e+01
2025-09-22 08:44:56 WARNING:TensorToolbox.core.TensorTrainVec: MaxRank truncation. Cores 22-23. Required accuracy delta=3.513117e-07, accuracy met: 2.726839e+01
2025-09-22 08:44:56 WARNING:TensorToolbox.core.TensorTrainVec: MaxRank truncation. Cores 23-24. Required accuracy delta=3.513117e-07, accuracy met: 1.271912e+01
tt_from_dense wtime: 443.6358812730032
