Precompiling ITensors...
   1548.2 ms  ✓ DataValueInterfaces
   2003.2 ms  ✓ ExternalDocstrings
   2105.5 ms  ✓ DefineSingletons
   1925.0 ms  ✓ IteratorInterfaceExtensions
   1936.5 ms  ✓ IfElse
   1921.5 ms  ✓ CommonWorldInvalidations
   1943.6 ms  ✓ ExprTools
   1918.6 ms  ✓ DataAPI
   2005.2 ms  ✓ HalfIntegers
   1968.6 ms  ✓ InverseFunctions
   1937.1 ms  ✓ ConstructionBase
   2160.2 ms  ✓ OrderedCollections
   2106.6 ms  ✓ VectorInterface
   2102.0 ms  ✓ DocStringExtensions
   2102.5 ms  ✓ InlineStrings
   2152.9 ms  ✓ FillArrays
    594.1 ms  ✓ PackageExtensionCompat
   2532.5 ms  ✓ InitialValues
   2519.0 ms  ✓ Baselet
   1543.9 ms  ✓ CompositionsBase
   1975.7 ms  ✓ ArgCheck
   1952.8 ms  ✓ Indexing
   1944.2 ms  ✓ StaticArraysCore
   1940.3 ms  ✓ TupleTools
   1931.1 ms  ✓ SerializedElementArrays
   1927.4 ms  ✓ Requires
   1908.8 ms  ✓ TableTraits
   2118.6 ms  ✓ BitIntegers
   2070.9 ms  ✓ Zeros
   2067.2 ms  ✓ Compat
   2349.7 ms  ✓ Preferences
   2545.6 ms  ✓ MacroTools
    970.0 ms  ✓ InverseFunctions → InverseFunctionsDatesExt
   1449.5 ms  ✓ ConstructionBase → ConstructionBaseLinearAlgebraExt
   1429.3 ms  ✓ CompositionsBase → CompositionsBaseInverseFunctionsExt
   1468.2 ms  ✓ InverseFunctions → InverseFunctionsTestExt
   1444.0 ms  ✓ StridedViews
   1417.6 ms  ✓ Adapt
   1402.7 ms  ✓ Compat → CompatLinearAlgebraExt
   1397.4 ms  ✓ PrecompileTools
   2249.3 ms  ✓ Dictionaries
   2464.2 ms  ✓ TimerOutputs
   1457.1 ms  ✓ FillArrays → FillArraysSparseArraysExt
   2254.8 ms  ✓ ThreadedScans
   2209.9 ms  ✓ SimpleTraits
   2231.7 ms  ✓ Tables
    538.5 ms  ✓ Referenceables
    840.3 ms  ✓ Adapt → AdaptSparseArraysExt
   1101.4 ms  ✓ Strided
   1087.0 ms  ✓ ArrayInterface
   1092.0 ms  ✓ Functors
   1076.2 ms  ✓ SplitApplyCombine
   1082.0 ms  ✓ Static
   1105.2 ms  ✓ TypeParameterAccessors
   1312.3 ms  ✓ Setfield
   1467.4 ms  ✓ ChainRulesCore
    391.8 ms  ✓ ArrayInterface → ArrayInterfaceStaticArraysCoreExt
    474.5 ms  ✓ ArrayInterface → ArrayInterfaceSparseArraysExt
    407.4 ms  ✓ TypeParameterAccessors → TypeParameterAccessorsStridedViewsExt
   1727.7 ms  ✓ Accessors
    419.3 ms  ✓ TypeParameterAccessors → TypeParameterAccessorsFillArraysExt
    380.9 ms  ✓ ArrayInterface → ArrayInterfaceChainRulesCoreExt
    702.4 ms  ✓ ChainRulesCore → ChainRulesCoreSparseArraysExt
    507.7 ms  ✓ Accessors → LinearAlgebraExt
    919.4 ms  ✓ SplittablesBase
    511.8 ms  ✓ Accessors → TestExt
   1142.0 ms  ✓ StaticArrayInterface
    392.9 ms  ✓ EllipsisNotation
    716.4 ms  ✓ BangBang
    460.9 ms  ✓ BangBang → BangBangTablesExt
    472.4 ms  ✓ BangBang → BangBangChainRulesCoreExt
    615.0 ms  ✓ MicroCollections
   5555.8 ms  ✓ StaticArrays
   2178.4 ms  ✓ Transducers
    524.5 ms  ✓ Adapt → AdaptStaticArraysExt
    553.0 ms  ✓ ConstructionBase → ConstructionBaseStaticArraysExt
    588.9 ms  ✓ StaticArrays → StaticArraysChainRulesCoreExt
    581.1 ms  ✓ StaticArrayInterface → StaticArrayInterfaceStaticArraysExt
    596.5 ms  ✓ Accessors → StaticArraysExt
    601.1 ms  ✓ BangBang → BangBangStaticArraysExt
    577.9 ms  ✓ Transducers → TransducersAdaptExt
    577.0 ms  ✓ Transducers → TransducersReferenceablesExt
   2476.5 ms  ✓ Folds
   9278.2 ms  ✓ IsApprox
  11286.8 ms  ✓ ArrayLayouts
   1098.7 ms  ✓ ArrayLayouts → ArrayLayoutsSparseArraysExt
   1922.2 ms  ✓ BlockArrays
    873.4 ms  ✓ BlockArrays → BlockArraysAdaptExt
   1202.0 ms  ✓ Transducers → TransducersBlockArraysExt
   3364.9 ms  ✓ NDTensors
   5686.6 ms  ✓ ITensors
   1784.5 ms  ✓ ITensors → ITensorsVectorInterfaceExt
  92 dependencies successfully precompiled in 40 seconds. 30 already precompiled.
Precompiling ITensorMPS...
   1637.0 ms  ✓ KrylovKit
   1543.0 ms  ? KrylovKit → KrylovKitChainRulesCoreExt
Info Given ITensorMPS was explicitly requested, output will be shown live [0K
[0K┌ Warning: Module ITensors with build ID fafbfcfd-b253-2c57-bb76-c0f5eeecb05a is missing from the cache.
[0K│ This may mean ITensors [9136182c-28ba-11e9-034c-db9fb085ebd5] does not support precompilation but is imported by a module that does.
[0K└ @ Base loading.jl:2541
    627.8 ms  ? ITensorMPS
    629.3 ms  ? ITensorMPS → ITensorMPSChainRulesCoreExt
  1 dependency successfully precompiled in 5 seconds. 122 already precompiled.
  3 dependencies failed but may be precompilable after restarting julia
  3 dependencies had output during precompilation:
┌ KrylovKit → KrylovKitChainRulesCoreExt
│  ┌ Warning: Module PackageExtensionCompat with build ID fafbfcfd-8ef0-68b8-d5eb-33626f9ae8d4 is missing from the cache.
│  │ This may mean PackageExtensionCompat [65ce6f38-6b18-4e1d-a461-8949797d7930] does not support precompilation but is imported by a module that does.
│  └ @ Base loading.jl:2541
└  
┌ ITensorMPS → ITensorMPSChainRulesCoreExt
│  ┌ Warning: Module ChainRulesCore with build ID fafbfcfd-dd4f-fa7f-78a6-b0fe11f95005 is missing from the cache.
│  │ This may mean ChainRulesCore [d360d2e6-b24c-11e9-a2a3-2a2ae2dbcce4] does not support precompilation but is imported by a module that does.
│  └ @ Base loading.jl:2541
└  
┌ ITensorMPS
│  [Output was shown above]
└  
┌ Warning: Module ITensors with build ID fafbfcfd-b253-2c57-bb76-c0f5eeecb05a is missing from the cache.
│ This may mean ITensors [9136182c-28ba-11e9-034c-db9fb085ebd5] does not support precompilation but is imported by a module that does.
└ @ Base loading.jl:2541
Precompiling KrylovKit...
    312.1 ms  ✓ PackageExtensionCompat
Info Given KrylovKit was explicitly requested, output will be shown live [0K
[0K┌ Warning: Module PackageExtensionCompat with build ID fafbfcfd-8ef0-68b8-d5eb-33626f9ae8d4 is missing from the cache.
[0K│ This may mean PackageExtensionCompat [65ce6f38-6b18-4e1d-a461-8949797d7930] does not support precompilation but is imported by a module that does.
[0K└ @ Base loading.jl:2541
    616.3 ms  ? KrylovKit
  1 dependency successfully precompiled in 1 seconds. 3 already precompiled.
  1 dependency precompiled but a different version is currently loaded. Restart julia to access the new version. Otherwise, loading dependents of this package may trigger further precompilation to work with the unexpected version.
  1 dependencies failed but may be precompilable after restarting julia
  1 dependency had output during precompilation:
┌ KrylovKit
│  [Output was shown above]
└  
┌ Warning: Module PackageExtensionCompat with build ID fafbfcfd-8ef0-68b8-d5eb-33626f9ae8d4 is missing from the cache.
│ This may mean PackageExtensionCompat [65ce6f38-6b18-4e1d-a461-8949797d7930] does not support precompilation but is imported by a module that does.
└ @ Base loading.jl:2541
Precompiling ITensorsVectorInterfaceExt...
    348.3 ms  ✓ DefineSingletons
    326.7 ms  ✓ DataValueInterfaces
    354.4 ms  ✓ ExternalDocstrings
    298.3 ms  ✓ IteratorInterfaceExtensions
    311.2 ms  ✓ IfElse
    329.1 ms  ✓ CommonWorldInvalidations
    381.7 ms  ✓ ExprTools
    361.7 ms  ✓ DataAPI
    357.9 ms  ✓ ArgCheck
    469.3 ms  ✓ HalfIntegers
    453.5 ms  ✓ InverseFunctions
    426.6 ms  ✓ ConstructionBase
    518.6 ms  ✓ DocStringExtensions
    555.1 ms  ✓ OrderedCollections
    604.9 ms  ✓ InlineStrings
    327.9 ms  ✓ CompositionsBase
    335.1 ms  ✓ Indexing
    356.9 ms  ✓ StaticArraysCore
    370.1 ms  ✓ SerializedElementArrays
    434.7 ms  ✓ TupleTools
    596.4 ms  ✓ BitIntegers
    432.2 ms  ✓ Requires
    955.0 ms  ✓ FillArrays
    475.5 ms  ✓ Zeros
    510.1 ms  ✓ Compat
    683.7 ms  ✓ Preferences
    749.5 ms  ? StridedViews
    862.0 ms  ✓ InitialValues
    628.9 ms  ? TableTraits
    631.4 ms  ? TimerOutputs
    628.0 ms  ? ThreadedScans
    400.8 ms  ✓ Adapt
    682.6 ms  ? InverseFunctions → InverseFunctionsDatesExt
   1029.9 ms  ✓ Baselet
    627.8 ms  ? ConstructionBase → ConstructionBaseLinearAlgebraExt
    682.2 ms  ? InverseFunctions → InverseFunctionsTestExt
    549.6 ms  ✓ FillArrays → FillArraysSparseArraysExt
    632.8 ms  ? CompositionsBase → CompositionsBaseInverseFunctionsExt
    642.3 ms  ? Dictionaries
    632.6 ms  ? Compat → CompatLinearAlgebraExt
    624.5 ms  ? PrecompileTools
    648.6 ms  ? Strided
    512.8 ms  ✓ ArrayInterface
    632.5 ms  ? Tables
    629.4 ms  ? Referenceables
    628.2 ms  ? Adapt → AdaptSparseArraysExt
   1808.6 ms  ✓ MacroTools
    Accessors Being precompiled by another machine (hostname: be-cpu05, pid: 146415, pidfile: /home/zoel_ml/.julia/compiled/v1.11/Accessors/XelUh_BPjBk.ji.pidfile)
    661.7 ms  ? SplitApplyCombine
    629.3 ms  ? Functors
    648.3 ms  ? ChainRulesCore
    495.7 ms  ✓ ArrayInterface → ArrayInterfaceSparseArraysExt
    622.7 ms  ? StaticArrays
    ArrayLayouts Being precompiled by another machine (hostname: be-cpu05, pid: 144471, pidfile: /home/zoel_ml/.julia/compiled/v1.11/ArrayLayouts/QloHc_BPjBk.ji.pidfile)
    661.0 ms  ? Static
    639.7 ms  ? ArrayInterface → ArrayInterfaceStaticArraysCoreExt
    645.6 ms  ? SimpleTraits
    657.1 ms  ? Setfield
    632.6 ms  ? ChainRulesCore → ChainRulesCoreSparseArraysExt
    636.7 ms  ? ArrayInterface → ArrayInterfaceChainRulesCoreExt
    637.8 ms  ? StaticArrays → StaticArraysChainRulesCoreExt
    635.0 ms  ? ConstructionBase → ConstructionBaseStaticArraysExt
    640.1 ms  ? Adapt → AdaptStaticArraysExt
    644.7 ms  ? StaticArrayInterface
    634.7 ms  ? TypeParameterAccessors
    629.3 ms  ? SplittablesBase
    853.6 ms  ? EllipsisNotation
    606.6 ms  ? TypeParameterAccessors → TypeParameterAccessorsFillArraysExt
    614.9 ms  ? TypeParameterAccessors → TypeParameterAccessorsStridedViewsExt
  10774.8 ms  ✓ Accessors
    607.7 ms  ? Accessors → LinearAlgebraExt
    611.3 ms  ? Accessors → TestExt
    610.9 ms  ? Accessors → StaticArraysExt
  10963.2 ms  ? StaticArrayInterface → StaticArrayInterfaceStaticArraysExt
    614.0 ms  ? BangBang
    619.3 ms  ? BangBang → BangBangChainRulesCoreExt
    614.2 ms  ? BangBang → BangBangStaticArraysExt
    610.7 ms  ? BangBang → BangBangTablesExt
    617.4 ms  ? MicroCollections
    603.4 ms  ? Transducers
    611.0 ms  ? Transducers → TransducersAdaptExt
    608.2 ms  ? Transducers → TransducersReferenceablesExt
  31705.0 ms  ✓ ArrayLayouts
    ArrayLayoutsSparseArraysExt Being precompiled by another machine (hostname: be-cpu05, pid: 144471, pidfile: /home/zoel_ml/.julia/compiled/v1.11/ArrayLayoutsSparseArraysExt/S7LmV_BPjBk.ji.pidfile)
    874.6 ms  ? BlockArrays
    TransducersBlockArraysExt Being precompiled by another machine (hostname: be-cpu05, pid: 144471, pidfile: /home/zoel_ml/.julia/compiled/v1.11/TransducersBlockArraysExt/tfAhP_BPjBk.ji.pidfile)
    609.3 ms  ? BlockArrays → BlockArraysAdaptExt
  31913.3 ms  ✓ ArrayLayouts → ArrayLayoutsSparseArraysExt
  60677.0 ms  ✓ Transducers → TransducersBlockArraysExt
Info Given ITensorsVectorInterfaceExt was explicitly requested, output will be shown live [0K
[0K┌ Warning: Module ITensors with build ID fafbfcfd-b253-2c57-bb76-c0f5eeecb05a is missing from the cache.
[0K│ This may mean ITensors [9136182c-28ba-11e9-034c-db9fb085ebd5] does not support precompilation but is imported by a module that does.
[0K└ @ Base loading.jl:2541
    722.3 ms  ? ITensors → ITensorsVectorInterfaceExt
  37 dependencies successfully precompiled in 98 seconds. 36 already precompiled.
  66 dependencies precompiled but different versions are currently loaded. Restart julia to access the new versions. Otherwise, loading dependents of these packages may trigger further precompilation to work with the unexpected versions.
  49 dependencies failed but may be precompilable after restarting julia
  53 dependencies had output during precompilation:
┌ Transducers → TransducersAdaptExt
│  ┌ Warning: Module Transducers with build ID fafbfcfd-bcbd-f71e-ad44-7578a8a407b7 is missing from the cache.
│  │ This may mean Transducers [28d57a85-8fef-5791-bfe6-a80928e7c999] does not support precompilation but is imported by a module that does.
│  └ @ Base loading.jl:2541
└  
┌ Referenceables
│  ┌ Warning: Module Adapt with build ID fafbfcfd-ec33-af1c-fe36-e96c6e8651c8 is missing from the cache.
│  │ This may mean Adapt [79e6a3ab-5dfb-504d-930d-738a2a938a0e] does not support precompilation but is imported by a module that does.
│  └ @ Base loading.jl:2541
└  
┌ Dictionaries
│  ┌ Warning: Module Indexing with build ID fafbfcfd-dc2e-dfb2-0b30-494423ca1de3 is missing from the cache.
│  │ This may mean Indexing [313cdc1a-70c2-5d6a-ae34-0150d3930a38] does not support precompilation but is imported by a module that does.
│  └ @ Base loading.jl:2541
└  
┌ MicroCollections
│  ┌ Warning: Module Accessors with build ID fafbfcfd-aed4-1e68-5953-6698fd649b3c is missing from the cache.
│  │ This may mean Accessors [7d9f7c33-5ae7-4f3b-8dc6-eff91059b697] does not support precompilation but is imported by a module that does.
│  └ @ Base loading.jl:2541
└  
┌ StridedViews
│  ┌ Warning: Module PackageExtensionCompat with build ID fafbfcfd-8ef0-68b8-d5eb-33626f9ae8d4 is missing from the cache.
│  │ This may mean PackageExtensionCompat [65ce6f38-6b18-4e1d-a461-8949797d7930] does not support precompilation but is imported by a module that does.
│  └ @ Base loading.jl:2541
└  
┌ TypeParameterAccessors → TypeParameterAccessorsFillArraysExt
│  ┌ Warning: Module TypeParameterAccessors with build ID fafbfcfd-bbaa-3c7b-4ff4-35c378a9e1ae is missing from the cache.
│  │ This may mean TypeParameterAccessors [7e5a90cf-f82e-492e-a09b-e3e26432c138] does not support precompilation but is imported by a module that does.
│  └ @ Base loading.jl:2541
└  
┌ SimpleTraits
│  ┌ Warning: Module MacroTools with build ID fafbfcfd-7577-4a72-730b-7f63cdd41908 is missing from the cache.
│  │ This may mean MacroTools [1914dd2f-81c6-5fcd-8719-6d5c9610ff09] does not support precompilation but is imported by a module that does.
│  └ @ Base loading.jl:2541
└  
┌ Functors
│  ┌ Warning: Module Compat with build ID fafbfcfd-7945-b3c8-8a5f-0170932a2c32 is missing from the cache.
│  │ This may mean Compat [34da2185-b29b-5c13-b0c7-acf172513d20] does not support precompilation but is imported by a module that does.
│  └ @ Base loading.jl:2541
└  
┌ Setfield
│  ┌ Warning: Module MacroTools with build ID fafbfcfd-7577-4a72-730b-7f63cdd41908 is missing from the cache.
│  │ This may mean MacroTools [1914dd2f-81c6-5fcd-8719-6d5c9610ff09] does not support precompilation but is imported by a module that does.
│  └ @ Base loading.jl:2541
└  
┌ Accessors → TestExt
│  ┌ Warning: Module Accessors with build ID fafbfcfd-aed4-1e68-5953-6698fd649b3c is missing from the cache.
│  │ This may mean Accessors [7d9f7c33-5ae7-4f3b-8dc6-eff91059b697] does not support precompilation but is imported by a module that does.
│  └ @ Base loading.jl:2541
└  
┌ BangBang
│  ┌ Warning: Module ConstructionBase with build ID fafbfcfd-60c3-fc1b-ae4d-65c37d12531e is missing from the cache.
│  │ This may mean ConstructionBase [187b0558-2788-49d3-abe0-74a17ed4e7c9] does not support precompilation but is imported by a module that does.
│  └ @ Base loading.jl:2541
└  
┌ StaticArrayInterface → StaticArrayInterfaceStaticArraysExt
│  ┌ Warning: Module PrecompileTools with build ID fafbfcfd-7f97-72f7-e893-e25dcc47849d is missing from the cache.
│  │ This may mean PrecompileTools [aea7be01-6a6a-4083-8856-8a6e6704d82a] does not support precompilation but is imported by a module that does.
│  └ @ Base loading.jl:2541
└  
┌ Compat → CompatLinearAlgebraExt
│  ┌ Warning: Module Compat with build ID fafbfcfd-7945-b3c8-8a5f-0170932a2c32 is missing from the cache.
│  │ This may mean Compat [34da2185-b29b-5c13-b0c7-acf172513d20] does not support precompilation but is imported by a module that does.
│  └ @ Base loading.jl:2541
└  
┌ SplittablesBase
│  ┌ Warning: Module Setfield with build ID fafbfcfd-9371-e0f5-79d5-01684322c259 is missing from the cache.
│  │ This may mean Setfield [efcf1570-3423-57d1-acb7-fd33fddbac46] does not support precompilation but is imported by a module that does.
│  └ @ Base loading.jl:2541
└  
┌ TypeParameterAccessors → TypeParameterAccessorsStridedViewsExt
│  ┌ Warning: Module StridedViews with build ID fafbfcfd-6db6-c29a-fdfd-476cb00b9f2b is missing from the cache.
│  │ This may mean StridedViews [4db3bf67-4bd7-4b4e-b153-31dc3fb37143] does not support precompilation but is imported by a module that does.
│  └ @ Base loading.jl:2541
└  
┌ BangBang → BangBangStaticArraysExt
│  ┌ Warning: Module BangBang with build ID fafbfcfd-f194-4ddf-6bf3-1f5ea48f9f6b is missing from the cache.
│  │ This may mean BangBang [198e06fe-97b7-11e9-32a5-e1d131e6ad66] does not support precompilation but is imported by a module that does.
│  └ @ Base loading.jl:2541
└  
┌ BangBang → BangBangTablesExt
│  ┌ Warning: Module BangBang with build ID fafbfcfd-f194-4ddf-6bf3-1f5ea48f9f6b is missing from the cache.
│  │ This may mean BangBang [198e06fe-97b7-11e9-32a5-e1d131e6ad66] does not support precompilation but is imported by a module that does.
│  └ @ Base loading.jl:2541
└  
┌ ITensors → ITensorsVectorInterfaceExt
│  [Output was shown above]
└  
┌ Transducers → TransducersReferenceablesExt
│  ┌ Warning: Module Transducers with build ID fafbfcfd-bcbd-f71e-ad44-7578a8a407b7 is missing from the cache.
│  │ This may mean Transducers [28d57a85-8fef-5791-bfe6-a80928e7c999] does not support precompilation but is imported by a module that does.
│  └ @ Base loading.jl:2541
└  
┌ ConstructionBase → ConstructionBaseLinearAlgebraExt
│  ┌ Warning: Module ConstructionBase with build ID fafbfcfd-60c3-fc1b-ae4d-65c37d12531e is missing from the cache.
│  │ This may mean ConstructionBase [187b0558-2788-49d3-abe0-74a17ed4e7c9] does not support precompilation but is imported by a module that does.
│  └ @ Base loading.jl:2541
└  
┌ ChainRulesCore → ChainRulesCoreSparseArraysExt
│  ┌ Warning: Module ChainRulesCore with build ID fafbfcfd-dd4f-fa7f-78a6-b0fe11f95005 is missing from the cache.
│  │ This may mean ChainRulesCore [d360d2e6-b24c-11e9-a2a3-2a2ae2dbcce4] does not support precompilation but is imported by a module that does.
│  └ @ Base loading.jl:2541
└  
┌ StaticArrays
│  ┌ Warning: Module PrecompileTools with build ID fafbfcfd-7f97-72f7-e893-e25dcc47849d is missing from the cache.
│  │ This may mean PrecompileTools [aea7be01-6a6a-4083-8856-8a6e6704d82a] does not support precompilation but is imported by a module that does.
│  └ @ Base loading.jl:2541
└  
┌ StaticArrayInterface
│  ┌ Warning: Module PrecompileTools with build ID fafbfcfd-7f97-72f7-e893-e25dcc47849d is missing from the cache.
│  │ This may mean PrecompileTools [aea7be01-6a6a-4083-8856-8a6e6704d82a] does not support precompilation but is imported by a module that does.
│  └ @ Base loading.jl:2541
└  
┌ ThreadedScans
│  ┌ Warning: Module ArgCheck with build ID fafbfcfd-5ef1-6cc8-6924-c45eff7754a5 is missing from the cache.
│  │ This may mean ArgCheck [dce04be8-c92d-5529-be00-80e4d2c0e197] does not support precompilation but is imported by a module that does.
│  └ @ Base loading.jl:2541
└  
┌ Adapt → AdaptStaticArraysExt
│  ┌ Warning: Module Adapt with build ID fafbfcfd-ec33-af1c-fe36-e96c6e8651c8 is missing from the cache.
│  │ This may mean Adapt [79e6a3ab-5dfb-504d-930d-738a2a938a0e] does not support precompilation but is imported by a module that does.
│  └ @ Base loading.jl:2541
└  
┌ StaticArrays → StaticArraysChainRulesCoreExt
│  ┌ Warning: Module StaticArrays with build ID fafbfcfd-2586-2357-5ca4-53af72890335 is missing from the cache.
│  │ This may mean StaticArrays [90137ffa-7385-5640-81b9-e52037218182] does not support precompilation but is imported by a module that does.
│  └ @ Base loading.jl:2541
└  
┌ CompositionsBase → CompositionsBaseInverseFunctionsExt
│  ┌ Warning: Module CompositionsBase with build ID fafbfcfd-cd5c-08ee-ddb7-95d4bf46db47 is missing from the cache.
│  │ This may mean CompositionsBase [a33af91c-f02d-484b-be07-31d278c5ca2b] does not support precompilation but is imported by a module that does.
│  └ @ Base loading.jl:2541
└  
┌ Accessors
│  ┌ Warning: Module MacroTools with build ID fafbfcfd-7577-4a72-730b-7f63cdd41908 is missing from the cache.
│  │ This may mean MacroTools [1914dd2f-81c6-5fcd-8719-6d5c9610ff09] does not support precompilation but is imported by a module that does.
│  └ @ Base loading.jl:2541
└  
┌ TypeParameterAccessors
│  ┌ Warning: Module SimpleTraits with build ID fafbfcfd-4c10-ce41-9067-5bde0aa6b46d is missing from the cache.
│  │ This may mean SimpleTraits [699a6c99-e7fa-54fc-8d76-47d257e15c1d] does not support precompilation but is imported by a module that does.
│  └ @ Base loading.jl:2541
└  
┌ Adapt → AdaptSparseArraysExt
│  ┌ Warning: Module Adapt with build ID fafbfcfd-ec33-af1c-fe36-e96c6e8651c8 is missing from the cache.
│  │ This may mean Adapt [79e6a3ab-5dfb-504d-930d-738a2a938a0e] does not support precompilation but is imported by a module that does.
│  └ @ Base loading.jl:2541
└  
┌ ConstructionBase → ConstructionBaseStaticArraysExt
│  ┌ Warning: Module ConstructionBase with build ID fafbfcfd-60c3-fc1b-ae4d-65c37d12531e is missing from the cache.
│  │ This may mean ConstructionBase [187b0558-2788-49d3-abe0-74a17ed4e7c9] does not support precompilation but is imported by a module that does.
│  └ @ Base loading.jl:2541
└  
┌ Accessors → StaticArraysExt
│  ┌ Warning: Module StaticArrays with build ID fafbfcfd-2586-2357-5ca4-53af72890335 is missing from the cache.
│  │ This may mean StaticArrays [90137ffa-7385-5640-81b9-e52037218182] does not support precompilation but is imported by a module that does.
│  └ @ Base loading.jl:2541
└  
┌ TimerOutputs
│  ┌ Warning: Module ExprTools with build ID fafbfcfd-c0a4-b2fd-eafb-286f6320e8c5 is missing from the cache.
│  │ This may mean ExprTools [e2ba6199-217a-4e67-a87a-7c52f15ade04] does not support precompilation but is imported by a module that does.
│  └ @ Base loading.jl:2541
└  
┌ Tables
│  ┌ Warning: Module DataValueInterfaces with build ID fafbfcfd-3768-a38c-e342-3c1ea4e301dc is missing from the cache.
│  │ This may mean DataValueInterfaces [e2d170a0-9d28-54be-80f0-106bbe20a464] does not support precompilation but is imported by a module that does.
│  └ @ Base loading.jl:2541
└  
┌ SplitApplyCombine
│  ┌ Warning: Module Indexing with build ID fafbfcfd-dc2e-dfb2-0b30-494423ca1de3 is missing from the cache.
│  │ This may mean Indexing [313cdc1a-70c2-5d6a-ae34-0150d3930a38] does not support precompilation but is imported by a module that does.
│  └ @ Base loading.jl:2541
└  
┌ Strided
│  ┌ Warning: Module TupleTools with build ID fafbfcfd-207f-4780-6026-10cb722f16e2 is missing from the cache.
│  │ This may mean TupleTools [9d95972d-f1c8-5527-a6e0-b4b365fa01f6] does not support precompilation but is imported by a module that does.
│  └ @ Base loading.jl:2541
└  
┌ ArrayLayouts
│  ┌ Warning: Module StaticArrays with build ID fafbfcfd-2586-2357-5ca4-53af72890335 is missing from the cache.
│  │ This may mean StaticArrays [90137ffa-7385-5640-81b9-e52037218182] does not support precompilation but is imported by a module that does.
│  └ @ Base loading.jl:2541
└  
┌ EllipsisNotation
│  ┌ Warning: Module PrecompileTools with build ID fafbfcfd-7f97-72f7-e893-e25dcc47849d is missing from the cache.
│  │ This may mean PrecompileTools [aea7be01-6a6a-4083-8856-8a6e6704d82a] does not support precompilation but is imported by a module that does.
│  └ @ Base loading.jl:2541
└  
┌ Transducers
│  ┌ Warning: Module Accessors with build ID fafbfcfd-aed4-1e68-5953-6698fd649b3c is missing from the cache.
│  │ This may mean Accessors [7d9f7c33-5ae7-4f3b-8dc6-eff91059b697] does not support precompilation but is imported by a module that does.
│  └ @ Base loading.jl:2541
└  
┌ ArrayLayouts → ArrayLayoutsSparseArraysExt
│  ┌ Warning: Module StaticArrays with build ID fafbfcfd-2586-2357-5ca4-53af72890335 is missing from the cache.
│  │ This may mean StaticArrays [90137ffa-7385-5640-81b9-e52037218182] does not support precompilation but is imported by a module that does.
│  └ @ Base loading.jl:2541
└  
┌ PrecompileTools
│  ┌ Warning: Module Preferences with build ID fafbfcfd-6772-5078-5485-b7a9c6287381 is missing from the cache.
│  │ This may mean Preferences [21216c6a-2e73-6563-6e65-726566657250] does not support precompilation but is imported by a module that does.
│  └ @ Base loading.jl:2541
└  
┌ Accessors → LinearAlgebraExt
│  ┌ Warning: Module Accessors with build ID fafbfcfd-aed4-1e68-5953-6698fd649b3c is missing from the cache.
│  │ This may mean Accessors [7d9f7c33-5ae7-4f3b-8dc6-eff91059b697] does not support precompilation but is imported by a module that does.
│  └ @ Base loading.jl:2541
└  
┌ TableTraits
│  ┌ Warning: Module IteratorInterfaceExtensions with build ID fafbfcfd-5ccc-abf6-6e79-b0707d7157a2 is missing from the cache.
│  │ This may mean IteratorInterfaceExtensions [82899510-4779-5014-852e-03e436cf321d] does not support precompilation but is imported by a module that does.
│  └ @ Base loading.jl:2541
└  
┌ ArrayInterface → ArrayInterfaceStaticArraysCoreExt
│  ┌ Warning: Module StaticArraysCore with build ID fafbfcfd-1ab5-cb5a-1011-c179fc405fe7 is missing from the cache.
│  │ This may mean StaticArraysCore [1e83bf80-4336-4d27-bf5d-d5a4f845583c] does not support precompilation but is imported by a module that does.
│  └ @ Base loading.jl:2541
└  
┌ BlockArrays
│  ┌ Warning: Module StaticArrays with build ID fafbfcfd-2586-2357-5ca4-53af72890335 is missing from the cache.
│  │ This may mean StaticArrays [90137ffa-7385-5640-81b9-e52037218182] does not support precompilation but is imported by a module that does.
│  └ @ Base loading.jl:2541
└  
┌ InverseFunctions → InverseFunctionsTestExt
│  ┌ Warning: Module InverseFunctions with build ID fafbfcfd-0d9f-bbf9-e2e2-a1f0aeef8433 is missing from the cache.
│  │ This may mean InverseFunctions [3587e190-3f89-42d0-90ee-14403ec27112] does not support precompilation but is imported by a module that does.
│  └ @ Base loading.jl:2541
└  
┌ Transducers → TransducersBlockArraysExt
│  ┌ Warning: Module Transducers with build ID fafbfcfd-bcbd-f71e-ad44-7578a8a407b7 is missing from the cache.
│  │ This may mean Transducers [28d57a85-8fef-5791-bfe6-a80928e7c999] does not support precompilation but is imported by a module that does.
│  └ @ Base loading.jl:2541
└  
┌ ChainRulesCore
│  ┌ Warning: Module Compat with build ID fafbfcfd-7945-b3c8-8a5f-0170932a2c32 is missing from the cache.
│  │ This may mean Compat [34da2185-b29b-5c13-b0c7-acf172513d20] does not support precompilation but is imported by a module that does.
│  └ @ Base loading.jl:2541
└  
┌ InverseFunctions → InverseFunctionsDatesExt
│  ┌ Warning: Module InverseFunctions with build ID fafbfcfd-0d9f-bbf9-e2e2-a1f0aeef8433 is missing from the cache.
│  │ This may mean InverseFunctions [3587e190-3f89-42d0-90ee-14403ec27112] does not support precompilation but is imported by a module that does.
│  └ @ Base loading.jl:2541
└  
┌ ArrayInterface → ArrayInterfaceChainRulesCoreExt
│  ┌ Warning: Module ChainRulesCore with build ID fafbfcfd-dd4f-fa7f-78a6-b0fe11f95005 is missing from the cache.
│  │ This may mean ChainRulesCore [d360d2e6-b24c-11e9-a2a3-2a2ae2dbcce4] does not support precompilation but is imported by a module that does.
│  └ @ Base loading.jl:2541
└  
┌ BlockArrays → BlockArraysAdaptExt
│  ┌ Warning: Module Adapt with build ID fafbfcfd-ec33-af1c-fe36-e96c6e8651c8 is missing from the cache.
│  │ This may mean Adapt [79e6a3ab-5dfb-504d-930d-738a2a938a0e] does not support precompilation but is imported by a module that does.
│  └ @ Base loading.jl:2541
└  
┌ Static
│  ┌ Warning: Module PrecompileTools with build ID fafbfcfd-7f97-72f7-e893-e25dcc47849d is missing from the cache.
│  │ This may mean PrecompileTools [aea7be01-6a6a-4083-8856-8a6e6704d82a] does not support precompilation but is imported by a module that does.
│  └ @ Base loading.jl:2541
└  
┌ BangBang → BangBangChainRulesCoreExt
│  ┌ Warning: Module BangBang with build ID fafbfcfd-f194-4ddf-6bf3-1f5ea48f9f6b is missing from the cache.
│  │ This may mean BangBang [198e06fe-97b7-11e9-32a5-e1d131e6ad66] does not support precompilation but is imported by a module that does.
│  └ @ Base loading.jl:2541
└  
┌ Warning: Module ITensors with build ID fafbfcfd-b253-2c57-bb76-c0f5eeecb05a is missing from the cache.
│ This may mean ITensors [9136182c-28ba-11e9-034c-db9fb085ebd5] does not support precompilation but is imported by a module that does.
└ @ Base loading.jl:2541
Precompiling KrylovKitChainRulesCoreExt...
    611.7 ms  ? Compat → CompatLinearAlgebraExt
    621.0 ms  ? KrylovKit
    608.5 ms  ? ChainRulesCore
Info Given KrylovKitChainRulesCoreExt was explicitly requested, output will be shown live [0K
[0K┌ Warning: Module KrylovKit with build ID ffffffff-ffff-ffff-4d28-60ccb8acfde8 is missing from the cache.
[0K│ This may mean KrylovKit [0b1a1467-8014-51b9-945f-bf0ae24f4b77] does not support precompilation but is imported by a module that does.
[0K└ @ Base loading.jl:2541
    612.6 ms  ? KrylovKit → KrylovKitChainRulesCoreExt
┌ Warning: Module KrylovKit with build ID ffffffff-ffff-ffff-4d28-60ccb8acfde8 is missing from the cache.
│ This may mean KrylovKit [0b1a1467-8014-51b9-945f-bf0ae24f4b77] does not support precompilation but is imported by a module that does.
└ @ Base loading.jl:2541
Precompiling ITensorMPSChainRulesCoreExt...
    551.7 ms  ✓ IteratorInterfaceExtensions
   1723.4 ms  ✓ FillArrays
   1331.0 ms  ✓ DataValueInterfaces
   1355.2 ms  ✓ DefineSingletons
   1344.8 ms  ✓ ExternalDocstrings
   1472.2 ms  ✓ InverseFunctions
   1463.9 ms  ✓ ConstructionBase
   1455.2 ms  ✓ DataAPI
   1451.9 ms  ✓ ArgCheck
   1444.6 ms  ✓ CompositionsBase
   1437.4 ms  ✓ Indexing
   1450.2 ms  ? TimerOutputs
   1726.0 ms  ✓ OrderedCollections
   1700.2 ms  ✓ InlineStrings
   1667.2 ms  ✓ InitialValues
    StridedViews Being precompiled by another machine (hostname: be-cpu05, pid: 148011, pidfile: /home/zoel_ml/.julia/compiled/v1.11/StridedViews/LJ3QO_BPjBk.ji.pidfile)
   2008.9 ms  ✓ MacroTools
    616.0 ms  ✓ StaticArraysCore
    638.2 ms  ✓ Requires
    527.1 ms  ✓ Compat
    556.5 ms  ✓ FillArrays → FillArraysSparseArraysExt
    631.8 ms  ? TableTraits
    670.2 ms  ? KrylovKit
    953.3 ms  ✓ Preferences
    938.9 ms  ? InverseFunctions → InverseFunctionsDatesExt
    924.0 ms  ? InverseFunctions → InverseFunctionsTestExt
    917.4 ms  ? ConstructionBase → ConstructionBaseLinearAlgebraExt
    914.1 ms  ? ThreadedScans
    911.1 ms  ? CompositionsBase → CompositionsBaseInverseFunctionsExt
    907.9 ms  ? Dictionaries
    725.4 ms  ? SimpleTraits
   1243.9 ms  ✓ Baselet
    594.9 ms  ✓ Adapt
    649.1 ms  ? Compat → CompatLinearAlgebraExt
    631.2 ms  ? Tables
    622.0 ms  ? PrecompileTools
    647.2 ms  ? Setfield
    648.8 ms  ? Accessors
    645.5 ms  ? SplitApplyCombine
    628.2 ms  ? Adapt → AdaptSparseArraysExt
    657.6 ms  ? TypeParameterAccessors
    652.4 ms  ? Referenceables
    628.4 ms  ? Functors
    643.1 ms  ? ArrayInterface → ArrayInterfaceStaticArraysCoreExt
    637.5 ms  ? ChainRulesCore
    622.3 ms  ? IsApprox
    644.6 ms  ? StaticArrays
    639.1 ms  ? Static
    624.2 ms  ? SplittablesBase
    641.0 ms  ? Accessors → TestExt
    646.3 ms  ? Accessors → LinearAlgebraExt
    626.6 ms  ? ChainRulesCore → ChainRulesCoreSparseArraysExt
    643.5 ms  ? TypeParameterAccessors → TypeParameterAccessorsFillArraysExt
    639.6 ms  ? KrylovKit → KrylovKitChainRulesCoreExt
    643.6 ms  ? ArrayInterface → ArrayInterfaceChainRulesCoreExt
    607.7 ms  ? Accessors → StaticArraysExt
    631.0 ms  ? StaticArrays → StaticArraysChainRulesCoreExt
    624.1 ms  ? ConstructionBase → ConstructionBaseStaticArraysExt
    626.0 ms  ? Adapt → AdaptStaticArraysExt
    619.5 ms  ? StaticArrayInterface
    617.7 ms  ? BangBang
    672.9 ms  ? ArrayLayouts
    639.4 ms  ? BangBang → BangBangChainRulesCoreExt
    635.5 ms  ? BangBang → BangBangStaticArraysExt
    638.8 ms  ? BangBang → BangBangTablesExt
    642.1 ms  ? MicroCollections
    851.9 ms  ? EllipsisNotation
    852.7 ms  ? BlockArrays
    618.4 ms  ? Transducers
    612.4 ms  ? BlockArrays → BlockArraysAdaptExt
    609.9 ms  ? Transducers → TransducersBlockArraysExt
    610.3 ms  ? Transducers → TransducersAdaptExt
    613.0 ms  ? Transducers → TransducersReferenceablesExt
    614.9 ms  ? Folds
  10869.9 ms  ✓ StridedViews
    611.3 ms  ? Strided
    612.9 ms  ? TypeParameterAccessors → TypeParameterAccessorsStridedViewsExt
  10970.2 ms  ? StaticArrayInterface → StaticArrayInterfaceStaticArraysExt
  10998.0 ms  ? ArrayLayouts → ArrayLayoutsSparseArraysExt
    632.9 ms  ? ITensors → ITensorsVectorInterfaceExt
    617.6 ms  ? ITensorMPS
Info Given ITensorMPSChainRulesCoreExt was explicitly requested, output will be shown live [0K
[0K┌ Warning: Module ChainRulesCore with build ID fafbfcfd-dd4f-fa7f-78a6-b0fe11f95005 is missing from the cache.
[0K│ This may mean ChainRulesCore [d360d2e6-b24c-11e9-a2a3-2a2ae2dbcce4] does not support precompilation but is imported by a module that does.
[0K└ @ Base loading.jl:2541
    615.6 ms  ? ITensorMPS → ITensorMPSChainRulesCoreExt
  23 dependencies successfully precompiled in 19 seconds. 45 already precompiled.
  66 dependencies precompiled but different versions are currently loaded. Restart julia to access the new versions. Otherwise, loading dependents of these packages may trigger further precompilation to work with the unexpected versions.
  58 dependencies failed but may be precompilable after restarting julia
  59 dependencies had output during precompilation:
┌ Transducers → TransducersAdaptExt
│  ┌ Warning: Module Transducers with build ID fafbfcfd-bcbd-f71e-ad44-7578a8a407b7 is missing from the cache.
│  │ This may mean Transducers [28d57a85-8fef-5791-bfe6-a80928e7c999] does not support precompilation but is imported by a module that does.
│  └ @ Base loading.jl:2541
└  
┌ Referenceables
│  ┌ Warning: Module Adapt with build ID fafbfcfd-ec33-af1c-fe36-e96c6e8651c8 is missing from the cache.
│  │ This may mean Adapt [79e6a3ab-5dfb-504d-930d-738a2a938a0e] does not support precompilation but is imported by a module that does.
│  └ @ Base loading.jl:2541
└  
┌ Dictionaries
│  ┌ Warning: Module Indexing with build ID fafbfcfd-dc2e-dfb2-0b30-494423ca1de3 is missing from the cache.
│  │ This may mean Indexing [313cdc1a-70c2-5d6a-ae34-0150d3930a38] does not support precompilation but is imported by a module that does.
│  └ @ Base loading.jl:2541
└  
┌ MicroCollections
│  ┌ Warning: Module Accessors with build ID fafbfcfd-aed4-1e68-5953-6698fd649b3c is missing from the cache.
│  │ This may mean Accessors [7d9f7c33-5ae7-4f3b-8dc6-eff91059b697] does not support precompilation but is imported by a module that does.
│  └ @ Base loading.jl:2541
└  
┌ StridedViews
│  ┌ Warning: Module PackageExtensionCompat with build ID fafbfcfd-8ef0-68b8-d5eb-33626f9ae8d4 is missing from the cache.
│  │ This may mean PackageExtensionCompat [65ce6f38-6b18-4e1d-a461-8949797d7930] does not support precompilation but is imported by a module that does.
│  └ @ Base loading.jl:2541
└  
┌ TypeParameterAccessors → TypeParameterAccessorsFillArraysExt
│  ┌ Warning: Module TypeParameterAccessors with build ID fafbfcfd-bbaa-3c7b-4ff4-35c378a9e1ae is missing from the cache.
│  │ This may mean TypeParameterAccessors [7e5a90cf-f82e-492e-a09b-e3e26432c138] does not support precompilation but is imported by a module that does.
│  └ @ Base loading.jl:2541
└  
┌ SimpleTraits
│  ┌ Warning: Module MacroTools with build ID fafbfcfd-7577-4a72-730b-7f63cdd41908 is missing from the cache.
│  │ This may mean MacroTools [1914dd2f-81c6-5fcd-8719-6d5c9610ff09] does not support precompilation but is imported by a module that does.
│  └ @ Base loading.jl:2541
└  
┌ Functors
│  ┌ Warning: Module Compat with build ID fafbfcfd-7945-b3c8-8a5f-0170932a2c32 is missing from the cache.
│  │ This may mean Compat [34da2185-b29b-5c13-b0c7-acf172513d20] does not support precompilation but is imported by a module that does.
│  └ @ Base loading.jl:2541
└  
┌ Setfield
│  ┌ Warning: Module MacroTools with build ID fafbfcfd-7577-4a72-730b-7f63cdd41908 is missing from the cache.
│  │ This may mean MacroTools [1914dd2f-81c6-5fcd-8719-6d5c9610ff09] does not support precompilation but is imported by a module that does.
│  └ @ Base loading.jl:2541
└  
┌ KrylovKit → KrylovKitChainRulesCoreExt
│  ┌ Warning: Module KrylovKit with build ID ffffffff-ffff-ffff-4d28-60ccb8acfde8 is missing from the cache.
│  │ This may mean KrylovKit [0b1a1467-8014-51b9-945f-bf0ae24f4b77] does not support precompilation but is imported by a module that does.
│  └ @ Base loading.jl:2541
└  
┌ BangBang
│  ┌ Warning: Module ConstructionBase with build ID fafbfcfd-60c3-fc1b-ae4d-65c37d12531e is missing from the cache.
│  │ This may mean ConstructionBase [187b0558-2788-49d3-abe0-74a17ed4e7c9] does not support precompilation but is imported by a module that does.
│  └ @ Base loading.jl:2541
└  
┌ Accessors → TestExt
│  ┌ Warning: Module Accessors with build ID fafbfcfd-aed4-1e68-5953-6698fd649b3c is missing from the cache.
│  │ This may mean Accessors [7d9f7c33-5ae7-4f3b-8dc6-eff91059b697] does not support precompilation but is imported by a module that does.
│  └ @ Base loading.jl:2541
└  
┌ IsApprox
│  ┌ Warning: Module PrecompileTools with build ID fafbfcfd-7f97-72f7-e893-e25dcc47849d is missing from the cache.
│  │ This may mean PrecompileTools [aea7be01-6a6a-4083-8856-8a6e6704d82a] does not support precompilation but is imported by a module that does.
│  └ @ Base loading.jl:2541
└  
┌ StaticArrayInterface → StaticArrayInterfaceStaticArraysExt
│  ┌ Warning: Module PrecompileTools with build ID fafbfcfd-7f97-72f7-e893-e25dcc47849d is missing from the cache.
│  │ This may mean PrecompileTools [aea7be01-6a6a-4083-8856-8a6e6704d82a] does not support precompilation but is imported by a module that does.
│  └ @ Base loading.jl:2541
└  
┌ Compat → CompatLinearAlgebraExt
│  ┌ Warning: Module Compat with build ID fafbfcfd-7945-b3c8-8a5f-0170932a2c32 is missing from the cache.
│  │ This may mean Compat [34da2185-b29b-5c13-b0c7-acf172513d20] does not support precompilation but is imported by a module that does.
│  └ @ Base loading.jl:2541
└  
┌ SplittablesBase
│  ┌ Warning: Module Setfield with build ID fafbfcfd-9371-e0f5-79d5-01684322c259 is missing from the cache.
│  │ This may mean Setfield [efcf1570-3423-57d1-acb7-fd33fddbac46] does not support precompilation but is imported by a module that does.
│  └ @ Base loading.jl:2541
└  
┌ BangBang → BangBangStaticArraysExt
│  ┌ Warning: Module BangBang with build ID fafbfcfd-f194-4ddf-6bf3-1f5ea48f9f6b is missing from the cache.
│  │ This may mean BangBang [198e06fe-97b7-11e9-32a5-e1d131e6ad66] does not support precompilation but is imported by a module that does.
│  └ @ Base loading.jl:2541
└  
┌ BangBang → BangBangTablesExt
│  ┌ Warning: Module BangBang with build ID fafbfcfd-f194-4ddf-6bf3-1f5ea48f9f6b is missing from the cache.
│  │ This may mean BangBang [198e06fe-97b7-11e9-32a5-e1d131e6ad66] does not support precompilation but is imported by a module that does.
│  └ @ Base loading.jl:2541
└  
┌ TypeParameterAccessors → TypeParameterAccessorsStridedViewsExt
│  ┌ Warning: Module StridedViews with build ID fafbfcfd-6db6-c29a-fdfd-476cb00b9f2b is missing from the cache.
│  │ This may mean StridedViews [4db3bf67-4bd7-4b4e-b153-31dc3fb37143] does not support precompilation but is imported by a module that does.
│  └ @ Base loading.jl:2541
└  
┌ ITensors → ITensorsVectorInterfaceExt
│  ┌ Warning: Module ITensors with build ID fafbfcfd-b253-2c57-bb76-c0f5eeecb05a is missing from the cache.
│  │ This may mean ITensors [9136182c-28ba-11e9-034c-db9fb085ebd5] does not support precompilation but is imported by a module that does.
│  └ @ Base loading.jl:2541
└  
┌ Transducers → TransducersReferenceablesExt
│  ┌ Warning: Module Transducers with build ID fafbfcfd-bcbd-f71e-ad44-7578a8a407b7 is missing from the cache.
│  │ This may mean Transducers [28d57a85-8fef-5791-bfe6-a80928e7c999] does not support precompilation but is imported by a module that does.
│  └ @ Base loading.jl:2541
└  
┌ ConstructionBase → ConstructionBaseLinearAlgebraExt
│  ┌ Warning: Module ConstructionBase with build ID fafbfcfd-60c3-fc1b-ae4d-65c37d12531e is missing from the cache.
│  │ This may mean ConstructionBase [187b0558-2788-49d3-abe0-74a17ed4e7c9] does not support precompilation but is imported by a module that does.
│  └ @ Base loading.jl:2541
└  
┌ ChainRulesCore → ChainRulesCoreSparseArraysExt
│  ┌ Warning: Module ChainRulesCore with build ID fafbfcfd-dd4f-fa7f-78a6-b0fe11f95005 is missing from the cache.
│  │ This may mean ChainRulesCore [d360d2e6-b24c-11e9-a2a3-2a2ae2dbcce4] does not support precompilation but is imported by a module that does.
│  └ @ Base loading.jl:2541
└  
┌ StaticArrays
│  ┌ Warning: Module PrecompileTools with build ID fafbfcfd-7f97-72f7-e893-e25dcc47849d is missing from the cache.
│  │ This may mean PrecompileTools [aea7be01-6a6a-4083-8856-8a6e6704d82a] does not support precompilation but is imported by a module that does.
│  └ @ Base loading.jl:2541
└  
┌ StaticArrayInterface
│  ┌ Warning: Module PrecompileTools with build ID fafbfcfd-7f97-72f7-e893-e25dcc47849d is missing from the cache.
│  │ This may mean PrecompileTools [aea7be01-6a6a-4083-8856-8a6e6704d82a] does not support precompilation but is imported by a module that does.
│  └ @ Base loading.jl:2541
└  
┌ ThreadedScans
│  ┌ Warning: Module ArgCheck with build ID fafbfcfd-5ef1-6cc8-6924-c45eff7754a5 is missing from the cache.
│  │ This may mean ArgCheck [dce04be8-c92d-5529-be00-80e4d2c0e197] does not support precompilation but is imported by a module that does.
│  └ @ Base loading.jl:2541
└  
┌ Adapt → AdaptStaticArraysExt
│  ┌ Warning: Module Adapt with build ID fafbfcfd-ec33-af1c-fe36-e96c6e8651c8 is missing from the cache.
│  │ This may mean Adapt [79e6a3ab-5dfb-504d-930d-738a2a938a0e] does not support precompilation but is imported by a module that does.
│  └ @ Base loading.jl:2541
└  
┌ StaticArrays → StaticArraysChainRulesCoreExt
│  ┌ Warning: Module StaticArrays with build ID fafbfcfd-2586-2357-5ca4-53af72890335 is missing from the cache.
│  │ This may mean StaticArrays [90137ffa-7385-5640-81b9-e52037218182] does not support precompilation but is imported by a module that does.
│  └ @ Base loading.jl:2541
└  
┌ CompositionsBase → CompositionsBaseInverseFunctionsExt
│  ┌ Warning: Module CompositionsBase with build ID fafbfcfd-cd5c-08ee-ddb7-95d4bf46db47 is missing from the cache.
│  │ This may mean CompositionsBase [a33af91c-f02d-484b-be07-31d278c5ca2b] does not support precompilation but is imported by a module that does.
│  └ @ Base loading.jl:2541
└  
┌ Folds
│  ┌ Warning: Module Transducers with build ID fafbfcfd-bcbd-f71e-ad44-7578a8a407b7 is missing from the cache.
│  │ This may mean Transducers [28d57a85-8fef-5791-bfe6-a80928e7c999] does not support precompilation but is imported by a module that does.
│  └ @ Base loading.jl:2541
└  
┌ ITensorMPS → ITensorMPSChainRulesCoreExt
│  [Output was shown above]
└  
┌ Accessors
│  ┌ Warning: Module MacroTools with build ID fafbfcfd-7577-4a72-730b-7f63cdd41908 is missing from the cache.
│  │ This may mean MacroTools [1914dd2f-81c6-5fcd-8719-6d5c9610ff09] does not support precompilation but is imported by a module that does.
│  └ @ Base loading.jl:2541
└  
┌ TypeParameterAccessors
│  ┌ Warning: Module SimpleTraits with build ID fafbfcfd-4c10-ce41-9067-5bde0aa6b46d is missing from the cache.
│  │ This may mean SimpleTraits [699a6c99-e7fa-54fc-8d76-47d257e15c1d] does not support precompilation but is imported by a module that does.
│  └ @ Base loading.jl:2541
└  
┌ Adapt → AdaptSparseArraysExt
│  ┌ Warning: Module Adapt with build ID fafbfcfd-ec33-af1c-fe36-e96c6e8651c8 is missing from the cache.
│  │ This may mean Adapt [79e6a3ab-5dfb-504d-930d-738a2a938a0e] does not support precompilation but is imported by a module that does.
│  └ @ Base loading.jl:2541
└  
┌ ConstructionBase → ConstructionBaseStaticArraysExt
│  ┌ Warning: Module ConstructionBase with build ID fafbfcfd-60c3-fc1b-ae4d-65c37d12531e is missing from the cache.
│  │ This may mean ConstructionBase [187b0558-2788-49d3-abe0-74a17ed4e7c9] does not support precompilation but is imported by a module that does.
│  └ @ Base loading.jl:2541
└  
┌ Accessors → StaticArraysExt
│  ┌ Warning: Module StaticArrays with build ID fafbfcfd-2586-2357-5ca4-53af72890335 is missing from the cache.
│  │ This may mean StaticArrays [90137ffa-7385-5640-81b9-e52037218182] does not support precompilation but is imported by a module that does.
│  └ @ Base loading.jl:2541
└  
┌ TimerOutputs
│  ┌ Warning: Module ExprTools with build ID fafbfcfd-c0a4-b2fd-eafb-286f6320e8c5 is missing from the cache.
│  │ This may mean ExprTools [e2ba6199-217a-4e67-a87a-7c52f15ade04] does not support precompilation but is imported by a module that does.
│  └ @ Base loading.jl:2541
└  
┌ Tables
│  ┌ Warning: Module DataValueInterfaces with build ID fafbfcfd-3768-a38c-e342-3c1ea4e301dc is missing from the cache.
│  │ This may mean DataValueInterfaces [e2d170a0-9d28-54be-80f0-106bbe20a464] does not support precompilation but is imported by a module that does.
│  └ @ Base loading.jl:2541
└  
┌ SplitApplyCombine
│  ┌ Warning: Module Indexing with build ID fafbfcfd-dc2e-dfb2-0b30-494423ca1de3 is missing from the cache.
│  │ This may mean Indexing [313cdc1a-70c2-5d6a-ae34-0150d3930a38] does not support precompilation but is imported by a module that does.
│  └ @ Base loading.jl:2541
└  
┌ KrylovKit
│  ┌ Warning: Module PackageExtensionCompat with build ID fafbfcfd-8ef0-68b8-d5eb-33626f9ae8d4 is missing from the cache.
│  │ This may mean PackageExtensionCompat [65ce6f38-6b18-4e1d-a461-8949797d7930] does not support precompilation but is imported by a module that does.
│  └ @ Base loading.jl:2541
└  
┌ Strided
│  ┌ Warning: Module TupleTools with build ID fafbfcfd-207f-4780-6026-10cb722f16e2 is missing from the cache.
│  │ This may mean TupleTools [9d95972d-f1c8-5527-a6e0-b4b365fa01f6] does not support precompilation but is imported by a module that does.
│  └ @ Base loading.jl:2541
└  
┌ ArrayLayouts
│  ┌ Warning: Module StaticArrays with build ID fafbfcfd-2586-2357-5ca4-53af72890335 is missing from the cache.
│  │ This may mean StaticArrays [90137ffa-7385-5640-81b9-e52037218182] does not support precompilation but is imported by a module that does.
│  └ @ Base loading.jl:2541
└  
┌ EllipsisNotation
│  ┌ Warning: Module PrecompileTools with build ID fafbfcfd-7f97-72f7-e893-e25dcc47849d is missing from the cache.
│  │ This may mean PrecompileTools [aea7be01-6a6a-4083-8856-8a6e6704d82a] does not support precompilation but is imported by a module that does.
│  └ @ Base loading.jl:2541
└  
┌ Transducers
│  ┌ Warning: Module Accessors with build ID fafbfcfd-aed4-1e68-5953-6698fd649b3c is missing from the cache.
│  │ This may mean Accessors [7d9f7c33-5ae7-4f3b-8dc6-eff91059b697] does not support precompilation but is imported by a module that does.
│  └ @ Base loading.jl:2541
└  
┌ ArrayLayouts → ArrayLayoutsSparseArraysExt
│  ┌ Warning: Module StaticArrays with build ID fafbfcfd-2586-2357-5ca4-53af72890335 is missing from the cache.
│  │ This may mean StaticArrays [90137ffa-7385-5640-81b9-e52037218182] does not support precompilation but is imported by a module that does.
│  └ @ Base loading.jl:2541
└  
┌ PrecompileTools
│  ┌ Warning: Module Preferences with build ID fafbfcfd-6772-5078-5485-b7a9c6287381 is missing from the cache.
│  │ This may mean Preferences [21216c6a-2e73-6563-6e65-726566657250] does not support precompilation but is imported by a module that does.
│  └ @ Base loading.jl:2541
└  
┌ Accessors → LinearAlgebraExt
│  ┌ Warning: Module Accessors with build ID fafbfcfd-aed4-1e68-5953-6698fd649b3c is missing from the cache.
│  │ This may mean Accessors [7d9f7c33-5ae7-4f3b-8dc6-eff91059b697] does not support precompilation but is imported by a module that does.
│  └ @ Base loading.jl:2541
└  
┌ TableTraits
│  ┌ Warning: Module IteratorInterfaceExtensions with build ID fafbfcfd-5ccc-abf6-6e79-b0707d7157a2 is missing from the cache.
│  │ This may mean IteratorInterfaceExtensions [82899510-4779-5014-852e-03e436cf321d] does not support precompilation but is imported by a module that does.
│  └ @ Base loading.jl:2541
└  
┌ ArrayInterface → ArrayInterfaceStaticArraysCoreExt
│  ┌ Warning: Module StaticArraysCore with build ID fafbfcfd-1ab5-cb5a-1011-c179fc405fe7 is missing from the cache.
│  │ This may mean StaticArraysCore [1e83bf80-4336-4d27-bf5d-d5a4f845583c] does not support precompilation but is imported by a module that does.
│  └ @ Base loading.jl:2541
└  
┌ BlockArrays
│  ┌ Warning: Module StaticArrays with build ID fafbfcfd-2586-2357-5ca4-53af72890335 is missing from the cache.
│  │ This may mean StaticArrays [90137ffa-7385-5640-81b9-e52037218182] does not support precompilation but is imported by a module that does.
│  └ @ Base loading.jl:2541
└  
┌ InverseFunctions → InverseFunctionsTestExt
│  ┌ Warning: Module InverseFunctions with build ID fafbfcfd-0d9f-bbf9-e2e2-a1f0aeef8433 is missing from the cache.
│  │ This may mean InverseFunctions [3587e190-3f89-42d0-90ee-14403ec27112] does not support precompilation but is imported by a module that does.
│  └ @ Base loading.jl:2541
└  
┌ Transducers → TransducersBlockArraysExt
│  ┌ Warning: Module Transducers with build ID fafbfcfd-bcbd-f71e-ad44-7578a8a407b7 is missing from the cache.
│  │ This may mean Transducers [28d57a85-8fef-5791-bfe6-a80928e7c999] does not support precompilation but is imported by a module that does.
│  └ @ Base loading.jl:2541
└  
┌ ITensorMPS
│  ┌ Warning: Module ITensors with build ID fafbfcfd-b253-2c57-bb76-c0f5eeecb05a is missing from the cache.
│  │ This may mean ITensors [9136182c-28ba-11e9-034c-db9fb085ebd5] does not support precompilation but is imported by a module that does.
│  └ @ Base loading.jl:2541
└  
┌ ChainRulesCore
│  ┌ Warning: Module Compat with build ID fafbfcfd-7945-b3c8-8a5f-0170932a2c32 is missing from the cache.
│  │ This may mean Compat [34da2185-b29b-5c13-b0c7-acf172513d20] does not support precompilation but is imported by a module that does.
│  └ @ Base loading.jl:2541
└  
┌ InverseFunctions → InverseFunctionsDatesExt
│  ┌ Warning: Module InverseFunctions with build ID fafbfcfd-0d9f-bbf9-e2e2-a1f0aeef8433 is missing from the cache.
│  │ This may mean InverseFunctions [3587e190-3f89-42d0-90ee-14403ec27112] does not support precompilation but is imported by a module that does.
│  └ @ Base loading.jl:2541
└  
┌ ArrayInterface → ArrayInterfaceChainRulesCoreExt
│  ┌ Warning: Module ChainRulesCore with build ID fafbfcfd-dd4f-fa7f-78a6-b0fe11f95005 is missing from the cache.
│  │ This may mean ChainRulesCore [d360d2e6-b24c-11e9-a2a3-2a2ae2dbcce4] does not support precompilation but is imported by a module that does.
│  └ @ Base loading.jl:2541
└  
┌ BlockArrays → BlockArraysAdaptExt
│  ┌ Warning: Module Adapt with build ID fafbfcfd-ec33-af1c-fe36-e96c6e8651c8 is missing from the cache.
│  │ This may mean Adapt [79e6a3ab-5dfb-504d-930d-738a2a938a0e] does not support precompilation but is imported by a module that does.
│  └ @ Base loading.jl:2541
└  
┌ Static
│  ┌ Warning: Module PrecompileTools with build ID fafbfcfd-7f97-72f7-e893-e25dcc47849d is missing from the cache.
│  │ This may mean PrecompileTools [aea7be01-6a6a-4083-8856-8a6e6704d82a] does not support precompilation but is imported by a module that does.
│  └ @ Base loading.jl:2541
└  
┌ BangBang → BangBangChainRulesCoreExt
│  ┌ Warning: Module BangBang with build ID fafbfcfd-f194-4ddf-6bf3-1f5ea48f9f6b is missing from the cache.
│  │ This may mean BangBang [198e06fe-97b7-11e9-32a5-e1d131e6ad66] does not support precompilation but is imported by a module that does.
│  └ @ Base loading.jl:2541
└  
┌ Warning: Module ChainRulesCore with build ID fafbfcfd-dd4f-fa7f-78a6-b0fe11f95005 is missing from the cache.
│ This may mean ChainRulesCore [d360d2e6-b24c-11e9-a2a3-2a2ae2dbcce4] does not support precompilation but is imported by a module that does.
└ @ Base loading.jl:2541
Generating random tensor of size 2^30
Number of threads: 256
rand wtime:   5.415845 seconds (119.86 k allocations: 8.006 GiB, 0.12% gc time, 1.50% compilation time)
calculate TT-SVD of rank 1
tt-svd wtime: 367.058447 seconds (573.31 M allocations: 139.571 GiB, 3.60% gc time, 79.98% compilation time)
tt-svd wtime:  73.636889 seconds (16.81 k allocations: 112.007 GiB, 12.56% gc time)
Precompiling ITensors...
    779.0 ms  ✓ ExternalDocstrings
   1599.9 ms  ✓ DefineSingletons
   1453.6 ms  ✓ DataValueInterfaces
   1510.6 ms  ✓ HalfIntegers
   1882.9 ms  ✓ InverseFunctions
   1852.4 ms  ✓ ExprTools
   1844.7 ms  ✓ IfElse
   1837.3 ms  ✓ ConstructionBase
   1830.3 ms  ✓ IteratorInterfaceExtensions
   1823.8 ms  ✓ CommonWorldInvalidations
   1817.9 ms  ✓ DataAPI
   2118.0 ms  ✓ OrderedCollections
   2036.1 ms  ✓ VectorInterface
   2028.9 ms  ✓ DocStringExtensions
   2021.6 ms  ✓ InlineStrings
   2101.9 ms  ✓ FillArrays
    460.9 ms  ✓ PackageExtensionCompat
   1476.8 ms  ✓ CompositionsBase
   2795.4 ms  ✓ MacroTools
   2081.9 ms  ✓ ArgCheck
   2040.2 ms  ✓ Indexing
   2024.2 ms  ✓ StaticArraysCore
   2017.2 ms  ✓ TupleTools
   2001.9 ms  ✓ SerializedElementArrays
   1994.6 ms  ✓ Requires
   2221.9 ms  ✓ BitIntegers
   2134.1 ms  ✓ Zeros
   2127.4 ms  ✓ Compat
   2114.3 ms  ✓ InverseFunctions → InverseFunctionsDatesExt
   2557.1 ms  ✓ Preferences
   2770.7 ms  ✓ InitialValues
   2357.3 ms  ✓ InverseFunctions → InverseFunctionsTestExt
   2747.6 ms  ✓ Baselet
    489.0 ms  ✓ TableTraits
   1310.6 ms  ✓ Adapt
   1528.3 ms  ✓ ConstructionBase → ConstructionBaseLinearAlgebraExt
   1500.7 ms  ✓ StridedViews
   1494.5 ms  ✓ CompositionsBase → CompositionsBaseInverseFunctionsExt
   1455.6 ms  ✓ Compat → CompatLinearAlgebraExt
   1448.6 ms  ✓ PrecompileTools
   1517.6 ms  ✓ FillArrays → FillArraysSparseArraysExt
   1631.5 ms  ✓ SimpleTraits
   2057.2 ms  ✓ ThreadedScans
   2050.7 ms  ✓ Dictionaries
   1615.0 ms  ✓ Tables
   2127.0 ms  ✓ TimerOutputs
    544.1 ms  ✓ Referenceables
    719.2 ms  ✓ Adapt → AdaptSparseArraysExt
    712.2 ms  ✓ ArrayInterface
   1166.8 ms  ✓ Strided
   1293.7 ms  ✓ Functors
   1261.7 ms  ✓ SplitApplyCombine
   1280.2 ms  ✓ Static
   1417.6 ms  ✓ TypeParameterAccessors
   1634.2 ms  ✓ Setfield
    921.2 ms  ✓ ArrayInterface → ArrayInterfaceStaticArraysCoreExt
    931.7 ms  ✓ ArrayInterface → ArrayInterfaceSparseArraysExt
   1614.6 ms  ✓ ChainRulesCore
   1865.2 ms  ✓ Accessors
    373.3 ms  ✓ ArrayInterface → ArrayInterfaceChainRulesCoreExt
    548.0 ms  ✓ TypeParameterAccessors → TypeParameterAccessorsStridedViewsExt
    557.8 ms  ✓ TypeParameterAccessors → TypeParameterAccessorsFillArraysExt
    702.5 ms  ✓ ChainRulesCore → ChainRulesCoreSparseArraysExt
    779.9 ms  ✓ Accessors → TestExt
    899.9 ms  ✓ Accessors → LinearAlgebraExt
   1112.5 ms  ✓ SplittablesBase
   1202.2 ms  ✓ StaticArrayInterface
    403.6 ms  ✓ EllipsisNotation
    867.9 ms  ✓ BangBang
    757.1 ms  ✓ BangBang → BangBangChainRulesCoreExt
    891.6 ms  ✓ BangBang → BangBangTablesExt
    882.6 ms  ✓ MicroCollections
   5686.9 ms  ✓ StaticArrays
    963.7 ms  ✓ StaticArrays → StaticArraysChainRulesCoreExt
   1208.7 ms  ✓ ConstructionBase → ConstructionBaseStaticArraysExt
   1186.8 ms  ✓ Adapt → AdaptStaticArraysExt
   1179.1 ms  ✓ Accessors → StaticArraysExt
   1172.8 ms  ✓ StaticArrayInterface → StaticArrayInterfaceStaticArraysExt
   1166.9 ms  ✓ BangBang → BangBangStaticArraysExt
   2601.8 ms  ✓ Transducers
    878.0 ms  ✓ Transducers → TransducersReferenceablesExt
    887.2 ms  ✓ Transducers → TransducersAdaptExt
   9352.7 ms  ✓ IsApprox
   2624.1 ms  ✓ Folds
  11234.4 ms  ✓ ArrayLayouts
    950.2 ms  ✓ ArrayLayouts → ArrayLayoutsSparseArraysExt
   1753.4 ms  ✓ BlockArrays
    924.1 ms  ✓ BlockArrays → BlockArraysAdaptExt
   1288.0 ms  ✓ Transducers → TransducersBlockArraysExt
   3653.5 ms  ✓ NDTensors
   5805.8 ms  ✓ ITensors
   2194.7 ms  ✓ ITensors → ITensorsVectorInterfaceExt
  92 dependencies successfully precompiled in 40 seconds. 30 already precompiled.
Precompiling ITensorMPS...
   1713.9 ms  ✓ KrylovKit
    780.2 ms  ✓ KrylovKit → KrylovKitChainRulesCoreExt
   4948.6 ms  ✓ ITensorMPS
   2646.3 ms  ✓ ITensorMPS → ITensorMPSChainRulesCoreExt
  4 dependencies successfully precompiled in 11 seconds. 122 already precompiled.
Generating random tensor of size 2^30
Number of threads: 256
rand wtime:   5.554943 seconds (119.86 k allocations: 8.006 GiB, 1.45% gc time, 1.46% compilation time)
calculate TT-SVD of rank 2
tt-svd wtime: 402.162418 seconds (477.37 M allocations: 198.915 GiB, 4.31% gc time, 69.78% compilation time)
tt-svd wtime: 121.201349 seconds (16.92 k allocations: 176.007 GiB, 12.54% gc time)
Precompiling ITensors...
    756.0 ms  ✓ ExternalDocstrings
    787.3 ms  ✓ VectorInterface
    782.2 ms  ✓ DocStringExtensions
    778.4 ms  ✓ InlineStrings
    853.3 ms  ✓ DefineSingletons
    761.2 ms  ✓ DataValueInterfaces
    734.4 ms  ✓ IfElse
    731.6 ms  ✓ IteratorInterfaceExtensions
    791.8 ms  ✓ HalfIntegers
    771.7 ms  ✓ InverseFunctions
    753.3 ms  ✓ ExprTools
    744.5 ms  ✓ ConstructionBase
    736.3 ms  ✓ CommonWorldInvalidations
    732.7 ms  ✓ DataAPI
    820.6 ms  ✓ OrderedCollections
    932.6 ms  ✓ FillArrays
    305.5 ms  ✓ PackageExtensionCompat
    433.4 ms  ✓ CompositionsBase
    459.0 ms  ✓ StaticArraysCore
    479.1 ms  ✓ Indexing
    455.6 ms  ✓ SerializedElementArrays
    390.6 ms  ✓ TableTraits
    508.3 ms  ✓ ArgCheck
    469.6 ms  ✓ TupleTools
    453.3 ms  ✓ Zeros
    783.3 ms  ✓ Compat
   1205.0 ms  ✓ BitIntegers
   1186.3 ms  ✓ InitialValues
   1163.9 ms  ✓ Requires
   1152.8 ms  ✓ Preferences
    704.3 ms  ✓ ConstructionBase → ConstructionBaseLinearAlgebraExt
    693.9 ms  ✓ CompositionsBase → CompositionsBaseInverseFunctionsExt
    781.5 ms  ✓ InverseFunctions → InverseFunctionsTestExt
    703.7 ms  ✓ StridedViews
    920.0 ms  ✓ InverseFunctions → InverseFunctionsDatesExt
   1187.4 ms  ✓ Baselet
    732.7 ms  ✓ FillArrays → FillArraysSparseArraysExt
    768.0 ms  ✓ Tables
    982.5 ms  ✓ Dictionaries
    737.7 ms  ✓ ThreadedScans
    593.5 ms  ✓ Compat → CompatLinearAlgebraExt
   1068.2 ms  ✓ Adapt
   1065.1 ms  ✓ PrecompileTools
   1060.8 ms  ✓ Strided
   2301.6 ms  ✓ MacroTools
    803.9 ms  ✓ SplitApplyCombine
   1902.3 ms  ✓ TimerOutputs
    737.1 ms  ✓ Functors
    421.3 ms  ✓ Referenceables
    503.2 ms  ✓ Adapt → AdaptSparseArraysExt
    544.1 ms  ✓ ArrayInterface
   1164.9 ms  ✓ ChainRulesCore
    793.2 ms  ✓ SimpleTraits
    857.6 ms  ✓ Static
    353.3 ms  ✓ ArrayInterface → ArrayInterfaceStaticArraysCoreExt
    494.6 ms  ✓ ArrayInterface → ArrayInterfaceSparseArraysExt
    386.3 ms  ✓ ArrayInterface → ArrayInterfaceChainRulesCoreExt
   1022.8 ms  ✓ Setfield
    547.9 ms  ✓ ChainRulesCore → ChainRulesCoreSparseArraysExt
    857.0 ms  ✓ TypeParameterAccessors
   1762.1 ms  ✓ Accessors
   1417.1 ms  ✓ TypeParameterAccessors → TypeParameterAccessorsFillArraysExt
   3903.1 ms  ✓ StaticArrayInterface
   5701.5 ms  ✓ StaticArrays
   4615.9 ms  ? Accessors → LinearAlgebraExt
   9567.3 ms  ✓ IsApprox
   6251.6 ms  ✓ EllipsisNotation
TestExt Waiting for background task / IO / timer.
[pid 1078805] waiting for IO to finish:
 Handle type        uv_handle_t->data
 fs_event           0x3de22dd0->0x71edd6288130
 timer              0x3dec8010->0x71edd6288160
This means that a package has started a background task or event source that has not finished running. For precompilation to complete successfully, the event source needs to be closed explicitly. See the developer documentation on fixing precompilation hangs for more help.
   6334.3 ms  ✓ BangBang
    664.1 ms  ✓ MicroCollections
   1858.2 ms  ✓ BangBang → BangBangChainRulesCoreExt
TypeParameterAccessorsStridedViewsExt Waiting for background task / IO / timer.
[pid 1078656] waiting for IO to finish:
 Handle type        uv_handle_t->data
 fs_event           0xebe05e0->0x738c616a4730
 timer              0xec26070->0x738c616a4760
This means that a package has started a background task or event source that has not finished running. For precompilation to complete successfully, the event source needs to be closed explicitly. See the developer documentation on fixing precompilation hangs for more help.
SplittablesBase Waiting for background task / IO / timer.
[pid 1078566] waiting for IO to finish:
 Handle type        uv_handle_t->data
 fs_event           0x5b3adb0->0x76d1e8db8250
 timer              0x5aba4f0->0x76d1e8db8280
This means that a package has started a background task or event source that has not finished running. For precompilation to complete successfully, the event source needs to be closed explicitly. See the developer documentation on fixing precompilation hangs for more help.
   3459.7 ms  ✓ BangBang → BangBangTablesExt
  20515.0 ms  ✓ TypeParameterAccessors → TypeParameterAccessorsStridedViewsExt
StaticArraysExt Waiting for background task / IO / timer.
[pid 1080019] waiting for IO to finish:
 Handle type        uv_handle_t->data
 fs_event           0xf29f970->0x70d756a566b0
 timer              0xf2718e0->0x70d756a566e0
This means that a package has started a background task or event source that has not finished running. For precompilation to complete successfully, the event source needs to be closed explicitly. See the developer documentation on fixing precompilation hangs for more help.
  20536.0 ms  ✓ Accessors → TestExt
┌ Warning: The call to compilecache failed to create a usable precompiled cache file for Setfield [efcf1570-3423-57d1-acb7-fd33fddbac46]
│   exception = Required dependency Base.PkgId(Base.UUID("1914dd2f-81c6-5fcd-8719-6d5c9610ff09"), "MacroTools") failed to load from a cache file.
└ @ Base loading.jl:2596
  21907.8 ms  ? SplittablesBase
┌ Warning: The call to compilecache failed to create a usable precompiled cache file for StaticArrays [90137ffa-7385-5640-81b9-e52037218182]
│   exception = Required dependency Base.PkgId(Base.UUID("21216c6a-2e73-6563-6e65-726566657250"), "Preferences") failed to load from a cache file.
└ @ Base loading.jl:2596
  22487.3 ms  ? Accessors → StaticArraysExt
   6859.1 ms  ? Transducers
  30617.7 ms  ? StaticArrayInterface → StaticArrayInterfaceStaticArraysExt
AdaptStaticArraysExt Waiting for background task / IO / timer.
[pid 1079859] waiting for IO to finish:
 Handle type        uv_handle_t->data
 fs_event           0x33fe5d50->0x75e9933caf20
 timer              0x33f50140->0x75e9933caf50
This means that a package has started a background task or event source that has not finished running. For precompilation to complete successfully, the event source needs to be closed explicitly. See the developer documentation on fixing precompilation hangs for more help.
  50582.7 ms  ✓ Adapt → AdaptStaticArraysExt
BangBangStaticArraysExt Waiting for background task / IO / timer.
[pid 1081380] waiting for IO to finish:
 Handle type        uv_handle_t->data
 fs_event           0xccdb380->0x71e8a4bc66b0
 timer              0xc96dde0->0x71e8a4bc66e0
This means that a package has started a background task or event source that has not finished running. For precompilation to complete successfully, the event source needs to be closed explicitly. See the developer documentation on fixing precompilation hangs for more help.
  30655.5 ms  ✓ Transducers → TransducersAdaptExt
  53573.1 ms  ✓ BangBang → BangBangStaticArraysExt
StaticArraysChainRulesCoreExt Waiting for background task / IO / timer.
[pid 1079853] waiting for IO to finish:
 Handle type        uv_handle_t->data
 fs_event           0x10fb4720->0x785d8a645f30
 timer              0x10dcb550->0x785d8a645f60
This means that a package has started a background task or event source that has not finished running. For precompilation to complete successfully, the event source needs to be closed explicitly. See the developer documentation on fixing precompilation hangs for more help.
  83795.9 ms  ✓ ArrayLayouts
  90811.0 ms  ✓ StaticArrays → StaticArraysChainRulesCoreExt
  12866.4 ms  ? ArrayLayouts → ArrayLayoutsSparseArraysExt
 108550.7 ms  ? ConstructionBase → ConstructionBaseStaticArraysExt
 116425.8 ms  ✓ Transducers → TransducersReferenceablesExt
   4705.5 ms  ✓ Folds
  61861.8 ms  ✓ BlockArrays
  42382.2 ms  ✓ BlockArrays → BlockArraysAdaptExt
  73842.4 ms  ? Transducers → TransducersBlockArraysExt
  40401.1 ms  ? NDTensors
Info Given ITensors was explicitly requested, output will be shown live [0K
[0K┌ Warning: The call to compilecache failed to create a usable precompiled cache file for IsApprox [28f27b66-4bd8-47e7-9110-e2746eb8bed7]
[0K│   exception = Required dependency Base.PkgId(Base.UUID("313cdc1a-70c2-5d6a-ae34-0150d3930a38"), "Indexing") failed to load from a cache file.
[0K└ @ Base loading.jl:2596
  12841.6 ms  ? ITensors
  71678.2 ms  ✓ ITensors → ITensorsVectorInterfaceExt
  82 dependencies successfully precompiled in 354 seconds. 30 already precompiled.
  10 dependencies failed but may be precompilable after restarting julia
  15 dependencies had output during precompilation:
┌ SplittablesBase
│  ┌ Warning: Module ConstructionBase with build ID fafbfcfd-ac1b-e437-4cf1-0fc83142a427 is missing from the cache.
│  │ This may mean ConstructionBase [187b0558-2788-49d3-abe0-74a17ed4e7c9] does not support precompilation but is imported by a module that does.
│  └ @ Base loading.jl:2541
│  ┌ Error: Error during loading of extension ConstructionBaseLinearAlgebraExt of ConstructionBase, use `Base.retry_load_extensions()` to retry.
│  │   exception =
│  │    1-element ExceptionStack:
│  │    Error when precompiling module, potentially caused by a __precompile__(false) declaration in the module.
│  │    Stacktrace:
│  │      [1] _require(pkg::Base.PkgId, env::Nothing)
│  │        @ Base ./loading.jl:2603
│  │      [2] __require_prelocked(uuidkey::Base.PkgId, env::Nothing)
│  │        @ Base ./loading.jl:2388
│  │      [3] #invoke_in_world#3
│  │        @ ./essentials.jl:1089 [inlined]
│  │      [4] invoke_in_world
│  │        @ ./essentials.jl:1086 [inlined]
│  │      [5] _require_prelocked
│  │        @ ./loading.jl:2375 [inlined]
│  │      [6] _require_prelocked
│  │        @ ./loading.jl:2374 [inlined]
│  │      [7] run_extension_callbacks(extid::Base.ExtensionId)
│  │        @ Base ./loading.jl:1544
│  │      [8] run_extension_callbacks(pkgid::Base.PkgId)
│  │        @ Base ./loading.jl:1576
│  │      [9] run_package_callbacks(modkey::Base.PkgId)
│  │        @ Base ./loading.jl:1396
│  │     [10] __require_prelocked(uuidkey::Base.PkgId, env::String)
│  │        @ Base ./loading.jl:2399
│  │     [11] #invoke_in_world#3
│  │        @ ./essentials.jl:1089 [inlined]
│  │     [12] invoke_in_world
│  │        @ ./essentials.jl:1086 [inlined]
│  │     [13] _require_prelocked(uuidkey::Base.PkgId, env::String)
│  │        @ Base ./loading.jl:2375
│  │     [14] macro expansion
│  │        @ ./loading.jl:2314 [inlined]
│  │     [15] macro expansion
│  │        @ ./lock.jl:273 [inlined]
│  │     [16] __require(into::Module, mod::Symbol)
│  │        @ Base ./loading.jl:2271
│  │     [17] #invoke_in_world#3
│  │        @ ./essentials.jl:1089 [inlined]
│  │     [18] invoke_in_world
│  │        @ ./essentials.jl:1086 [inlined]
│  │     [19] require(into::Module, mod::Symbol)
│  │        @ Base ./loading.jl:2260
│  │     [20] include(mod::Module, _path::String)
│  │        @ Base ./Base.jl:562
│  │     [21] include(x::String)
│  │        @ Setfield ~/.julia/packages/Setfield/ZezIj/src/Setfield.jl:2
│  │     [22] top-level scope
│  │        @ ~/.julia/packages/Setfield/ZezIj/src/Setfield.jl:12
│  │     [23] include
│  │        @ ./Base.jl:562 [inlined]
│  │     [24] include_package_for_output(pkg::Base.PkgId, input::String, depot_path::Vector{String}, dl_load_path::Vector{String}, load_path::Vector{String}, concrete_deps::Vector{Pair{Base.PkgId, UInt128}}, source::String)
│  │        @ Base ./loading.jl:2881
│  │     [25] top-level scope
│  │        @ stdin:6
│  │     [26] eval
│  │        @ ./boot.jl:430 [inlined]
│  │     [27] include_string(mapexpr::typeof(identity), mod::Module, code::String, filename::String)
│  │        @ Base ./loading.jl:2734
│  │     [28] include_string
│  │        @ ./loading.jl:2744 [inlined]
│  │     [29] exec_options(opts::Base.JLOptions)
│  │        @ Base ./client.jl:321
│  │     [30] _start()
│  │        @ Base ./client.jl:531
│  └ @ Base loading.jl:1550
│  
│  [pid 1078566] waiting for IO to finish:
│   Handle type        uv_handle_t->data
│   fs_event           0x5b3adb0->0x76d1e8db8250
│   timer              0x5aba4f0->0x76d1e8db8280
│  This means that a package has started a background task or event source that has not finished running. For precompilation to complete successfully, the event source needs to be closed explicitly. See the developer documentation on fixing precompilation hangs for more help.
│  ┌ Warning: The call to compilecache failed to create a usable precompiled cache file for Setfield [efcf1570-3423-57d1-acb7-fd33fddbac46]
│  │   exception = Required dependency Base.PkgId(Base.UUID("1914dd2f-81c6-5fcd-8719-6d5c9610ff09"), "MacroTools") failed to load from a cache file.
│  └ @ Base loading.jl:2596
└  
┌ TypeParameterAccessors → TypeParameterAccessorsStridedViewsExt
│  [pid 1078656] waiting for IO to finish:
│   Handle type        uv_handle_t->data
│   fs_event           0xebe05e0->0x738c616a4730
│   timer              0xec26070->0x738c616a4760
│  This means that a package has started a background task or event source that has not finished running. For precompilation to complete successfully, the event source needs to be closed explicitly. See the developer documentation on fixing precompilation hangs for more help.
└  
┌ BangBang → BangBangStaticArraysExt
│  [pid 1081380] waiting for IO to finish:
│   Handle type        uv_handle_t->data
│   fs_event           0xccdb380->0x71e8a4bc66b0
│   timer              0xc96dde0->0x71e8a4bc66e0
│  This means that a package has started a background task or event source that has not finished running. For precompilation to complete successfully, the event source needs to be closed explicitly. See the developer documentation on fixing precompilation hangs for more help.
└  
┌ Transducers
│  ┌ Warning: The call to compilecache failed to create a usable precompiled cache file for Accessors [7d9f7c33-5ae7-4f3b-8dc6-eff91059b697]
│  │   exception = Required dependency Base.PkgId(Base.UUID("1914dd2f-81c6-5fcd-8719-6d5c9610ff09"), "MacroTools") failed to load from a cache file.
│  └ @ Base loading.jl:2596
└  
┌ ArrayLayouts → ArrayLayoutsSparseArraysExt
│  ┌ Warning: The call to compilecache failed to create a usable precompiled cache file for ArrayLayouts [4c555306-a7a7-4459-81d9-ec55ddd5c99a]
│  │   exception = Required dependency Base.PkgId(Base.UUID("21216c6a-2e73-6563-6e65-726566657250"), "Preferences") failed to load from a cache file.
│  └ @ Base loading.jl:2596
└  
┌ NDTensors
│  ┌ Warning: Module ConstructionBase with build ID fafbfcfd-5bc2-c902-56f7-43e1b89abc9b is missing from the cache.
│  │ This may mean ConstructionBase [187b0558-2788-49d3-abe0-74a17ed4e7c9] does not support precompilation but is imported by a module that does.
│  └ @ Base loading.jl:2541
│  ┌ Error: Error during loading of extension ConstructionBaseStaticArraysExt of ConstructionBase, use `Base.retry_load_extensions()` to retry.
│  │   exception =
│  │    1-element ExceptionStack:
│  │    Error when precompiling module, potentially caused by a __precompile__(false) declaration in the module.
│  │    Stacktrace:
│  │      [1] _require(pkg::Base.PkgId, env::Nothing)
│  │        @ Base ./loading.jl:2603
│  │      [2] __require_prelocked(uuidkey::Base.PkgId, env::Nothing)
│  │        @ Base ./loading.jl:2388
│  │      [3] #invoke_in_world#3
│  │        @ ./essentials.jl:1089 [inlined]
│  │      [4] invoke_in_world
│  │        @ ./essentials.jl:1086 [inlined]
│  │      [5] _require_prelocked
│  │        @ ./loading.jl:2375 [inlined]
│  │      [6] _require_prelocked
│  │        @ ./loading.jl:2374 [inlined]
│  │      [7] run_extension_callbacks(extid::Base.ExtensionId)
│  │        @ Base ./loading.jl:1544
│  │      [8] run_extension_callbacks(pkgid::Base.PkgId)
│  │        @ Base ./loading.jl:1576
│  │      [9] run_package_callbacks(modkey::Base.PkgId)
│  │        @ Base ./loading.jl:1396
│  │     [10] __require_prelocked(uuidkey::Base.PkgId, env::String)
│  │        @ Base ./loading.jl:2399
│  │     [11] #invoke_in_world#3
│  │        @ ./essentials.jl:1089 [inlined]
│  │     [12] invoke_in_world
│  │        @ ./essentials.jl:1086 [inlined]
│  │     [13] _require_prelocked(uuidkey::Base.PkgId, env::String)
│  │        @ Base ./loading.jl:2375
│  │     [14] macro expansion
│  │        @ ./loading.jl:2314 [inlined]
│  │     [15] macro expansion
│  │        @ ./lock.jl:273 [inlined]
│  │     [16] __require(into::Module, mod::Symbol)
│  │        @ Base ./loading.jl:2271
│  │     [17] #invoke_in_world#3
│  │        @ ./essentials.jl:1089 [inlined]
│  │     [18] invoke_in_world
│  │        @ ./essentials.jl:1086 [inlined]
│  │     [19] require(into::Module, mod::Symbol)
│  │        @ Base ./loading.jl:2260
│  │     [20] include(mod::Module, _path::String)
│  │        @ Base ./Base.jl:562
│  │     [21] include(x::String)
│  │        @ NDTensors ~/.julia/packages/NDTensors/6HwdB/src/NDTensors.jl:1
│  │     [22] top-level scope
│  │        @ ~/.julia/packages/NDTensors/6HwdB/src/NDTensors.jl:5
│  │     [23] include
│  │        @ ./Base.jl:562 [inlined]
│  │     [24] include_package_for_output(pkg::Base.PkgId, input::String, depot_path::Vector{String}, dl_load_path::Vector{String}, load_path::Vector{String}, concrete_deps::Vector{Pair{Base.PkgId, UInt128}}, source::Nothing)
│  │        @ Base ./loading.jl:2881
│  │     [25] top-level scope
│  │        @ stdin:6
│  │     [26] eval
│  │        @ ./boot.jl:430 [inlined]
│  │     [27] include_string(mapexpr::typeof(identity), mod::Module, code::String, filename::String)
│  │        @ Base ./loading.jl:2734
│  │     [28] include_string
│  │        @ ./loading.jl:2744 [inlined]
│  │     [29] exec_options(opts::Base.JLOptions)
│  │        @ Base ./client.jl:321
│  │     [30] _start()
│  │        @ Base ./client.jl:531
│  └ @ Base loading.jl:1550
│  ┌ Warning: Module Accessors with build ID fafbfcfd-0f1a-5dcc-0362-ca0828c30af3 is missing from the cache.
│  │ This may mean Accessors [7d9f7c33-5ae7-4f3b-8dc6-eff91059b697] does not support precompilation but is imported by a module that does.
│  └ @ Base loading.jl:2541
│  ┌ Error: Error during loading of extension StaticArraysExt of Accessors, use `Base.retry_load_extensions()` to retry.
│  │   exception =
│  │    1-element ExceptionStack:
│  │    Error when precompiling module, potentially caused by a __precompile__(false) declaration in the module.
│  │    Stacktrace:
│  │      [1] _require(pkg::Base.PkgId, env::Nothing)
│  │        @ Base ./loading.jl:2603
│  │      [2] __require_prelocked(uuidkey::Base.PkgId, env::Nothing)
│  │        @ Base ./loading.jl:2388
│  │      [3] #invoke_in_world#3
│  │        @ ./essentials.jl:1089 [inlined]
│  │      [4] invoke_in_world
│  │        @ ./essentials.jl:1086 [inlined]
│  │      [5] _require_prelocked
│  │        @ ./loading.jl:2375 [inlined]
│  │      [6] _require_prelocked
│  │        @ ./loading.jl:2374 [inlined]
│  │      [7] run_extension_callbacks(extid::Base.ExtensionId)
│  │        @ Base ./loading.jl:1544
│  │      [8] run_extension_callbacks(pkgid::Base.PkgId)
│  │        @ Base ./loading.jl:1576
│  │      [9] run_package_callbacks(modkey::Base.PkgId)
│  │        @ Base ./loading.jl:1396
│  │     [10] __require_prelocked(uuidkey::Base.PkgId, env::String)
│  │        @ Base ./loading.jl:2399
│  │     [11] #invoke_in_world#3
│  │        @ ./essentials.jl:1089 [inlined]
│  │     [12] invoke_in_world
│  │        @ ./essentials.jl:1086 [inlined]
│  │     [13] _require_prelocked(uuidkey::Base.PkgId, env::String)
│  │        @ Base ./loading.jl:2375
│  │     [14] macro expansion
│  │        @ ./loading.jl:2314 [inlined]
│  │     [15] macro expansion
│  │        @ ./lock.jl:273 [inlined]
│  │     [16] __require(into::Module, mod::Symbol)
│  │        @ Base ./loading.jl:2271
│  │     [17] #invoke_in_world#3
│  │        @ ./essentials.jl:1089 [inlined]
│  │     [18] invoke_in_world
│  │        @ ./essentials.jl:1086 [inlined]
│  │     [19] require(into::Module, mod::Symbol)
│  │        @ Base ./loading.jl:2260
│  │     [20] include(mod::Module, _path::String)
│  │        @ Base ./Base.jl:562
│  │     [21] include(x::String)
│  │        @ NDTensors ~/.julia/packages/NDTensors/6HwdB/src/NDTensors.jl:1
│  │     [22] top-level scope
│  │        @ ~/.julia/packages/NDTensors/6HwdB/src/NDTensors.jl:5
│  │     [23] include
│  │        @ ./Base.jl:562 [inlined]
│  │     [24] include_package_for_output(pkg::Base.PkgId, input::String, depot_path::Vector{String}, dl_load_path::Vector{String}, load_path::Vector{String}, concrete_deps::Vector{Pair{Base.PkgId, UInt128}}, source::Nothing)
│  │        @ Base ./loading.jl:2881
│  │     [25] top-level scope
│  │        @ stdin:6
│  │     [26] eval
│  │        @ ./boot.jl:430 [inlined]
│  │     [27] include_string(mapexpr::typeof(identity), mod::Module, code::String, filename::String)
│  │        @ Base ./loading.jl:2734
│  │     [28] include_string
│  │        @ ./loading.jl:2744 [inlined]
│  │     [29] exec_options(opts::Base.JLOptions)
│  │        @ Base ./client.jl:321
│  │     [30] _start()
│  │        @ Base ./client.jl:531
│  └ @ Base loading.jl:1550
│  ┌ Warning: Module BangBang with build ID fafbfcfd-36fc-d0fd-dc84-840d09143d34 is missing from the cache.
│  │ This may mean BangBang [198e06fe-97b7-11e9-32a5-e1d131e6ad66] does not support precompilation but is imported by a module that does.
│  └ @ Base loading.jl:2541
│  ┌ Error: Error during loading of extension BangBangStaticArraysExt of BangBang, use `Base.retry_load_extensions()` to retry.
│  │   exception =
│  │    1-element ExceptionStack:
│  │    Error when precompiling module, potentially caused by a __precompile__(false) declaration in the module.
│  │    Stacktrace:
│  │      [1] _require(pkg::Base.PkgId, env::Nothing)
│  │        @ Base ./loading.jl:2603
│  │      [2] __require_prelocked(uuidkey::Base.PkgId, env::Nothing)
│  │        @ Base ./loading.jl:2388
│  │      [3] #invoke_in_world#3
│  │        @ ./essentials.jl:1089 [inlined]
│  │      [4] invoke_in_world
│  │        @ ./essentials.jl:1086 [inlined]
│  │      [5] _require_prelocked
│  │        @ ./loading.jl:2375 [inlined]
│  │      [6] _require_prelocked
│  │        @ ./loading.jl:2374 [inlined]
│  │      [7] run_extension_callbacks(extid::Base.ExtensionId)
│  │        @ Base ./loading.jl:1544
│  │      [8] run_extension_callbacks(pkgid::Base.PkgId)
│  │        @ Base ./loading.jl:1576
│  │      [9] run_package_callbacks(modkey::Base.PkgId)
│  │        @ Base ./loading.jl:1396
│  │     [10] __require_prelocked(uuidkey::Base.PkgId, env::String)
│  │        @ Base ./loading.jl:2399
│  │     [11] #invoke_in_world#3
│  │        @ ./essentials.jl:1089 [inlined]
│  │     [12] invoke_in_world
│  │        @ ./essentials.jl:1086 [inlined]
│  │     [13] _require_prelocked(uuidkey::Base.PkgId, env::String)
│  │        @ Base ./loading.jl:2375
│  │     [14] macro expansion
│  │        @ ./loading.jl:2314 [inlined]
│  │     [15] macro expansion
│  │        @ ./lock.jl:273 [inlined]
│  │     [16] __require(into::Module, mod::Symbol)
│  │        @ Base ./loading.jl:2271
│  │     [17] #invoke_in_world#3
│  │        @ ./essentials.jl:1089 [inlined]
│  │     [18] invoke_in_world
│  │        @ ./essentials.jl:1086 [inlined]
│  │     [19] require(into::Module, mod::Symbol)
│  │        @ Base ./loading.jl:2260
│  │     [20] include(mod::Module, _path::String)
│  │        @ Base ./Base.jl:562
│  │     [21] include(x::String)
│  │        @ NDTensors ~/.julia/packages/NDTensors/6HwdB/src/NDTensors.jl:1
│  │     [22] top-level scope
│  │        @ ~/.julia/packages/NDTensors/6HwdB/src/NDTensors.jl:5
│  │     [23] include
│  │        @ ./Base.jl:562 [inlined]
│  │     [24] include_package_for_output(pkg::Base.PkgId, input::String, depot_path::Vector{String}, dl_load_path::Vector{String}, load_path::Vector{String}, concrete_deps::Vector{Pair{Base.PkgId, UInt128}}, source::Nothing)
│  │        @ Base ./loading.jl:2881
│  │     [25] top-level scope
│  │        @ stdin:6
│  │     [26] eval
│  │        @ ./boot.jl:430 [inlined]
│  │     [27] include_string(mapexpr::typeof(identity), mod::Module, code::String, filename::String)
│  │        @ Base ./loading.jl:2734
│  │     [28] include_string
│  │        @ ./loading.jl:2744 [inlined]
│  │     [29] exec_options(opts::Base.JLOptions)
│  │        @ Base ./client.jl:321
│  │     [30] _start()
│  │        @ Base ./client.jl:531
│  └ @ Base loading.jl:1550
│  ┌ Warning: Module ConstructionBase with build ID fafbfcfd-5bc2-c902-56f7-43e1b89abc9b is missing from the cache.
│  │ This may mean ConstructionBase [187b0558-2788-49d3-abe0-74a17ed4e7c9] does not support precompilation but is imported by a module that does.
│  └ @ Base loading.jl:2541
└  
┌ Accessors → LinearAlgebraExt
│  ┌ Warning: The call to compilecache failed to create a usable precompiled cache file for Accessors [7d9f7c33-5ae7-4f3b-8dc6-eff91059b697]
│  │   exception = Required dependency Base.PkgId(Base.UUID("1914dd2f-81c6-5fcd-8719-6d5c9610ff09"), "MacroTools") failed to load from a cache file.
│  └ @ Base loading.jl:2596
└  
┌ ITensors
│  [Output was shown above]
└  
┌ Adapt → AdaptStaticArraysExt
│  [pid 1079859] waiting for IO to finish:
│   Handle type        uv_handle_t->data
│   fs_event           0x33fe5d50->0x75e9933caf20
│   timer              0x33f50140->0x75e9933caf50
│  This means that a package has started a background task or event source that has not finished running. For precompilation to complete successfully, the event source needs to be closed explicitly. See the developer documentation on fixing precompilation hangs for more help.
└  
┌ StaticArrays → StaticArraysChainRulesCoreExt
│  [pid 1079853] waiting for IO to finish:
│   Handle type        uv_handle_t->data
│   fs_event           0x10fb4720->0x785d8a645f30
│   timer              0x10dcb550->0x785d8a645f60
│  This means that a package has started a background task or event source that has not finished running. For precompilation to complete successfully, the event source needs to be closed explicitly. See the developer documentation on fixing precompilation hangs for more help.
└  
┌ Transducers → TransducersBlockArraysExt
│  ┌ Warning: Module StaticArraysCore with build ID fafbfcfd-ccc1-0f90-15f4-9fbf8ac58a05 is missing from the cache.
│  │ This may mean StaticArraysCore [1e83bf80-4336-4d27-bf5d-d5a4f845583c] does not support precompilation but is imported by a module that does.
│  └ @ Base loading.jl:2541
└  
┌ ConstructionBase → ConstructionBaseStaticArraysExt
│  ┌ Warning: The call to compilecache failed to create a usable precompiled cache file for StaticArrays [90137ffa-7385-5640-81b9-e52037218182]
│  │   exception = Required dependency Base.PkgId(Base.UUID("1e83bf80-4336-4d27-bf5d-d5a4f845583c"), "StaticArraysCore") failed to load from a cache file.
│  └ @ Base loading.jl:2596
└  
┌ Accessors → StaticArraysExt
│  [pid 1080019] waiting for IO to finish:
│   Handle type        uv_handle_t->data
│   fs_event           0xf29f970->0x70d756a566b0
│   timer              0xf2718e0->0x70d756a566e0
│  This means that a package has started a background task or event source that has not finished running. For precompilation to complete successfully, the event source needs to be closed explicitly. See the developer documentation on fixing precompilation hangs for more help.
│  ┌ Warning: The call to compilecache failed to create a usable precompiled cache file for StaticArrays [90137ffa-7385-5640-81b9-e52037218182]
│  │   exception = Required dependency Base.PkgId(Base.UUID("21216c6a-2e73-6563-6e65-726566657250"), "Preferences") failed to load from a cache file.
│  └ @ Base loading.jl:2596
└  
┌ Accessors → TestExt
│  [pid 1078805] waiting for IO to finish:
│   Handle type        uv_handle_t->data
│   fs_event           0x3de22dd0->0x71edd6288130
│   timer              0x3dec8010->0x71edd6288160
│  This means that a package has started a background task or event source that has not finished running. For precompilation to complete successfully, the event source needs to be closed explicitly. See the developer documentation on fixing precompilation hangs for more help.
└  
┌ StaticArrayInterface → StaticArrayInterfaceStaticArraysExt
│  ┌ Warning: The call to compilecache failed to create a usable precompiled cache file for StaticArrayInterface [0d7ed370-da01-4f52-bd93-41d350b8b718]
│  │   exception = Required dependency Base.PkgId(Base.UUID("21216c6a-2e73-6563-6e65-726566657250"), "Preferences") failed to load from a cache file.
│  └ @ Base loading.jl:2596
└  
Precompiling ITensorMPS...
    316.4 ms  ✓ IfElse
    333.3 ms  ✓ CommonWorldInvalidations
    472.1 ms  ✓ HalfIntegers
    493.3 ms  ✓ TypeParameterAccessors → TypeParameterAccessorsFillArraysExt
    507.4 ms  ✓ ArrayInterface
    654.2 ms  ✓ FillArrays → FillArraysSparseArraysExt
    373.3 ms  ✓ ArrayInterface → ArrayInterfaceStaticArraysCoreExt
    408.0 ms  ✓ ArrayInterface → ArrayInterfaceChainRulesCoreExt
    526.5 ms  ✓ ArrayInterface → ArrayInterfaceSparseArraysExt
    792.0 ms  ✓ Static
   1686.2 ms  ✓ KrylovKit
   1099.7 ms  ✓ StaticArrayInterface
    722.0 ms  ✓ KrylovKit → KrylovKitChainRulesCoreExt
    419.7 ms  ✓ EllipsisNotation
    572.6 ms  ✓ StaticArrayInterface → StaticArrayInterfaceStaticArraysExt
  11154.4 ms  ✓ ArrayLayouts
    984.4 ms  ? BlockArrays
    636.4 ms  ? BlockArrays → BlockArraysAdaptExt
    697.8 ms  ? Transducers → TransducersBlockArraysExt
  11119.4 ms  ? ArrayLayouts → ArrayLayoutsSparseArraysExt
Info Given ITensorMPS was explicitly requested, output will be shown live [0K
[0K┌ Warning: Module ITensors with build ID fafbfcfd-a2fc-4b64-3fdd-e6651b152b4e is missing from the cache.
[0K│ This may mean ITensors [9136182c-28ba-11e9-034c-db9fb085ebd5] does not support precompilation but is imported by a module that does.
[0K└ @ Base loading.jl:2541
    664.7 ms  ? ITensorMPS
    635.5 ms  ? ITensorMPS → ITensorMPSChainRulesCoreExt
  16 dependencies successfully precompiled in 24 seconds. 104 already precompiled.
  6 dependencies failed but may be precompilable after restarting julia
  6 dependencies had output during precompilation:
┌ BlockArrays → BlockArraysAdaptExt
│  ┌ Warning: Module Adapt with build ID fafbfcfd-712b-495e-9025-aa4d747cdd6e is missing from the cache.
│  │ This may mean Adapt [79e6a3ab-5dfb-504d-930d-738a2a938a0e] does not support precompilation but is imported by a module that does.
│  └ @ Base loading.jl:2541
└  
┌ ITensorMPS → ITensorMPSChainRulesCoreExt
│  ┌ Warning: Module ChainRulesCore with build ID fafbfcfd-5acb-cccf-d685-2fbb065eb5ad is missing from the cache.
│  │ This may mean ChainRulesCore [d360d2e6-b24c-11e9-a2a3-2a2ae2dbcce4] does not support precompilation but is imported by a module that does.
│  └ @ Base loading.jl:2541
└  
┌ Transducers → TransducersBlockArraysExt
│  ┌ Warning: Module Transducers with build ID fafbfcfd-ac89-fc72-e694-6475f27c6175 is missing from the cache.
│  │ This may mean Transducers [28d57a85-8fef-5791-bfe6-a80928e7c999] does not support precompilation but is imported by a module that does.
│  └ @ Base loading.jl:2541
└  
┌ ITensorMPS
│  [Output was shown above]
└  
┌ BlockArrays
│  ┌ Warning: Module StaticArrays with build ID fafbfcfd-adf7-54f6-6c90-5a527ebf3e33 is missing from the cache.
│  │ This may mean StaticArrays [90137ffa-7385-5640-81b9-e52037218182] does not support precompilation but is imported by a module that does.
│  └ @ Base loading.jl:2541
└  
┌ ArrayLayouts → ArrayLayoutsSparseArraysExt
│  ┌ Warning: Module StaticArrays with build ID fafbfcfd-adf7-54f6-6c90-5a527ebf3e33 is missing from the cache.
│  │ This may mean StaticArrays [90137ffa-7385-5640-81b9-e52037218182] does not support precompilation but is imported by a module that does.
│  └ @ Base loading.jl:2541
└  
┌ Warning: Module ITensors with build ID fafbfcfd-a2fc-4b64-3fdd-e6651b152b4e is missing from the cache.
│ This may mean ITensors [9136182c-28ba-11e9-034c-db9fb085ebd5] does not support precompilation but is imported by a module that does.
└ @ Base loading.jl:2541
Precompiling ITensorMPSChainRulesCoreExt...
    325.5 ms  ✓ DataValueInterfaces
    356.8 ms  ✓ CompositionsBase
    403.3 ms  ✓ DataAPI
    373.4 ms  ✓ Indexing
    443.2 ms  ✓ InverseFunctions
    425.9 ms  ✓ ConstructionBase
    431.0 ms  ✓ Adapt
    531.3 ms  ✓ DocStringExtensions
    520.0 ms  ✓ Compat
    642.0 ms  ✓ BitIntegers
    695.1 ms  ✓ Preferences
    637.3 ms  ? Dictionaries
    619.4 ms  ? ConstructionBase → ConstructionBaseLinearAlgebraExt
    634.7 ms  ? CompositionsBase → CompositionsBaseInverseFunctionsExt
    678.3 ms  ? InverseFunctions → InverseFunctionsDatesExt
    622.4 ms  ? Compat → CompatLinearAlgebraExt
    628.0 ms  ? PrecompileTools
   1812.7 ms  ✓ MacroTools
    661.3 ms  ? Functors
    638.3 ms  ? IsApprox
    957.2 ms  ? ArrayLayouts → ArrayLayoutsSparseArraysExt
    618.4 ms  ? Accessors
    623.5 ms  ? Accessors → LinearAlgebraExt
  11088.1 ms  ? BlockArrays
    621.7 ms  ? BlockArrays → BlockArraysAdaptExt
    625.9 ms  ? Transducers → TransducersBlockArraysExt
    652.6 ms  ? ITensorMPS
Info Given ITensorMPSChainRulesCoreExt was explicitly requested, output will be shown live [0K
[0K┌ Warning: Module ChainRulesCore with build ID fafbfcfd-5acb-cccf-d685-2fbb065eb5ad is missing from the cache.
[0K│ This may mean ChainRulesCore [d360d2e6-b24c-11e9-a2a3-2a2ae2dbcce4] does not support precompilation but is imported by a module that does.
[0K└ @ Base loading.jl:2541
    625.7 ms  ? ITensorMPS → ITensorMPSChainRulesCoreExt
  12 dependencies successfully precompiled in 15 seconds. 98 already precompiled.
  23 dependencies precompiled but different versions are currently loaded. Restart julia to access the new versions. Otherwise, loading dependents of these packages may trigger further precompilation to work with the unexpected versions.
  16 dependencies failed but may be precompilable after restarting julia
  16 dependencies had output during precompilation:
┌ Compat → CompatLinearAlgebraExt
│  ┌ Warning: Module Compat with build ID fafbfcfd-5b05-074f-59a8-0f61b328a05c is missing from the cache.
│  │ This may mean Compat [34da2185-b29b-5c13-b0c7-acf172513d20] does not support precompilation but is imported by a module that does.
│  └ @ Base loading.jl:2541
└  
┌ ConstructionBase → ConstructionBaseLinearAlgebraExt
│  ┌ Warning: Module ConstructionBase with build ID fafbfcfd-d366-ba88-730a-a76e91743fa8 is missing from the cache.
│  │ This may mean ConstructionBase [187b0558-2788-49d3-abe0-74a17ed4e7c9] does not support precompilation but is imported by a module that does.
│  └ @ Base loading.jl:2541
└  
┌ Dictionaries
│  ┌ Warning: Module Indexing with build ID fafbfcfd-f080-78a6-c02d-0087f59c9d40 is missing from the cache.
│  │ This may mean Indexing [313cdc1a-70c2-5d6a-ae34-0150d3930a38] does not support precompilation but is imported by a module that does.
│  └ @ Base loading.jl:2541
└  
┌ ArrayLayouts → ArrayLayoutsSparseArraysExt
│  ┌ Warning: Module StaticArrays with build ID fafbfcfd-adf7-54f6-6c90-5a527ebf3e33 is missing from the cache.
│  │ This may mean StaticArrays [90137ffa-7385-5640-81b9-e52037218182] does not support precompilation but is imported by a module that does.
│  └ @ Base loading.jl:2541
└  
┌ PrecompileTools
│  ┌ Warning: Module Preferences with build ID fafbfcfd-529a-aeed-3961-8230f0b24945 is missing from the cache.
│  │ This may mean Preferences [21216c6a-2e73-6563-6e65-726566657250] does not support precompilation but is imported by a module that does.
│  └ @ Base loading.jl:2541
└  
┌ Accessors → LinearAlgebraExt
│  ┌ Warning: Module Accessors with build ID fafbfcfd-6e53-4d9f-c3bb-c9d3079bc57a is missing from the cache.
│  │ This may mean Accessors [7d9f7c33-5ae7-4f3b-8dc6-eff91059b697] does not support precompilation but is imported by a module that does.
│  └ @ Base loading.jl:2541
└  
┌ ITensorMPS → ITensorMPSChainRulesCoreExt
│  [Output was shown above]
└  
┌ Accessors
│  ┌ Warning: Module MacroTools with build ID fafbfcfd-5367-c258-3c39-bbee3f863e70 is missing from the cache.
│  │ This may mean MacroTools [1914dd2f-81c6-5fcd-8719-6d5c9610ff09] does not support precompilation but is imported by a module that does.
│  └ @ Base loading.jl:2541
└  
┌ CompositionsBase → CompositionsBaseInverseFunctionsExt
│  ┌ Warning: Module CompositionsBase with build ID fafbfcfd-d5a0-ed62-df88-936a93a08ae2 is missing from the cache.
│  │ This may mean CompositionsBase [a33af91c-f02d-484b-be07-31d278c5ca2b] does not support precompilation but is imported by a module that does.
│  └ @ Base loading.jl:2541
└  
┌ BlockArrays
│  ┌ Warning: Module StaticArrays with build ID fafbfcfd-adf7-54f6-6c90-5a527ebf3e33 is missing from the cache.
│  │ This may mean StaticArrays [90137ffa-7385-5640-81b9-e52037218182] does not support precompilation but is imported by a module that does.
│  └ @ Base loading.jl:2541
└  
┌ Functors
│  ┌ Warning: Module Compat with build ID fafbfcfd-5b05-074f-59a8-0f61b328a05c is missing from the cache.
│  │ This may mean Compat [34da2185-b29b-5c13-b0c7-acf172513d20] does not support precompilation but is imported by a module that does.
│  └ @ Base loading.jl:2541
└  
┌ Transducers → TransducersBlockArraysExt
│  ┌ Warning: Module Transducers with build ID fafbfcfd-ac89-fc72-e694-6475f27c6175 is missing from the cache.
│  │ This may mean Transducers [28d57a85-8fef-5791-bfe6-a80928e7c999] does not support precompilation but is imported by a module that does.
│  └ @ Base loading.jl:2541
└  
┌ ITensorMPS
│  ┌ Warning: Module ITensors with build ID fafbfcfd-a2fc-4b64-3fdd-e6651b152b4e is missing from the cache.
│  │ This may mean ITensors [9136182c-28ba-11e9-034c-db9fb085ebd5] does not support precompilation but is imported by a module that does.
│  └ @ Base loading.jl:2541
└  
┌ InverseFunctions → InverseFunctionsDatesExt
│  ┌ Warning: Module InverseFunctions with build ID fafbfcfd-3626-d826-e369-84eda510c5f0 is missing from the cache.
│  │ This may mean InverseFunctions [3587e190-3f89-42d0-90ee-14403ec27112] does not support precompilation but is imported by a module that does.
│  └ @ Base loading.jl:2541
└  
┌ BlockArrays → BlockArraysAdaptExt
│  ┌ Warning: Module Adapt with build ID fafbfcfd-712b-495e-9025-aa4d747cdd6e is missing from the cache.
│  │ This may mean Adapt [79e6a3ab-5dfb-504d-930d-738a2a938a0e] does not support precompilation but is imported by a module that does.
│  └ @ Base loading.jl:2541
└  
┌ IsApprox
│  ┌ Warning: Module PrecompileTools with build ID fafbfcfd-032c-8146-6ba9-bcf6f6ccd98c is missing from the cache.
│  │ This may mean PrecompileTools [aea7be01-6a6a-4083-8856-8a6e6704d82a] does not support precompilation but is imported by a module that does.
│  └ @ Base loading.jl:2541
└  
┌ Warning: Module ChainRulesCore with build ID fafbfcfd-5acb-cccf-d685-2fbb065eb5ad is missing from the cache.
│ This may mean ChainRulesCore [d360d2e6-b24c-11e9-a2a3-2a2ae2dbcce4] does not support precompilation but is imported by a module that does.
└ @ Base loading.jl:2541
Generating random tensor of size 2^30
Number of threads: 256
rand wtime:   5.599823 seconds (119.86 k allocations: 8.006 GiB, 0.11% gc time, 1.46% compilation time)
calculate TT-SVD of rank 3
tt-svd wtime: 431.018061 seconds (477.29 M allocations: 234.911 GiB, 4.48% gc time, 64.81% compilation time)
tt-svd wtime: 154.063377 seconds (16.92 k allocations: 212.007 GiB, 12.01% gc time)
Precompiling ITensors...
    844.6 ms  ✓ DefineSingletons
   1485.8 ms  ✓ ExternalDocstrings
   1451.1 ms  ✓ DataValueInterfaces
   1480.6 ms  ✓ HalfIntegers
   2016.3 ms  ✓ InverseFunctions
   1986.6 ms  ✓ ExprTools
   1980.1 ms  ✓ IfElse
   1973.9 ms  ✓ ConstructionBase
   1966.3 ms  ✓ IteratorInterfaceExtensions
   1959.6 ms  ✓ CommonWorldInvalidations
   1953.3 ms  ✓ DataAPI
   2081.9 ms  ✓ OrderedCollections
   2021.7 ms  ✓ VectorInterface
   2015.9 ms  ✓ DocStringExtensions
   2008.7 ms  ✓ InlineStrings
   2060.6 ms  ✓ FillArrays
    603.2 ms  ✓ PackageExtensionCompat
   2606.2 ms  ✓ InitialValues
   2588.3 ms  ✓ Baselet
   1461.0 ms  ✓ CompositionsBase
   2058.4 ms  ✓ ArgCheck
   2027.9 ms  ✓ Indexing
   2019.9 ms  ✓ StaticArraysCore
   2015.3 ms  ✓ TupleTools
   2000.7 ms  ✓ SerializedElementArrays
   1994.0 ms  ✓ Requires
   2196.5 ms  ✓ BitIntegers
   2133.5 ms  ✓ Zeros
   2126.4 ms  ✓ Compat
   2115.8 ms  ✓ InverseFunctions → InverseFunctionsDatesExt
   2405.2 ms  ✓ Preferences
   2620.2 ms  ✓ MacroTools
    634.0 ms  ✓ TableTraits
   1505.4 ms  ✓ ConstructionBase → ConstructionBaseLinearAlgebraExt
   1533.2 ms  ✓ InverseFunctions → InverseFunctionsTestExt
   1487.3 ms  ✓ StridedViews
   1480.1 ms  ✓ CompositionsBase → CompositionsBaseInverseFunctionsExt
   1454.2 ms  ✓ Adapt
   1449.7 ms  ✓ Compat → CompatLinearAlgebraExt
   1440.8 ms  ✓ PrecompileTools
   2079.6 ms  ✓ Dictionaries
   2146.7 ms  ✓ TimerOutputs
   1507.0 ms  ✓ FillArrays → FillArraysSparseArraysExt
   2085.4 ms  ✓ ThreadedScans
   2038.1 ms  ✓ SimpleTraits
    545.2 ms  ✓ Referenceables
    863.8 ms  ✓ Adapt → AdaptSparseArraysExt
   1723.3 ms  ✓ ChainRulesCore
   1177.4 ms  ✓ Strided
   1143.4 ms  ✓ ArrayInterface
   1278.3 ms  ✓ Functors
   1258.2 ms  ✓ SplitApplyCombine
   1634.9 ms  ✓ Tables
   1554.6 ms  ✓ Static
   1771.0 ms  ✓ Setfield
   1675.7 ms  ✓ TypeParameterAccessors
   1991.2 ms  ✓ Accessors
    374.8 ms  ✓ ArrayInterface → ArrayInterfaceStaticArraysCoreExt
    395.1 ms  ✓ ArrayInterface → ArrayInterfaceChainRulesCoreExt
    671.1 ms  ✓ ChainRulesCore → ChainRulesCoreSparseArraysExt
    656.8 ms  ✓ ArrayInterface → ArrayInterfaceSparseArraysExt
    772.9 ms  ✓ TypeParameterAccessors → TypeParameterAccessorsStridedViewsExt
    783.5 ms  ✓ TypeParameterAccessors → TypeParameterAccessorsFillArraysExt
   1048.3 ms  ✓ Accessors → LinearAlgebraExt
   1224.6 ms  ✓ SplittablesBase
   1042.3 ms  ✓ Accessors → TestExt
   1287.7 ms  ✓ StaticArrayInterface
    406.4 ms  ✓ EllipsisNotation
    867.6 ms  ✓ BangBang
    750.3 ms  ✓ BangBang → BangBangChainRulesCoreExt
    886.2 ms  ✓ BangBang → BangBangTablesExt
    879.3 ms  ✓ MicroCollections
   5663.7 ms  ✓ StaticArrays
    933.2 ms  ✓ ConstructionBase → ConstructionBaseStaticArraysExt
   1240.1 ms  ✓ StaticArrays → StaticArraysChainRulesCoreExt
   1208.3 ms  ✓ Adapt → AdaptStaticArraysExt
   1199.4 ms  ✓ Accessors → StaticArraysExt
   1191.1 ms  ✓ StaticArrayInterface → StaticArrayInterfaceStaticArraysExt
   1183.0 ms  ✓ BangBang → BangBangStaticArraysExt
   2412.3 ms  ✓ Transducers
    864.8 ms  ✓ Transducers → TransducersReferenceablesExt
    876.7 ms  ✓ Transducers → TransducersAdaptExt
   9858.3 ms  ✓ IsApprox
   2638.0 ms  ✓ Folds
  11198.0 ms  ✓ ArrayLayouts
    964.2 ms  ✓ ArrayLayouts → ArrayLayoutsSparseArraysExt
   1767.9 ms  ✓ BlockArrays
    894.0 ms  ✓ BlockArrays → BlockArraysAdaptExt
   1217.7 ms  ✓ Transducers → TransducersBlockArraysExt
   3526.8 ms  ✓ NDTensors
   6161.5 ms  ✓ ITensors
   2119.0 ms  ✓ ITensors → ITensorsVectorInterfaceExt
  92 dependencies successfully precompiled in 40 seconds. 30 already precompiled.
Precompiling ITensorMPS...
   1730.9 ms  ✓ KrylovKit
    715.1 ms  ✓ KrylovKit → KrylovKitChainRulesCoreExt
   4907.2 ms  ✓ ITensorMPS
   2771.8 ms  ✓ ITensorMPS → ITensorMPSChainRulesCoreExt
  4 dependencies successfully precompiled in 11 seconds. 122 already precompiled.
Generating random tensor of size 2^30
Number of threads: 256
rand wtime:   5.554398 seconds (119.86 k allocations: 8.006 GiB, 1.46% gc time, 1.46% compilation time)
calculate TT-SVD of rank 4
tt-svd wtime: 460.553742 seconds (477.46 M allocations: 262.919 GiB, 4.88% gc time, 60.87% compilation time)
tt-svd wtime: 182.156727 seconds (16.91 k allocations: 240.008 GiB, 11.07% gc time)
Precompiling ITensors...
    767.3 ms  ✓ ExternalDocstrings
   1583.0 ms  ✓ DefineSingletons
   1462.6 ms  ✓ DataValueInterfaces
   1491.4 ms  ✓ HalfIntegers
   1617.4 ms  ✓ InverseFunctions
   1588.9 ms  ✓ ExprTools
   1581.5 ms  ✓ IfElse
   1575.8 ms  ✓ ConstructionBase
   1569.7 ms  ✓ IteratorInterfaceExtensions
   1563.3 ms  ✓ CommonWorldInvalidations
   1556.3 ms  ✓ DataAPI
   1676.7 ms  ✓ OrderedCollections
   1627.4 ms  ✓ VectorInterface
   1621.0 ms  ✓ DocStringExtensions
   1616.0 ms  ✓ InlineStrings
   1664.8 ms  ✓ FillArrays
    319.6 ms  ✓ PackageExtensionCompat
    337.6 ms  ✓ CompositionsBase
    350.7 ms  ✓ Indexing
    391.7 ms  ✓ ArgCheck
    363.1 ms  ✓ StaticArraysCore
    387.2 ms  ✓ SerializedElementArrays
    404.8 ms  ✓ TupleTools
    440.3 ms  ✓ Requires
    449.7 ms  ✓ Zeros
    503.5 ms  ✓ InverseFunctions → InverseFunctionsDatesExt
    622.0 ms  ✓ BitIntegers
    533.1 ms  ✓ Compat
    321.0 ms  ✓ TableTraits
    369.1 ms  ✓ ConstructionBase → ConstructionBaseLinearAlgebraExt
    653.7 ms  ✓ Preferences
    491.4 ms  ✓ InverseFunctions → InverseFunctionsTestExt
    355.3 ms  ✓ CompositionsBase → CompositionsBaseInverseFunctionsExt
    436.4 ms  ✓ StridedViews
    859.8 ms  ✓ InitialValues
    560.9 ms  ✓ FillArrays → FillArraysSparseArraysExt
    361.9 ms  ✓ Compat → CompatLinearAlgebraExt
    657.3 ms  ✓ Adapt
   1223.8 ms  ✓ Baselet
    823.2 ms  ✓ ThreadedScans
    606.1 ms  ✓ PrecompileTools
    572.3 ms  ✓ Strided
    993.4 ms  ✓ Dictionaries
    822.5 ms  ✓ Tables
    605.5 ms  ✓ Functors
    385.6 ms  ✓ Referenceables
    495.5 ms  ✓ ArrayInterface
   1853.6 ms  ✓ MacroTools
    668.0 ms  ✓ Adapt → AdaptSparseArraysExt
   1683.4 ms  ✓ TimerOutputs
    797.4 ms  ✓ Static
    700.2 ms  ✓ SplitApplyCombine
   1218.2 ms  ✓ ChainRulesCore
    408.8 ms  ✓ ArrayInterface → ArrayInterfaceStaticArraysCoreExt
    528.0 ms  ✓ ArrayInterface → ArrayInterfaceSparseArraysExt
    399.1 ms  ✓ ArrayInterface → ArrayInterfaceChainRulesCoreExt
    806.3 ms  ✓ SimpleTraits
    582.4 ms  ✓ ChainRulesCore → ChainRulesCoreSparseArraysExt
   1060.0 ms  ✓ Setfield
   1189.8 ms  ✓ StaticArrayInterface
    909.4 ms  ✓ TypeParameterAccessors
   1788.2 ms  ✓ Accessors
    524.4 ms  ✓ EllipsisNotation
    984.2 ms  ✓ SplittablesBase
    396.5 ms  ✓ TypeParameterAccessors → TypeParameterAccessorsStridedViewsExt
    432.1 ms  ✓ TypeParameterAccessors → TypeParameterAccessorsFillArraysExt
    507.7 ms  ✓ Accessors → LinearAlgebraExt
    565.7 ms  ✓ Accessors → TestExt
   5957.2 ms  ✓ StaticArrays
   9704.9 ms  ✓ IsApprox
  10908.9 ms  ✓ StaticArrays → StaticArraysChainRulesCoreExt
ConstructionBaseStaticArraysExt Waiting for background task / IO / timer.
[pid 1119251] waiting for IO to finish:
 Handle type        uv_handle_t->data
 fs_event           0x2023ccb0->0x7998202842b0
 timer              0x201eab20->0x7998202842e0
This means that a package has started a background task or event source that has not finished running. For precompilation to complete successfully, the event source needs to be closed explicitly. See the developer documentation on fixing precompilation hangs for more help.
  37187.4 ms  ? BangBang
  35585.0 ms  ✓ ConstructionBase → ConstructionBaseStaticArraysExt
  46499.8 ms  ✓ ArrayLayouts
MicroCollections Waiting for background task / IO / timer.
[pid 1121199] waiting for IO to finish:
 Handle type        uv_handle_t->data
 fs_event           0x3704a310->0x7e05e1718b50
 timer              0x36ff0f70->0x7e05e1718b80
This means that a package has started a background task or event source that has not finished running. For precompilation to complete successfully, the event source needs to be closed explicitly. See the developer documentation on fixing precompilation hangs for more help.
AdaptStaticArraysExt Waiting for background task / IO / timer.
[pid 1119257] waiting for IO to finish:
 Handle type        uv_handle_t->data
 fs_event           0x24184d20->0x754de13cb700
 timer              0x2405fc70->0x754de13cb730
This means that a package has started a background task or event source that has not finished running. For precompilation to complete successfully, the event source needs to be closed explicitly. See the developer documentation on fixing precompilation hangs for more help.
  21339.4 ms  ✓ BlockArrays
   1011.9 ms  ✓ BlockArrays → BlockArraysAdaptExt
  73260.4 ms  ✓ Adapt → AdaptStaticArraysExt
┌ Warning: Module Accessors with build ID fafbfcfd-a4b0-0c6f-f078-47d6dad2ba01 is missing from the cache.
│ This may mean Accessors [7d9f7c33-5ae7-4f3b-8dc6-eff91059b697] does not support precompilation but is imported by a module that does.
└ @ Base loading.jl:2541
┌ Error: Error during loading of extension LinearAlgebraExt of Accessors, use `Base.retry_load_extensions()` to retry.
│   exception =
│    1-element ExceptionStack:
│    Error when precompiling module, potentially caused by a __precompile__(false) declaration in the module.
│    Stacktrace:
│      [1] _require(pkg::Base.PkgId, env::Nothing)
│        @ Base ./loading.jl:2603
│      [2] __require_prelocked(uuidkey::Base.PkgId, env::Nothing)
│        @ Base ./loading.jl:2388
│      [3] #invoke_in_world#3
│        @ ./essentials.jl:1089 [inlined]
│      [4] invoke_in_world
│        @ ./essentials.jl:1086 [inlined]
│      [5] _require_prelocked
│        @ ./loading.jl:2375 [inlined]
│      [6] _require_prelocked
│        @ ./loading.jl:2374 [inlined]
│      [7] run_extension_callbacks(extid::Base.ExtensionId)
│        @ Base ./loading.jl:1544
│      [8] run_extension_callbacks(pkgid::Base.PkgId)
│        @ Base ./loading.jl:1576
│      [9] run_package_callbacks(modkey::Base.PkgId)
│        @ Base ./loading.jl:1396
│     [10] __require_prelocked(uuidkey::Base.PkgId, env::String)
│        @ Base ./loading.jl:2399
│     [11] #invoke_in_world#3
│        @ ./essentials.jl:1089 [inlined]
│     [12] invoke_in_world
│        @ ./essentials.jl:1086 [inlined]
│     [13] _require_prelocked(uuidkey::Base.PkgId, env::String)
│        @ Base ./loading.jl:2375
│     [14] macro expansion
│        @ ./loading.jl:2314 [inlined]
│     [15] macro expansion
│        @ ./lock.jl:273 [inlined]
│     [16] __require(into::Module, mod::Symbol)
│        @ Base ./loading.jl:2271
│     [17] #invoke_in_world#3
│        @ ./essentials.jl:1089 [inlined]
│     [18] invoke_in_world
│        @ ./essentials.jl:1086 [inlined]
│     [19] require(into::Module, mod::Symbol)
│        @ Base ./loading.jl:2260
│     [20] include
│        @ ./Base.jl:562 [inlined]
│     [21] include_package_for_output(pkg::Base.PkgId, input::String, depot_path::Vector{String}, dl_load_path::Vector{String}, load_path::Vector{String}, concrete_deps::Vector{Pair{Base.PkgId, UInt128}}, source::Nothing)
│        @ Base ./loading.jl:2881
│     [22] top-level scope
│        @ stdin:6
│     [23] eval
│        @ ./boot.jl:430 [inlined]
│     [24] include_string(mapexpr::typeof(identity), mod::Module, code::String, filename::String)
│        @ Base ./loading.jl:2734
│     [25] include_string
│        @ ./loading.jl:2744 [inlined]
│     [26] exec_options(opts::Base.JLOptions)
│        @ Base ./client.jl:321
│     [27] _start()
│        @ Base ./client.jl:531
└ @ Base loading.jl:1550
StaticArraysExt Waiting for background task / IO / timer.
[pid 1119263] waiting for IO to finish:
 Handle type        uv_handle_t->data
 fs_event           0x29f91eb0->0x7a0be8fb5cf0
 timer              0x29f97240->0x7a0be8fb5d20
This means that a package has started a background task or event source that has not finished running. For precompilation to complete successfully, the event source needs to be closed explicitly. See the developer documentation on fixing precompilation hangs for more help.
  83824.0 ms  ? StaticArrayInterface → StaticArrayInterfaceStaticArraysExt
  84641.9 ms  ✓ Accessors → StaticArraysExt
  68517.7 ms  ? BangBang → BangBangChainRulesCoreExt
┌ Warning: Module ConstructionBase with build ID fafbfcfd-a82d-4ef1-3529-848cab7e7942 is missing from the cache.
│ This may mean ConstructionBase [187b0558-2788-49d3-abe0-74a17ed4e7c9] does not support precompilation but is imported by a module that does.
└ @ Base loading.jl:2541
  75945.0 ms  ? MicroCollections
  65835.3 ms  ✓ ArrayLayouts → ArrayLayoutsSparseArraysExt
 107743.4 ms  ✓ BangBang → BangBangTablesExt
BangBangStaticArraysExt Waiting for background task / IO / timer.
[pid 1121181] waiting for IO to finish:
 Handle type        uv_handle_t->data
 fs_event           0x10db0a20->0x782ede0c32b0
 timer              0x110e3920->0x782ede0c32e0
This means that a package has started a background task or event source that has not finished running. For precompilation to complete successfully, the event source needs to be closed explicitly. See the developer documentation on fixing precompilation hangs for more help.
 115841.5 ms  ✓ BangBang → BangBangStaticArraysExt
   8162.8 ms  ✓ Transducers
   1226.4 ms  ✓ Transducers → TransducersAdaptExt
TransducersReferenceablesExt Waiting for background task / IO / timer.
[pid 1126207] waiting for IO to finish:
 Handle type        uv_handle_t->data
 fs_event           0x1d244e0->0x7a1ed784c820
 timer              0x1e3e4e0->0x7a1ed784c850
This means that a package has started a background task or event source that has not finished running. For precompilation to complete successfully, the event source needs to be closed explicitly. See the developer documentation on fixing precompilation hangs for more help.
  13570.5 ms  ? Transducers → TransducersBlockArraysExt
  21293.3 ms  ✓ Transducers → TransducersReferenceablesExt
  24678.7 ms  ✓ Folds
           ✗ NDTensors
Info Given ITensors was explicitly requested, output will be shown live [0K
[0K┌ Warning: Module ConstructionBase with build ID fafbfcfd-2d1d-9f72-4825-0907edaeab40 is missing from the cache.
[0K│ This may mean ConstructionBase [187b0558-2788-49d3-abe0-74a17ed4e7c9] does not support precompilation but is imported by a module that does.
[0K└ @ Base loading.jl:2541
  29231.8 ms  ? ITensors
  26928.7 ms  ? ITensors → ITensorsVectorInterfaceExt
  84 dependencies successfully precompiled in 266 seconds. 30 already precompiled.
  7 dependencies failed but may be precompilable after restarting julia
  12 dependencies had output during precompilation:
┌ BangBang → BangBangStaticArraysExt
│  [pid 1121181] waiting for IO to finish:
│   Handle type        uv_handle_t->data
│   fs_event           0x10db0a20->0x782ede0c32b0
│   timer              0x110e3920->0x782ede0c32e0
│  This means that a package has started a background task or event source that has not finished running. For precompilation to complete successfully, the event source needs to be closed explicitly. See the developer documentation on fixing precompilation hangs for more help.
└  
┌ ITensors → ITensorsVectorInterfaceExt
│  ┌ Warning: Module ConstructionBase with build ID fafbfcfd-bbb1-7814-524b-4cf277660bde is missing from the cache.
│  │ This may mean ConstructionBase [187b0558-2788-49d3-abe0-74a17ed4e7c9] does not support precompilation but is imported by a module that does.
│  └ @ Base loading.jl:2541
└  
┌ Transducers → TransducersReferenceablesExt
│  [pid 1126207] waiting for IO to finish:
│   Handle type        uv_handle_t->data
│   fs_event           0x1d244e0->0x7a1ed784c820
│   timer              0x1e3e4e0->0x7a1ed784c850
│  This means that a package has started a background task or event source that has not finished running. For precompilation to complete successfully, the event source needs to be closed explicitly. See the developer documentation on fixing precompilation hangs for more help.
└  
┌ MicroCollections
│  [pid 1121199] waiting for IO to finish:
│   Handle type        uv_handle_t->data
│   fs_event           0x3704a310->0x7e05e1718b50
│   timer              0x36ff0f70->0x7e05e1718b80
│  This means that a package has started a background task or event source that has not finished running. For precompilation to complete successfully, the event source needs to be closed explicitly. See the developer documentation on fixing precompilation hangs for more help.
│  ┌ Warning: Module Accessors with build ID fafbfcfd-a4b0-0c6f-f078-47d6dad2ba01 is missing from the cache.
│  │ This may mean Accessors [7d9f7c33-5ae7-4f3b-8dc6-eff91059b697] does not support precompilation but is imported by a module that does.
│  └ @ Base loading.jl:2541
│  ┌ Error: Error during loading of extension LinearAlgebraExt of Accessors, use `Base.retry_load_extensions()` to retry.
│  │   exception =
│  │    1-element ExceptionStack:
│  │    Error when precompiling module, potentially caused by a __precompile__(false) declaration in the module.
│  │    Stacktrace:
│  │      [1] _require(pkg::Base.PkgId, env::Nothing)
│  │        @ Base ./loading.jl:2603
│  │      [2] __require_prelocked(uuidkey::Base.PkgId, env::Nothing)
│  │        @ Base ./loading.jl:2388
│  │      [3] #invoke_in_world#3
│  │        @ ./essentials.jl:1089 [inlined]
│  │      [4] invoke_in_world
│  │        @ ./essentials.jl:1086 [inlined]
│  │      [5] _require_prelocked
│  │        @ ./loading.jl:2375 [inlined]
│  │      [6] _require_prelocked
│  │        @ ./loading.jl:2374 [inlined]
│  │      [7] run_extension_callbacks(extid::Base.ExtensionId)
│  │        @ Base ./loading.jl:1544
│  │      [8] run_extension_callbacks(pkgid::Base.PkgId)
│  │        @ Base ./loading.jl:1576
│  │      [9] run_package_callbacks(modkey::Base.PkgId)
│  │        @ Base ./loading.jl:1396
│  │     [10] __require_prelocked(uuidkey::Base.PkgId, env::String)
│  │        @ Base ./loading.jl:2399
│  │     [11] #invoke_in_world#3
│  │        @ ./essentials.jl:1089 [inlined]
│  │     [12] invoke_in_world
│  │        @ ./essentials.jl:1086 [inlined]
│  │     [13] _require_prelocked(uuidkey::Base.PkgId, env::String)
│  │        @ Base ./loading.jl:2375
│  │     [14] macro expansion
│  │        @ ./loading.jl:2314 [inlined]
│  │     [15] macro expansion
│  │        @ ./lock.jl:273 [inlined]
│  │     [16] __require(into::Module, mod::Symbol)
│  │        @ Base ./loading.jl:2271
│  │     [17] #invoke_in_world#3
│  │        @ ./essentials.jl:1089 [inlined]
│  │     [18] invoke_in_world
│  │        @ ./essentials.jl:1086 [inlined]
│  │     [19] require(into::Module, mod::Symbol)
│  │        @ Base ./loading.jl:2260
│  │     [20] include
│  │        @ ./Base.jl:562 [inlined]
│  │     [21] include_package_for_output(pkg::Base.PkgId, input::String, depot_path::Vector{String}, dl_load_path::Vector{String}, load_path::Vector{String}, concrete_deps::Vector{Pair{Base.PkgId, UInt128}}, source::Nothing)
│  │        @ Base ./loading.jl:2881
│  │     [22] top-level scope
│  │        @ stdin:6
│  │     [23] eval
│  │        @ ./boot.jl:430 [inlined]
│  │     [24] include_string(mapexpr::typeof(identity), mod::Module, code::String, filename::String)
│  │        @ Base ./loading.jl:2734
│  │     [25] include_string
│  │        @ ./loading.jl:2744 [inlined]
│  │     [26] exec_options(opts::Base.JLOptions)
│  │        @ Base ./client.jl:321
│  │     [27] _start()
│  │        @ Base ./client.jl:531
│  └ @ Base loading.jl:1550
│  ┌ Warning: Module ConstructionBase with build ID fafbfcfd-a82d-4ef1-3529-848cab7e7942 is missing from the cache.
│  │ This may mean ConstructionBase [187b0558-2788-49d3-abe0-74a17ed4e7c9] does not support precompilation but is imported by a module that does.
│  └ @ Base loading.jl:2541
└  
┌ ITensors
│  [Output was shown above]
└  
┌ Adapt → AdaptStaticArraysExt
│  [pid 1119257] waiting for IO to finish:
│   Handle type        uv_handle_t->data
│   fs_event           0x24184d20->0x754de13cb700
│   timer              0x2405fc70->0x754de13cb730
│  This means that a package has started a background task or event source that has not finished running. For precompilation to complete successfully, the event source needs to be closed explicitly. See the developer documentation on fixing precompilation hangs for more help.
└  
┌ Transducers → TransducersBlockArraysExt
│  ┌ Warning: The call to compilecache failed to create a usable precompiled cache file for ArrayLayouts [4c555306-a7a7-4459-81d9-ec55ddd5c99a]
│  │   exception = Required dependency Base.PkgId(Base.UUID("21216c6a-2e73-6563-6e65-726566657250"), "Preferences") failed to load from a cache file.
│  └ @ Base loading.jl:2596
└  
┌ ConstructionBase → ConstructionBaseStaticArraysExt
│  [pid 1119251] waiting for IO to finish:
│   Handle type        uv_handle_t->data
│   fs_event           0x2023ccb0->0x7998202842b0
│   timer              0x201eab20->0x7998202842e0
│  This means that a package has started a background task or event source that has not finished running. For precompilation to complete successfully, the event source needs to be closed explicitly. See the developer documentation on fixing precompilation hangs for more help.
└  
┌ Accessors → StaticArraysExt
│  [pid 1119263] waiting for IO to finish:
│   Handle type        uv_handle_t->data
│   fs_event           0x29f91eb0->0x7a0be8fb5cf0
│   timer              0x29f97240->0x7a0be8fb5d20
│  This means that a package has started a background task or event source that has not finished running. For precompilation to complete successfully, the event source needs to be closed explicitly. See the developer documentation on fixing precompilation hangs for more help.
└  
┌ BangBang
│  ┌ Warning: Module ConstructionBase with build ID fafbfcfd-f643-db25-3ea9-1acc8f8d7b0f is missing from the cache.
│  │ This may mean ConstructionBase [187b0558-2788-49d3-abe0-74a17ed4e7c9] does not support precompilation but is imported by a module that does.
│  └ @ Base loading.jl:2541
│  ┌ Error: Error during loading of extension ConstructionBaseLinearAlgebraExt of ConstructionBase, use `Base.retry_load_extensions()` to retry.
│  │   exception =
│  │    1-element ExceptionStack:
│  │    Error when precompiling module, potentially caused by a __precompile__(false) declaration in the module.
│  │    Stacktrace:
│  │      [1] _require(pkg::Base.PkgId, env::Nothing)
│  │        @ Base ./loading.jl:2603
│  │      [2] __require_prelocked(uuidkey::Base.PkgId, env::Nothing)
│  │        @ Base ./loading.jl:2388
│  │      [3] #invoke_in_world#3
│  │        @ ./essentials.jl:1089 [inlined]
│  │      [4] invoke_in_world
│  │        @ ./essentials.jl:1086 [inlined]
│  │      [5] _require_prelocked
│  │        @ ./loading.jl:2375 [inlined]
│  │      [6] _require_prelocked
│  │        @ ./loading.jl:2374 [inlined]
│  │      [7] run_extension_callbacks(extid::Base.ExtensionId)
│  │        @ Base ./loading.jl:1544
│  │      [8] run_extension_callbacks(pkgid::Base.PkgId)
│  │        @ Base ./loading.jl:1576
│  │      [9] run_package_callbacks(modkey::Base.PkgId)
│  │        @ Base ./loading.jl:1396
│  │     [10] __require_prelocked(uuidkey::Base.PkgId, env::String)
│  │        @ Base ./loading.jl:2399
│  │     [11] #invoke_in_world#3
│  │        @ ./essentials.jl:1089 [inlined]
│  │     [12] invoke_in_world
│  │        @ ./essentials.jl:1086 [inlined]
│  │     [13] _require_prelocked(uuidkey::Base.PkgId, env::String)
│  │        @ Base ./loading.jl:2375
│  │     [14] macro expansion
│  │        @ ./loading.jl:2314 [inlined]
│  │     [15] macro expansion
│  │        @ ./lock.jl:273 [inlined]
│  │     [16] __require(into::Module, mod::Symbol)
│  │        @ Base ./loading.jl:2271
│  │     [17] #invoke_in_world#3
│  │        @ ./essentials.jl:1089 [inlined]
│  │     [18] invoke_in_world
│  │        @ ./essentials.jl:1086 [inlined]
│  │     [19] require(into::Module, mod::Symbol)
│  │        @ Base ./loading.jl:2260
│  │     [20] include
│  │        @ ./Base.jl:562 [inlined]
│  │     [21] include_package_for_output(pkg::Base.PkgId, input::String, depot_path::Vector{String}, dl_load_path::Vector{String}, load_path::Vector{String}, concrete_deps::Vector{Pair{Base.PkgId, UInt128}}, source::Nothing)
│  │        @ Base ./loading.jl:2881
│  │     [22] top-level scope
│  │        @ stdin:6
│  │     [23] eval
│  │        @ ./boot.jl:430 [inlined]
│  │     [24] include_string(mapexpr::typeof(identity), mod::Module, code::String, filename::String)
│  │        @ Base ./loading.jl:2734
│  │     [25] include_string
│  │        @ ./loading.jl:2744 [inlined]
│  │     [26] exec_options(opts::Base.JLOptions)
│  │        @ Base ./client.jl:321
│  │     [27] _start()
│  │        @ Base ./client.jl:531
│  └ @ Base loading.jl:1550
│  ┌ Warning: Module ConstructionBase with build ID fafbfcfd-f643-db25-3ea9-1acc8f8d7b0f is missing from the cache.
│  │ This may mean ConstructionBase [187b0558-2788-49d3-abe0-74a17ed4e7c9] does not support precompilation but is imported by a module that does.
│  └ @ Base loading.jl:2541
└  
┌ StaticArrayInterface → StaticArrayInterfaceStaticArraysExt
│  ┌ Warning: Module PrecompileTools with build ID fafbfcfd-3208-49f8-9272-20dbbd76b3c5 is missing from the cache.
│  │ This may mean PrecompileTools [aea7be01-6a6a-4083-8856-8a6e6704d82a] does not support precompilation but is imported by a module that does.
│  └ @ Base loading.jl:2541
└  
┌ BangBang → BangBangChainRulesCoreExt
│  ┌ Warning: Module ConstructionBase with build ID fafbfcfd-517d-e03e-8c03-d7775e0f6c7e is missing from the cache.
│  │ This may mean ConstructionBase [187b0558-2788-49d3-abe0-74a17ed4e7c9] does not support precompilation but is imported by a module that does.
│  └ @ Base loading.jl:2541
└  
┌ Warning: Module SimpleTraits with build ID fafbfcfd-fa3e-208b-fd82-2c1d01eb59c5 is missing from the cache.
│ This may mean SimpleTraits [699a6c99-e7fa-54fc-8d76-47d257e15c1d] does not support precompilation but is imported by a module that does.
└ @ Base loading.jl:2541
Precompiling Functors...
    413.4 ms  ✓ ConstructionBase
    373.9 ms  ✓ ConstructionBase → ConstructionBaseLinearAlgebraExt
    588.8 ms  ✓ Functors
  3 dependencies successfully precompiled in 2 seconds. 7 already precompiled.
Precompiling NDTensors...
    300.0 ms  ✓ DataValueInterfaces
    318.1 ms  ✓ IfElse
    313.8 ms  ✓ IteratorInterfaceExtensions
    314.6 ms  ✓ CommonWorldInvalidations
    330.4 ms  ✓ CompositionsBase
    344.6 ms  ✓ DataAPI
    463.4 ms  ✓ HalfIntegers
    428.4 ms  ✓ InverseFunctions
    546.1 ms  ✓ VectorInterface
    604.7 ms  ✓ ConstructionBase → ConstructionBaseStaticArraysExt
    500.8 ms  ✓ ArrayInterface
    539.4 ms  ✓ Adapt → AdaptSparseArraysExt
    335.5 ms  ✓ TableTraits
    Tables Being precompiled by another machine (hostname: be-cpu05, pid: 170245, pidfile: /home/zoel_ml/.julia/compiled/v1.11/Tables/Z804B_BPjBk.ji.pidfile)
    429.9 ms  ✓ CompositionsBase → CompositionsBaseInverseFunctionsExt
    488.3 ms  ✓ InverseFunctions → InverseFunctionsDatesExt
    938.5 ms  ✓ FillArrays
    382.7 ms  ✓ ArrayInterface → ArrayInterfaceStaticArraysCoreExt
    511.5 ms  ✓ InverseFunctions → InverseFunctionsTestExt
    551.3 ms  ✓ ArrayInterface → ArrayInterfaceSparseArraysExt
    779.4 ms  ✓ Static
    593.5 ms  ✓ FillArrays → FillArraysSparseArraysExt
   1796.3 ms  ✓ MacroTools
   1151.2 ms  ✓ StaticArrayInterface
   1604.1 ms  ✓ Tables
    659.0 ms  ✓ SimpleTraits
    454.3 ms  ✓ EllipsisNotation
    988.0 ms  ✓ Setfield
    600.2 ms  ✓ StaticArrayInterface → StaticArrayInterfaceStaticArraysExt
    853.8 ms  ✓ TypeParameterAccessors
   1697.1 ms  ✓ Accessors
    791.8 ms  ✓ SplittablesBase
    391.0 ms  ✓ TypeParameterAccessors → TypeParameterAccessorsStridedViewsExt
    481.8 ms  ✓ TypeParameterAccessors → TypeParameterAccessorsFillArraysExt
    479.7 ms  ✓ Accessors → LinearAlgebraExt
    526.4 ms  ✓ Accessors → TestExt
    613.8 ms  ✓ Accessors → StaticArraysExt
    758.6 ms  ✓ BangBang
    517.8 ms  ✓ BangBang → BangBangTablesExt
    634.3 ms  ✓ MicroCollections
    Transducers Being precompiled by another machine (hostname: be-cpu05, pid: 170700, pidfile: /home/zoel_ml/.julia/compiled/v1.11/Transducers/cATK6_BPjBk.ji.pidfile)
    682.8 ms  ✓ BangBang → BangBangStaticArraysExt
  11365.5 ms  ✓ ArrayLayouts
   1021.6 ms  ✓ ArrayLayouts → ArrayLayoutsSparseArraysExt
   1963.2 ms  ✓ BlockArrays
    614.9 ms  ? BlockArrays → BlockArraysAdaptExt
  23244.1 ms  ✓ Transducers
   1132.9 ms  ? Transducers → TransducersBlockArraysExt
  11251.9 ms  ? Transducers → TransducersAdaptExt
  43563.3 ms  ? Transducers → TransducersReferenceablesExt
    Folds Being precompiled by another machine (hostname: be-cpu05, pid: 171704, pidfile: /home/zoel_ml/.julia/compiled/v1.11/Folds/08uCW_BPjBk.ji.pidfile)
  43504.9 ms  ✓ Folds
    NDTensors Being precompiled by another machine (hostname: be-cpu05, pid: 172104, pidfile: /home/zoel_ml/.julia/compiled/v1.11/NDTensors/MfkwS_BPjBk.ji.pidfile)
Info Given NDTensors was explicitly requested, output will be shown live [0K
[0K┌ Warning: Module Adapt with build ID fafbfcfd-94cd-44f5-9454-5ddda4745652 is missing from the cache.
[0K│ This may mean Adapt [79e6a3ab-5dfb-504d-930d-738a2a938a0e] does not support precompilation but is imported by a module that does.
[0K└ @ Base loading.jl:2541
  40903.6 ms  ✓ NDTensors
  46 dependencies successfully precompiled in 157 seconds. 45 already precompiled.
  4 dependencies failed but may be precompilable after restarting julia
  7 dependencies had output during precompilation:
┌ NDTensors
│  [Output was shown above]
└  
┌ BlockArrays → BlockArraysAdaptExt
│  ┌ Warning: Module Adapt with build ID fafbfcfd-94cd-44f5-9454-5ddda4745652 is missing from the cache.
│  │ This may mean Adapt [79e6a3ab-5dfb-504d-930d-738a2a938a0e] does not support precompilation but is imported by a module that does.
│  └ @ Base loading.jl:2541
└  
┌ Transducers → TransducersBlockArraysExt
│  ┌ Warning: Module ConstructionBase with build ID fafbfcfd-2dc7-2700-3d86-334c33854d29 is missing from the cache.
│  │ This may mean ConstructionBase [187b0558-2788-49d3-abe0-74a17ed4e7c9] does not support precompilation but is imported by a module that does.
│  └ @ Base loading.jl:2541
└  
┌ Transducers → TransducersReferenceablesExt
│  ┌ Warning: Module ConstructionBase with build ID fafbfcfd-2dc7-2700-3d86-334c33854d29 is missing from the cache.
│  │ This may mean ConstructionBase [187b0558-2788-49d3-abe0-74a17ed4e7c9] does not support precompilation but is imported by a module that does.
│  └ @ Base loading.jl:2541
└  
┌ Transducers → TransducersAdaptExt
│  ┌ Warning: Module ConstructionBase with build ID fafbfcfd-2dc7-2700-3d86-334c33854d29 is missing from the cache.
│  │ This may mean ConstructionBase [187b0558-2788-49d3-abe0-74a17ed4e7c9] does not support precompilation but is imported by a module that does.
│  └ @ Base loading.jl:2541
└  
┌ Transducers
│  ┌ Warning: Module ConstructionBase with build ID fafbfcfd-2dc7-2700-3d86-334c33854d29 is missing from the cache.
│  │ This may mean ConstructionBase [187b0558-2788-49d3-abe0-74a17ed4e7c9] does not support precompilation but is imported by a module that does.
│  └ @ Base loading.jl:2541
└  
┌ Folds
│  ┌ Warning: Module ConstructionBase with build ID fafbfcfd-2dc7-2700-3d86-334c33854d29 is missing from the cache.
│  │ This may mean ConstructionBase [187b0558-2788-49d3-abe0-74a17ed4e7c9] does not support precompilation but is imported by a module that does.
│  └ @ Base loading.jl:2541
└  
┌ Warning: Module Adapt with build ID fafbfcfd-94cd-44f5-9454-5ddda4745652 is missing from the cache.
│ This may mean Adapt [79e6a3ab-5dfb-504d-930d-738a2a938a0e] does not support precompilation but is imported by a module that does.
└ @ Base loading.jl:2541
Precompiling Folds...
    329.8 ms  ✓ DataValueInterfaces
    468.6 ms  ✓ DefineSingletons
    463.2 ms  ✓ ExternalDocstrings
    432.5 ms  ✓ IteratorInterfaceExtensions
    816.7 ms  ✓ CompositionsBase
    855.1 ms  ✓ InverseFunctions
    861.5 ms  ✓ ConstructionBase
    848.2 ms  ✓ DataAPI
    841.4 ms  ✓ ArgCheck
    812.7 ms  ✓ StaticArraysCore
    903.2 ms  ✓ OrderedCollections
    798.5 ms  ✓ Requires
    640.2 ms  ✓ TableTraits
   1037.0 ms  ✓ InitialValues
   1210.6 ms  ✓ Baselet
    443.1 ms  ✓ InverseFunctions → InverseFunctionsDatesExt
    426.5 ms  ✓ CompositionsBase → CompositionsBaseInverseFunctionsExt
    695.8 ms  ✓ Adapt
    858.9 ms  ? ConstructionBase → ConstructionBaseLinearAlgebraExt
    885.4 ms  ✓ InverseFunctions → InverseFunctionsTestExt
    911.5 ms  ✓ ThreadedScans
   1835.0 ms  ✓ MacroTools
    947.1 ms  ✓ Tables
    610.3 ms  ? Referenceables
    635.0 ms  ? Setfield
    648.1 ms  ? Accessors
    878.7 ms  ? SplittablesBase
    869.6 ms  ? Accessors → LinearAlgebraExt
    616.9 ms  ? BangBang
    856.5 ms  ? BangBang → BangBangTablesExt
    886.7 ms  ? MicroCollections
  10996.0 ms  ? Accessors → TestExt
    899.8 ms  ? Transducers
   1127.1 ms  ? Transducers → TransducersAdaptExt
  13534.8 ms  ? Transducers → TransducersReferenceablesExt
Info Given Folds was explicitly requested, output will be shown live [0K
[0K┌ Warning: Module ConstructionBase with build ID fafbfcfd-2dc7-2700-3d86-334c33854d29 is missing from the cache.
[0K│ This may mean ConstructionBase [187b0558-2788-49d3-abe0-74a17ed4e7c9] does not support precompilation but is imported by a module that does.
[0K└ @ Base loading.jl:2541
   1127.4 ms  ? Folds
  22 dependencies successfully precompiled in 30 seconds. 12 already precompiled.
  3 dependencies precompiled but different versions are currently loaded. Restart julia to access the new versions. Otherwise, loading dependents of these packages may trigger further precompilation to work with the unexpected versions.
  14 dependencies failed but may be precompilable after restarting julia
  14 dependencies had output during precompilation:
┌ SplittablesBase
│  ┌ Warning: Module ConstructionBase with build ID fafbfcfd-2dc7-2700-3d86-334c33854d29 is missing from the cache.
│  │ This may mean ConstructionBase [187b0558-2788-49d3-abe0-74a17ed4e7c9] does not support precompilation but is imported by a module that does.
│  └ @ Base loading.jl:2541
└  
┌ BangBang → BangBangTablesExt
│  ┌ Warning: Module ConstructionBase with build ID fafbfcfd-2dc7-2700-3d86-334c33854d29 is missing from the cache.
│  │ This may mean ConstructionBase [187b0558-2788-49d3-abe0-74a17ed4e7c9] does not support precompilation but is imported by a module that does.
│  └ @ Base loading.jl:2541
└  
┌ Transducers → TransducersReferenceablesExt
│  ┌ Warning: Module ConstructionBase with build ID fafbfcfd-2dc7-2700-3d86-334c33854d29 is missing from the cache.
│  │ This may mean ConstructionBase [187b0558-2788-49d3-abe0-74a17ed4e7c9] does not support precompilation but is imported by a module that does.
│  └ @ Base loading.jl:2541
└  
┌ ConstructionBase → ConstructionBaseLinearAlgebraExt
│  ┌ Warning: Module ConstructionBase with build ID fafbfcfd-2dc7-2700-3d86-334c33854d29 is missing from the cache.
│  │ This may mean ConstructionBase [187b0558-2788-49d3-abe0-74a17ed4e7c9] does not support precompilation but is imported by a module that does.
│  └ @ Base loading.jl:2541
└  
┌ Transducers → TransducersAdaptExt
│  ┌ Warning: Module ConstructionBase with build ID fafbfcfd-2dc7-2700-3d86-334c33854d29 is missing from the cache.
│  │ This may mean ConstructionBase [187b0558-2788-49d3-abe0-74a17ed4e7c9] does not support precompilation but is imported by a module that does.
│  └ @ Base loading.jl:2541
└  
┌ Referenceables
│  ┌ Warning: Module Adapt with build ID fafbfcfd-94cd-44f5-9454-5ddda4745652 is missing from the cache.
│  │ This may mean Adapt [79e6a3ab-5dfb-504d-930d-738a2a938a0e] does not support precompilation but is imported by a module that does.
│  └ @ Base loading.jl:2541
└  
┌ Transducers
│  ┌ Warning: Module ConstructionBase with build ID fafbfcfd-2dc7-2700-3d86-334c33854d29 is missing from the cache.
│  │ This may mean ConstructionBase [187b0558-2788-49d3-abe0-74a17ed4e7c9] does not support precompilation but is imported by a module that does.
│  └ @ Base loading.jl:2541
└  
┌ MicroCollections
│  ┌ Warning: Module ConstructionBase with build ID fafbfcfd-2dc7-2700-3d86-334c33854d29 is missing from the cache.
│  │ This may mean ConstructionBase [187b0558-2788-49d3-abe0-74a17ed4e7c9] does not support precompilation but is imported by a module that does.
│  └ @ Base loading.jl:2541
└  
┌ Accessors → LinearAlgebraExt
│  ┌ Warning: Module ConstructionBase with build ID fafbfcfd-2dc7-2700-3d86-334c33854d29 is missing from the cache.
│  │ This may mean ConstructionBase [187b0558-2788-49d3-abe0-74a17ed4e7c9] does not support precompilation but is imported by a module that does.
│  └ @ Base loading.jl:2541
└  
┌ Accessors
│  ┌ Warning: Module ConstructionBase with build ID fafbfcfd-2dc7-2700-3d86-334c33854d29 is missing from the cache.
│  │ This may mean ConstructionBase [187b0558-2788-49d3-abe0-74a17ed4e7c9] does not support precompilation but is imported by a module that does.
│  └ @ Base loading.jl:2541
└  
┌ Setfield
│  ┌ Warning: Module ConstructionBase with build ID fafbfcfd-2dc7-2700-3d86-334c33854d29 is missing from the cache.
│  │ This may mean ConstructionBase [187b0558-2788-49d3-abe0-74a17ed4e7c9] does not support precompilation but is imported by a module that does.
│  └ @ Base loading.jl:2541
└  
┌ BangBang
│  ┌ Warning: Module ConstructionBase with build ID fafbfcfd-2dc7-2700-3d86-334c33854d29 is missing from the cache.
│  │ This may mean ConstructionBase [187b0558-2788-49d3-abe0-74a17ed4e7c9] does not support precompilation but is imported by a module that does.
│  └ @ Base loading.jl:2541
└  
┌ Accessors → TestExt
│  ┌ Warning: Module ConstructionBase with build ID fafbfcfd-2dc7-2700-3d86-334c33854d29 is missing from the cache.
│  │ This may mean ConstructionBase [187b0558-2788-49d3-abe0-74a17ed4e7c9] does not support precompilation but is imported by a module that does.
│  └ @ Base loading.jl:2541
└  
┌ Folds
│  [Output was shown above]
└  
┌ Warning: Module ConstructionBase with build ID fafbfcfd-2dc7-2700-3d86-334c33854d29 is missing from the cache.
│ This may mean ConstructionBase [187b0558-2788-49d3-abe0-74a17ed4e7c9] does not support precompilation but is imported by a module that does.
└ @ Base loading.jl:2541
Precompiling Transducers...
    313.3 ms  ✓ DataValueInterfaces
    354.8 ms  ✓ DefineSingletons
    320.0 ms  ✓ IteratorInterfaceExtensions
    342.6 ms  ✓ CompositionsBase
    376.3 ms  ✓ DataAPI
    399.4 ms  ✓ ArgCheck
    366.2 ms  ✓ StaticArraysCore
    445.8 ms  ✓ ConstructionBase
    383.4 ms  ✓ InverseFunctions → InverseFunctionsDatesExt
    559.8 ms  ✓ OrderedCollections
    503.1 ms  ✓ InverseFunctions → InverseFunctionsTestExt
    344.3 ms  ✓ TableTraits
    358.4 ms  ✓ CompositionsBase → CompositionsBaseInverseFunctionsExt
    865.8 ms  ✓ InitialValues
    605.2 ms  ? ConstructionBase → ConstructionBaseLinearAlgebraExt
   1025.8 ms  ✓ Baselet
    835.2 ms  ✓ Tables
    658.8 ms  ? Setfield
    657.1 ms  ? Accessors
    836.7 ms  ? Accessors → TestExt
    863.2 ms  ? SplittablesBase
  13298.6 ms  ? Accessors → LinearAlgebraExt
    621.1 ms  ? BangBang
    858.0 ms  ? BangBang → BangBangTablesExt
    859.6 ms  ? MicroCollections
Info Given Transducers was explicitly requested, output will be shown live [0K
[0K┌ Warning: Module ConstructionBase with build ID fafbfcfd-2dc7-2700-3d86-334c33854d29 is missing from the cache.
[0K│ This may mean ConstructionBase [187b0558-2788-49d3-abe0-74a17ed4e7c9] does not support precompilation but is imported by a module that does.
[0K└ @ Base loading.jl:2541
    859.8 ms  ? Transducers
  16 dependencies successfully precompiled in 18 seconds. 13 already precompiled.
  2 dependencies precompiled but different versions are currently loaded. Restart julia to access the new versions. Otherwise, loading dependents of these packages may trigger further precompilation to work with the unexpected versions.
  10 dependencies failed but may be precompilable after restarting julia
  10 dependencies had output during precompilation:
┌ SplittablesBase
│  ┌ Warning: Module ConstructionBase with build ID fafbfcfd-2dc7-2700-3d86-334c33854d29 is missing from the cache.
│  │ This may mean ConstructionBase [187b0558-2788-49d3-abe0-74a17ed4e7c9] does not support precompilation but is imported by a module that does.
│  └ @ Base loading.jl:2541
└  
┌ MicroCollections
│  ┌ Warning: Module ConstructionBase with build ID fafbfcfd-2dc7-2700-3d86-334c33854d29 is missing from the cache.
│  │ This may mean ConstructionBase [187b0558-2788-49d3-abe0-74a17ed4e7c9] does not support precompilation but is imported by a module that does.
│  └ @ Base loading.jl:2541
└  
┌ BangBang → BangBangTablesExt
│  ┌ Warning: Module ConstructionBase with build ID fafbfcfd-2dc7-2700-3d86-334c33854d29 is missing from the cache.
│  │ This may mean ConstructionBase [187b0558-2788-49d3-abe0-74a17ed4e7c9] does not support precompilation but is imported by a module that does.
│  └ @ Base loading.jl:2541
└  
┌ Accessors → LinearAlgebraExt
│  ┌ Warning: Module ConstructionBase with build ID fafbfcfd-2dc7-2700-3d86-334c33854d29 is missing from the cache.
│  │ This may mean ConstructionBase [187b0558-2788-49d3-abe0-74a17ed4e7c9] does not support precompilation but is imported by a module that does.
│  └ @ Base loading.jl:2541
└  
┌ ConstructionBase → ConstructionBaseLinearAlgebraExt
│  ┌ Warning: Module ConstructionBase with build ID fafbfcfd-2dc7-2700-3d86-334c33854d29 is missing from the cache.
│  │ This may mean ConstructionBase [187b0558-2788-49d3-abe0-74a17ed4e7c9] does not support precompilation but is imported by a module that does.
│  └ @ Base loading.jl:2541
└  
┌ Setfield
│  ┌ Warning: Module ConstructionBase with build ID fafbfcfd-2dc7-2700-3d86-334c33854d29 is missing from the cache.
│  │ This may mean ConstructionBase [187b0558-2788-49d3-abe0-74a17ed4e7c9] does not support precompilation but is imported by a module that does.
│  └ @ Base loading.jl:2541
└  
┌ Accessors
│  ┌ Warning: Module ConstructionBase with build ID fafbfcfd-2dc7-2700-3d86-334c33854d29 is missing from the cache.
│  │ This may mean ConstructionBase [187b0558-2788-49d3-abe0-74a17ed4e7c9] does not support precompilation but is imported by a module that does.
│  └ @ Base loading.jl:2541
└  
┌ Accessors → TestExt
│  ┌ Warning: Module ConstructionBase with build ID fafbfcfd-2dc7-2700-3d86-334c33854d29 is missing from the cache.
│  │ This may mean ConstructionBase [187b0558-2788-49d3-abe0-74a17ed4e7c9] does not support precompilation but is imported by a module that does.
│  └ @ Base loading.jl:2541
└  
┌ BangBang
│  ┌ Warning: Module ConstructionBase with build ID fafbfcfd-2dc7-2700-3d86-334c33854d29 is missing from the cache.
│  │ This may mean ConstructionBase [187b0558-2788-49d3-abe0-74a17ed4e7c9] does not support precompilation but is imported by a module that does.
│  └ @ Base loading.jl:2541
└  
┌ Transducers
│  [Output was shown above]
└  
┌ Warning: Module ConstructionBase with build ID fafbfcfd-2dc7-2700-3d86-334c33854d29 is missing from the cache.
│ This may mean ConstructionBase [187b0558-2788-49d3-abe0-74a17ed4e7c9] does not support precompilation but is imported by a module that does.
└ @ Base loading.jl:2541
Precompiling Accessors...
    342.8 ms  ✓ CompositionsBase
    415.9 ms  ✓ ConstructionBase
    400.7 ms  ✓ InverseFunctions → InverseFunctionsDatesExt
    379.9 ms  ✓ CompositionsBase → CompositionsBaseInverseFunctionsExt
    609.4 ms  ? ConstructionBase → ConstructionBaseLinearAlgebraExt
Info Given Accessors was explicitly requested, output will be shown live [0K
[0K┌ Warning: Module ConstructionBase with build ID fafbfcfd-2dc7-2700-3d86-334c33854d29 is missing from the cache.
[0K│ This may mean ConstructionBase [187b0558-2788-49d3-abe0-74a17ed4e7c9] does not support precompilation but is imported by a module that does.
[0K└ @ Base loading.jl:2541
    646.6 ms  ? Accessors
    882.5 ms  ? Accessors → LinearAlgebraExt
  4 dependencies successfully precompiled in 3 seconds. 5 already precompiled.
  2 dependencies precompiled but different versions are currently loaded. Restart julia to access the new versions. Otherwise, loading dependents of these packages may trigger further precompilation to work with the unexpected versions.
  3 dependencies failed but may be precompilable after restarting julia
  3 dependencies had output during precompilation:
┌ Accessors → LinearAlgebraExt
│  ┌ Warning: Module ConstructionBase with build ID fafbfcfd-2dc7-2700-3d86-334c33854d29 is missing from the cache.
│  │ This may mean ConstructionBase [187b0558-2788-49d3-abe0-74a17ed4e7c9] does not support precompilation but is imported by a module that does.
│  └ @ Base loading.jl:2541
└  
┌ ConstructionBase → ConstructionBaseLinearAlgebraExt
│  ┌ Warning: Module ConstructionBase with build ID fafbfcfd-2dc7-2700-3d86-334c33854d29 is missing from the cache.
│  │ This may mean ConstructionBase [187b0558-2788-49d3-abe0-74a17ed4e7c9] does not support precompilation but is imported by a module that does.
│  └ @ Base loading.jl:2541
└  
┌ Accessors
│  [Output was shown above]
└  
┌ Warning: Module ConstructionBase with build ID fafbfcfd-2dc7-2700-3d86-334c33854d29 is missing from the cache.
│ This may mean ConstructionBase [187b0558-2788-49d3-abe0-74a17ed4e7c9] does not support precompilation but is imported by a module that does.
└ @ Base loading.jl:2541
Precompiling LinearAlgebraExt...
    605.6 ms  ? ConstructionBase → ConstructionBaseLinearAlgebraExt
    655.4 ms  ? Accessors
Info Given LinearAlgebraExt was explicitly requested, output will be shown live [0K
[0K┌ Warning: Module Accessors with build ID ffffffff-ffff-ffff-9a8d-f5b20d03da14 is missing from the cache.
[0K│ This may mean Accessors [7d9f7c33-5ae7-4f3b-8dc6-eff91059b697] does not support precompilation but is imported by a module that does.
[0K└ @ Base loading.jl:2541
    606.3 ms  ? Accessors → LinearAlgebraExt
┌ Warning: Module Accessors with build ID ffffffff-ffff-ffff-9a8d-f5b20d03da14 is missing from the cache.
│ This may mean Accessors [7d9f7c33-5ae7-4f3b-8dc6-eff91059b697] does not support precompilation but is imported by a module that does.
└ @ Base loading.jl:2541
Precompiling Tables...
    319.0 ms  ✓ DataValueInterfaces
    313.3 ms  ✓ IteratorInterfaceExtensions
    355.8 ms  ✓ DataAPI
    529.1 ms  ✓ OrderedCollections
    344.2 ms  ✓ TableTraits
    799.1 ms  ✓ Tables
  6 dependencies successfully precompiled in 2 seconds
Precompiling ArgCheck...
    383.8 ms  ✓ ArgCheck
  1 dependency successfully precompiled in 0 seconds
Precompiling BangBang...
    615.4 ms  ? ConstructionBase → ConstructionBaseLinearAlgebraExt
    807.8 ms  ✓ InitialValues
    650.7 ms  ? Accessors
    613.6 ms  ? Accessors → LinearAlgebraExt
Info Given BangBang was explicitly requested, output will be shown live [0K
[0K┌ Warning: Module ConstructionBase with build ID fafbfcfd-2dc7-2700-3d86-334c33854d29 is missing from the cache.
[0K│ This may mean ConstructionBase [187b0558-2788-49d3-abe0-74a17ed4e7c9] does not support precompilation but is imported by a module that does.
[0K└ @ Base loading.jl:2541
    615.2 ms  ? BangBang
  1 dependency successfully precompiled in 3 seconds. 9 already precompiled.
  3 dependencies precompiled but different versions are currently loaded. Restart julia to access the new versions. Otherwise, loading dependents of these packages may trigger further precompilation to work with the unexpected versions.
  4 dependencies failed but may be precompilable after restarting julia
  4 dependencies had output during precompilation:
┌ Accessors → LinearAlgebraExt
│  ┌ Warning: Module Accessors with build ID ffffffff-ffff-ffff-9a8d-f5b20d03da14 is missing from the cache.
│  │ This may mean Accessors [7d9f7c33-5ae7-4f3b-8dc6-eff91059b697] does not support precompilation but is imported by a module that does.
│  └ @ Base loading.jl:2541
└  
┌ ConstructionBase → ConstructionBaseLinearAlgebraExt
│  ┌ Warning: Module ConstructionBase with build ID fafbfcfd-2dc7-2700-3d86-334c33854d29 is missing from the cache.
│  │ This may mean ConstructionBase [187b0558-2788-49d3-abe0-74a17ed4e7c9] does not support precompilation but is imported by a module that does.
│  └ @ Base loading.jl:2541
└  
┌ Accessors
│  ┌ Warning: Module ConstructionBase with build ID fafbfcfd-2dc7-2700-3d86-334c33854d29 is missing from the cache.
│  │ This may mean ConstructionBase [187b0558-2788-49d3-abe0-74a17ed4e7c9] does not support precompilation but is imported by a module that does.
│  └ @ Base loading.jl:2541
└  
┌ BangBang
│  [Output was shown above]
└  
┌ Warning: Module ConstructionBase with build ID fafbfcfd-2dc7-2700-3d86-334c33854d29 is missing from the cache.
│ This may mean ConstructionBase [187b0558-2788-49d3-abe0-74a17ed4e7c9] does not support precompilation but is imported by a module that does.
└ @ Base loading.jl:2541
Precompiling BangBangTablesExt...
    606.8 ms  ? ConstructionBase → ConstructionBaseLinearAlgebraExt
    645.1 ms  ? Accessors
    606.1 ms  ? Accessors → LinearAlgebraExt
    615.4 ms  ? BangBang
Info Given BangBangTablesExt was explicitly requested, output will be shown live [0K
[0K┌ Warning: Module BangBang with build ID ffffffff-ffff-ffff-61e0-355cb989d9f4 is missing from the cache.
[0K│ This may mean BangBang [198e06fe-97b7-11e9-32a5-e1d131e6ad66] does not support precompilation but is imported by a module that does.
[0K└ @ Base loading.jl:2541
    619.9 ms  ? BangBang → BangBangTablesExt
┌ Warning: Module BangBang with build ID ffffffff-ffff-ffff-61e0-355cb989d9f4 is missing from the cache.
│ This may mean BangBang [198e06fe-97b7-11e9-32a5-e1d131e6ad66] does not support precompilation but is imported by a module that does.
└ @ Base loading.jl:2541
Precompiling Baselet...
    981.9 ms  ✓ Baselet
  1 dependency successfully precompiled in 1 seconds
Precompiling DefineSingletons...
    339.9 ms  ✓ DefineSingletons
  1 dependency successfully precompiled in 0 seconds
Precompiling MicroCollections...
    606.2 ms  ? ConstructionBase → ConstructionBaseLinearAlgebraExt
    648.6 ms  ? Accessors
    617.9 ms  ? Accessors → LinearAlgebraExt
    620.3 ms  ? BangBang
Info Given MicroCollections was explicitly requested, output will be shown live [0K
[0K┌ Warning: Module Accessors with build ID ffffffff-ffff-ffff-9a8d-f5b20d03da14 is missing from the cache.
[0K│ This may mean Accessors [7d9f7c33-5ae7-4f3b-8dc6-eff91059b697] does not support precompilation but is imported by a module that does.
[0K└ @ Base loading.jl:2541
    627.5 ms  ? MicroCollections
┌ Warning: Module Accessors with build ID ffffffff-ffff-ffff-9a8d-f5b20d03da14 is missing from the cache.
│ This may mean Accessors [7d9f7c33-5ae7-4f3b-8dc6-eff91059b697] does not support precompilation but is imported by a module that does.
└ @ Base loading.jl:2541
Precompiling SplittablesBase...
    372.0 ms  ✓ StaticArraysCore
    608.7 ms  ? ConstructionBase → ConstructionBaseLinearAlgebraExt
    631.7 ms  ? Setfield
Info Given SplittablesBase was explicitly requested, output will be shown live [0K
[0K┌ Warning: Module ConstructionBase with build ID fafbfcfd-2dc7-2700-3d86-334c33854d29 is missing from the cache.
[0K│ This may mean ConstructionBase [187b0558-2788-49d3-abe0-74a17ed4e7c9] does not support precompilation but is imported by a module that does.
[0K└ @ Base loading.jl:2541
    872.0 ms  ? SplittablesBase
  1 dependency successfully precompiled in 2 seconds. 9 already precompiled.
  1 dependency precompiled but a different version is currently loaded. Restart julia to access the new version. Otherwise, loading dependents of this package may trigger further precompilation to work with the unexpected version.
  3 dependencies failed but may be precompilable after restarting julia
  3 dependencies had output during precompilation:
┌ SplittablesBase
│  [Output was shown above]
└  
┌ ConstructionBase → ConstructionBaseLinearAlgebraExt
│  ┌ Warning: Module ConstructionBase with build ID fafbfcfd-2dc7-2700-3d86-334c33854d29 is missing from the cache.
│  │ This may mean ConstructionBase [187b0558-2788-49d3-abe0-74a17ed4e7c9] does not support precompilation but is imported by a module that does.
│  └ @ Base loading.jl:2541
└  
┌ Setfield
│  ┌ Warning: Module ConstructionBase with build ID fafbfcfd-2dc7-2700-3d86-334c33854d29 is missing from the cache.
│  │ This may mean ConstructionBase [187b0558-2788-49d3-abe0-74a17ed4e7c9] does not support precompilation but is imported by a module that does.
│  └ @ Base loading.jl:2541
└  
┌ Warning: Module ConstructionBase with build ID fafbfcfd-2dc7-2700-3d86-334c33854d29 is missing from the cache.
│ This may mean ConstructionBase [187b0558-2788-49d3-abe0-74a17ed4e7c9] does not support precompilation but is imported by a module that does.
└ @ Base loading.jl:2541
Precompiling Setfield...
    640.0 ms  ? ConstructionBase → ConstructionBaseLinearAlgebraExt
Info Given Setfield was explicitly requested, output will be shown live [0K
[0K┌ Warning: Module ConstructionBase with build ID fafbfcfd-2dc7-2700-3d86-334c33854d29 is missing from the cache.
[0K│ This may mean ConstructionBase [187b0558-2788-49d3-abe0-74a17ed4e7c9] does not support precompilation but is imported by a module that does.
[0K└ @ Base loading.jl:2541
    636.5 ms  ? Setfield
┌ Warning: Module ConstructionBase with build ID fafbfcfd-2dc7-2700-3d86-334c33854d29 is missing from the cache.
│ This may mean ConstructionBase [187b0558-2788-49d3-abe0-74a17ed4e7c9] does not support precompilation but is imported by a module that does.
└ @ Base loading.jl:2541
Precompiling InverseFunctionsTestExt...
    525.3 ms  ✓ InverseFunctions → InverseFunctionsTestExt
  1 dependency successfully precompiled in 1 seconds. 7 already precompiled.
Precompiling TestExt...
    619.7 ms  ? ConstructionBase → ConstructionBaseLinearAlgebraExt
    649.2 ms  ? Accessors
Info Given TestExt was explicitly requested, output will be shown live [0K
[0K┌ Warning: Module Accessors with build ID ffffffff-ffff-ffff-9a8d-f5b20d03da14 is missing from the cache.
[0K│ This may mean Accessors [7d9f7c33-5ae7-4f3b-8dc6-eff91059b697] does not support precompilation but is imported by a module that does.
[0K└ @ Base loading.jl:2541
    609.7 ms  ? Accessors → LinearAlgebraExt
    615.3 ms  ? Accessors → TestExt
┌ Warning: Module Accessors with build ID ffffffff-ffff-ffff-9a8d-f5b20d03da14 is missing from the cache.
│ This may mean Accessors [7d9f7c33-5ae7-4f3b-8dc6-eff91059b697] does not support precompilation but is imported by a module that does.
└ @ Base loading.jl:2541
Precompiling TransducersAdaptExt...
    459.0 ms  ✓ Requires
    616.2 ms  ? ConstructionBase → ConstructionBaseLinearAlgebraExt
    413.7 ms  ✓ Adapt
    638.5 ms  ? Setfield
    646.2 ms  ? Accessors
    600.5 ms  ? SplittablesBase
    606.5 ms  ? Accessors → LinearAlgebraExt
    611.6 ms  ? Accessors → TestExt
    611.7 ms  ? BangBang
    613.5 ms  ? BangBang → BangBangTablesExt
    619.0 ms  ? MicroCollections
    604.8 ms  ? Transducers
Info Given TransducersAdaptExt was explicitly requested, output will be shown live [0K
[0K┌ Warning: Module Transducers with build ID ffffffff-ffff-ffff-c0e4-dc6882276ce8 is missing from the cache.
[0K│ This may mean Transducers [28d57a85-8fef-5791-bfe6-a80928e7c999] does not support precompilation but is imported by a module that does.
[0K└ @ Base loading.jl:2541
    610.4 ms  ? Transducers → TransducersAdaptExt
  2 dependencies successfully precompiled in 5 seconds. 30 already precompiled.
  11 dependencies precompiled but different versions are currently loaded. Restart julia to access the new versions. Otherwise, loading dependents of these packages may trigger further precompilation to work with the unexpected versions.
  11 dependencies failed but may be precompilable after restarting julia
  11 dependencies had output during precompilation:
┌ SplittablesBase
│  ┌ Warning: Module Setfield with build ID ffffffff-ffff-ffff-4936-53d3078075f9 is missing from the cache.
│  │ This may mean Setfield [efcf1570-3423-57d1-acb7-fd33fddbac46] does not support precompilation but is imported by a module that does.
│  └ @ Base loading.jl:2541
└  
┌ BangBang → BangBangTablesExt
│  ┌ Warning: Module BangBang with build ID ffffffff-ffff-ffff-61e0-355cb989d9f4 is missing from the cache.
│  │ This may mean BangBang [198e06fe-97b7-11e9-32a5-e1d131e6ad66] does not support precompilation but is imported by a module that does.
│  └ @ Base loading.jl:2541
└  
┌ ConstructionBase → ConstructionBaseLinearAlgebraExt
│  ┌ Warning: Module ConstructionBase with build ID fafbfcfd-2dc7-2700-3d86-334c33854d29 is missing from the cache.
│  │ This may mean ConstructionBase [187b0558-2788-49d3-abe0-74a17ed4e7c9] does not support precompilation but is imported by a module that does.
│  └ @ Base loading.jl:2541
└  
┌ Transducers → TransducersAdaptExt
│  [Output was shown above]
└  
┌ Transducers
│  ┌ Warning: Module Accessors with build ID ffffffff-ffff-ffff-9a8d-f5b20d03da14 is missing from the cache.
│  │ This may mean Accessors [7d9f7c33-5ae7-4f3b-8dc6-eff91059b697] does not support precompilation but is imported by a module that does.
│  └ @ Base loading.jl:2541
└  
┌ MicroCollections
│  ┌ Warning: Module Accessors with build ID ffffffff-ffff-ffff-9a8d-f5b20d03da14 is missing from the cache.
│  │ This may mean Accessors [7d9f7c33-5ae7-4f3b-8dc6-eff91059b697] does not support precompilation but is imported by a module that does.
│  └ @ Base loading.jl:2541
└  
┌ Accessors → LinearAlgebraExt
│  ┌ Warning: Module Accessors with build ID ffffffff-ffff-ffff-9a8d-f5b20d03da14 is missing from the cache.
│  │ This may mean Accessors [7d9f7c33-5ae7-4f3b-8dc6-eff91059b697] does not support precompilation but is imported by a module that does.
│  └ @ Base loading.jl:2541
└  
┌ Accessors
│  ┌ Warning: Module ConstructionBase with build ID fafbfcfd-2dc7-2700-3d86-334c33854d29 is missing from the cache.
│  │ This may mean ConstructionBase [187b0558-2788-49d3-abe0-74a17ed4e7c9] does not support precompilation but is imported by a module that does.
│  └ @ Base loading.jl:2541
└  
┌ Setfield
│  ┌ Warning: Module ConstructionBase with build ID fafbfcfd-2dc7-2700-3d86-334c33854d29 is missing from the cache.
│  │ This may mean ConstructionBase [187b0558-2788-49d3-abe0-74a17ed4e7c9] does not support precompilation but is imported by a module that does.
│  └ @ Base loading.jl:2541
└  
┌ Accessors → TestExt
│  ┌ Warning: Module Accessors with build ID ffffffff-ffff-ffff-9a8d-f5b20d03da14 is missing from the cache.
│  │ This may mean Accessors [7d9f7c33-5ae7-4f3b-8dc6-eff91059b697] does not support precompilation but is imported by a module that does.
│  └ @ Base loading.jl:2541
└  
┌ BangBang
│  ┌ Warning: Module ConstructionBase with build ID fafbfcfd-2dc7-2700-3d86-334c33854d29 is missing from the cache.
│  │ This may mean ConstructionBase [187b0558-2788-49d3-abe0-74a17ed4e7c9] does not support precompilation but is imported by a module that does.
│  └ @ Base loading.jl:2541
└  
┌ Warning: Module Transducers with build ID ffffffff-ffff-ffff-c0e4-dc6882276ce8 is missing from the cache.
│ This may mean Transducers [28d57a85-8fef-5791-bfe6-a80928e7c999] does not support precompilation but is imported by a module that does.
└ @ Base loading.jl:2541
Precompiling ThreadedScans...
    727.7 ms  ✓ ThreadedScans
  1 dependency successfully precompiled in 1 seconds. 1 already precompiled.
Precompiling ExternalDocstrings...
    337.3 ms  ✓ ExternalDocstrings
  1 dependency successfully precompiled in 0 seconds
Precompiling Referenceables...
Info Given Referenceables was explicitly requested, output will be shown live [0K
[0K┌ Warning: Module Adapt with build ID fafbfcfd-94cd-44f5-9454-5ddda4745652 is missing from the cache.
[0K│ This may mean Adapt [79e6a3ab-5dfb-504d-930d-738a2a938a0e] does not support precompilation but is imported by a module that does.
[0K└ @ Base loading.jl:2541
    609.3 ms  ? Referenceables
┌ Warning: Module Adapt with build ID fafbfcfd-94cd-44f5-9454-5ddda4745652 is missing from the cache.
│ This may mean Adapt [79e6a3ab-5dfb-504d-930d-738a2a938a0e] does not support precompilation but is imported by a module that does.
└ @ Base loading.jl:2541
Precompiling TransducersReferenceablesExt...
    615.2 ms  ? ConstructionBase → ConstructionBaseLinearAlgebraExt
    626.8 ms  ? Referenceables
    625.4 ms  ? Setfield
    641.5 ms  ? Accessors
    605.7 ms  ? SplittablesBase
    604.6 ms  ? Accessors → LinearAlgebraExt
    605.0 ms  ? Accessors → TestExt
    614.9 ms  ? BangBang
    649.7 ms  ? BangBang → BangBangTablesExt
    629.1 ms  ? MicroCollections
    613.4 ms  ? Transducers
Info Given TransducersReferenceablesExt was explicitly requested, output will be shown live [0K
[0K┌ Warning: Module Transducers with build ID ffffffff-ffff-ffff-c0e4-dc6882276ce8 is missing from the cache.
[0K│ This may mean Transducers [28d57a85-8fef-5791-bfe6-a80928e7c999] does not support precompilation but is imported by a module that does.
[0K└ @ Base loading.jl:2541
    623.5 ms  ? Transducers → TransducersAdaptExt
    620.1 ms  ? Transducers → TransducersReferenceablesExt
┌ Warning: Module Transducers with build ID ffffffff-ffff-ffff-c0e4-dc6882276ce8 is missing from the cache.
│ This may mean Transducers [28d57a85-8fef-5791-bfe6-a80928e7c999] does not support precompilation but is imported by a module that does.
└ @ Base loading.jl:2541
Precompiling InlineStrings...
    597.3 ms  ✓ InlineStrings
  1 dependency successfully precompiled in 1 seconds
Precompiling StaticArrays...
    650.4 ms  ✓ Preferences
    625.8 ms  ? PrecompileTools
Info Given StaticArrays was explicitly requested, output will be shown live [0K
[0K┌ Warning: Module PrecompileTools with build ID fafbfcfd-c8c4-bba2-a365-04c0cfef3f70 is missing from the cache.
[0K│ This may mean PrecompileTools [aea7be01-6a6a-4083-8856-8a6e6704d82a] does not support precompilation but is imported by a module that does.
[0K└ @ Base loading.jl:2541
    615.6 ms  ? StaticArrays
  1 dependency successfully precompiled in 2 seconds. 5 already precompiled.
  2 dependencies precompiled but different versions are currently loaded. Restart julia to access the new versions. Otherwise, loading dependents of these packages may trigger further precompilation to work with the unexpected versions.
  2 dependencies failed but may be precompilable after restarting julia
  2 dependencies had output during precompilation:
┌ PrecompileTools
│  ┌ Warning: Module Preferences with build ID fafbfcfd-d4a6-eba6-bcb3-18dcde101532 is missing from the cache.
│  │ This may mean Preferences [21216c6a-2e73-6563-6e65-726566657250] does not support precompilation but is imported by a module that does.
│  └ @ Base loading.jl:2541
└  
┌ StaticArrays
│  [Output was shown above]
└  
┌ Warning: Module PrecompileTools with build ID fafbfcfd-c8c4-bba2-a365-04c0cfef3f70 is missing from the cache.
│ This may mean PrecompileTools [aea7be01-6a6a-4083-8856-8a6e6704d82a] does not support precompilation but is imported by a module that does.
└ @ Base loading.jl:2541
Precompiling AdaptStaticArraysExt...
    608.0 ms  ? PrecompileTools
    615.8 ms  ? StaticArrays
Info Given AdaptStaticArraysExt was explicitly requested, output will be shown live [0K
[0K┌ Warning: Module Adapt with build ID fafbfcfd-94cd-44f5-9454-5ddda4745652 is missing from the cache.
[0K│ This may mean Adapt [79e6a3ab-5dfb-504d-930d-738a2a938a0e] does not support precompilation but is imported by a module that does.
[0K└ @ Base loading.jl:2541
    611.1 ms  ? Adapt → AdaptStaticArraysExt
┌ Warning: Module Adapt with build ID fafbfcfd-94cd-44f5-9454-5ddda4745652 is missing from the cache.
│ This may mean Adapt [79e6a3ab-5dfb-504d-930d-738a2a938a0e] does not support precompilation but is imported by a module that does.
└ @ Base loading.jl:2541
Precompiling ConstructionBaseStaticArraysExt...
    611.2 ms  ? ConstructionBase → ConstructionBaseLinearAlgebraExt
    607.9 ms  ? PrecompileTools
    612.3 ms  ? StaticArrays
Info Given ConstructionBaseStaticArraysExt was explicitly requested, output will be shown live [0K
[0K┌ Warning: Module ConstructionBase with build ID fafbfcfd-2dc7-2700-3d86-334c33854d29 is missing from the cache.
[0K│ This may mean ConstructionBase [187b0558-2788-49d3-abe0-74a17ed4e7c9] does not support precompilation but is imported by a module that does.
[0K└ @ Base loading.jl:2541
    607.1 ms  ? ConstructionBase → ConstructionBaseStaticArraysExt
┌ Warning: Module ConstructionBase with build ID fafbfcfd-2dc7-2700-3d86-334c33854d29 is missing from the cache.
│ This may mean ConstructionBase [187b0558-2788-49d3-abe0-74a17ed4e7c9] does not support precompilation but is imported by a module that does.
└ @ Base loading.jl:2541
Precompiling StaticArraysExt...
    613.5 ms  ? ConstructionBase → ConstructionBaseLinearAlgebraExt
    612.4 ms  ? PrecompileTools
    612.3 ms  ? StaticArrays
    642.9 ms  ? Accessors
    603.1 ms  ? ConstructionBase → ConstructionBaseStaticArraysExt
Info Given StaticArraysExt was explicitly requested, output will be shown live [0K
[0K┌ Warning: Module StaticArrays with build ID ffffffff-ffff-ffff-a4e0-0cee4bf8a3b4 is missing from the cache.
[0K│ This may mean StaticArrays [90137ffa-7385-5640-81b9-e52037218182] does not support precompilation but is imported by a module that does.
[0K└ @ Base loading.jl:2541
    612.0 ms  ? Accessors → LinearAlgebraExt
    611.9 ms  ? Accessors → StaticArraysExt
┌ Warning: Module StaticArrays with build ID ffffffff-ffff-ffff-a4e0-0cee4bf8a3b4 is missing from the cache.
│ This may mean StaticArrays [90137ffa-7385-5640-81b9-e52037218182] does not support precompilation but is imported by a module that does.
└ @ Base loading.jl:2541
Precompiling BangBangStaticArraysExt...
    608.6 ms  ? ConstructionBase → ConstructionBaseLinearAlgebraExt
    610.6 ms  ? PrecompileTools
    617.4 ms  ? StaticArrays
    652.2 ms  ? Accessors
    621.4 ms  ? ConstructionBase → ConstructionBaseStaticArraysExt
    624.3 ms  ? Accessors → LinearAlgebraExt
    630.5 ms  ? Accessors → StaticArraysExt
    621.8 ms  ? BangBang
Info Given BangBangStaticArraysExt was explicitly requested, output will be shown live [0K
[0K┌ Warning: Module BangBang with build ID ffffffff-ffff-ffff-61e0-355cb989d9f4 is missing from the cache.
[0K│ This may mean BangBang [198e06fe-97b7-11e9-32a5-e1d131e6ad66] does not support precompilation but is imported by a module that does.
[0K└ @ Base loading.jl:2541
    621.2 ms  ? BangBang → BangBangStaticArraysExt
┌ Warning: Module BangBang with build ID ffffffff-ffff-ffff-61e0-355cb989d9f4 is missing from the cache.
│ This may mean BangBang [198e06fe-97b7-11e9-32a5-e1d131e6ad66] does not support precompilation but is imported by a module that does.
└ @ Base loading.jl:2541
Precompiling SimpleTraits...
    668.1 ms  ✓ SimpleTraits
  1 dependency successfully precompiled in 1 seconds. 4 already precompiled.
Precompiling SplitApplyCombine...
    361.3 ms  ✓ Indexing
    612.0 ms  ? Dictionaries
Info Given SplitApplyCombine was explicitly requested, output will be shown live [0K
[0K┌ Warning: Module Indexing with build ID fafbfcfd-439a-aee5-576b-06beec120347 is missing from the cache.
[0K│ This may mean Indexing [313cdc1a-70c2-5d6a-ae34-0150d3930a38] does not support precompilation but is imported by a module that does.
[0K└ @ Base loading.jl:2541
    604.5 ms  ? SplitApplyCombine
  1 dependency successfully precompiled in 2 seconds. 1 already precompiled.
  2 dependencies precompiled but different versions are currently loaded. Restart julia to access the new versions. Otherwise, loading dependents of these packages may trigger further precompilation to work with the unexpected versions.
  2 dependencies failed but may be precompilable after restarting julia
  2 dependencies had output during precompilation:
┌ Dictionaries
│  ┌ Warning: Module Indexing with build ID fafbfcfd-439a-aee5-576b-06beec120347 is missing from the cache.
│  │ This may mean Indexing [313cdc1a-70c2-5d6a-ae34-0150d3930a38] does not support precompilation but is imported by a module that does.
│  └ @ Base loading.jl:2541
└  
┌ SplitApplyCombine
│  [Output was shown above]
└  
┌ Warning: Module Indexing with build ID fafbfcfd-439a-aee5-576b-06beec120347 is missing from the cache.
│ This may mean Indexing [313cdc1a-70c2-5d6a-ae34-0150d3930a38] does not support precompilation but is imported by a module that does.
└ @ Base loading.jl:2541
Precompiling Strided...
    328.6 ms  ✓ PackageExtensionCompat
    421.2 ms  ✓ TupleTools
    443.5 ms  ✓ StridedViews
    579.0 ms  ✓ Strided
  4 dependencies successfully precompiled in 1 seconds
Precompiling TimerOutputs...
    392.7 ms  ✓ ExprTools
   1592.6 ms  ✓ TimerOutputs
  2 dependencies successfully precompiled in 2 seconds. 2 already precompiled.
Precompiling TypeParameterAccessors...
    849.5 ms  ✓ TypeParameterAccessors
  1 dependency successfully precompiled in 1 seconds. 5 already precompiled.
Precompiling TypeParameterAccessorsStridedViewsExt...
    646.0 ms  ✓ TypeParameterAccessors → TypeParameterAccessorsStridedViewsExt
  1 dependency successfully precompiled in 1 seconds. 8 already precompiled.
Precompiling AdaptSparseArraysExt...
Info Given AdaptSparseArraysExt was explicitly requested, output will be shown live [0K
[0K┌ Warning: Module Adapt with build ID fafbfcfd-94cd-44f5-9454-5ddda4745652 is missing from the cache.
[0K│ This may mean Adapt [79e6a3ab-5dfb-504d-930d-738a2a938a0e] does not support precompilation but is imported by a module that does.
[0K└ @ Base loading.jl:2541
    622.6 ms  ? Adapt → AdaptSparseArraysExt
┌ Warning: Module Adapt with build ID fafbfcfd-94cd-44f5-9454-5ddda4745652 is missing from the cache.
│ This may mean Adapt [79e6a3ab-5dfb-504d-930d-738a2a938a0e] does not support precompilation but is imported by a module that does.
└ @ Base loading.jl:2541
Precompiling SerializedElementArrays...
    541.0 ms  ✓ SerializedElementArrays
  1 dependency successfully precompiled in 1 seconds. 1 already precompiled.
Precompiling Zeros...
    598.7 ms  ✓ Zeros
  1 dependency successfully precompiled in 1 seconds. 6 already precompiled.
Precompiling ChainRulesCore...
    541.4 ms  ✓ Compat
    621.9 ms  ? Compat → CompatLinearAlgebraExt
Info Given ChainRulesCore was explicitly requested, output will be shown live [0K
[0K┌ Warning: Module Compat with build ID fafbfcfd-6b04-8055-9051-536631b4aeb1 is missing from the cache.
[0K│ This may mean Compat [34da2185-b29b-5c13-b0c7-acf172513d20] does not support precompilation but is imported by a module that does.
[0K└ @ Base loading.jl:2541
    620.4 ms  ? ChainRulesCore
  1 dependency successfully precompiled in 2 seconds. 5 already precompiled.
  2 dependencies precompiled but different versions are currently loaded. Restart julia to access the new versions. Otherwise, loading dependents of these packages may trigger further precompilation to work with the unexpected versions.
  2 dependencies failed but may be precompilable after restarting julia
  2 dependencies had output during precompilation:
┌ Compat → CompatLinearAlgebraExt
│  ┌ Warning: Module Compat with build ID fafbfcfd-6b04-8055-9051-536631b4aeb1 is missing from the cache.
│  │ This may mean Compat [34da2185-b29b-5c13-b0c7-acf172513d20] does not support precompilation but is imported by a module that does.
│  └ @ Base loading.jl:2541
└  
┌ ChainRulesCore
│  [Output was shown above]
└  
┌ Warning: Module Compat with build ID fafbfcfd-6b04-8055-9051-536631b4aeb1 is missing from the cache.
│ This may mean Compat [34da2185-b29b-5c13-b0c7-acf172513d20] does not support precompilation but is imported by a module that does.
└ @ Base loading.jl:2541
Precompiling BangBangChainRulesCoreExt...
    618.2 ms  ? ConstructionBase → ConstructionBaseLinearAlgebraExt
    621.3 ms  ? Compat → CompatLinearAlgebraExt
    619.5 ms  ? ChainRulesCore
    650.7 ms  ? Accessors
    612.6 ms  ? Accessors → LinearAlgebraExt
    624.0 ms  ? BangBang
Info Given BangBangChainRulesCoreExt was explicitly requested, output will be shown live [0K
[0K┌ Warning: Module BangBang with build ID ffffffff-ffff-ffff-61e0-355cb989d9f4 is missing from the cache.
[0K│ This may mean BangBang [198e06fe-97b7-11e9-32a5-e1d131e6ad66] does not support precompilation but is imported by a module that does.
[0K└ @ Base loading.jl:2541
    616.9 ms  ? BangBang → BangBangChainRulesCoreExt
┌ Warning: Module BangBang with build ID ffffffff-ffff-ffff-61e0-355cb989d9f4 is missing from the cache.
│ This may mean BangBang [198e06fe-97b7-11e9-32a5-e1d131e6ad66] does not support precompilation but is imported by a module that does.
└ @ Base loading.jl:2541
Precompiling StaticArraysChainRulesCoreExt...
    618.4 ms  ? Compat → CompatLinearAlgebraExt
    621.4 ms  ? PrecompileTools
    606.2 ms  ? ChainRulesCore
    605.4 ms  ? StaticArrays
Info Given StaticArraysChainRulesCoreExt was explicitly requested, output will be shown live [0K
[0K┌ Warning: Module StaticArrays with build ID ffffffff-ffff-ffff-a4e0-0cee4bf8a3b4 is missing from the cache.
[0K│ This may mean StaticArrays [90137ffa-7385-5640-81b9-e52037218182] does not support precompilation but is imported by a module that does.
[0K└ @ Base loading.jl:2541
    610.5 ms  ? StaticArrays → StaticArraysChainRulesCoreExt
┌ Warning: Module StaticArrays with build ID ffffffff-ffff-ffff-a4e0-0cee4bf8a3b4 is missing from the cache.
│ This may mean StaticArrays [90137ffa-7385-5640-81b9-e52037218182] does not support precompilation but is imported by a module that does.
└ @ Base loading.jl:2541
Precompiling ChainRulesCoreSparseArraysExt...
    604.6 ms  ? Compat → CompatLinearAlgebraExt
    610.3 ms  ? ChainRulesCore
Info Given ChainRulesCoreSparseArraysExt was explicitly requested, output will be shown live [0K
[0K┌ Warning: Module ChainRulesCore with build ID ffffffff-ffff-ffff-1401-b305bc93739f is missing from the cache.
[0K│ This may mean ChainRulesCore [d360d2e6-b24c-11e9-a2a3-2a2ae2dbcce4] does not support precompilation but is imported by a module that does.
[0K└ @ Base loading.jl:2541
    616.7 ms  ? ChainRulesCore → ChainRulesCoreSparseArraysExt
┌ Warning: Module ChainRulesCore with build ID ffffffff-ffff-ffff-1401-b305bc93739f is missing from the cache.
│ This may mean ChainRulesCore [d360d2e6-b24c-11e9-a2a3-2a2ae2dbcce4] does not support precompilation but is imported by a module that does.
└ @ Base loading.jl:2541
Precompiling ITensorMPS...
    327.7 ms  ✓ IfElse
    340.1 ms  ✓ CommonWorldInvalidations
    463.3 ms  ✓ HalfIntegers
    528.9 ms  ✓ VectorInterface
    544.0 ms  ✓ DocStringExtensions
    530.4 ms  ✓ ArrayInterface
    608.2 ms  ✓ BitIntegers
    629.9 ms  ? Referenceables
    642.5 ms  ? Dictionaries
    637.2 ms  ? Adapt → AdaptSparseArraysExt
    675.8 ms  ? ConstructionBase → ConstructionBaseLinearAlgebraExt
    645.5 ms  ? Compat → CompatLinearAlgebraExt
    656.0 ms  ? PrecompileTools
    936.4 ms  ✓ FillArrays
    366.7 ms  ✓ ArrayInterface → ArrayInterfaceStaticArraysCoreExt
    512.8 ms  ✓ ArrayInterface → ArrayInterfaceSparseArraysExt
    637.1 ms  ? SplitApplyCombine
    638.6 ms  ? ChainRulesCore
    630.7 ms  ? Functors
    439.5 ms  ✓ TypeParameterAccessors → TypeParameterAccessorsFillArraysExt
    691.1 ms  ? Setfield
    651.5 ms  ? StaticArrays
    645.4 ms  ? Static
    638.1 ms  ? IsApprox
    701.1 ms  ? Accessors
    575.3 ms  ✓ FillArrays → FillArraysSparseArraysExt
    650.5 ms  ? ChainRulesCore → ChainRulesCoreSparseArraysExt
    635.2 ms  ? SplittablesBase
    667.1 ms  ? ArrayInterface → ArrayInterfaceChainRulesCoreExt
    637.1 ms  ? StaticArrays → StaticArraysChainRulesCoreExt
    646.2 ms  ? ConstructionBase → ConstructionBaseStaticArraysExt
    650.8 ms  ? Adapt → AdaptStaticArraysExt
    641.2 ms  ? StaticArrayInterface
    635.3 ms  ? Accessors → LinearAlgebraExt
    660.5 ms  ? Accessors → TestExt
    686.6 ms  ? ArrayLayouts
    657.2 ms  ? Accessors → StaticArraysExt
   1711.6 ms  ✓ KrylovKit
    628.2 ms  ? BangBang
    672.6 ms  ? KrylovKit → KrylovKitChainRulesCoreExt
    879.1 ms  ? EllipsisNotation
    909.4 ms  ? BlockArrays
    638.1 ms  ? BangBang → BangBangChainRulesCoreExt
    638.7 ms  ? BangBang → BangBangStaticArraysExt
    632.1 ms  ? BangBang → BangBangTablesExt
    636.4 ms  ? MicroCollections
    622.1 ms  ? BlockArrays → BlockArraysAdaptExt
    590.8 ms  ? Transducers
    614.4 ms  ? Transducers → TransducersBlockArraysExt
    621.3 ms  ? Transducers → TransducersAdaptExt
    616.0 ms  ? Transducers → TransducersReferenceablesExt
    608.4 ms  ? Folds
  10976.5 ms  ? StaticArrayInterface → StaticArrayInterfaceStaticArraysExt
  11029.4 ms  ? ArrayLayouts → ArrayLayoutsSparseArraysExt
    621.5 ms  ? NDTensors
    617.9 ms  ? ITensors
    621.2 ms  ? ITensors → ITensorsVectorInterfaceExt
Info Given ITensorMPS was explicitly requested, output will be shown live [0K
[0K┌ Warning: Module ITensors with build ID ffffffff-ffff-ffff-8b0f-df48a5732c08 is missing from the cache.
[0K│ This may mean ITensors [9136182c-28ba-11e9-034c-db9fb085ebd5] does not support precompilation but is imported by a module that does.
[0K└ @ Base loading.jl:2541
    611.3 ms  ? ITensorMPS
    624.6 ms  ? ITensorMPS → ITensorMPSChainRulesCoreExt
  13 dependencies successfully precompiled in 17 seconds. 67 already precompiled.
  34 dependencies precompiled but different versions are currently loaded. Restart julia to access the new versions. Otherwise, loading dependents of these packages may trigger further precompilation to work with the unexpected versions.
  46 dependencies failed but may be precompilable after restarting julia
  46 dependencies had output during precompilation:
┌ Transducers → TransducersAdaptExt
│  ┌ Warning: Module Transducers with build ID ffffffff-ffff-ffff-c0e4-dc6882276ce8 is missing from the cache.
│  │ This may mean Transducers [28d57a85-8fef-5791-bfe6-a80928e7c999] does not support precompilation but is imported by a module that does.
│  └ @ Base loading.jl:2541
└  
┌ Referenceables
│  ┌ Warning: Module Adapt with build ID fafbfcfd-94cd-44f5-9454-5ddda4745652 is missing from the cache.
│  │ This may mean Adapt [79e6a3ab-5dfb-504d-930d-738a2a938a0e] does not support precompilation but is imported by a module that does.
│  └ @ Base loading.jl:2541
└  
┌ Dictionaries
│  ┌ Warning: Module Indexing with build ID fafbfcfd-439a-aee5-576b-06beec120347 is missing from the cache.
│  │ This may mean Indexing [313cdc1a-70c2-5d6a-ae34-0150d3930a38] does not support precompilation but is imported by a module that does.
│  └ @ Base loading.jl:2541
└  
┌ MicroCollections
│  ┌ Warning: Module Accessors with build ID ffffffff-ffff-ffff-9a8d-f5b20d03da14 is missing from the cache.
│  │ This may mean Accessors [7d9f7c33-5ae7-4f3b-8dc6-eff91059b697] does not support precompilation but is imported by a module that does.
│  └ @ Base loading.jl:2541
└  
┌ NDTensors
│  ┌ Warning: Module Adapt with build ID fafbfcfd-94cd-44f5-9454-5ddda4745652 is missing from the cache.
│  │ This may mean Adapt [79e6a3ab-5dfb-504d-930d-738a2a938a0e] does not support precompilation but is imported by a module that does.
│  └ @ Base loading.jl:2541
└  
┌ Functors
│  ┌ Warning: Module Compat with build ID fafbfcfd-6b04-8055-9051-536631b4aeb1 is missing from the cache.
│  │ This may mean Compat [34da2185-b29b-5c13-b0c7-acf172513d20] does not support precompilation but is imported by a module that does.
│  └ @ Base loading.jl:2541
└  
┌ Setfield
│  ┌ Warning: Module ConstructionBase with build ID fafbfcfd-2dc7-2700-3d86-334c33854d29 is missing from the cache.
│  │ This may mean ConstructionBase [187b0558-2788-49d3-abe0-74a17ed4e7c9] does not support precompilation but is imported by a module that does.
│  └ @ Base loading.jl:2541
└  
┌ KrylovKit → KrylovKitChainRulesCoreExt
│  ┌ Warning: Module ChainRulesCore with build ID ffffffff-ffff-ffff-1401-b305bc93739f is missing from the cache.
│  │ This may mean ChainRulesCore [d360d2e6-b24c-11e9-a2a3-2a2ae2dbcce4] does not support precompilation but is imported by a module that does.
│  └ @ Base loading.jl:2541
└  
┌ Accessors → TestExt
│  ┌ Warning: Module Accessors with build ID ffffffff-ffff-ffff-9a8d-f5b20d03da14 is missing from the cache.
│  │ This may mean Accessors [7d9f7c33-5ae7-4f3b-8dc6-eff91059b697] does not support precompilation but is imported by a module that does.
│  └ @ Base loading.jl:2541
└  
┌ BangBang
│  ┌ Warning: Module ConstructionBase with build ID fafbfcfd-2dc7-2700-3d86-334c33854d29 is missing from the cache.
│  │ This may mean ConstructionBase [187b0558-2788-49d3-abe0-74a17ed4e7c9] does not support precompilation but is imported by a module that does.
│  └ @ Base loading.jl:2541
└  
┌ IsApprox
│  ┌ Warning: Module PrecompileTools with build ID fafbfcfd-c8c4-bba2-a365-04c0cfef3f70 is missing from the cache.
│  │ This may mean PrecompileTools [aea7be01-6a6a-4083-8856-8a6e6704d82a] does not support precompilation but is imported by a module that does.
│  └ @ Base loading.jl:2541
└  
┌ StaticArrayInterface → StaticArrayInterfaceStaticArraysExt
│  ┌ Warning: Module PrecompileTools with build ID fafbfcfd-c8c4-bba2-a365-04c0cfef3f70 is missing from the cache.
│  │ This may mean PrecompileTools [aea7be01-6a6a-4083-8856-8a6e6704d82a] does not support precompilation but is imported by a module that does.
│  └ @ Base loading.jl:2541
└  
┌ Compat → CompatLinearAlgebraExt
│  ┌ Warning: Module Compat with build ID fafbfcfd-6b04-8055-9051-536631b4aeb1 is missing from the cache.
│  │ This may mean Compat [34da2185-b29b-5c13-b0c7-acf172513d20] does not support precompilation but is imported by a module that does.
│  └ @ Base loading.jl:2541
└  
┌ SplittablesBase
│  ┌ Warning: Module Setfield with build ID ffffffff-ffff-ffff-4936-53d3078075f9 is missing from the cache.
│  │ This may mean Setfield [efcf1570-3423-57d1-acb7-fd33fddbac46] does not support precompilation but is imported by a module that does.
│  └ @ Base loading.jl:2541
└  
┌ BangBang → BangBangStaticArraysExt
│  ┌ Warning: Module BangBang with build ID ffffffff-ffff-ffff-61e0-355cb989d9f4 is missing from the cache.
│  │ This may mean BangBang [198e06fe-97b7-11e9-32a5-e1d131e6ad66] does not support precompilation but is imported by a module that does.
│  └ @ Base loading.jl:2541
└  
┌ BangBang → BangBangTablesExt
│  ┌ Warning: Module BangBang with build ID ffffffff-ffff-ffff-61e0-355cb989d9f4 is missing from the cache.
│  │ This may mean BangBang [198e06fe-97b7-11e9-32a5-e1d131e6ad66] does not support precompilation but is imported by a module that does.
│  └ @ Base loading.jl:2541
└  
┌ ITensors → ITensorsVectorInterfaceExt
│  ┌ Warning: Module ITensors with build ID ffffffff-ffff-ffff-8b0f-df48a5732c08 is missing from the cache.
│  │ This may mean ITensors [9136182c-28ba-11e9-034c-db9fb085ebd5] does not support precompilation but is imported by a module that does.
│  └ @ Base loading.jl:2541
└  
┌ Transducers → TransducersReferenceablesExt
│  ┌ Warning: Module Transducers with build ID ffffffff-ffff-ffff-c0e4-dc6882276ce8 is missing from the cache.
│  │ This may mean Transducers [28d57a85-8fef-5791-bfe6-a80928e7c999] does not support precompilation but is imported by a module that does.
│  └ @ Base loading.jl:2541
└  
┌ ConstructionBase → ConstructionBaseLinearAlgebraExt
│  ┌ Warning: Module ConstructionBase with build ID fafbfcfd-2dc7-2700-3d86-334c33854d29 is missing from the cache.
│  │ This may mean ConstructionBase [187b0558-2788-49d3-abe0-74a17ed4e7c9] does not support precompilation but is imported by a module that does.
│  └ @ Base loading.jl:2541
└  
┌ ChainRulesCore → ChainRulesCoreSparseArraysExt
│  ┌ Warning: Module ChainRulesCore with build ID ffffffff-ffff-ffff-1401-b305bc93739f is missing from the cache.
│  │ This may mean ChainRulesCore [d360d2e6-b24c-11e9-a2a3-2a2ae2dbcce4] does not support precompilation but is imported by a module that does.
│  └ @ Base loading.jl:2541
└  
┌ StaticArrays
│  ┌ Warning: Module PrecompileTools with build ID fafbfcfd-c8c4-bba2-a365-04c0cfef3f70 is missing from the cache.
│  │ This may mean PrecompileTools [aea7be01-6a6a-4083-8856-8a6e6704d82a] does not support precompilation but is imported by a module that does.
│  └ @ Base loading.jl:2541
└  
┌ ITensors
│  ┌ Warning: Module Adapt with build ID fafbfcfd-94cd-44f5-9454-5ddda4745652 is missing from the cache.
│  │ This may mean Adapt [79e6a3ab-5dfb-504d-930d-738a2a938a0e] does not support precompilation but is imported by a module that does.
│  └ @ Base loading.jl:2541
└  
┌ StaticArrayInterface
│  ┌ Warning: Module PrecompileTools with build ID fafbfcfd-c8c4-bba2-a365-04c0cfef3f70 is missing from the cache.
│  │ This may mean PrecompileTools [aea7be01-6a6a-4083-8856-8a6e6704d82a] does not support precompilation but is imported by a module that does.
│  └ @ Base loading.jl:2541
└  
┌ Adapt → AdaptStaticArraysExt
│  ┌ Warning: Module Adapt with build ID fafbfcfd-94cd-44f5-9454-5ddda4745652 is missing from the cache.
│  │ This may mean Adapt [79e6a3ab-5dfb-504d-930d-738a2a938a0e] does not support precompilation but is imported by a module that does.
│  └ @ Base loading.jl:2541
└  
┌ StaticArrays → StaticArraysChainRulesCoreExt
│  ┌ Warning: Module StaticArrays with build ID ffffffff-ffff-ffff-a4e0-0cee4bf8a3b4 is missing from the cache.
│  │ This may mean StaticArrays [90137ffa-7385-5640-81b9-e52037218182] does not support precompilation but is imported by a module that does.
│  └ @ Base loading.jl:2541
└  
┌ Folds
│  ┌ Warning: Module Transducers with build ID ffffffff-ffff-ffff-c0e4-dc6882276ce8 is missing from the cache.
│  │ This may mean Transducers [28d57a85-8fef-5791-bfe6-a80928e7c999] does not support precompilation but is imported by a module that does.
│  └ @ Base loading.jl:2541
└  
┌ ITensorMPS → ITensorMPSChainRulesCoreExt
│  ┌ Warning: Module ChainRulesCore with build ID ffffffff-ffff-ffff-1401-b305bc93739f is missing from the cache.
│  │ This may mean ChainRulesCore [d360d2e6-b24c-11e9-a2a3-2a2ae2dbcce4] does not support precompilation but is imported by a module that does.
│  └ @ Base loading.jl:2541
└  
┌ Accessors
│  ┌ Warning: Module ConstructionBase with build ID fafbfcfd-2dc7-2700-3d86-334c33854d29 is missing from the cache.
│  │ This may mean ConstructionBase [187b0558-2788-49d3-abe0-74a17ed4e7c9] does not support precompilation but is imported by a module that does.
│  └ @ Base loading.jl:2541
└  
┌ Adapt → AdaptSparseArraysExt
│  ┌ Warning: Module Adapt with build ID fafbfcfd-94cd-44f5-9454-5ddda4745652 is missing from the cache.
│  │ This may mean Adapt [79e6a3ab-5dfb-504d-930d-738a2a938a0e] does not support precompilation but is imported by a module that does.
│  └ @ Base loading.jl:2541
└  
┌ ConstructionBase → ConstructionBaseStaticArraysExt
│  ┌ Warning: Module ConstructionBase with build ID fafbfcfd-2dc7-2700-3d86-334c33854d29 is missing from the cache.
│  │ This may mean ConstructionBase [187b0558-2788-49d3-abe0-74a17ed4e7c9] does not support precompilation but is imported by a module that does.
│  └ @ Base loading.jl:2541
└  
┌ Accessors → StaticArraysExt
│  ┌ Warning: Module StaticArrays with build ID ffffffff-ffff-ffff-a4e0-0cee4bf8a3b4 is missing from the cache.
│  │ This may mean StaticArrays [90137ffa-7385-5640-81b9-e52037218182] does not support precompilation but is imported by a module that does.
│  └ @ Base loading.jl:2541
└  
┌ SplitApplyCombine
│  ┌ Warning: Module Indexing with build ID fafbfcfd-439a-aee5-576b-06beec120347 is missing from the cache.
│  │ This may mean Indexing [313cdc1a-70c2-5d6a-ae34-0150d3930a38] does not support precompilation but is imported by a module that does.
│  └ @ Base loading.jl:2541
└  
┌ ArrayLayouts
│  ┌ Warning: Module StaticArrays with build ID ffffffff-ffff-ffff-a4e0-0cee4bf8a3b4 is missing from the cache.
│  │ This may mean StaticArrays [90137ffa-7385-5640-81b9-e52037218182] does not support precompilation but is imported by a module that does.
│  └ @ Base loading.jl:2541
└  
┌ EllipsisNotation
│  ┌ Warning: Module PrecompileTools with build ID fafbfcfd-c8c4-bba2-a365-04c0cfef3f70 is missing from the cache.
│  │ This may mean PrecompileTools [aea7be01-6a6a-4083-8856-8a6e6704d82a] does not support precompilation but is imported by a module that does.
│  └ @ Base loading.jl:2541
└  
┌ Transducers
│  ┌ Warning: Module Accessors with build ID ffffffff-ffff-ffff-9a8d-f5b20d03da14 is missing from the cache.
│  │ This may mean Accessors [7d9f7c33-5ae7-4f3b-8dc6-eff91059b697] does not support precompilation but is imported by a module that does.
│  └ @ Base loading.jl:2541
└  
┌ ArrayLayouts → ArrayLayoutsSparseArraysExt
│  ┌ Warning: Module StaticArrays with build ID ffffffff-ffff-ffff-a4e0-0cee4bf8a3b4 is missing from the cache.
│  │ This may mean StaticArrays [90137ffa-7385-5640-81b9-e52037218182] does not support precompilation but is imported by a module that does.
│  └ @ Base loading.jl:2541
└  
┌ PrecompileTools
│  ┌ Warning: Module Preferences with build ID fafbfcfd-d4a6-eba6-bcb3-18dcde101532 is missing from the cache.
│  │ This may mean Preferences [21216c6a-2e73-6563-6e65-726566657250] does not support precompilation but is imported by a module that does.
│  └ @ Base loading.jl:2541
└  
┌ Accessors → LinearAlgebraExt
│  ┌ Warning: Module Accessors with build ID ffffffff-ffff-ffff-9a8d-f5b20d03da14 is missing from the cache.
│  │ This may mean Accessors [7d9f7c33-5ae7-4f3b-8dc6-eff91059b697] does not support precompilation but is imported by a module that does.
│  └ @ Base loading.jl:2541
└  
┌ BlockArrays
│  ┌ Warning: Module StaticArrays with build ID ffffffff-ffff-ffff-a4e0-0cee4bf8a3b4 is missing from the cache.
│  │ This may mean StaticArrays [90137ffa-7385-5640-81b9-e52037218182] does not support precompilation but is imported by a module that does.
│  └ @ Base loading.jl:2541
└  
┌ Transducers → TransducersBlockArraysExt
│  ┌ Warning: Module Transducers with build ID ffffffff-ffff-ffff-c0e4-dc6882276ce8 is missing from the cache.
│  │ This may mean Transducers [28d57a85-8fef-5791-bfe6-a80928e7c999] does not support precompilation but is imported by a module that does.
│  └ @ Base loading.jl:2541
└  
┌ ITensorMPS
│  [Output was shown above]
└  
┌ ChainRulesCore
│  ┌ Warning: Module Compat with build ID fafbfcfd-6b04-8055-9051-536631b4aeb1 is missing from the cache.
│  │ This may mean Compat [34da2185-b29b-5c13-b0c7-acf172513d20] does not support precompilation but is imported by a module that does.
│  └ @ Base loading.jl:2541
└  
┌ ArrayInterface → ArrayInterfaceChainRulesCoreExt
│  ┌ Warning: Module ChainRulesCore with build ID ffffffff-ffff-ffff-1401-b305bc93739f is missing from the cache.
│  │ This may mean ChainRulesCore [d360d2e6-b24c-11e9-a2a3-2a2ae2dbcce4] does not support precompilation but is imported by a module that does.
│  └ @ Base loading.jl:2541
└  
┌ BlockArrays → BlockArraysAdaptExt
│  ┌ Warning: Module Adapt with build ID fafbfcfd-94cd-44f5-9454-5ddda4745652 is missing from the cache.
│  │ This may mean Adapt [79e6a3ab-5dfb-504d-930d-738a2a938a0e] does not support precompilation but is imported by a module that does.
│  └ @ Base loading.jl:2541
└  
┌ Static
│  ┌ Warning: Module PrecompileTools with build ID fafbfcfd-c8c4-bba2-a365-04c0cfef3f70 is missing from the cache.
│  │ This may mean PrecompileTools [aea7be01-6a6a-4083-8856-8a6e6704d82a] does not support precompilation but is imported by a module that does.
│  └ @ Base loading.jl:2541
└  
┌ BangBang → BangBangChainRulesCoreExt
│  ┌ Warning: Module BangBang with build ID ffffffff-ffff-ffff-61e0-355cb989d9f4 is missing from the cache.
│  │ This may mean BangBang [198e06fe-97b7-11e9-32a5-e1d131e6ad66] does not support precompilation but is imported by a module that does.
│  └ @ Base loading.jl:2541
└  
┌ Warning: Module ITensors with build ID ffffffff-ffff-ffff-8b0f-df48a5732c08 is missing from the cache.
│ This may mean ITensors [9136182c-28ba-11e9-034c-db9fb085ebd5] does not support precompilation but is imported by a module that does.
└ @ Base loading.jl:2541
Precompiling ITensorsVectorInterfaceExt...
    624.6 ms  ? ConstructionBase → ConstructionBaseLinearAlgebraExt
    636.3 ms  ? Dictionaries
    627.9 ms  ? Referenceables
    631.7 ms  ? Adapt → AdaptSparseArraysExt
    637.0 ms  ? Compat → CompatLinearAlgebraExt
    631.3 ms  ? PrecompileTools
    641.8 ms  ? SplitApplyCombine
    681.3 ms  ? Setfield
    634.6 ms  ? ChainRulesCore
    701.1 ms  ? Accessors
    648.8 ms  ? Functors
    659.3 ms  ? StaticArrays
    641.9 ms  ? IsApprox
    653.6 ms  ? Static
    652.1 ms  ? SplittablesBase
    649.2 ms  ? ChainRulesCore → ChainRulesCoreSparseArraysExt
    642.0 ms  ? Accessors → LinearAlgebraExt
    669.4 ms  ? ArrayInterface → ArrayInterfaceChainRulesCoreExt
    649.6 ms  ? Accessors → TestExt
    641.1 ms  ? StaticArrays → StaticArraysChainRulesCoreExt
    630.7 ms  ? Adapt → AdaptStaticArraysExt
    642.3 ms  ? ConstructionBase → ConstructionBaseStaticArraysExt
    637.6 ms  ? Accessors → StaticArraysExt
    640.3 ms  ? StaticArrayInterface
    698.1 ms  ? ArrayLayouts
    636.1 ms  ? BangBang
    868.0 ms  ? EllipsisNotation
    935.4 ms  ? ArrayLayouts → ArrayLayoutsSparseArraysExt
    638.7 ms  ? BangBang → BangBangChainRulesCoreExt
    625.5 ms  ? BangBang → BangBangTablesExt
    637.3 ms  ? BangBang → BangBangStaticArraysExt
    644.7 ms  ? MicroCollections
    615.3 ms  ? Transducers
    615.1 ms  ? Transducers → TransducersAdaptExt
    620.0 ms  ? Transducers → TransducersReferenceablesExt
    610.4 ms  ? Folds
  10988.9 ms  ? StaticArrayInterface → StaticArrayInterfaceStaticArraysExt
  11021.7 ms  ? BlockArrays
    617.2 ms  ? BlockArrays → BlockArraysAdaptExt
    615.3 ms  ? Transducers → TransducersBlockArraysExt
    617.2 ms  ? NDTensors
    615.5 ms  ? ITensors
Info Given ITensorsVectorInterfaceExt was explicitly requested, output will be shown live [0K
[0K┌ Warning: Module ITensors with build ID ffffffff-ffff-ffff-8b0f-df48a5732c08 is missing from the cache.
[0K│ This may mean ITensors [9136182c-28ba-11e9-034c-db9fb085ebd5] does not support precompilation but is imported by a module that does.
[0K└ @ Base loading.jl:2541
    620.2 ms  ? ITensors → ITensorsVectorInterfaceExt
┌ Warning: Module ITensors with build ID ffffffff-ffff-ffff-8b0f-df48a5732c08 is missing from the cache.
│ This may mean ITensors [9136182c-28ba-11e9-034c-db9fb085ebd5] does not support precompilation but is imported by a module that does.
└ @ Base loading.jl:2541
Precompiling KrylovKitChainRulesCoreExt...
    618.7 ms  ? Compat → CompatLinearAlgebraExt
    611.1 ms  ? ChainRulesCore
Info Given KrylovKitChainRulesCoreExt was explicitly requested, output will be shown live [0K
[0K┌ Warning: Module ChainRulesCore with build ID ffffffff-ffff-ffff-1401-b305bc93739f is missing from the cache.
[0K│ This may mean ChainRulesCore [d360d2e6-b24c-11e9-a2a3-2a2ae2dbcce4] does not support precompilation but is imported by a module that does.
[0K└ @ Base loading.jl:2541
    650.5 ms  ? KrylovKit → KrylovKitChainRulesCoreExt
┌ Warning: Module ChainRulesCore with build ID ffffffff-ffff-ffff-1401-b305bc93739f is missing from the cache.
│ This may mean ChainRulesCore [d360d2e6-b24c-11e9-a2a3-2a2ae2dbcce4] does not support precompilation but is imported by a module that does.
└ @ Base loading.jl:2541
Precompiling ITensorMPSChainRulesCoreExt...
    630.5 ms  ? ConstructionBase → ConstructionBaseLinearAlgebraExt
    643.4 ms  ? Dictionaries
    637.6 ms  ? Referenceables
    631.3 ms  ? Adapt → AdaptSparseArraysExt
    633.4 ms  ? Compat → CompatLinearAlgebraExt
    629.2 ms  ? PrecompileTools
    643.5 ms  ? SplitApplyCombine
    677.4 ms  ? Setfield
    684.4 ms  ? Accessors
    667.8 ms  ? ChainRulesCore
    661.7 ms  ? Functors
    638.0 ms  ? IsApprox
    657.0 ms  ? StaticArrays
    726.4 ms  ? Static
    652.2 ms  ? SplittablesBase
    651.7 ms  ? Accessors → LinearAlgebraExt
    654.0 ms  ? Accessors → TestExt
    636.4 ms  ? ChainRulesCore → ChainRulesCoreSparseArraysExt
    636.8 ms  ? ConstructionBase → ConstructionBaseStaticArraysExt
    679.1 ms  ? KrylovKit → KrylovKitChainRulesCoreExt
    661.8 ms  ? StaticArrays → StaticArraysChainRulesCoreExt
    674.2 ms  ? ArrayInterface → ArrayInterfaceChainRulesCoreExt
    637.1 ms  ? Adapt → AdaptStaticArraysExt
    663.7 ms  ? ArrayLayouts
    640.3 ms  ? Accessors → StaticArraysExt
    649.9 ms  ? StaticArrayInterface
    649.5 ms  ? BangBang
    858.3 ms  ? EllipsisNotation
    897.2 ms  ? ArrayLayouts → ArrayLayoutsSparseArraysExt
    641.8 ms  ? BangBang → BangBangChainRulesCoreExt
    634.3 ms  ? BangBang → BangBangStaticArraysExt
    638.3 ms  ? BangBang → BangBangTablesExt
    645.8 ms  ? MicroCollections
    616.2 ms  ? Transducers
    619.7 ms  ? Transducers → TransducersAdaptExt
    620.5 ms  ? Transducers → TransducersReferenceablesExt
    590.0 ms  ? Folds
  10997.1 ms  ? StaticArrayInterface → StaticArrayInterfaceStaticArraysExt
  11030.5 ms  ? BlockArrays
    618.0 ms  ? BlockArrays → BlockArraysAdaptExt
    617.6 ms  ? Transducers → TransducersBlockArraysExt
    612.8 ms  ? NDTensors
    616.3 ms  ? ITensors
    617.1 ms  ? ITensors → ITensorsVectorInterfaceExt
    615.0 ms  ? ITensorMPS
Info Given ITensorMPSChainRulesCoreExt was explicitly requested, output will be shown live [0K
[0K┌ Warning: Module ChainRulesCore with build ID ffffffff-ffff-ffff-1401-b305bc93739f is missing from the cache.
[0K│ This may mean ChainRulesCore [d360d2e6-b24c-11e9-a2a3-2a2ae2dbcce4] does not support precompilation but is imported by a module that does.
[0K└ @ Base loading.jl:2541
    615.1 ms  ? ITensorMPS → ITensorMPSChainRulesCoreExt
┌ Warning: Module ChainRulesCore with build ID ffffffff-ffff-ffff-1401-b305bc93739f is missing from the cache.
│ This may mean ChainRulesCore [d360d2e6-b24c-11e9-a2a3-2a2ae2dbcce4] does not support precompilation but is imported by a module that does.
└ @ Base loading.jl:2541
Generating random tensor of size 2^30
Number of threads: 256
rand wtime:   5.443944 seconds (119.85 k allocations: 8.006 GiB, 0.11% gc time, 1.51% compilation time)
calculate TT-SVD of rank 5
tt-svd wtime: 480.758857 seconds (475.92 M allocations: 280.844 GiB, 4.89% gc time, 58.33% compilation time)
tt-svd wtime: 204.872794 seconds (16.91 k allocations: 258.008 GiB, 10.72% gc time)
Precompiling ITensors...
    873.5 ms  ✓ DefineSingletons
   1511.1 ms  ✓ ExternalDocstrings
   1477.2 ms  ✓ DataValueInterfaces
   1505.2 ms  ✓ HalfIntegers
   2044.0 ms  ✓ InverseFunctions
   2011.5 ms  ✓ ExprTools
   2004.3 ms  ✓ IfElse
   1998.1 ms  ✓ ConstructionBase
   1991.1 ms  ✓ IteratorInterfaceExtensions
   1984.4 ms  ✓ CommonWorldInvalidations
   1978.0 ms  ✓ DataAPI
   2119.8 ms  ✓ OrderedCollections
   2058.3 ms  ✓ VectorInterface
   2051.5 ms  ✓ DocStringExtensions
   2044.5 ms  ✓ InlineStrings
   2098.7 ms  ✓ FillArrays
    459.2 ms  ✓ PackageExtensionCompat
   1373.6 ms  ✓ ArgCheck
   2809.0 ms  ✓ MacroTools
   1312.3 ms  ✓ StaticArraysCore
   2071.2 ms  ✓ CompositionsBase
   2054.4 ms  ✓ Indexing
   2028.9 ms  ✓ TupleTools
   2013.4 ms  ✓ SerializedElementArrays
   2520.4 ms  ✓ BitIntegers
   2441.2 ms  ✓ Requires
   2434.5 ms  ✓ Zeros
   2428.1 ms  ✓ Compat
   2415.3 ms  ✓ InverseFunctions → InverseFunctionsDatesExt
   2569.3 ms  ✓ Preferences
   2636.5 ms  ✓ InitialValues
   2225.7 ms  ✓ InverseFunctions → InverseFunctionsTestExt
   2762.2 ms  ✓ Baselet
    634.6 ms  ✓ TableTraits
   1363.3 ms  ✓ ConstructionBase → ConstructionBaseLinearAlgebraExt
   1345.9 ms  ✓ StridedViews
   1320.1 ms  ✓ CompositionsBase → CompositionsBaseInverseFunctionsExt
   1304.3 ms  ✓ Adapt
   1297.3 ms  ✓ Compat → CompatLinearAlgebraExt
   1289.3 ms  ✓ PrecompileTools
   1928.5 ms  ✓ Dictionaries
   1361.1 ms  ✓ FillArrays → FillArraysSparseArraysExt
   1802.1 ms  ✓ ThreadedScans
   1794.9 ms  ✓ SimpleTraits
   2001.8 ms  ✓ TimerOutputs
    552.5 ms  ✓ Referenceables
    868.6 ms  ✓ Adapt → AdaptSparseArraysExt
   1707.8 ms  ✓ ChainRulesCore
   1158.4 ms  ✓ Strided
   1129.0 ms  ✓ ArrayInterface
   1262.8 ms  ✓ Functors
   1236.7 ms  ✓ SplitApplyCombine
   1615.0 ms  ✓ Tables
   1534.0 ms  ✓ Static
   1750.5 ms  ✓ Setfield
   1654.0 ms  ✓ TypeParameterAccessors
   1971.0 ms  ✓ Accessors
    383.3 ms  ✓ ArrayInterface → ArrayInterfaceStaticArraysCoreExt
    403.0 ms  ✓ ArrayInterface → ArrayInterfaceChainRulesCoreExt
    490.8 ms  ✓ ArrayInterface → ArrayInterfaceSparseArraysExt
    844.2 ms  ✓ ChainRulesCore → ChainRulesCoreSparseArraysExt
    788.0 ms  ✓ TypeParameterAccessors → TypeParameterAccessorsStridedViewsExt
    800.4 ms  ✓ TypeParameterAccessors → TypeParameterAccessorsFillArraysExt
   1066.6 ms  ✓ Accessors → LinearAlgebraExt
   1240.6 ms  ✓ SplittablesBase
   1063.9 ms  ✓ Accessors → TestExt
   1306.8 ms  ✓ StaticArrayInterface
    414.8 ms  ✓ EllipsisNotation
    872.5 ms  ✓ BangBang
    752.3 ms  ✓ BangBang → BangBangChainRulesCoreExt
    888.7 ms  ✓ BangBang → BangBangTablesExt
    883.0 ms  ✓ MicroCollections
   5693.4 ms  ✓ StaticArrays
    953.5 ms  ✓ ConstructionBase → ConstructionBaseStaticArraysExt
   1227.7 ms  ✓ Adapt → AdaptStaticArraysExt
   1263.6 ms  ✓ StaticArrays → StaticArraysChainRulesCoreExt
   1221.0 ms  ✓ Accessors → StaticArraysExt
   1212.6 ms  ✓ StaticArrayInterface → StaticArrayInterfaceStaticArraysExt
   1204.4 ms  ✓ BangBang → BangBangStaticArraysExt
   2449.8 ms  ✓ Transducers
    873.3 ms  ✓ Transducers → TransducersReferenceablesExt
    886.0 ms  ✓ Transducers → TransducersAdaptExt
   9412.4 ms  ✓ IsApprox
   2622.0 ms  ✓ Folds
  11156.2 ms  ✓ ArrayLayouts
    966.2 ms  ✓ ArrayLayouts → ArrayLayoutsSparseArraysExt
   1815.7 ms  ✓ BlockArrays
    977.4 ms  ✓ BlockArrays → BlockArraysAdaptExt
   1225.6 ms  ✓ Transducers → TransducersBlockArraysExt
   3625.1 ms  ✓ NDTensors
   5705.5 ms  ✓ ITensors
   2032.4 ms  ✓ ITensors → ITensorsVectorInterfaceExt
  92 dependencies successfully precompiled in 40 seconds. 30 already precompiled.
Precompiling ITensorMPS...
   1752.0 ms  ✓ KrylovKit
    731.3 ms  ✓ KrylovKit → KrylovKitChainRulesCoreExt
   4881.4 ms  ✓ ITensorMPS
   2595.1 ms  ✓ ITensorMPS → ITensorMPSChainRulesCoreExt
  4 dependencies successfully precompiled in 10 seconds. 122 already precompiled.
Generating random tensor of size 2^30
Number of threads: 256
rand wtime:   5.820386 seconds (119.86 k allocations: 8.006 GiB, 1.72% gc time, 1.42% compilation time)
calculate TT-SVD of rank 6
tt-svd wtime: 506.862884 seconds (477.45 M allocations: 298.919 GiB, 5.07% gc time, 55.36% compilation time)
tt-svd wtime: 227.146959 seconds (16.91 k allocations: 276.008 GiB, 10.76% gc time)
Precompiling ITensors...
   1135.6 ms  ✓ DataValueInterfaces
   3527.6 ms  ✓ DefineSingletons
   3423.3 ms  ✓ ExternalDocstrings
   3727.3 ms  ✓ OrderedCollections
   3713.4 ms  ✓ HalfIntegers
   3669.6 ms  ✓ InverseFunctions
   3666.4 ms  ✓ VectorInterface
   3660.9 ms  ✓ DocStringExtensions
   3650.2 ms  ✓ ExprTools
   3645.1 ms  ✓ IfElse
   3638.3 ms  ✓ ConstructionBase
   3632.5 ms  ✓ IteratorInterfaceExtensions
   3628.4 ms  ✓ CommonWorldInvalidations
   3622.3 ms  ✓ DataAPI
   3665.4 ms  ✓ InlineStrings
   3723.5 ms  ✓ FillArrays
    531.8 ms  ✓ PackageExtensionCompat
   2703.5 ms  ✓ Indexing
   4072.6 ms  ✓ ArgCheck
   4049.9 ms  ✓ CompositionsBase
   4017.1 ms  ✓ StaticArraysCore
   4011.8 ms  ✓ TupleTools
   3998.4 ms  ✓ SerializedElementArrays
   3992.1 ms  ✓ Requires
   3985.7 ms  ✓ Zeros
   4583.6 ms  ✓ BitIntegers
   4552.7 ms  ✓ InitialValues
   4501.5 ms  ✓ Compat
   4495.1 ms  ✓ Preferences
   4488.2 ms  ✓ InverseFunctions → InverseFunctionsDatesExt
   4816.5 ms  ✓ Baselet
   4349.8 ms  ✓ InverseFunctions → InverseFunctionsTestExt
   4860.4 ms  ✓ MacroTools
   1052.8 ms  ✓ TableTraits
   3185.3 ms  ✓ TimerOutputs
   2108.8 ms  ✓ ConstructionBase → ConstructionBaseLinearAlgebraExt
   2063.0 ms  ✓ CompositionsBase → CompositionsBaseInverseFunctionsExt
   2097.8 ms  ✓ FillArrays → FillArraysSparseArraysExt
   2586.4 ms  ✓ StridedViews
   2556.5 ms  ✓ Adapt
   2550.4 ms  ✓ Compat → CompatLinearAlgebraExt
   2544.4 ms  ✓ PrecompileTools
   2851.4 ms  ✓ ThreadedScans
   2815.2 ms  ✓ SimpleTraits
   3141.6 ms  ✓ Dictionaries
    625.0 ms  ✓ Referenceables
   1695.8 ms  ✓ Functors
   2270.9 ms  ✓ Strided
   2254.6 ms  ✓ Adapt → AdaptSparseArraysExt
   2248.6 ms  ✓ ArrayInterface
   2202.3 ms  ✓ SplitApplyCombine
   2815.0 ms  ✓ Tables
   2738.1 ms  ✓ Static
   2732.2 ms  ✓ TypeParameterAccessors
   3087.7 ms  ✓ Setfield
   3041.8 ms  ✓ ChainRulesCore
   3082.8 ms  ✓ Accessors
    368.4 ms  ✓ ArrayInterface → ArrayInterfaceStaticArraysCoreExt
    391.3 ms  ✓ ArrayInterface → ArrayInterfaceChainRulesCoreExt
    671.3 ms  ✓ TypeParameterAccessors → TypeParameterAccessorsStridedViewsExt
   1422.1 ms  ✓ Accessors → LinearAlgebraExt
   1480.5 ms  ✓ ArrayInterface → ArrayInterfaceSparseArraysExt
   1461.2 ms  ✓ TypeParameterAccessors → TypeParameterAccessorsFillArraysExt
   1653.0 ms  ✓ ChainRulesCore → ChainRulesCoreSparseArraysExt
   1630.7 ms  ✓ Accessors → TestExt
   1670.4 ms  ✓ SplittablesBase
   1693.4 ms  ✓ StaticArrayInterface
    443.6 ms  ✓ EllipsisNotation
   1529.2 ms  ✓ BangBang
   6281.5 ms  ✓ StaticArrays
   1146.7 ms  ✓ BangBang → BangBangChainRulesCoreExt
   2664.7 ms  ✓ BangBang → BangBangTablesExt
   2657.4 ms  ✓ MicroCollections
   2647.9 ms  ✓ StaticArrays → StaticArraysChainRulesCoreExt
   2639.3 ms  ✓ ConstructionBase → ConstructionBaseStaticArraysExt
   2617.5 ms  ✓ Adapt → AdaptStaticArraysExt
   2608.9 ms  ✓ Accessors → StaticArraysExt
   2599.9 ms  ✓ StaticArrayInterface → StaticArrayInterfaceStaticArraysExt
   2591.7 ms  ✓ BangBang → BangBangStaticArraysExt
   9629.4 ms  ✓ IsApprox
   2790.9 ms  ✓ Transducers
   1323.4 ms  ✓ Transducers → TransducersReferenceablesExt
   1335.2 ms  ✓ Transducers → TransducersAdaptExt
   3062.0 ms  ✓ Folds
  11451.3 ms  ✓ ArrayLayouts
   1061.0 ms  ✓ ArrayLayouts → ArrayLayoutsSparseArraysExt
   1894.1 ms  ✓ BlockArrays
   1009.5 ms  ✓ BlockArrays → BlockArraysAdaptExt
   1559.6 ms  ✓ Transducers → TransducersBlockArraysExt
   4264.0 ms  ✓ NDTensors
   6211.6 ms  ✓ ITensors
   2473.6 ms  ✓ ITensors → ITensorsVectorInterfaceExt
  92 dependencies successfully precompiled in 50 seconds. 30 already precompiled.
Precompiling ITensorMPS...
   1878.5 ms  ✓ KrylovKit
    908.3 ms  ✓ KrylovKit → KrylovKitChainRulesCoreExt
   5155.9 ms  ✓ ITensorMPS
   2947.7 ms  ✓ ITensorMPS → ITensorMPSChainRulesCoreExt
  4 dependencies successfully precompiled in 11 seconds. 122 already precompiled.
Generating random tensor of size 2^30
Number of threads: 256
rand wtime:   5.569071 seconds (119.86 k allocations: 8.006 GiB, 1.48% gc time, 1.46% compilation time)
calculate TT-SVD of rank 7
tt-svd wtime: 532.498701 seconds (477.43 M allocations: 316.918 GiB, 5.01% gc time, 52.62% compilation time)
tt-svd wtime: 254.479282 seconds (16.91 k allocations: 294.008 GiB, 9.81% gc time)
Precompiling ITensors...
    776.3 ms  ✓ ExternalDocstrings
   1454.2 ms  ✓ DefineSingletons
   1313.0 ms  ✓ DataValueInterfaces
   1361.7 ms  ✓ HalfIntegers
   1880.3 ms  ✓ InverseFunctions
   1848.4 ms  ✓ ExprTools
   1842.7 ms  ✓ IfElse
   1827.6 ms  ✓ IteratorInterfaceExtensions
   1821.6 ms  ✓ CommonWorldInvalidations
   1815.4 ms  ✓ DataAPI
   1991.9 ms  ✓ ConstructionBase
   2116.2 ms  ✓ OrderedCollections
   2038.3 ms  ✓ VectorInterface
   2031.5 ms  ✓ DocStringExtensions
   2024.9 ms  ✓ InlineStrings
   2098.8 ms  ✓ FillArrays
    464.2 ms  ✓ PackageExtensionCompat
   1312.2 ms  ✓ Indexing
   2813.6 ms  ✓ MacroTools
   2087.6 ms  ✓ ArgCheck
   2058.1 ms  ✓ CompositionsBase
   2017.2 ms  ✓ StaticArraysCore
   2009.1 ms  ✓ TupleTools
   1990.9 ms  ✓ SerializedElementArrays
   2228.4 ms  ✓ BitIntegers
   2135.0 ms  ✓ Requires
   2128.6 ms  ✓ Zeros
   2121.2 ms  ✓ Compat
   2107.6 ms  ✓ InverseFunctions → InverseFunctionsDatesExt
   2553.2 ms  ✓ Preferences
   2783.9 ms  ✓ InitialValues
   2378.1 ms  ✓ InverseFunctions → InverseFunctionsTestExt
   2757.1 ms  ✓ Baselet
    639.6 ms  ✓ TableTraits
   1349.2 ms  ✓ ConstructionBase → ConstructionBaseLinearAlgebraExt
   1335.9 ms  ✓ StridedViews
   1296.3 ms  ✓ CompositionsBase → CompositionsBaseInverseFunctionsExt
   1288.4 ms  ✓ Adapt
   1280.4 ms  ✓ Compat → CompatLinearAlgebraExt
   1271.7 ms  ✓ PrecompileTools
   1937.7 ms  ✓ Dictionaries
   1352.9 ms  ✓ FillArrays → FillArraysSparseArraysExt
   1776.9 ms  ✓ SimpleTraits
   1768.5 ms  ✓ ThreadedScans
   1994.4 ms  ✓ TimerOutputs
    559.0 ms  ✓ Referenceables
   1020.1 ms  ✓ Adapt → AdaptSparseArraysExt
   1336.3 ms  ✓ Strided
   1300.0 ms  ✓ ArrayInterface
   1285.6 ms  ✓ Functors
   1368.2 ms  ✓ Tables
   1263.5 ms  ✓ SplitApplyCombine
   1274.1 ms  ✓ Static
   1843.0 ms  ✓ Setfield
   1732.7 ms  ✓ TypeParameterAccessors
   1791.3 ms  ✓ ChainRulesCore
    698.2 ms  ✓ ArrayInterface → ArrayInterfaceStaticArraysCoreExt
    706.9 ms  ✓ ArrayInterface → ArrayInterfaceSparseArraysExt
   2052.0 ms  ✓ Accessors
    406.7 ms  ✓ TypeParameterAccessors → TypeParameterAccessorsFillArraysExt
    377.3 ms  ✓ ArrayInterface → ArrayInterfaceChainRulesCoreExt
    590.8 ms  ✓ TypeParameterAccessors → TypeParameterAccessorsStridedViewsExt
    767.6 ms  ✓ ChainRulesCore → ChainRulesCoreSparseArraysExt
   1264.3 ms  ✓ StaticArrayInterface
   1014.8 ms  ✓ Accessors → TestExt
   1247.1 ms  ✓ SplittablesBase
   1028.6 ms  ✓ Accessors → LinearAlgebraExt
    495.2 ms  ✓ EllipsisNotation
    865.4 ms  ✓ BangBang
    759.1 ms  ✓ BangBang → BangBangChainRulesCoreExt
    894.2 ms  ✓ BangBang → BangBangTablesExt
    886.9 ms  ✓ MicroCollections
   5809.8 ms  ✓ StaticArrays
    982.8 ms  ✓ ConstructionBase → ConstructionBaseStaticArraysExt
   1256.8 ms  ✓ StaticArrays → StaticArraysChainRulesCoreExt
   1225.9 ms  ✓ Adapt → AdaptStaticArraysExt
   1216.3 ms  ✓ Accessors → StaticArraysExt
   1206.0 ms  ✓ StaticArrayInterface → StaticArrayInterfaceStaticArraysExt
   1199.4 ms  ✓ BangBang → BangBangStaticArraysExt
   2480.1 ms  ✓ Transducers
    868.7 ms  ✓ Transducers → TransducersReferenceablesExt
    879.6 ms  ✓ Transducers → TransducersAdaptExt
   9871.9 ms  ✓ IsApprox
   2694.4 ms  ✓ Folds
  11124.0 ms  ✓ ArrayLayouts
    958.4 ms  ✓ ArrayLayouts → ArrayLayoutsSparseArraysExt
   1763.8 ms  ✓ BlockArrays
    890.4 ms  ✓ BlockArrays → BlockArraysAdaptExt
   1233.1 ms  ✓ Transducers → TransducersBlockArraysExt
   3438.0 ms  ✓ NDTensors
   6073.4 ms  ✓ ITensors
   2048.8 ms  ✓ ITensors → ITensorsVectorInterfaceExt
  92 dependencies successfully precompiled in 40 seconds. 30 already precompiled.
Precompiling ITensorMPS...
   1737.4 ms  ✓ KrylovKit
    725.1 ms  ✓ KrylovKit → KrylovKitChainRulesCoreExt
   4881.9 ms  ✓ ITensorMPS
   2650.8 ms  ✓ ITensorMPS → ITensorMPSChainRulesCoreExt
  4 dependencies successfully precompiled in 10 seconds. 122 already precompiled.
Generating random tensor of size 2^30
Number of threads: 256
rand wtime:   5.743844 seconds (119.86 k allocations: 8.006 GiB, 1.71% gc time, 1.48% compilation time)
calculate TT-SVD of rank 8
tt-svd wtime: 548.234311 seconds (477.47 M allocations: 326.920 GiB, 4.79% gc time, 51.19% compilation time)
tt-svd wtime: 272.199138 seconds (16.93 k allocations: 304.008 GiB, 9.46% gc time)
Precompiling ITensors...
   1189.0 ms  ✓ ExternalDocstrings
   1298.1 ms  ✓ DefineSingletons
   3396.8 ms  ✓ DataValueInterfaces
   3744.0 ms  ✓ OrderedCollections
   3727.7 ms  ✓ HalfIntegers
   3681.5 ms  ✓ InverseFunctions
   3674.3 ms  ✓ VectorInterface
   3668.7 ms  ✓ DocStringExtensions
   3653.8 ms  ✓ ExprTools
   3647.3 ms  ✓ IfElse
   3640.7 ms  ✓ ConstructionBase
   3634.5 ms  ✓ IteratorInterfaceExtensions
   3627.9 ms  ✓ CommonWorldInvalidations
   3622.0 ms  ✓ DataAPI
   3735.1 ms  ✓ FillArrays
   3673.6 ms  ✓ InlineStrings
    599.0 ms  ✓ PackageExtensionCompat
   3576.8 ms  ✓ CompositionsBase
   4131.3 ms  ✓ ArgCheck
   4119.4 ms  ✓ BitIntegers
   4093.7 ms  ✓ Indexing
   4079.7 ms  ✓ StaticArraysCore
   4072.9 ms  ✓ TupleTools
   4057.2 ms  ✓ SerializedElementArrays
   4050.9 ms  ✓ Requires
   4045.2 ms  ✓ Zeros
   4040.2 ms  ✓ Compat
   4028.4 ms  ✓ InverseFunctions → InverseFunctionsDatesExt
   4597.1 ms  ✓ InitialValues
   4531.7 ms  ✓ Preferences
   4810.8 ms  ✓ Baselet
   4283.4 ms  ✓ InverseFunctions → InverseFunctionsTestExt
   4858.0 ms  ✓ MacroTools
    869.7 ms  ✓ TableTraits
   3250.7 ms  ✓ TimerOutputs
   2127.5 ms  ✓ ConstructionBase → ConstructionBaseLinearAlgebraExt
   2111.3 ms  ✓ FillArrays → FillArraysSparseArraysExt
   2662.0 ms  ✓ StridedViews
   2654.5 ms  ✓ CompositionsBase → CompositionsBaseInverseFunctionsExt
   2630.2 ms  ✓ Adapt
   2624.1 ms  ✓ Compat → CompatLinearAlgebraExt
   2616.5 ms  ✓ PrecompileTools
   2916.2 ms  ✓ ThreadedScans
   2871.9 ms  ✓ SimpleTraits
   3188.0 ms  ✓ Dictionaries
    666.0 ms  ✓ Referenceables
   1602.5 ms  ✓ SplitApplyCombine
   2165.6 ms  ✓ Strided
   2141.0 ms  ✓ Adapt → AdaptSparseArraysExt
   2133.3 ms  ✓ ArrayInterface
   2117.5 ms  ✓ Functors
   2727.7 ms  ✓ Tables
   2644.6 ms  ✓ Static
   2638.7 ms  ✓ TypeParameterAccessors
   2960.9 ms  ✓ Setfield
   2911.6 ms  ✓ ChainRulesCore
   2948.2 ms  ✓ Accessors
    370.2 ms  ✓ ArrayInterface → ArrayInterfaceStaticArraysCoreExt
    674.0 ms  ✓ ArrayInterface → ArrayInterfaceChainRulesCoreExt
    702.2 ms  ✓ TypeParameterAccessors → TypeParameterAccessorsStridedViewsExt
   1613.4 ms  ✓ ArrayInterface → ArrayInterfaceSparseArraysExt
   1591.7 ms  ✓ TypeParameterAccessors → TypeParameterAccessorsFillArraysExt
   1570.1 ms  ✓ ChainRulesCore → ChainRulesCoreSparseArraysExt
   1555.4 ms  ✓ Accessors → LinearAlgebraExt
   1546.2 ms  ✓ Accessors → TestExt
   1911.0 ms  ✓ SplittablesBase
   1936.3 ms  ✓ StaticArrayInterface
   1017.2 ms  ✓ BangBang
    743.7 ms  ✓ EllipsisNotation
   6044.1 ms  ✓ StaticArrays
   1148.9 ms  ✓ BangBang → BangBangChainRulesCoreExt
   1389.4 ms  ✓ BangBang → BangBangTablesExt
   1385.3 ms  ✓ MicroCollections
   2149.0 ms  ✓ StaticArrays → StaticArraysChainRulesCoreExt
   2141.4 ms  ✓ ConstructionBase → ConstructionBaseStaticArraysExt
   2124.8 ms  ✓ Adapt → AdaptStaticArraysExt
   2116.3 ms  ✓ Accessors → StaticArraysExt
   2108.8 ms  ✓ StaticArrayInterface → StaticArrayInterfaceStaticArraysExt
   2102.3 ms  ✓ BangBang → BangBangStaticArraysExt
   3463.8 ms  ✓ Transducers
  10389.1 ms  ✓ IsApprox
   1249.5 ms  ✓ Transducers → TransducersAdaptExt
   1242.7 ms  ✓ Transducers → TransducersReferenceablesExt
   3005.8 ms  ✓ Folds
  11544.7 ms  ✓ ArrayLayouts
   1157.0 ms  ✓ ArrayLayouts → ArrayLayoutsSparseArraysExt
   1978.0 ms  ✓ BlockArrays
    996.0 ms  ✓ BlockArrays → BlockArraysAdaptExt
   1541.3 ms  ✓ Transducers → TransducersBlockArraysExt
   4100.0 ms  ✓ NDTensors
   6491.4 ms  ✓ ITensors
   2397.7 ms  ✓ ITensors → ITensorsVectorInterfaceExt
  92 dependencies successfully precompiled in 50 seconds. 30 already precompiled.
Precompiling ITensorMPS...
   1781.5 ms  ✓ KrylovKit
    794.5 ms  ✓ KrylovKit → KrylovKitChainRulesCoreExt
   5073.7 ms  ✓ ITensorMPS
   3010.8 ms  ✓ ITensorMPS → ITensorMPSChainRulesCoreExt
  4 dependencies successfully precompiled in 11 seconds. 122 already precompiled.
Generating random tensor of size 2^30
Number of threads: 256
rand wtime:   5.561027 seconds (119.86 k allocations: 8.006 GiB, 1.43% gc time, 1.47% compilation time)
calculate TT-SVD of rank 9
tt-svd wtime: 569.536081 seconds (477.43 M allocations: 335.918 GiB, 4.93% gc time, 49.29% compilation time)
tt-svd wtime: 291.444619 seconds (16.93 k allocations: 313.008 GiB, 9.18% gc time)
Precompiling ITensors...
    855.5 ms  ✓ DefineSingletons
   1499.3 ms  ✓ ExternalDocstrings
   1463.7 ms  ✓ DataValueInterfaces
   1495.0 ms  ✓ HalfIntegers
   1890.6 ms  ✓ InverseFunctions
   1862.5 ms  ✓ ExprTools
   1856.1 ms  ✓ IfElse
   1851.0 ms  ✓ ConstructionBase
   1844.4 ms  ✓ IteratorInterfaceExtensions
   1837.4 ms  ✓ CommonWorldInvalidations
   1831.1 ms  ✓ DataAPI
   2106.7 ms  ✓ OrderedCollections
   2043.1 ms  ✓ VectorInterface
   2038.6 ms  ✓ DocStringExtensions
   2032.7 ms  ✓ InlineStrings
   2085.9 ms  ✓ FillArrays
    464.8 ms  ✓ PackageExtensionCompat
   1327.3 ms  ✓ Indexing
   2807.1 ms  ✓ MacroTools
   2095.5 ms  ✓ ArgCheck
   2070.9 ms  ✓ CompositionsBase
   2036.4 ms  ✓ StaticArraysCore
   2027.9 ms  ✓ TupleTools
   2010.9 ms  ✓ SerializedElementArrays
   2237.4 ms  ✓ BitIntegers
   2154.8 ms  ✓ Requires
   2148.9 ms  ✓ Zeros
   2142.3 ms  ✓ Compat
   2127.6 ms  ✓ InverseFunctions → InverseFunctionsDatesExt
   2569.8 ms  ✓ Preferences
   2784.1 ms  ✓ InitialValues
   2367.2 ms  ✓ InverseFunctions → InverseFunctionsTestExt
   2758.5 ms  ✓ Baselet
    637.7 ms  ✓ TableTraits
   1367.4 ms  ✓ ConstructionBase → ConstructionBaseLinearAlgebraExt
   1350.5 ms  ✓ StridedViews
   1313.5 ms  ✓ CompositionsBase → CompositionsBaseInverseFunctionsExt
   1307.5 ms  ✓ Adapt
   1303.9 ms  ✓ Compat → CompatLinearAlgebraExt
   1297.3 ms  ✓ PrecompileTools
   1366.6 ms  ✓ FillArrays → FillArraysSparseArraysExt
   2013.8 ms  ✓ Dictionaries
   1785.1 ms  ✓ SimpleTraits
   1778.6 ms  ✓ ThreadedScans
   2061.7 ms  ✓ TimerOutputs
    559.4 ms  ✓ Referenceables
    876.7 ms  ✓ Adapt → AdaptSparseArraysExt
   1335.2 ms  ✓ Strided
   1301.3 ms  ✓ ArrayInterface
   1366.7 ms  ✓ Tables
   1295.6 ms  ✓ Functors
   1261.6 ms  ✓ SplitApplyCombine
   1280.2 ms  ✓ Static
   1841.6 ms  ✓ Setfield
   1727.9 ms  ✓ TypeParameterAccessors
   1792.2 ms  ✓ ChainRulesCore
    687.3 ms  ✓ ArrayInterface → ArrayInterfaceStaticArraysCoreExt
    694.8 ms  ✓ ArrayInterface → ArrayInterfaceSparseArraysExt
   2043.6 ms  ✓ Accessors
    463.3 ms  ✓ TypeParameterAccessors → TypeParameterAccessorsStridedViewsExt
    509.2 ms  ✓ TypeParameterAccessors → TypeParameterAccessorsFillArraysExt
    474.2 ms  ✓ ArrayInterface → ArrayInterfaceChainRulesCoreExt
    678.8 ms  ✓ ChainRulesCore → ChainRulesCoreSparseArraysExt
    826.6 ms  ✓ Accessors → LinearAlgebraExt
   1502.0 ms  ✓ StaticArrayInterface
    963.3 ms  ✓ Accessors → TestExt
   1182.3 ms  ✓ SplittablesBase
    410.1 ms  ✓ EllipsisNotation
    865.6 ms  ✓ BangBang
    712.0 ms  ✓ BangBang → BangBangChainRulesCoreExt
    823.4 ms  ✓ BangBang → BangBangTablesExt
    817.0 ms  ✓ MicroCollections
   5662.2 ms  ✓ StaticArrays
    963.8 ms  ✓ Adapt → AdaptStaticArraysExt
   1276.7 ms  ✓ ConstructionBase → ConstructionBaseStaticArraysExt
   1290.0 ms  ✓ StaticArrays → StaticArraysChainRulesCoreExt
   1246.9 ms  ✓ Accessors → StaticArraysExt
   1238.6 ms  ✓ StaticArrayInterface → StaticArrayInterfaceStaticArraysExt
   1231.3 ms  ✓ BangBang → BangBangStaticArraysExt
   2365.0 ms  ✓ Transducers
    585.1 ms  ✓ Transducers → TransducersReferenceablesExt
    624.9 ms  ✓ Transducers → TransducersAdaptExt
   9678.6 ms  ✓ IsApprox
   2718.4 ms  ✓ Folds
  11361.0 ms  ✓ ArrayLayouts
  31086.0 ms  ✓ ArrayLayouts → ArrayLayoutsSparseArraysExt
  78072.2 ms  ✓ BlockArrays
   1460.3 ms  ✓ BlockArrays → BlockArraysAdaptExt
  55127.2 ms  ? Transducers → TransducersBlockArraysExt
  13866.2 ms  ? NDTensors
Info Given ITensors was explicitly requested, output will be shown live [0K
[0K┌ Warning: The call to compilecache failed to create a usable precompiled cache file for IsApprox [28f27b66-4bd8-47e7-9110-e2746eb8bed7]
[0K│   exception = Required dependency Base.PkgId(Base.UUID("313cdc1a-70c2-5d6a-ae34-0150d3930a38"), "Indexing") failed to load from a cache file.
[0K└ @ Base loading.jl:2596
  13825.6 ms  ? ITensors
  68651.7 ms  ✓ ITensors → ITensorsVectorInterfaceExt
  89 dependencies successfully precompiled in 255 seconds. 30 already precompiled.
  3 dependencies failed but may be precompilable after restarting julia
  3 dependencies had output during precompilation:
┌ NDTensors
│  ┌ Warning: The call to compilecache failed to create a usable precompiled cache file for Folds [41a02a25-b8f0-4f67-bc48-60067656b558]
│  │   exception = Required dependency Base.PkgId(Base.UUID("1914dd2f-81c6-5fcd-8719-6d5c9610ff09"), "MacroTools") failed to load from a cache file.
│  └ @ Base loading.jl:2596
└  
┌ ITensors
│  [Output was shown above]
└  
┌ Transducers → TransducersBlockArraysExt
│  ┌ Warning: Module StaticArraysCore with build ID fafbfcfd-06bc-8bbc-4df4-fdb92f9382c2 is missing from the cache.
│  │ This may mean StaticArraysCore [1e83bf80-4336-4d27-bf5d-d5a4f845583c] does not support precompilation but is imported by a module that does.
│  └ @ Base loading.jl:2541
└  
Precompiling ITensorMPS...
    330.1 ms  ✓ IfElse
    336.3 ms  ✓ CommonWorldInvalidations
    451.3 ms  ✓ HalfIntegers
    463.8 ms  ✓ TypeParameterAccessors → TypeParameterAccessorsFillArraysExt
    507.0 ms  ✓ ArrayInterface
    599.0 ms  ✓ FillArrays → FillArraysSparseArraysExt
    349.4 ms  ✓ ArrayInterface → ArrayInterfaceStaticArraysCoreExt
    378.1 ms  ✓ ArrayInterface → ArrayInterfaceChainRulesCoreExt
    512.6 ms  ✓ ArrayInterface → ArrayInterfaceSparseArraysExt
    791.7 ms  ✓ Static
   1645.7 ms  ✓ KrylovKit
   1095.4 ms  ✓ StaticArrayInterface
    600.8 ms  ✓ KrylovKit → KrylovKitChainRulesCoreExt
    407.0 ms  ✓ EllipsisNotation
    574.8 ms  ✓ StaticArrayInterface → StaticArrayInterfaceStaticArraysExt
  11079.2 ms  ✓ ArrayLayouts
    970.4 ms  ? ArrayLayouts → ArrayLayoutsSparseArraysExt
  11122.3 ms  ? BlockArrays
    632.4 ms  ? BlockArrays → BlockArraysAdaptExt
    672.5 ms  ? Transducers → TransducersBlockArraysExt
Info Given ITensorMPS was explicitly requested, output will be shown live [0K
[0K┌ Warning: Module ITensors with build ID fafbfcfd-b53f-28bd-4b0f-57eff3be0975 is missing from the cache.
[0K│ This may mean ITensors [9136182c-28ba-11e9-034c-db9fb085ebd5] does not support precompilation but is imported by a module that does.
[0K└ @ Base loading.jl:2541
    632.9 ms  ? ITensorMPS
    625.0 ms  ? ITensorMPS → ITensorMPSChainRulesCoreExt
  16 dependencies successfully precompiled in 25 seconds. 104 already precompiled.
  6 dependencies failed but may be precompilable after restarting julia
  6 dependencies had output during precompilation:
┌ BlockArrays → BlockArraysAdaptExt
│  ┌ Warning: Module Adapt with build ID fafbfcfd-2af5-da7b-e26d-82886da69be7 is missing from the cache.
│  │ This may mean Adapt [79e6a3ab-5dfb-504d-930d-738a2a938a0e] does not support precompilation but is imported by a module that does.
│  └ @ Base loading.jl:2541
└  
┌ ITensorMPS → ITensorMPSChainRulesCoreExt
│  ┌ Warning: Module ChainRulesCore with build ID fafbfcfd-abba-6a38-0016-49fa5282e207 is missing from the cache.
│  │ This may mean ChainRulesCore [d360d2e6-b24c-11e9-a2a3-2a2ae2dbcce4] does not support precompilation but is imported by a module that does.
│  └ @ Base loading.jl:2541
└  
┌ Transducers → TransducersBlockArraysExt
│  ┌ Warning: Module Transducers with build ID fafbfcfd-8db3-7ab6-3872-1404fae9aac2 is missing from the cache.
│  │ This may mean Transducers [28d57a85-8fef-5791-bfe6-a80928e7c999] does not support precompilation but is imported by a module that does.
│  └ @ Base loading.jl:2541
└  
┌ ITensorMPS
│  [Output was shown above]
└  
┌ BlockArrays
│  ┌ Warning: Module StaticArrays with build ID fafbfcfd-eef6-8e36-f837-65fc75e471e7 is missing from the cache.
│  │ This may mean StaticArrays [90137ffa-7385-5640-81b9-e52037218182] does not support precompilation but is imported by a module that does.
│  └ @ Base loading.jl:2541
└  
┌ ArrayLayouts → ArrayLayoutsSparseArraysExt
│  ┌ Warning: Module StaticArrays with build ID fafbfcfd-eef6-8e36-f837-65fc75e471e7 is missing from the cache.
│  │ This may mean StaticArrays [90137ffa-7385-5640-81b9-e52037218182] does not support precompilation but is imported by a module that does.
│  └ @ Base loading.jl:2541
└  
┌ Warning: Module ITensors with build ID fafbfcfd-b53f-28bd-4b0f-57eff3be0975 is missing from the cache.
│ This may mean ITensors [9136182c-28ba-11e9-034c-db9fb085ebd5] does not support precompilation but is imported by a module that does.
└ @ Base loading.jl:2541
Precompiling ITensorMPSChainRulesCoreExt...
    357.7 ms  ✓ CompositionsBase
    438.7 ms  ✓ InverseFunctions
    381.6 ms  ✓ Indexing
    461.2 ms  ✓ ConstructionBase
    420.7 ms  ✓ Adapt
    544.7 ms  ✓ DocStringExtensions
    536.5 ms  ✓ Compat
    618.4 ms  ✓ BitIntegers
    673.4 ms  ✓ Preferences
    606.7 ms  ? Dictionaries
    633.0 ms  ? CompositionsBase → CompositionsBaseInverseFunctionsExt
    608.8 ms  ? ConstructionBase → ConstructionBaseLinearAlgebraExt
    655.2 ms  ? InverseFunctions → InverseFunctionsDatesExt
    606.9 ms  ? Compat → CompatLinearAlgebraExt
    615.8 ms  ? PrecompileTools
   1793.8 ms  ✓ MacroTools
    618.7 ms  ? Functors
    640.1 ms  ? IsApprox
    923.1 ms  ? ArrayLayouts → ArrayLayoutsSparseArraysExt
    614.0 ms  ? Accessors
    617.9 ms  ? Accessors → LinearAlgebraExt
  11093.7 ms  ? BlockArrays
    630.2 ms  ? BlockArrays → BlockArraysAdaptExt
    632.2 ms  ? Transducers → TransducersBlockArraysExt
    661.7 ms  ? ITensorMPS
Info Given ITensorMPSChainRulesCoreExt was explicitly requested, output will be shown live [0K
[0K┌ Warning: Module ChainRulesCore with build ID fafbfcfd-abba-6a38-0016-49fa5282e207 is missing from the cache.
[0K│ This may mean ChainRulesCore [d360d2e6-b24c-11e9-a2a3-2a2ae2dbcce4] does not support precompilation but is imported by a module that does.
[0K└ @ Base loading.jl:2541
    629.5 ms  ? ITensorMPS → ITensorMPSChainRulesCoreExt
  10 dependencies successfully precompiled in 15 seconds. 100 already precompiled.
  21 dependencies precompiled but different versions are currently loaded. Restart julia to access the new versions. Otherwise, loading dependents of these packages may trigger further precompilation to work with the unexpected versions.
  16 dependencies failed but may be precompilable after restarting julia
  16 dependencies had output during precompilation:
┌ Compat → CompatLinearAlgebraExt
│  ┌ Warning: Module Compat with build ID fafbfcfd-b934-fd46-d16c-21ec24b29587 is missing from the cache.
│  │ This may mean Compat [34da2185-b29b-5c13-b0c7-acf172513d20] does not support precompilation but is imported by a module that does.
│  └ @ Base loading.jl:2541
└  
┌ ConstructionBase → ConstructionBaseLinearAlgebraExt
│  ┌ Warning: Module ConstructionBase with build ID fafbfcfd-77d2-4b03-5f3e-bee93bd0dfe5 is missing from the cache.
│  │ This may mean ConstructionBase [187b0558-2788-49d3-abe0-74a17ed4e7c9] does not support precompilation but is imported by a module that does.
│  └ @ Base loading.jl:2541
└  
┌ Dictionaries
│  ┌ Warning: Module Indexing with build ID fafbfcfd-0584-c4f5-2e3c-33b9c7788956 is missing from the cache.
│  │ This may mean Indexing [313cdc1a-70c2-5d6a-ae34-0150d3930a38] does not support precompilation but is imported by a module that does.
│  └ @ Base loading.jl:2541
└  
┌ ArrayLayouts → ArrayLayoutsSparseArraysExt
│  ┌ Warning: Module StaticArrays with build ID fafbfcfd-eef6-8e36-f837-65fc75e471e7 is missing from the cache.
│  │ This may mean StaticArrays [90137ffa-7385-5640-81b9-e52037218182] does not support precompilation but is imported by a module that does.
│  └ @ Base loading.jl:2541
└  
┌ PrecompileTools
│  ┌ Warning: Module Preferences with build ID fafbfcfd-aefd-a593-2b20-e377db9aaf37 is missing from the cache.
│  │ This may mean Preferences [21216c6a-2e73-6563-6e65-726566657250] does not support precompilation but is imported by a module that does.
│  └ @ Base loading.jl:2541
└  
┌ Accessors → LinearAlgebraExt
│  ┌ Warning: Module Accessors with build ID fafbfcfd-eb47-fce5-69a0-c7c99518daf2 is missing from the cache.
│  │ This may mean Accessors [7d9f7c33-5ae7-4f3b-8dc6-eff91059b697] does not support precompilation but is imported by a module that does.
│  └ @ Base loading.jl:2541
└  
┌ ITensorMPS → ITensorMPSChainRulesCoreExt
│  [Output was shown above]
└  
┌ Accessors
│  ┌ Warning: Module MacroTools with build ID fafbfcfd-9a0a-0375-06c9-f718ddf4a3b8 is missing from the cache.
│  │ This may mean MacroTools [1914dd2f-81c6-5fcd-8719-6d5c9610ff09] does not support precompilation but is imported by a module that does.
│  └ @ Base loading.jl:2541
└  
┌ CompositionsBase → CompositionsBaseInverseFunctionsExt
│  ┌ Warning: Module CompositionsBase with build ID fafbfcfd-b099-d406-d8b5-6caba352fe54 is missing from the cache.
│  │ This may mean CompositionsBase [a33af91c-f02d-484b-be07-31d278c5ca2b] does not support precompilation but is imported by a module that does.
│  └ @ Base loading.jl:2541
└  
┌ BlockArrays
│  ┌ Warning: Module StaticArrays with build ID fafbfcfd-eef6-8e36-f837-65fc75e471e7 is missing from the cache.
│  │ This may mean StaticArrays [90137ffa-7385-5640-81b9-e52037218182] does not support precompilation but is imported by a module that does.
│  └ @ Base loading.jl:2541
└  
┌ Functors
│  ┌ Warning: Module Compat with build ID fafbfcfd-b934-fd46-d16c-21ec24b29587 is missing from the cache.
│  │ This may mean Compat [34da2185-b29b-5c13-b0c7-acf172513d20] does not support precompilation but is imported by a module that does.
│  └ @ Base loading.jl:2541
└  
┌ Transducers → TransducersBlockArraysExt
│  ┌ Warning: Module Transducers with build ID fafbfcfd-8db3-7ab6-3872-1404fae9aac2 is missing from the cache.
│  │ This may mean Transducers [28d57a85-8fef-5791-bfe6-a80928e7c999] does not support precompilation but is imported by a module that does.
│  └ @ Base loading.jl:2541
└  
┌ ITensorMPS
│  ┌ Warning: Module ITensors with build ID fafbfcfd-b53f-28bd-4b0f-57eff3be0975 is missing from the cache.
│  │ This may mean ITensors [9136182c-28ba-11e9-034c-db9fb085ebd5] does not support precompilation but is imported by a module that does.
│  └ @ Base loading.jl:2541
└  
┌ InverseFunctions → InverseFunctionsDatesExt
│  ┌ Warning: Module InverseFunctions with build ID fafbfcfd-42f2-8613-06f9-31dd62fb3817 is missing from the cache.
│  │ This may mean InverseFunctions [3587e190-3f89-42d0-90ee-14403ec27112] does not support precompilation but is imported by a module that does.
│  └ @ Base loading.jl:2541
└  
┌ BlockArrays → BlockArraysAdaptExt
│  ┌ Warning: Module Adapt with build ID fafbfcfd-2af5-da7b-e26d-82886da69be7 is missing from the cache.
│  │ This may mean Adapt [79e6a3ab-5dfb-504d-930d-738a2a938a0e] does not support precompilation but is imported by a module that does.
│  └ @ Base loading.jl:2541
└  
┌ IsApprox
│  ┌ Warning: Module PrecompileTools with build ID fafbfcfd-8d27-22f7-7b70-5bc11defa91a is missing from the cache.
│  │ This may mean PrecompileTools [aea7be01-6a6a-4083-8856-8a6e6704d82a] does not support precompilation but is imported by a module that does.
│  └ @ Base loading.jl:2541
└  
┌ Warning: Module ChainRulesCore with build ID fafbfcfd-abba-6a38-0016-49fa5282e207 is missing from the cache.
│ This may mean ChainRulesCore [d360d2e6-b24c-11e9-a2a3-2a2ae2dbcce4] does not support precompilation but is imported by a module that does.
└ @ Base loading.jl:2541
Generating random tensor of size 2^30
Number of threads: 256
rand wtime:   5.459595 seconds (119.86 k allocations: 8.006 GiB, 0.35% gc time, 1.57% compilation time)
calculate TT-SVD of rank 10
tt-svd wtime: 581.898387 seconds (477.35 M allocations: 344.914 GiB, 4.88% gc time, 48.38% compilation time)
tt-svd wtime: 302.262961 seconds (16.93 k allocations: 322.008 GiB, 9.04% gc time)
Precompiling ITensors...
    760.8 ms  ✓ ExternalDocstrings
   1460.7 ms  ✓ DefineSingletons
   1320.4 ms  ✓ DataValueInterfaces
   1358.0 ms  ✓ HalfIntegers
   1893.3 ms  ✓ InverseFunctions
   1861.0 ms  ✓ ExprTools
   1854.5 ms  ✓ IfElse
   1839.1 ms  ✓ IteratorInterfaceExtensions
   1832.1 ms  ✓ CommonWorldInvalidations
   1825.4 ms  ✓ DataAPI
   2003.2 ms  ✓ ConstructionBase
   2119.0 ms  ✓ OrderedCollections
   2046.7 ms  ✓ VectorInterface
   2040.2 ms  ✓ DocStringExtensions
   2034.5 ms  ✓ InlineStrings
   2095.5 ms  ✓ FillArrays
    459.1 ms  ✓ PackageExtensionCompat
   1480.8 ms  ✓ CompositionsBase
   2808.0 ms  ✓ MacroTools
   2083.0 ms  ✓ ArgCheck
   2044.2 ms  ✓ Indexing
   2029.8 ms  ✓ StaticArraysCore
   2022.9 ms  ✓ TupleTools
   2007.3 ms  ✓ SerializedElementArrays
   2001.5 ms  ✓ Requires
   2228.7 ms  ✓ BitIntegers
   2145.4 ms  ✓ Zeros
   2138.0 ms  ✓ Compat
   2122.0 ms  ✓ InverseFunctions → InverseFunctionsDatesExt
   2565.2 ms  ✓ Preferences
   2785.5 ms  ✓ InitialValues
   2369.6 ms  ✓ InverseFunctions → InverseFunctionsTestExt
   2764.1 ms  ✓ Baselet
    496.8 ms  ✓ TableTraits
   1378.9 ms  ✓ ConstructionBase → ConstructionBaseLinearAlgebraExt
   1513.9 ms  ✓ StridedViews
   1505.0 ms  ✓ CompositionsBase → CompositionsBaseInverseFunctionsExt
   1471.5 ms  ✓ Adapt
   1464.8 ms  ✓ Compat → CompatLinearAlgebraExt
   1456.6 ms  ✓ PrecompileTools
   1533.4 ms  ✓ FillArrays → FillArraysSparseArraysExt
   1654.0 ms  ✓ SimpleTraits
   2080.5 ms  ✓ ThreadedScans
   2073.3 ms  ✓ Dictionaries
   1640.6 ms  ✓ Tables
   2151.6 ms  ✓ TimerOutputs
    564.3 ms  ✓ Referenceables
   1018.2 ms  ✓ Adapt → AdaptSparseArraysExt
   1190.0 ms  ✓ Strided
   1156.8 ms  ✓ ArrayInterface
   1141.9 ms  ✓ Functors
   1115.0 ms  ✓ SplitApplyCombine
   1135.4 ms  ✓ Static
   1614.1 ms  ✓ TypeParameterAccessors
   1707.0 ms  ✓ Setfield
   1656.1 ms  ✓ ChainRulesCore
    700.5 ms  ✓ ArrayInterface → ArrayInterfaceStaticArraysCoreExt
    709.6 ms  ✓ ArrayInterface → ArrayInterfaceSparseArraysExt
   1911.5 ms  ✓ Accessors
    491.4 ms  ✓ TypeParameterAccessors → TypeParameterAccessorsStridedViewsExt
    500.9 ms  ✓ TypeParameterAccessors → TypeParameterAccessorsFillArraysExt
    485.8 ms  ✓ ArrayInterface → ArrayInterfaceChainRulesCoreExt
    724.8 ms  ✓ ChainRulesCore → ChainRulesCoreSparseArraysExt
    858.0 ms  ✓ Accessors → TestExt
   1555.3 ms  ✓ StaticArrayInterface
   1011.5 ms  ✓ Accessors → LinearAlgebraExt
   1215.1 ms  ✓ SplittablesBase
    405.9 ms  ✓ EllipsisNotation
    880.2 ms  ✓ BangBang
    715.9 ms  ✓ BangBang → BangBangTablesExt
    728.3 ms  ✓ BangBang → BangBangChainRulesCoreExt
    897.1 ms  ✓ MicroCollections
   5671.5 ms  ✓ StaticArrays
    937.5 ms  ✓ Adapt → AdaptStaticArraysExt
   1260.1 ms  ✓ StaticArrays → StaticArraysChainRulesCoreExt
   1250.2 ms  ✓ ConstructionBase → ConstructionBaseStaticArraysExt
   1218.1 ms  ✓ Accessors → StaticArraysExt
   1208.5 ms  ✓ StaticArrayInterface → StaticArrayInterfaceStaticArraysExt
   1200.0 ms  ✓ BangBang → BangBangStaticArraysExt
   2459.9 ms  ✓ Transducers
    857.0 ms  ✓ Transducers → TransducersReferenceablesExt
    869.2 ms  ✓ Transducers → TransducersAdaptExt
   9410.7 ms  ✓ IsApprox
   2679.4 ms  ✓ Folds
  11240.3 ms  ✓ ArrayLayouts
    955.4 ms  ✓ ArrayLayouts → ArrayLayoutsSparseArraysExt
   1765.2 ms  ✓ BlockArrays
    917.5 ms  ✓ BlockArrays → BlockArraysAdaptExt
   1235.5 ms  ✓ Transducers → TransducersBlockArraysExt
   3670.7 ms  ✓ NDTensors
   5815.3 ms  ✓ ITensors
   2032.0 ms  ✓ ITensors → ITensorsVectorInterfaceExt
  92 dependencies successfully precompiled in 40 seconds. 30 already precompiled.
Precompiling ITensorMPS...
   1739.8 ms  ✓ KrylovKit
    715.6 ms  ✓ KrylovKit → KrylovKitChainRulesCoreExt
   4937.3 ms  ✓ ITensorMPS
   2587.6 ms  ✓ ITensorMPS → ITensorMPSChainRulesCoreExt
  4 dependencies successfully precompiled in 10 seconds. 122 already precompiled.
Generating random tensor of size 2^30
Number of threads: 256
rand wtime:   5.789163 seconds (119.86 k allocations: 8.006 GiB, 1.72% gc time, 1.46% compilation time)
calculate TT-SVD of rank 11
tt-svd wtime: 601.366265 seconds (477.43 M allocations: 353.918 GiB, 4.69% gc time, 46.49% compilation time)
tt-svd wtime: 326.452024 seconds (16.93 k allocations: 331.008 GiB, 8.67% gc time)
Precompiling ITensors...
    783.3 ms  ✓ ExternalDocstrings
   1619.4 ms  ✓ DefineSingletons
   1493.8 ms  ✓ DataValueInterfaces
   1524.5 ms  ✓ HalfIntegers
   2064.2 ms  ✓ InverseFunctions
   2031.9 ms  ✓ ExprTools
   2024.4 ms  ✓ IfElse
   2016.6 ms  ✓ ConstructionBase
   2008.7 ms  ✓ IteratorInterfaceExtensions
   2001.3 ms  ✓ CommonWorldInvalidations
   1992.0 ms  ✓ DataAPI
   2134.9 ms  ✓ OrderedCollections
   2071.5 ms  ✓ VectorInterface
   2064.6 ms  ✓ DocStringExtensions
   2058.1 ms  ✓ InlineStrings
   2114.7 ms  ✓ FillArrays
    468.5 ms  ✓ PackageExtensionCompat
   1638.7 ms  ✓ CompositionsBase
   2099.7 ms  ✓ ArgCheck
   2057.2 ms  ✓ Indexing
   2042.5 ms  ✓ StaticArraysCore
   2036.5 ms  ✓ TupleTools
   2024.8 ms  ✓ SerializedElementArrays
   2018.0 ms  ✓ Requires
   2012.4 ms  ✓ Zeros
   2240.9 ms  ✓ BitIntegers
   2152.1 ms  ✓ Compat
   2137.4 ms  ✓ InverseFunctions → InverseFunctionsDatesExt
   2720.8 ms  ✓ Preferences
   2782.5 ms  ✓ InitialValues
   2361.2 ms  ✓ InverseFunctions → InverseFunctionsTestExt
   2762.7 ms  ✓ Baselet
   2805.8 ms  ✓ MacroTools
    636.8 ms  ✓ TableTraits
   1367.8 ms  ✓ ConstructionBase → ConstructionBaseLinearAlgebraExt
   1351.1 ms  ✓ StridedViews
   1344.1 ms  ✓ CompositionsBase → CompositionsBaseInverseFunctionsExt
   1319.9 ms  ✓ Adapt
   1314.4 ms  ✓ Compat → CompatLinearAlgebraExt
   1307.1 ms  ✓ PrecompileTools
   1935.8 ms  ✓ Dictionaries
   1368.8 ms  ✓ FillArrays → FillArraysSparseArraysExt
   1789.4 ms  ✓ ThreadedScans
   1749.2 ms  ✓ SimpleTraits
   1998.7 ms  ✓ TimerOutputs
    557.5 ms  ✓ Referenceables
   1028.1 ms  ✓ Adapt → AdaptSparseArraysExt
   1337.8 ms  ✓ Strided
   1309.2 ms  ✓ ArrayInterface
   1295.7 ms  ✓ Functors
   1368.6 ms  ✓ Tables
   1276.7 ms  ✓ SplitApplyCombine
   1287.3 ms  ✓ Static
   1850.9 ms  ✓ Setfield
   1750.4 ms  ✓ TypeParameterAccessors
   1808.9 ms  ✓ ChainRulesCore
    690.2 ms  ✓ ArrayInterface → ArrayInterfaceStaticArraysCoreExt
    700.3 ms  ✓ ArrayInterface → ArrayInterfaceSparseArraysExt
   2054.0 ms  ✓ Accessors
    520.9 ms  ✓ TypeParameterAccessors → TypeParameterAccessorsStridedViewsExt
    494.0 ms  ✓ ArrayInterface → ArrayInterfaceChainRulesCoreExt
    530.5 ms  ✓ TypeParameterAccessors → TypeParameterAccessorsFillArraysExt
    697.1 ms  ✓ ChainRulesCore → ChainRulesCoreSparseArraysExt
    843.6 ms  ✓ Accessors → LinearAlgebraExt
   1517.2 ms  ✓ StaticArrayInterface
    978.2 ms  ✓ Accessors → TestExt
   1198.4 ms  ✓ SplittablesBase
    420.3 ms  ✓ EllipsisNotation
    881.1 ms  ✓ BangBang
    750.6 ms  ✓ BangBang → BangBangChainRulesCoreExt
    886.4 ms  ✓ BangBang → BangBangTablesExt
    879.0 ms  ✓ MicroCollections
   5710.8 ms  ✓ StaticArrays
    977.3 ms  ✓ Adapt → AdaptStaticArraysExt
   1293.0 ms  ✓ StaticArrays → StaticArraysChainRulesCoreExt
   1286.9 ms  ✓ ConstructionBase → ConstructionBaseStaticArraysExt
   1253.7 ms  ✓ StaticArrayInterface → StaticArrayInterfaceStaticArraysExt
   1263.2 ms  ✓ Accessors → StaticArraysExt
   1245.6 ms  ✓ BangBang → BangBangStaticArraysExt
   2476.3 ms  ✓ Transducers
    888.6 ms  ✓ Transducers → TransducersReferenceablesExt
    901.3 ms  ✓ Transducers → TransducersAdaptExt
   9404.7 ms  ✓ IsApprox
   2697.5 ms  ✓ Folds
  11193.7 ms  ✓ ArrayLayouts
    969.0 ms  ✓ ArrayLayouts → ArrayLayoutsSparseArraysExt
   1781.1 ms  ✓ BlockArrays
    960.7 ms  ✓ BlockArrays → BlockArraysAdaptExt
   1293.8 ms  ✓ Transducers → TransducersBlockArraysExt
   3662.5 ms  ✓ NDTensors
   5857.1 ms  ✓ ITensors
   2119.6 ms  ✓ ITensors → ITensorsVectorInterfaceExt
  92 dependencies successfully precompiled in 40 seconds. 30 already precompiled.
Precompiling ITensorMPS...
   1745.0 ms  ✓ KrylovKit
    748.5 ms  ✓ KrylovKit → KrylovKitChainRulesCoreExt
   4888.6 ms  ✓ ITensorMPS
   2683.3 ms  ✓ ITensorMPS → ITensorMPSChainRulesCoreExt
  4 dependencies successfully precompiled in 10 seconds. 122 already precompiled.
Generating random tensor of size 2^30
Number of threads: 256
rand wtime:   5.570138 seconds (119.86 k allocations: 8.006 GiB, 1.45% gc time, 1.46% compilation time)
calculate TT-SVD of rank 12
tt-svd wtime: 609.669236 seconds (477.44 M allocations: 362.920 GiB, 4.79% gc time, 46.02% compilation time)
tt-svd wtime: 333.868713 seconds (17.00 k allocations: 340.008 GiB, 8.72% gc time)
Precompiling ITensors...
   1295.1 ms  ✓ DefineSingletons
   3455.7 ms  ✓ ExternalDocstrings
   3415.1 ms  ✓ DataValueInterfaces
   3755.6 ms  ✓ OrderedCollections
   3738.1 ms  ✓ HalfIntegers
   3696.8 ms  ✓ InverseFunctions
   3689.9 ms  ✓ VectorInterface
   3683.1 ms  ✓ DocStringExtensions
   3667.9 ms  ✓ ExprTools
   3663.0 ms  ✓ IfElse
   3656.8 ms  ✓ ConstructionBase
   3649.1 ms  ✓ IteratorInterfaceExtensions
   3641.6 ms  ✓ CommonWorldInvalidations
   3634.5 ms  ✓ DataAPI
   3685.4 ms  ✓ InlineStrings
   3746.1 ms  ✓ FillArrays
    595.5 ms  ✓ PackageExtensionCompat
   3635.2 ms  ✓ CompositionsBase
   4223.7 ms  ✓ ArgCheck
   4206.5 ms  ✓ BitIntegers
   4179.0 ms  ✓ Indexing
   4165.8 ms  ✓ StaticArraysCore
   4158.1 ms  ✓ TupleTools
   4143.1 ms  ✓ SerializedElementArrays
   4137.1 ms  ✓ Requires
   4130.2 ms  ✓ Zeros
   4123.3 ms  ✓ Compat
   4109.8 ms  ✓ InverseFunctions → InverseFunctionsDatesExt
   4678.5 ms  ✓ InitialValues
   4616.8 ms  ✓ Preferences
   4935.9 ms  ✓ Baselet
   4411.5 ms  ✓ InverseFunctions → InverseFunctionsTestExt
   4980.6 ms  ✓ MacroTools
    854.5 ms  ✓ TableTraits
   3287.5 ms  ✓ TimerOutputs
   2178.0 ms  ✓ ConstructionBase → ConstructionBaseLinearAlgebraExt
   2161.7 ms  ✓ FillArrays → FillArraysSparseArraysExt
   2686.2 ms  ✓ StridedViews
   2677.8 ms  ✓ CompositionsBase → CompositionsBaseInverseFunctionsExt
   2654.2 ms  ✓ Adapt
   2647.1 ms  ✓ Compat → CompatLinearAlgebraExt
   2640.2 ms  ✓ PrecompileTools
   2962.5 ms  ✓ ThreadedScans
   2919.9 ms  ✓ SimpleTraits
   3220.4 ms  ✓ Dictionaries
    645.7 ms  ✓ Referenceables
   1756.8 ms  ✓ Adapt → AdaptSparseArraysExt
   2322.4 ms  ✓ Strided
   2293.6 ms  ✓ ArrayInterface
   2281.0 ms  ✓ Functors
   2246.9 ms  ✓ SplitApplyCombine
   2908.8 ms  ✓ Tables
   2831.2 ms  ✓ Static
   2824.6 ms  ✓ TypeParameterAccessors
   3156.9 ms  ✓ Setfield
   3110.0 ms  ✓ ChainRulesCore
   3143.7 ms  ✓ Accessors
    367.0 ms  ✓ ArrayInterface → ArrayInterfaceStaticArraysCoreExt
    383.5 ms  ✓ ArrayInterface → ArrayInterfaceChainRulesCoreExt
    697.2 ms  ✓ TypeParameterAccessors → TypeParameterAccessorsFillArraysExt
    692.9 ms  ✓ TypeParameterAccessors → TypeParameterAccessorsStridedViewsExt
   1448.3 ms  ✓ ChainRulesCore → ChainRulesCoreSparseArraysExt
   1501.8 ms  ✓ ArrayInterface → ArrayInterfaceSparseArraysExt
   1654.5 ms  ✓ Accessors → LinearAlgebraExt
   1646.8 ms  ✓ Accessors → TestExt
   1704.8 ms  ✓ SplittablesBase
   1731.0 ms  ✓ StaticArrayInterface
    480.0 ms  ✓ EllipsisNotation
   5857.5 ms  ✓ StaticArrays
   1315.1 ms  ✓ BangBang
   1166.6 ms  ✓ ConstructionBase → ConstructionBaseStaticArraysExt
   2190.2 ms  ✓ Adapt → AdaptStaticArraysExt
   2721.4 ms  ✓ StaticArrays → StaticArraysChainRulesCoreExt
   2672.4 ms  ✓ Accessors → StaticArraysExt
   2665.7 ms  ✓ StaticArrayInterface → StaticArrayInterfaceStaticArraysExt
   2403.3 ms  ✓ BangBang → BangBangChainRulesCoreExt
   2386.6 ms  ✓ BangBang → BangBangTablesExt
   2395.9 ms  ✓ BangBang → BangBangStaticArraysExt
   2377.5 ms  ✓ MicroCollections
   9707.0 ms  ✓ IsApprox
   2772.6 ms  ✓ Transducers
   1293.5 ms  ✓ Transducers → TransducersAdaptExt
   1285.7 ms  ✓ Transducers → TransducersReferenceablesExt
   3014.4 ms  ✓ Folds
  11285.1 ms  ✓ ArrayLayouts
   1070.1 ms  ✓ ArrayLayouts → ArrayLayoutsSparseArraysExt
   1913.3 ms  ✓ BlockArrays
   1009.1 ms  ✓ BlockArrays → BlockArraysAdaptExt
   1532.1 ms  ✓ Transducers → TransducersBlockArraysExt
   4409.1 ms  ✓ NDTensors
   6544.9 ms  ✓ ITensors
   2593.2 ms  ✓ ITensors → ITensorsVectorInterfaceExt
  92 dependencies successfully precompiled in 51 seconds. 30 already precompiled.
Precompiling ITensorMPS...
   1877.6 ms  ✓ KrylovKit
    947.0 ms  ✓ KrylovKit → KrylovKitChainRulesCoreExt
   5137.3 ms  ✓ ITensorMPS
   2939.5 ms  ✓ ITensorMPS → ITensorMPSChainRulesCoreExt
  4 dependencies successfully precompiled in 11 seconds. 122 already precompiled.
Generating random tensor of size 2^30
Number of threads: 256
rand wtime:   5.573486 seconds (119.86 k allocations: 8.006 GiB, 1.43% gc time, 1.46% compilation time)
calculate TT-SVD of rank 13
tt-svd wtime: 640.104083 seconds (477.48 M allocations: 371.921 GiB, 4.62% gc time, 43.71% compilation time)
tt-svd wtime: 364.147245 seconds (17.00 k allocations: 349.008 GiB, 8.05% gc time)
Precompiling ITensors...
    913.3 ms  ✓ ExternalDocstrings
   3567.8 ms  ✓ DefineSingletons
   3755.7 ms  ✓ OrderedCollections
   3737.1 ms  ✓ HalfIntegers
   3702.5 ms  ✓ DataValueInterfaces
   3696.3 ms  ✓ InverseFunctions
   3690.2 ms  ✓ VectorInterface
   3682.0 ms  ✓ DocStringExtensions
   3664.8 ms  ✓ ExprTools
   3656.4 ms  ✓ IfElse
   3649.6 ms  ✓ ConstructionBase
   3642.9 ms  ✓ IteratorInterfaceExtensions
   3636.0 ms  ✓ CommonWorldInvalidations
   3628.4 ms  ✓ DataAPI
   3742.5 ms  ✓ FillArrays
   3683.8 ms  ✓ InlineStrings
    598.0 ms  ✓ PackageExtensionCompat
   3584.5 ms  ✓ BitIntegers
   4137.9 ms  ✓ ArgCheck
   4111.0 ms  ✓ CompositionsBase
   4095.9 ms  ✓ Indexing
   4083.6 ms  ✓ StaticArraysCore
   4076.0 ms  ✓ TupleTools
   4060.1 ms  ✓ SerializedElementArrays
   4053.5 ms  ✓ Requires
   4046.5 ms  ✓ Zeros
   4038.4 ms  ✓ Compat
   4019.7 ms  ✓ InverseFunctions → InverseFunctionsDatesExt
   4662.0 ms  ✓ InitialValues
   4595.7 ms  ✓ Preferences
   4917.6 ms  ✓ Baselet
   4390.4 ms  ✓ InverseFunctions → InverseFunctionsTestExt
   4962.5 ms  ✓ MacroTools
    919.7 ms  ✓ ConstructionBase → ConstructionBaseLinearAlgebraExt
   3278.4 ms  ✓ TimerOutputs
   2223.8 ms  ✓ TableTraits
   2217.0 ms  ✓ FillArrays → FillArraysSparseArraysExt
   2700.5 ms  ✓ StridedViews
   2683.2 ms  ✓ CompositionsBase → CompositionsBaseInverseFunctionsExt
   2668.0 ms  ✓ Adapt
   2660.2 ms  ✓ Compat → CompatLinearAlgebraExt
   2652.6 ms  ✓ PrecompileTools
   2964.5 ms  ✓ ThreadedScans
   2909.5 ms  ✓ SimpleTraits
   3211.8 ms  ✓ Dictionaries
    657.3 ms  ✓ Referenceables
   1676.6 ms  ✓ Adapt → AdaptSparseArraysExt
   2199.8 ms  ✓ Strided
   2165.1 ms  ✓ ArrayInterface
   2150.7 ms  ✓ Functors
   2120.3 ms  ✓ SplitApplyCombine
   2723.0 ms  ✓ Tables
   2647.1 ms  ✓ Static
   2642.0 ms  ✓ TypeParameterAccessors
   2972.2 ms  ✓ Setfield
   2910.4 ms  ✓ ChainRulesCore
   2946.9 ms  ✓ Accessors
    368.7 ms  ✓ ArrayInterface → ArrayInterfaceStaticArraysCoreExt
    715.6 ms  ✓ ArrayInterface → ArrayInterfaceChainRulesCoreExt
    752.3 ms  ✓ TypeParameterAccessors → TypeParameterAccessorsStridedViewsExt
    764.9 ms  ✓ TypeParameterAccessors → TypeParameterAccessorsFillArraysExt
   1548.1 ms  ✓ ChainRulesCore → ChainRulesCoreSparseArraysExt
   1604.9 ms  ✓ ArrayInterface → ArrayInterfaceSparseArraysExt
   1751.8 ms  ✓ Accessors → LinearAlgebraExt
   1743.0 ms  ✓ Accessors → TestExt
   1792.8 ms  ✓ SplittablesBase
   1824.6 ms  ✓ StaticArrayInterface
    476.6 ms  ✓ EllipsisNotation
   6061.0 ms  ✓ StaticArrays
   1304.2 ms  ✓ BangBang
   1276.9 ms  ✓ BangBang → BangBangTablesExt
   2503.9 ms  ✓ BangBang → BangBangChainRulesCoreExt
   2547.6 ms  ✓ ConstructionBase → ConstructionBaseStaticArraysExt
   2557.4 ms  ✓ StaticArrays → StaticArraysChainRulesCoreExt
   2533.4 ms  ✓ Adapt → AdaptStaticArraysExt
   2526.6 ms  ✓ Accessors → StaticArraysExt
   2519.6 ms  ✓ StaticArrayInterface → StaticArrayInterfaceStaticArraysExt
   2502.4 ms  ✓ BangBang → BangBangStaticArraysExt
   2483.8 ms  ✓ MicroCollections
   9963.9 ms  ✓ IsApprox
   2828.3 ms  ✓ Transducers
   1402.2 ms  ✓ Transducers → TransducersReferenceablesExt
   1414.3 ms  ✓ Transducers → TransducersAdaptExt
   3020.6 ms  ✓ Folds
  11478.5 ms  ✓ ArrayLayouts
   1141.0 ms  ✓ ArrayLayouts → ArrayLayoutsSparseArraysExt
   2010.3 ms  ✓ BlockArrays
   1023.0 ms  ✓ BlockArrays → BlockArraysAdaptExt
   1601.2 ms  ✓ Transducers → TransducersBlockArraysExt
   4355.3 ms  ✓ NDTensors
   6578.1 ms  ✓ ITensors
   2639.1 ms  ✓ ITensors → ITensorsVectorInterfaceExt
  92 dependencies successfully precompiled in 51 seconds. 30 already precompiled.
Precompiling ITensorMPS...
   1897.6 ms  ✓ KrylovKit
    924.6 ms  ✓ KrylovKit → KrylovKitChainRulesCoreExt
   5073.9 ms  ✓ ITensorMPS
   2971.7 ms  ✓ ITensorMPS → ITensorMPSChainRulesCoreExt
  4 dependencies successfully precompiled in 11 seconds. 122 already precompiled.
Generating random tensor of size 2^30
Number of threads: 256
rand wtime:   5.582834 seconds (119.86 k allocations: 8.006 GiB, 1.47% gc time, 1.46% compilation time)
calculate TT-SVD of rank 14
tt-svd wtime: 644.158404 seconds (477.45 M allocations: 380.919 GiB, 4.73% gc time, 43.41% compilation time)
tt-svd wtime: 366.547520 seconds (17.00 k allocations: 358.008 GiB, 8.08% gc time)
Precompiling ITensors...
    833.4 ms  ✓ DefineSingletons
   1474.4 ms  ✓ ExternalDocstrings
   1423.0 ms  ✓ IfElse
   1449.1 ms  ✓ DataValueInterfaces
   1473.1 ms  ✓ HalfIntegers
   2018.6 ms  ✓ InverseFunctions
   2003.4 ms  ✓ ExprTools
   1995.9 ms  ✓ ConstructionBase
   1992.6 ms  ✓ IteratorInterfaceExtensions
   1989.3 ms  ✓ CommonWorldInvalidations
   1986.3 ms  ✓ DataAPI
   2067.1 ms  ✓ OrderedCollections
   2027.3 ms  ✓ VectorInterface
   2023.7 ms  ✓ DocStringExtensions
   2020.6 ms  ✓ InlineStrings
   2056.7 ms  ✓ FillArrays
    445.3 ms  ✓ PackageExtensionCompat
   1547.7 ms  ✓ StaticArraysCore
   2009.1 ms  ✓ ArgCheck
   1995.5 ms  ✓ CompositionsBase
   1986.8 ms  ✓ Indexing
   1972.7 ms  ✓ TupleTools
   1963.9 ms  ✓ SerializedElementArrays
   1959.9 ms  ✓ Requires
   1955.2 ms  ✓ Zeros
   2151.8 ms  ✓ BitIntegers
   2096.7 ms  ✓ Compat
   2087.8 ms  ✓ InverseFunctions → InverseFunctionsDatesExt
   2666.9 ms  ✓ Preferences
   2708.4 ms  ✓ InitialValues
   2290.1 ms  ✓ InverseFunctions → InverseFunctionsTestExt
   2695.1 ms  ✓ Baselet
   2721.4 ms  ✓ MacroTools
    620.0 ms  ✓ TableTraits
   1312.0 ms  ✓ ConstructionBase → ConstructionBaseLinearAlgebraExt
   1302.0 ms  ✓ StridedViews
   1292.2 ms  ✓ CompositionsBase → CompositionsBaseInverseFunctionsExt
   1283.6 ms  ✓ Adapt
   1279.2 ms  ✓ Compat → CompatLinearAlgebraExt
   1275.4 ms  ✓ PrecompileTools
   1311.5 ms  ✓ FillArrays → FillArraysSparseArraysExt
   1720.5 ms  ✓ SimpleTraits
   1742.4 ms  ✓ Dictionaries
   1749.7 ms  ✓ ThreadedScans
   2045.0 ms  ✓ TimerOutputs
    566.4 ms  ✓ Referenceables
    976.3 ms  ✓ Adapt → AdaptSparseArraysExt
    972.8 ms  ✓ ArrayInterface
    996.2 ms  ✓ Strided
    969.5 ms  ✓ Functors
   1411.6 ms  ✓ SplitApplyCombine
   1750.7 ms  ✓ Tables
   1700.7 ms  ✓ Static
   1744.3 ms  ✓ Setfield
   1549.2 ms  ✓ TypeParameterAccessors
   1720.2 ms  ✓ ChainRulesCore
    738.6 ms  ✓ ArrayInterface → ArrayInterfaceStaticArraysCoreExt
    787.7 ms  ✓ ArrayInterface → ArrayInterfaceSparseArraysExt
   1978.5 ms  ✓ Accessors
    516.0 ms  ✓ ArrayInterface → ArrayInterfaceChainRulesCoreExt
    532.0 ms  ✓ TypeParameterAccessors → TypeParameterAccessorsStridedViewsExt
    538.6 ms  ✓ TypeParameterAccessors → TypeParameterAccessorsFillArraysExt
    559.0 ms  ✓ ChainRulesCore → ChainRulesCoreSparseArraysExt
    464.5 ms  ✓ Accessors → LinearAlgebraExt
    517.2 ms  ✓ Accessors → TestExt
    793.3 ms  ✓ SplittablesBase
   1119.5 ms  ✓ StaticArrayInterface
    743.0 ms  ✓ BangBang
    416.0 ms  ✓ EllipsisNotation
    490.9 ms  ✓ BangBang → BangBangChainRulesCoreExt
    485.8 ms  ✓ BangBang → BangBangTablesExt
    651.3 ms  ✓ MicroCollections
   5798.1 ms  ✓ StaticArrays
   2421.8 ms  ✓ Transducers
    663.5 ms  ✓ Adapt → AdaptStaticArraysExt
   1689.2 ms  ? StaticArrayInterface → StaticArrayInterfaceStaticArraysExt
   3117.7 ms  ✓ StaticArrays → StaticArraysChainRulesCoreExt
   9698.0 ms  ✓ IsApprox
   5074.9 ms  ? Accessors → StaticArraysExt
  11567.4 ms  ✓ ArrayLayouts
ConstructionBaseStaticArraysExt Waiting for background task / IO / timer.
[pid 1266002] waiting for IO to finish:
 Handle type        uv_handle_t->data
 fs_event           0x23a50b90->0x778678200790
 timer              0x239eefb0->0x7786782007c0
This means that a package has started a background task or event source that has not finished running. For precompilation to complete successfully, the event source needs to be closed explicitly. See the developer documentation on fixing precompilation hangs for more help.
┌ Warning: The call to compilecache failed to create a usable precompiled cache file for StaticArrays [90137ffa-7385-5640-81b9-e52037218182]
│   exception = Required dependency Base.PkgId(Base.UUID("21216c6a-2e73-6563-6e65-726566657250"), "Preferences") failed to load from a cache file.
└ @ Base loading.jl:2596
  23013.7 ms  ? ConstructionBase → ConstructionBaseStaticArraysExt
  35768.4 ms  ? BangBang → BangBangStaticArraysExt
  38067.4 ms  ? BlockArrays
  55599.5 ms  ? Transducers → TransducersReferenceablesExt
  76548.0 ms  ✓ ArrayLayouts → ArrayLayoutsSparseArraysExt
  46256.4 ms  ? Transducers → TransducersBlockArraysExt
TransducersAdaptExt Waiting for background task / IO / timer.
[pid 1265840] waiting for IO to finish:
 Handle type        uv_handle_t->data
 fs_event           0x3ccbf990->0x78ba730304c0
 timer              0x3c9fdb40->0x78ba730304f0
This means that a package has started a background task or event source that has not finished running. For precompilation to complete successfully, the event source needs to be closed explicitly. See the developer documentation on fixing precompilation hangs for more help.
 111067.7 ms  ✓ Transducers → TransducersAdaptExt
   5574.5 ms  ✓ Folds
  84379.4 ms  ✓ BlockArrays → BlockArraysAdaptExt
  33463.1 ms  ? NDTensors
Info Given ITensors was explicitly requested, output will be shown live [0K
[0K┌ Warning: Module ConstructionBase with build ID fafbfcfd-197b-f877-4185-ca1f000500b3 is missing from the cache.
[0K│ This may mean ConstructionBase [187b0558-2788-49d3-abe0-74a17ed4e7c9] does not support precompilation but is imported by a module that does.
[0K└ @ Base loading.jl:2541
  38906.8 ms  ? ITensors
  68008.3 ms  ? ITensors → ITensorsVectorInterfaceExt
  82 dependencies successfully precompiled in 288 seconds. 30 already precompiled.
  10 dependencies failed but may be precompilable after restarting julia
  11 dependencies had output during precompilation:
┌ BangBang → BangBangStaticArraysExt
│  ┌ Warning: Module ConstructionBase with build ID fafbfcfd-7b8c-19ae-43ef-f8eb71df29f3 is missing from the cache.
│  │ This may mean ConstructionBase [187b0558-2788-49d3-abe0-74a17ed4e7c9] does not support precompilation but is imported by a module that does.
│  └ @ Base loading.jl:2541
└  
┌ ITensors → ITensorsVectorInterfaceExt
│  ┌ Warning: The call to compilecache failed to create a usable precompiled cache file for ITensors [9136182c-28ba-11e9-034c-db9fb085ebd5]
│  │   exception = Required dependency Base.PkgId(Base.UUID("79e6a3ab-5dfb-504d-930d-738a2a938a0e"), "Adapt") failed to load from a cache file.
│  └ @ Base loading.jl:2596
└  
┌ Transducers → TransducersReferenceablesExt
│  ┌ Warning: Module ConstructionBase with build ID fafbfcfd-7b8c-19ae-43ef-f8eb71df29f3 is missing from the cache.
│  │ This may mean ConstructionBase [187b0558-2788-49d3-abe0-74a17ed4e7c9] does not support precompilation but is imported by a module that does.
│  └ @ Base loading.jl:2541
└  
┌ Transducers → TransducersAdaptExt
│  [pid 1265840] waiting for IO to finish:
│   Handle type        uv_handle_t->data
│   fs_event           0x3ccbf990->0x78ba730304c0
│   timer              0x3c9fdb40->0x78ba730304f0
│  This means that a package has started a background task or event source that has not finished running. For precompilation to complete successfully, the event source needs to be closed explicitly. See the developer documentation on fixing precompilation hangs for more help.
└  
┌ NDTensors
│  ┌ Warning: The call to compilecache failed to create a usable precompiled cache file for Transducers [28d57a85-8fef-5791-bfe6-a80928e7c999]
│  │   exception = Required dependency Base.PkgId(Base.UUID("1e83bf80-4336-4d27-bf5d-d5a4f845583c"), "StaticArraysCore") failed to load from a cache file.
│  └ @ Base loading.jl:2596
└  
┌ ITensors
│  [Output was shown above]
└  
┌ BlockArrays
│  ┌ Warning: The call to compilecache failed to create a usable precompiled cache file for ArrayLayouts [4c555306-a7a7-4459-81d9-ec55ddd5c99a]
│  │   exception = Required dependency Base.PkgId(Base.UUID("21216c6a-2e73-6563-6e65-726566657250"), "Preferences") failed to load from a cache file.
│  └ @ Base loading.jl:2596
└  
┌ Transducers → TransducersBlockArraysExt
│  ┌ Warning: The call to compilecache failed to create a usable precompiled cache file for Setfield [efcf1570-3423-57d1-acb7-fd33fddbac46]
│  │   exception = Required dependency Base.PkgId(Base.UUID("1e83bf80-4336-4d27-bf5d-d5a4f845583c"), "StaticArraysCore") failed to load from a cache file.
│  └ @ Base loading.jl:2596
└  
┌ ConstructionBase → ConstructionBaseStaticArraysExt
│  [pid 1266002] waiting for IO to finish:
│   Handle type        uv_handle_t->data
│   fs_event           0x23a50b90->0x778678200790
│   timer              0x239eefb0->0x7786782007c0
│  This means that a package has started a background task or event source that has not finished running. For precompilation to complete successfully, the event source needs to be closed explicitly. See the developer documentation on fixing precompilation hangs for more help.
│  ┌ Warning: The call to compilecache failed to create a usable precompiled cache file for StaticArrays [90137ffa-7385-5640-81b9-e52037218182]
│  │   exception = Required dependency Base.PkgId(Base.UUID("21216c6a-2e73-6563-6e65-726566657250"), "Preferences") failed to load from a cache file.
│  └ @ Base loading.jl:2596
└  
┌ Accessors → StaticArraysExt
│  ┌ Warning: The call to compilecache failed to create a usable precompiled cache file for Accessors [7d9f7c33-5ae7-4f3b-8dc6-eff91059b697]
│  │   exception = Required dependency Base.PkgId(Base.UUID("1914dd2f-81c6-5fcd-8719-6d5c9610ff09"), "MacroTools") failed to load from a cache file.
│  └ @ Base loading.jl:2596
└  
┌ StaticArrayInterface → StaticArrayInterfaceStaticArraysExt
│  ┌ Warning: Module PrecompileTools with build ID fafbfcfd-ab49-1850-4b61-5bc2a5735e4e is missing from the cache.
│  │ This may mean PrecompileTools [aea7be01-6a6a-4083-8856-8a6e6704d82a] does not support precompilation but is imported by a module that does.
│  └ @ Base loading.jl:2541
└  
┌ Warning: Module ConstructionBase with build ID fafbfcfd-c9c7-ccd2-9017-1c76701f9eca is missing from the cache.
│ This may mean ConstructionBase [187b0558-2788-49d3-abe0-74a17ed4e7c9] does not support precompilation but is imported by a module that does.
└ @ Base loading.jl:2541
Precompiling Functors...
    423.4 ms  ✓ ConstructionBase
    393.3 ms  ✓ ConstructionBase → ConstructionBaseLinearAlgebraExt
    587.1 ms  ✓ Functors
  3 dependencies successfully precompiled in 1 seconds. 7 already precompiled.
Precompiling NDTensors...
    369.0 ms  ✓ ExternalDocstrings
    393.2 ms  ✓ DefineSingletons
    342.0 ms  ✓ IfElse
    337.0 ms  ✓ IteratorInterfaceExtensions
    363.2 ms  ✓ DataValueInterfaces
    332.6 ms  ✓ CommonWorldInvalidations
    378.9 ms  ✓ CompositionsBase
    399.0 ms  ✓ DataAPI
    430.1 ms  ✓ ArgCheck
    498.1 ms  ✓ HalfIntegers
    407.5 ms  ✓ StaticArraysCore
    567.6 ms  ✓ OrderedCollections
    537.5 ms  ✓ VectorInterface
    660.0 ms  ✓ SimpleTraits
    405.0 ms  ✓ InverseFunctions → InverseFunctionsDatesExt
    391.7 ms  ✓ Referenceables
    332.9 ms  ✓ TableTraits
    357.0 ms  ✓ CompositionsBase → CompositionsBaseInverseFunctionsExt
    838.0 ms  ✓ InitialValues
    515.0 ms  ✓ InverseFunctions → InverseFunctionsTestExt
    922.9 ms  ✓ FillArrays
    508.6 ms  ✓ Adapt → AdaptSparseArraysExt
    516.5 ms  ✓ ArrayInterface
    631.4 ms  ✓ SplitApplyCombine
    762.3 ms  ✓ ThreadedScans
    787.7 ms  ✓ Static
    360.4 ms  ✓ ArrayInterface → ArrayInterfaceStaticArraysCoreExt
   1007.9 ms  ✓ Baselet
    511.3 ms  ✓ ArrayInterface → ArrayInterfaceSparseArraysExt
    569.8 ms  ✓ FillArrays → FillArraysSparseArraysExt
    997.4 ms  ✓ Setfield
    788.0 ms  ✓ Tables
    861.0 ms  ✓ TypeParameterAccessors
    389.3 ms  ✓ TypeParameterAccessors → TypeParameterAccessorsStridedViewsExt
    412.1 ms  ✓ TypeParameterAccessors → TypeParameterAccessorsFillArraysExt
    793.2 ms  ✓ SplittablesBase
   1116.0 ms  ✓ StaticArrayInterface
   1744.9 ms  ✓ Accessors
    477.2 ms  ✓ EllipsisNotation
    476.5 ms  ✓ Accessors → LinearAlgebraExt
    521.8 ms  ✓ Accessors → TestExt
    724.3 ms  ✓ BangBang
    556.3 ms  ✓ BangBang → BangBangTablesExt
    627.3 ms  ✓ MicroCollections
   5447.9 ms  ✓ StaticArrays
    540.9 ms  ✓ Adapt → AdaptStaticArraysExt
    556.1 ms  ✓ ConstructionBase → ConstructionBaseStaticArraysExt
    602.1 ms  ✓ StaticArrayInterface → StaticArrayInterfaceStaticArraysExt
    618.5 ms  ✓ BangBang → BangBangStaticArraysExt
    649.6 ms  ✓ Accessors → StaticArraysExt
   2433.3 ms  ✓ Transducers
    763.8 ms  ✓ Transducers → TransducersReferenceablesExt
    772.0 ms  ✓ Transducers → TransducersAdaptExt
   1250.1 ms  ? Folds
  11160.3 ms  ✓ ArrayLayouts
   1342.4 ms  ? ArrayLayouts → ArrayLayoutsSparseArraysExt
  11486.3 ms  ? BlockArrays
    614.8 ms  ? BlockArrays → BlockArraysAdaptExt
  23816.6 ms  ? Transducers → TransducersBlockArraysExt
Info Given NDTensors was explicitly requested, output will be shown live [0K
[0K┌ Warning: Module Adapt with build ID fafbfcfd-5f4f-a885-32cd-0c8d455c1edc is missing from the cache.
[0K│ This may mean Adapt [79e6a3ab-5dfb-504d-930d-738a2a938a0e] does not support precompilation but is imported by a module that does.
[0K└ @ Base loading.jl:2541
    614.5 ms  ? NDTensors
  54 dependencies successfully precompiled in 54 seconds. 35 already precompiled.
  6 dependencies failed but may be precompilable after restarting julia
  6 dependencies had output during precompilation:
┌ BlockArrays
│  ┌ Warning: Module PrecompileTools with build ID fafbfcfd-8061-276f-bd66-e10986d9ce27 is missing from the cache.
│  │ This may mean PrecompileTools [aea7be01-6a6a-4083-8856-8a6e6704d82a] does not support precompilation but is imported by a module that does.
│  └ @ Base loading.jl:2541
└  
┌ NDTensors
│  [Output was shown above]
└  
┌ BlockArrays → BlockArraysAdaptExt
│  ┌ Warning: Module Adapt with build ID fafbfcfd-5f4f-a885-32cd-0c8d455c1edc is missing from the cache.
│  │ This may mean Adapt [79e6a3ab-5dfb-504d-930d-738a2a938a0e] does not support precompilation but is imported by a module that does.
│  └ @ Base loading.jl:2541
└  
┌ Transducers → TransducersBlockArraysExt
│  ┌ Warning: Module ConstructionBase with build ID fafbfcfd-22dd-2c95-a134-9689f4dc3349 is missing from the cache.
│  │ This may mean ConstructionBase [187b0558-2788-49d3-abe0-74a17ed4e7c9] does not support precompilation but is imported by a module that does.
│  └ @ Base loading.jl:2541
└  
┌ Folds
│  ┌ Warning: Module Adapt with build ID fafbfcfd-5f4f-a885-32cd-0c8d455c1edc is missing from the cache.
│  │ This may mean Adapt [79e6a3ab-5dfb-504d-930d-738a2a938a0e] does not support precompilation but is imported by a module that does.
│  └ @ Base loading.jl:2541
└  
┌ ArrayLayouts → ArrayLayoutsSparseArraysExt
│  ┌ Warning: Module PrecompileTools with build ID fafbfcfd-8061-276f-bd66-e10986d9ce27 is missing from the cache.
│  │ This may mean PrecompileTools [aea7be01-6a6a-4083-8856-8a6e6704d82a] does not support precompilation but is imported by a module that does.
│  └ @ Base loading.jl:2541
└  
┌ Warning: Module Adapt with build ID fafbfcfd-5f4f-a885-32cd-0c8d455c1edc is missing from the cache.
│ This may mean Adapt [79e6a3ab-5dfb-504d-930d-738a2a938a0e] does not support precompilation but is imported by a module that does.
└ @ Base loading.jl:2541
Precompiling Folds...
    304.6 ms  ✓ DataValueInterfaces
    460.3 ms  ✓ ExternalDocstrings
    444.4 ms  ✓ IteratorInterfaceExtensions
    480.1 ms  ✓ DefineSingletons
    437.7 ms  ✓ CompositionsBase
    605.8 ms  ✓ ConstructionBase
   1572.4 ms  ✓ InitialValues
   1133.1 ms  ✓ CompositionsBase → CompositionsBaseInverseFunctionsExt
   1565.3 ms  ✓ Baselet
    882.6 ms  ✓ DataAPI
    852.2 ms  ✓ InverseFunctions → InverseFunctionsDatesExt
    856.5 ms  ✓ Requires
   1154.5 ms  ✓ ArgCheck
   1142.9 ms  ✓ StaticArraysCore
   1189.8 ms  ✓ OrderedCollections
   1267.2 ms  ✓ InverseFunctions → InverseFunctionsTestExt
   1136.5 ms  ✓ TableTraits
    543.7 ms  ✓ Adapt
    607.5 ms  ? ConstructionBase → ConstructionBaseLinearAlgebraExt
    720.5 ms  ✓ ThreadedScans
    760.3 ms  ✓ Tables
    604.4 ms  ? Referenceables
    626.8 ms  ? Setfield
    642.9 ms  ? Accessors
    850.8 ms  ? SplittablesBase
    849.0 ms  ? Accessors → LinearAlgebraExt
    615.3 ms  ? BangBang
    844.6 ms  ? BangBang → BangBangTablesExt
    879.4 ms  ? MicroCollections
  23556.0 ms  ? Accessors → TestExt
    868.9 ms  ? Transducers
   1619.5 ms  ? Transducers → TransducersAdaptExt
  13457.0 ms  ? Transducers → TransducersReferenceablesExt
Info Given Folds was explicitly requested, output will be shown live [0K
[0K┌ Warning: Module ConstructionBase with build ID fafbfcfd-22dd-2c95-a134-9689f4dc3349 is missing from the cache.
[0K│ This may mean ConstructionBase [187b0558-2788-49d3-abe0-74a17ed4e7c9] does not support precompilation but is imported by a module that does.
[0K└ @ Base loading.jl:2541
   1115.8 ms  ? Folds
  20 dependencies successfully precompiled in 43 seconds. 14 already precompiled.
  3 dependencies precompiled but different versions are currently loaded. Restart julia to access the new versions. Otherwise, loading dependents of these packages may trigger further precompilation to work with the unexpected versions.
  14 dependencies failed but may be precompilable after restarting julia
  14 dependencies had output during precompilation:
┌ SplittablesBase
│  ┌ Warning: Module ConstructionBase with build ID fafbfcfd-22dd-2c95-a134-9689f4dc3349 is missing from the cache.
│  │ This may mean ConstructionBase [187b0558-2788-49d3-abe0-74a17ed4e7c9] does not support precompilation but is imported by a module that does.
│  └ @ Base loading.jl:2541
└  
┌ BangBang → BangBangTablesExt
│  ┌ Warning: Module ConstructionBase with build ID fafbfcfd-22dd-2c95-a134-9689f4dc3349 is missing from the cache.
│  │ This may mean ConstructionBase [187b0558-2788-49d3-abe0-74a17ed4e7c9] does not support precompilation but is imported by a module that does.
│  └ @ Base loading.jl:2541
└  
┌ Transducers → TransducersReferenceablesExt
│  ┌ Warning: Module ConstructionBase with build ID fafbfcfd-22dd-2c95-a134-9689f4dc3349 is missing from the cache.
│  │ This may mean ConstructionBase [187b0558-2788-49d3-abe0-74a17ed4e7c9] does not support precompilation but is imported by a module that does.
│  └ @ Base loading.jl:2541
└  
┌ ConstructionBase → ConstructionBaseLinearAlgebraExt
│  ┌ Warning: Module ConstructionBase with build ID fafbfcfd-22dd-2c95-a134-9689f4dc3349 is missing from the cache.
│  │ This may mean ConstructionBase [187b0558-2788-49d3-abe0-74a17ed4e7c9] does not support precompilation but is imported by a module that does.
│  └ @ Base loading.jl:2541
└  
┌ Transducers → TransducersAdaptExt
│  ┌ Warning: Module ConstructionBase with build ID fafbfcfd-22dd-2c95-a134-9689f4dc3349 is missing from the cache.
│  │ This may mean ConstructionBase [187b0558-2788-49d3-abe0-74a17ed4e7c9] does not support precompilation but is imported by a module that does.
│  └ @ Base loading.jl:2541
└  
┌ Referenceables
│  ┌ Warning: Module Adapt with build ID fafbfcfd-5f4f-a885-32cd-0c8d455c1edc is missing from the cache.
│  │ This may mean Adapt [79e6a3ab-5dfb-504d-930d-738a2a938a0e] does not support precompilation but is imported by a module that does.
│  └ @ Base loading.jl:2541
└  
┌ Transducers
│  ┌ Warning: Module ConstructionBase with build ID fafbfcfd-22dd-2c95-a134-9689f4dc3349 is missing from the cache.
│  │ This may mean ConstructionBase [187b0558-2788-49d3-abe0-74a17ed4e7c9] does not support precompilation but is imported by a module that does.
│  └ @ Base loading.jl:2541
└  
┌ MicroCollections
│  ┌ Warning: Module ConstructionBase with build ID fafbfcfd-22dd-2c95-a134-9689f4dc3349 is missing from the cache.
│  │ This may mean ConstructionBase [187b0558-2788-49d3-abe0-74a17ed4e7c9] does not support precompilation but is imported by a module that does.
│  └ @ Base loading.jl:2541
└  
┌ Accessors → LinearAlgebraExt
│  ┌ Warning: Module ConstructionBase with build ID fafbfcfd-22dd-2c95-a134-9689f4dc3349 is missing from the cache.
│  │ This may mean ConstructionBase [187b0558-2788-49d3-abe0-74a17ed4e7c9] does not support precompilation but is imported by a module that does.
│  └ @ Base loading.jl:2541
└  
┌ Accessors
│  ┌ Warning: Module ConstructionBase with build ID fafbfcfd-22dd-2c95-a134-9689f4dc3349 is missing from the cache.
│  │ This may mean ConstructionBase [187b0558-2788-49d3-abe0-74a17ed4e7c9] does not support precompilation but is imported by a module that does.
│  └ @ Base loading.jl:2541
└  
┌ Setfield
│  ┌ Warning: Module ConstructionBase with build ID fafbfcfd-22dd-2c95-a134-9689f4dc3349 is missing from the cache.
│  │ This may mean ConstructionBase [187b0558-2788-49d3-abe0-74a17ed4e7c9] does not support precompilation but is imported by a module that does.
│  └ @ Base loading.jl:2541
└  
┌ BangBang
│  ┌ Warning: Module ConstructionBase with build ID fafbfcfd-22dd-2c95-a134-9689f4dc3349 is missing from the cache.
│  │ This may mean ConstructionBase [187b0558-2788-49d3-abe0-74a17ed4e7c9] does not support precompilation but is imported by a module that does.
│  └ @ Base loading.jl:2541
└  
┌ Accessors → TestExt
│  ┌ Warning: Module ConstructionBase with build ID fafbfcfd-22dd-2c95-a134-9689f4dc3349 is missing from the cache.
│  │ This may mean ConstructionBase [187b0558-2788-49d3-abe0-74a17ed4e7c9] does not support precompilation but is imported by a module that does.
│  └ @ Base loading.jl:2541
└  
┌ Folds
│  [Output was shown above]
└  
┌ Warning: Module ConstructionBase with build ID fafbfcfd-22dd-2c95-a134-9689f4dc3349 is missing from the cache.
│ This may mean ConstructionBase [187b0558-2788-49d3-abe0-74a17ed4e7c9] does not support precompilation but is imported by a module that does.
└ @ Base loading.jl:2541
Precompiling Transducers...
    314.7 ms  ✓ DataValueInterfaces
    305.5 ms  ✓ IteratorInterfaceExtensions
    340.0 ms  ✓ DefineSingletons
    350.4 ms  ✓ CompositionsBase
    359.7 ms  ✓ DataAPI
    376.0 ms  ✓ ArgCheck
    374.2 ms  ✓ StaticArraysCore
    398.5 ms  ✓ InverseFunctions → InverseFunctionsDatesExt
    433.9 ms  ✓ ConstructionBase
    491.0 ms  ✓ InverseFunctions → InverseFunctionsTestExt
    555.6 ms  ✓ OrderedCollections
    336.3 ms  ✓ TableTraits
    357.8 ms  ✓ CompositionsBase → CompositionsBaseInverseFunctionsExt
    829.9 ms  ✓ InitialValues
   1012.9 ms  ✓ Baselet
    614.3 ms  ? ConstructionBase → ConstructionBaseLinearAlgebraExt
    823.3 ms  ✓ Tables
    624.5 ms  ? Setfield
    627.1 ms  ? Accessors
    847.3 ms  ? SplittablesBase
    851.7 ms  ? Accessors → LinearAlgebraExt
    613.4 ms  ? BangBang
    840.0 ms  ? BangBang → BangBangTablesExt
    878.1 ms  ? MicroCollections
  13257.6 ms  ? Accessors → TestExt
Info Given Transducers was explicitly requested, output will be shown live [0K
[0K┌ Warning: Module ConstructionBase with build ID fafbfcfd-22dd-2c95-a134-9689f4dc3349 is missing from the cache.
[0K│ This may mean ConstructionBase [187b0558-2788-49d3-abe0-74a17ed4e7c9] does not support precompilation but is imported by a module that does.
[0K└ @ Base loading.jl:2541
    868.7 ms  ? Transducers
  16 dependencies successfully precompiled in 16 seconds. 13 already precompiled.
  2 dependencies precompiled but different versions are currently loaded. Restart julia to access the new versions. Otherwise, loading dependents of these packages may trigger further precompilation to work with the unexpected versions.
  10 dependencies failed but may be precompilable after restarting julia
  10 dependencies had output during precompilation:
┌ SplittablesBase
│  ┌ Warning: Module ConstructionBase with build ID fafbfcfd-22dd-2c95-a134-9689f4dc3349 is missing from the cache.
│  │ This may mean ConstructionBase [187b0558-2788-49d3-abe0-74a17ed4e7c9] does not support precompilation but is imported by a module that does.
│  └ @ Base loading.jl:2541
└  
┌ MicroCollections
│  ┌ Warning: Module ConstructionBase with build ID fafbfcfd-22dd-2c95-a134-9689f4dc3349 is missing from the cache.
│  │ This may mean ConstructionBase [187b0558-2788-49d3-abe0-74a17ed4e7c9] does not support precompilation but is imported by a module that does.
│  └ @ Base loading.jl:2541
└  
┌ BangBang → BangBangTablesExt
│  ┌ Warning: Module ConstructionBase with build ID fafbfcfd-22dd-2c95-a134-9689f4dc3349 is missing from the cache.
│  │ This may mean ConstructionBase [187b0558-2788-49d3-abe0-74a17ed4e7c9] does not support precompilation but is imported by a module that does.
│  └ @ Base loading.jl:2541
└  
┌ Accessors → LinearAlgebraExt
│  ┌ Warning: Module ConstructionBase with build ID fafbfcfd-22dd-2c95-a134-9689f4dc3349 is missing from the cache.
│  │ This may mean ConstructionBase [187b0558-2788-49d3-abe0-74a17ed4e7c9] does not support precompilation but is imported by a module that does.
│  └ @ Base loading.jl:2541
└  
┌ ConstructionBase → ConstructionBaseLinearAlgebraExt
│  ┌ Warning: Module ConstructionBase with build ID fafbfcfd-22dd-2c95-a134-9689f4dc3349 is missing from the cache.
│  │ This may mean ConstructionBase [187b0558-2788-49d3-abe0-74a17ed4e7c9] does not support precompilation but is imported by a module that does.
│  └ @ Base loading.jl:2541
└  
┌ Setfield
│  ┌ Warning: Module ConstructionBase with build ID fafbfcfd-22dd-2c95-a134-9689f4dc3349 is missing from the cache.
│  │ This may mean ConstructionBase [187b0558-2788-49d3-abe0-74a17ed4e7c9] does not support precompilation but is imported by a module that does.
│  └ @ Base loading.jl:2541
└  
┌ Accessors
│  ┌ Warning: Module ConstructionBase with build ID fafbfcfd-22dd-2c95-a134-9689f4dc3349 is missing from the cache.
│  │ This may mean ConstructionBase [187b0558-2788-49d3-abe0-74a17ed4e7c9] does not support precompilation but is imported by a module that does.
│  └ @ Base loading.jl:2541
└  
┌ BangBang
│  ┌ Warning: Module ConstructionBase with build ID fafbfcfd-22dd-2c95-a134-9689f4dc3349 is missing from the cache.
│  │ This may mean ConstructionBase [187b0558-2788-49d3-abe0-74a17ed4e7c9] does not support precompilation but is imported by a module that does.
│  └ @ Base loading.jl:2541
└  
┌ Accessors → TestExt
│  ┌ Warning: Module ConstructionBase with build ID fafbfcfd-22dd-2c95-a134-9689f4dc3349 is missing from the cache.
│  │ This may mean ConstructionBase [187b0558-2788-49d3-abe0-74a17ed4e7c9] does not support precompilation but is imported by a module that does.
│  └ @ Base loading.jl:2541
└  
┌ Transducers
│  [Output was shown above]
└  
┌ Warning: Module ConstructionBase with build ID fafbfcfd-22dd-2c95-a134-9689f4dc3349 is missing from the cache.
│ This may mean ConstructionBase [187b0558-2788-49d3-abe0-74a17ed4e7c9] does not support precompilation but is imported by a module that does.
└ @ Base loading.jl:2541
Precompiling Accessors...
    368.3 ms  ✓ CompositionsBase → CompositionsBaseInverseFunctionsExt
    384.1 ms  ✓ InverseFunctions → InverseFunctionsDatesExt
    620.2 ms  ? ConstructionBase → ConstructionBaseLinearAlgebraExt
Info Given Accessors was explicitly requested, output will be shown live [0K
[0K┌ Warning: Module ConstructionBase with build ID fafbfcfd-22dd-2c95-a134-9689f4dc3349 is missing from the cache.
[0K│ This may mean ConstructionBase [187b0558-2788-49d3-abe0-74a17ed4e7c9] does not support precompilation but is imported by a module that does.
[0K└ @ Base loading.jl:2541
    642.0 ms  ? Accessors
    869.9 ms  ? Accessors → LinearAlgebraExt
  2 dependencies successfully precompiled in 2 seconds. 7 already precompiled.
  1 dependency precompiled but a different version is currently loaded. Restart julia to access the new version. Otherwise, loading dependents of this package may trigger further precompilation to work with the unexpected version.
  3 dependencies failed but may be precompilable after restarting julia
  3 dependencies had output during precompilation:
┌ Accessors → LinearAlgebraExt
│  ┌ Warning: Module ConstructionBase with build ID fafbfcfd-22dd-2c95-a134-9689f4dc3349 is missing from the cache.
│  │ This may mean ConstructionBase [187b0558-2788-49d3-abe0-74a17ed4e7c9] does not support precompilation but is imported by a module that does.
│  └ @ Base loading.jl:2541
└  
┌ ConstructionBase → ConstructionBaseLinearAlgebraExt
│  ┌ Warning: Module ConstructionBase with build ID fafbfcfd-22dd-2c95-a134-9689f4dc3349 is missing from the cache.
│  │ This may mean ConstructionBase [187b0558-2788-49d3-abe0-74a17ed4e7c9] does not support precompilation but is imported by a module that does.
│  └ @ Base loading.jl:2541
└  
┌ Accessors
│  [Output was shown above]
└  
┌ Warning: Module ConstructionBase with build ID fafbfcfd-22dd-2c95-a134-9689f4dc3349 is missing from the cache.
│ This may mean ConstructionBase [187b0558-2788-49d3-abe0-74a17ed4e7c9] does not support precompilation but is imported by a module that does.
└ @ Base loading.jl:2541
Precompiling LinearAlgebraExt...
    610.4 ms  ? ConstructionBase → ConstructionBaseLinearAlgebraExt
    Accessors Being precompiled by another machine (hostname: be-cpu05, pid: 228434, pidfile: /home/zoel_ml/.julia/compiled/v1.11/Accessors/XelUh_BPjBk.ji.pidfile)
  10842.3 ms  ✓ Accessors
Info Given LinearAlgebraExt was explicitly requested, output will be shown live [0K
[0K┌ Warning: Module Accessors with build ID ffffffff-ffff-ffff-b8ea-eaf8975445a5 is missing from the cache.
[0K│ This may mean Accessors [7d9f7c33-5ae7-4f3b-8dc6-eff91059b697] does not support precompilation but is imported by a module that does.
[0K└ @ Base loading.jl:2541
    610.8 ms  ? Accessors → LinearAlgebraExt
  1 dependency successfully precompiled in 12 seconds. 9 already precompiled.
  2 dependencies precompiled but different versions are currently loaded. Restart julia to access the new versions. Otherwise, loading dependents of these packages may trigger further precompilation to work with the unexpected versions.
  2 dependencies failed but may be precompilable after restarting julia
  3 dependencies had output during precompilation:
┌ Accessors → LinearAlgebraExt
│  [Output was shown above]
└  
┌ ConstructionBase → ConstructionBaseLinearAlgebraExt
│  ┌ Warning: Module ConstructionBase with build ID fafbfcfd-22dd-2c95-a134-9689f4dc3349 is missing from the cache.
│  │ This may mean ConstructionBase [187b0558-2788-49d3-abe0-74a17ed4e7c9] does not support precompilation but is imported by a module that does.
│  └ @ Base loading.jl:2541
└  
┌ Accessors
│  ┌ Warning: Module MacroTools with build ID fafbfcfd-01d3-300e-ea53-d23ee49fcf66 is missing from the cache.
│  │ This may mean MacroTools [1914dd2f-81c6-5fcd-8719-6d5c9610ff09] does not support precompilation but is imported by a module that does.
│  └ @ Base loading.jl:2541
└  
┌ Warning: Module Accessors with build ID ffffffff-ffff-ffff-b8ea-eaf8975445a5 is missing from the cache.
│ This may mean Accessors [7d9f7c33-5ae7-4f3b-8dc6-eff91059b697] does not support precompilation but is imported by a module that does.
└ @ Base loading.jl:2541
Precompiling BangBang...
    424.7 ms  ✓ InverseFunctions
    612.6 ms  ? ConstructionBase → ConstructionBaseLinearAlgebraExt
   1722.0 ms  ✓ MacroTools
    616.8 ms  ? Accessors
    614.4 ms  ? Accessors → LinearAlgebraExt
Info Given BangBang was explicitly requested, output will be shown live [0K
[0K┌ Warning: Module ConstructionBase with build ID fafbfcfd-22dd-2c95-a134-9689f4dc3349 is missing from the cache.
[0K│ This may mean ConstructionBase [187b0558-2788-49d3-abe0-74a17ed4e7c9] does not support precompilation but is imported by a module that does.
[0K└ @ Base loading.jl:2541
    612.8 ms  ? BangBang
  2 dependencies successfully precompiled in 4 seconds. 8 already precompiled.
  5 dependencies precompiled but different versions are currently loaded. Restart julia to access the new versions. Otherwise, loading dependents of these packages may trigger further precompilation to work with the unexpected versions.
  4 dependencies failed but may be precompilable after restarting julia
  4 dependencies had output during precompilation:
┌ Accessors → LinearAlgebraExt
│  ┌ Warning: Module Accessors with build ID ffffffff-ffff-ffff-b8ea-eaf8975445a5 is missing from the cache.
│  │ This may mean Accessors [7d9f7c33-5ae7-4f3b-8dc6-eff91059b697] does not support precompilation but is imported by a module that does.
│  └ @ Base loading.jl:2541
└  
┌ ConstructionBase → ConstructionBaseLinearAlgebraExt
│  ┌ Warning: Module ConstructionBase with build ID fafbfcfd-22dd-2c95-a134-9689f4dc3349 is missing from the cache.
│  │ This may mean ConstructionBase [187b0558-2788-49d3-abe0-74a17ed4e7c9] does not support precompilation but is imported by a module that does.
│  └ @ Base loading.jl:2541
└  
┌ Accessors
│  ┌ Warning: Module MacroTools with build ID fafbfcfd-01d3-300e-ea53-d23ee49fcf66 is missing from the cache.
│  │ This may mean MacroTools [1914dd2f-81c6-5fcd-8719-6d5c9610ff09] does not support precompilation but is imported by a module that does.
│  └ @ Base loading.jl:2541
└  
┌ BangBang
│  [Output was shown above]
└  
┌ Warning: Module ConstructionBase with build ID fafbfcfd-22dd-2c95-a134-9689f4dc3349 is missing from the cache.
│ This may mean ConstructionBase [187b0558-2788-49d3-abe0-74a17ed4e7c9] does not support precompilation but is imported by a module that does.
└ @ Base loading.jl:2541
Precompiling BangBangTablesExt...
    608.5 ms  ? ConstructionBase → ConstructionBaseLinearAlgebraExt
    Accessors Being precompiled by another machine (hostname: be-cpu05, pid: 228540, pidfile: /home/zoel_ml/.julia/compiled/v1.11/Accessors/XelUh_BPjBk.ji.pidfile)
  10641.1 ms  ✓ Accessors
    636.0 ms  ? Accessors → LinearAlgebraExt
    619.3 ms  ? BangBang
Info Given BangBangTablesExt was explicitly requested, output will be shown live [0K
[0K┌ Warning: Module BangBang with build ID ffffffff-ffff-ffff-c4f7-b77083425a68 is missing from the cache.
[0K│ This may mean BangBang [198e06fe-97b7-11e9-32a5-e1d131e6ad66] does not support precompilation but is imported by a module that does.
[0K└ @ Base loading.jl:2541
    618.2 ms  ? BangBang → BangBangTablesExt
  1 dependency successfully precompiled in 13 seconds. 16 already precompiled.
  4 dependencies precompiled but different versions are currently loaded. Restart julia to access the new versions. Otherwise, loading dependents of these packages may trigger further precompilation to work with the unexpected versions.
  4 dependencies failed but may be precompilable after restarting julia
  5 dependencies had output during precompilation:
┌ BangBang → BangBangTablesExt
│  [Output was shown above]
└  
┌ Accessors → LinearAlgebraExt
│  ┌ Warning: Module Accessors with build ID ffffffff-ffff-ffff-b8ea-eaf8975445a5 is missing from the cache.
│  │ This may mean Accessors [7d9f7c33-5ae7-4f3b-8dc6-eff91059b697] does not support precompilation but is imported by a module that does.
│  └ @ Base loading.jl:2541
└  
┌ ConstructionBase → ConstructionBaseLinearAlgebraExt
│  ┌ Warning: Module ConstructionBase with build ID fafbfcfd-22dd-2c95-a134-9689f4dc3349 is missing from the cache.
│  │ This may mean ConstructionBase [187b0558-2788-49d3-abe0-74a17ed4e7c9] does not support precompilation but is imported by a module that does.
│  └ @ Base loading.jl:2541
└  
┌ Accessors
│  ┌ Warning: Module MacroTools with build ID fafbfcfd-01d3-300e-ea53-d23ee49fcf66 is missing from the cache.
│  │ This may mean MacroTools [1914dd2f-81c6-5fcd-8719-6d5c9610ff09] does not support precompilation but is imported by a module that does.
│  └ @ Base loading.jl:2541
└  
┌ BangBang
│  ┌ Warning: Module ConstructionBase with build ID fafbfcfd-22dd-2c95-a134-9689f4dc3349 is missing from the cache.
│  │ This may mean ConstructionBase [187b0558-2788-49d3-abe0-74a17ed4e7c9] does not support precompilation but is imported by a module that does.
│  └ @ Base loading.jl:2541
└  
┌ Warning: Module BangBang with build ID ffffffff-ffff-ffff-c4f7-b77083425a68 is missing from the cache.
│ This may mean BangBang [198e06fe-97b7-11e9-32a5-e1d131e6ad66] does not support precompilation but is imported by a module that does.
└ @ Base loading.jl:2541
Precompiling Baselet...
    979.5 ms  ✓ Baselet
  1 dependency successfully precompiled in 1 seconds
Precompiling DefineSingletons...
    344.5 ms  ✓ DefineSingletons
  1 dependency successfully precompiled in 0 seconds
Precompiling MicroCollections...
    331.7 ms  ✓ CompositionsBase
    550.7 ms  ✓ InverseFunctions
    544.5 ms  ✓ ConstructionBase
    818.1 ms  ✓ InitialValues
    595.3 ms  ? CompositionsBase → CompositionsBaseInverseFunctionsExt
    624.9 ms  ? ConstructionBase → ConstructionBaseLinearAlgebraExt
    655.0 ms  ? InverseFunctions → InverseFunctionsDatesExt
   1851.6 ms  ✓ MacroTools
    Accessors Being precompiled by another machine (hostname: be-cpu05, pid: 229043, pidfile: /home/zoel_ml/.julia/compiled/v1.11/Accessors/XelUh_BPjBk.ji.pidfile)
  10628.2 ms  ✓ Accessors
    620.7 ms  ? Accessors → LinearAlgebraExt
    619.0 ms  ? BangBang
Info Given MicroCollections was explicitly requested, output will be shown live [0K
[0K┌ Warning: Module Accessors with build ID ffffffff-ffff-ffff-b8ea-eaf8975445a5 is missing from the cache.
[0K│ This may mean Accessors [7d9f7c33-5ae7-4f3b-8dc6-eff91059b697] does not support precompilation but is imported by a module that does.
[0K└ @ Base loading.jl:2541
    640.6 ms  ? MicroCollections
  6 dependencies successfully precompiled in 14 seconds. 3 already precompiled.
  11 dependencies precompiled but different versions are currently loaded. Restart julia to access the new versions. Otherwise, loading dependents of these packages may trigger further precompilation to work with the unexpected versions.
  6 dependencies failed but may be precompilable after restarting julia
  7 dependencies had output during precompilation:
┌ MicroCollections
│  [Output was shown above]
└  
┌ Accessors → LinearAlgebraExt
│  ┌ Warning: Module Accessors with build ID ffffffff-ffff-ffff-b8ea-eaf8975445a5 is missing from the cache.
│  │ This may mean Accessors [7d9f7c33-5ae7-4f3b-8dc6-eff91059b697] does not support precompilation but is imported by a module that does.
│  └ @ Base loading.jl:2541
└  
┌ ConstructionBase → ConstructionBaseLinearAlgebraExt
│  ┌ Warning: Module ConstructionBase with build ID fafbfcfd-22dd-2c95-a134-9689f4dc3349 is missing from the cache.
│  │ This may mean ConstructionBase [187b0558-2788-49d3-abe0-74a17ed4e7c9] does not support precompilation but is imported by a module that does.
│  └ @ Base loading.jl:2541
└  
┌ InverseFunctions → InverseFunctionsDatesExt
│  ┌ Warning: Module InverseFunctions with build ID fafbfcfd-f711-dc30-b8ab-c5e7042a4912 is missing from the cache.
│  │ This may mean InverseFunctions [3587e190-3f89-42d0-90ee-14403ec27112] does not support precompilation but is imported by a module that does.
│  └ @ Base loading.jl:2541
└  
┌ Accessors
│  ┌ Warning: Module MacroTools with build ID fafbfcfd-01d3-300e-ea53-d23ee49fcf66 is missing from the cache.
│  │ This may mean MacroTools [1914dd2f-81c6-5fcd-8719-6d5c9610ff09] does not support precompilation but is imported by a module that does.
│  └ @ Base loading.jl:2541
└  
┌ BangBang
│  ┌ Warning: Module ConstructionBase with build ID fafbfcfd-22dd-2c95-a134-9689f4dc3349 is missing from the cache.
│  │ This may mean ConstructionBase [187b0558-2788-49d3-abe0-74a17ed4e7c9] does not support precompilation but is imported by a module that does.
│  └ @ Base loading.jl:2541
└  
┌ CompositionsBase → CompositionsBaseInverseFunctionsExt
│  ┌ Warning: Module CompositionsBase with build ID fafbfcfd-0ee8-e9d2-0687-81d817bafaf9 is missing from the cache.
│  │ This may mean CompositionsBase [a33af91c-f02d-484b-be07-31d278c5ca2b] does not support precompilation but is imported by a module that does.
│  └ @ Base loading.jl:2541
└  
┌ Warning: Module Accessors with build ID ffffffff-ffff-ffff-b8ea-eaf8975445a5 is missing from the cache.
│ This may mean Accessors [7d9f7c33-5ae7-4f3b-8dc6-eff91059b697] does not support precompilation but is imported by a module that does.
└ @ Base loading.jl:2541
Precompiling SplittablesBase...
    383.8 ms  ✓ StaticArraysCore
    623.0 ms  ? ConstructionBase → ConstructionBaseLinearAlgebraExt
   1697.9 ms  ✓ MacroTools
    626.1 ms  ? Setfield
    SplittablesBase Being precompiled by another machine (hostname: be-cpu05, pid: 218733, pidfile: /home/zoel_ml/.julia/compiled/v1.11/SplittablesBase/htRqy_BPjBk.ji.pidfile)
Info Given SplittablesBase was explicitly requested, output will be shown live [0K
[0K┌ Warning: Module MacroTools with build ID fafbfcfd-01d3-300e-ea53-d23ee49fcf66 is missing from the cache.
[0K│ This may mean MacroTools [1914dd2f-81c6-5fcd-8719-6d5c9610ff09] does not support precompilation but is imported by a module that does.
[0K└ @ Base loading.jl:2541
  21065.6 ms  ✓ SplittablesBase
  3 dependencies successfully precompiled in 24 seconds. 8 already precompiled.
  2 dependencies precompiled but different versions are currently loaded. Restart julia to access the new versions. Otherwise, loading dependents of these packages may trigger further precompilation to work with the unexpected versions.
  2 dependencies failed but may be precompilable after restarting julia
  3 dependencies had output during precompilation:
┌ SplittablesBase
│  [Output was shown above]
└  
┌ ConstructionBase → ConstructionBaseLinearAlgebraExt
│  ┌ Warning: Module ConstructionBase with build ID fafbfcfd-22dd-2c95-a134-9689f4dc3349 is missing from the cache.
│  │ This may mean ConstructionBase [187b0558-2788-49d3-abe0-74a17ed4e7c9] does not support precompilation but is imported by a module that does.
│  └ @ Base loading.jl:2541
└  
┌ Setfield
│  ┌ Warning: Module MacroTools with build ID fafbfcfd-01d3-300e-ea53-d23ee49fcf66 is missing from the cache.
│  │ This may mean MacroTools [1914dd2f-81c6-5fcd-8719-6d5c9610ff09] does not support precompilation but is imported by a module that does.
│  └ @ Base loading.jl:2541
└  
┌ Warning: Module MacroTools with build ID fafbfcfd-01d3-300e-ea53-d23ee49fcf66 is missing from the cache.
│ This may mean MacroTools [1914dd2f-81c6-5fcd-8719-6d5c9610ff09] does not support precompilation but is imported by a module that does.
└ @ Base loading.jl:2541
Precompiling Setfield...
    382.7 ms  ✓ StaticArraysCore
    424.5 ms  ✓ ConstructionBase
    615.8 ms  ? ConstructionBase → ConstructionBaseLinearAlgebraExt
   1704.1 ms  ✓ MacroTools
Info Given Setfield was explicitly requested, output will be shown live [0K
[0K┌ Warning: Module MacroTools with build ID fafbfcfd-01d3-300e-ea53-d23ee49fcf66 is missing from the cache.
[0K│ This may mean MacroTools [1914dd2f-81c6-5fcd-8719-6d5c9610ff09] does not support precompilation but is imported by a module that does.
[0K└ @ Base loading.jl:2541
    632.4 ms  ? Setfield
  3 dependencies successfully precompiled in 2 seconds. 1 already precompiled.
  3 dependencies precompiled but different versions are currently loaded. Restart julia to access the new versions. Otherwise, loading dependents of these packages may trigger further precompilation to work with the unexpected versions.
  2 dependencies failed but may be precompilable after restarting julia
  2 dependencies had output during precompilation:
┌ ConstructionBase → ConstructionBaseLinearAlgebraExt
│  ┌ Warning: Module ConstructionBase with build ID fafbfcfd-22dd-2c95-a134-9689f4dc3349 is missing from the cache.
│  │ This may mean ConstructionBase [187b0558-2788-49d3-abe0-74a17ed4e7c9] does not support precompilation but is imported by a module that does.
│  └ @ Base loading.jl:2541
└  
┌ Setfield
│  [Output was shown above]
└  
┌ Warning: Module MacroTools with build ID fafbfcfd-01d3-300e-ea53-d23ee49fcf66 is missing from the cache.
│ This may mean MacroTools [1914dd2f-81c6-5fcd-8719-6d5c9610ff09] does not support precompilation but is imported by a module that does.
└ @ Base loading.jl:2541
Precompiling InverseFunctionsTestExt...
    422.5 ms  ✓ InverseFunctions
Info Given InverseFunctionsTestExt was explicitly requested, output will be shown live [0K
[0K┌ Warning: Module InverseFunctions with build ID fafbfcfd-f711-dc30-b8ab-c5e7042a4912 is missing from the cache.
[0K│ This may mean InverseFunctions [3587e190-3f89-42d0-90ee-14403ec27112] does not support precompilation but is imported by a module that does.
[0K└ @ Base loading.jl:2541
    697.1 ms  ? InverseFunctions → InverseFunctionsTestExt
  1 dependency successfully precompiled in 1 seconds. 6 already precompiled.
  1 dependency precompiled but a different version is currently loaded. Restart julia to access the new version. Otherwise, loading dependents of this package may trigger further precompilation to work with the unexpected version.
  1 dependencies failed but may be precompilable after restarting julia
  1 dependency had output during precompilation:
┌ InverseFunctions → InverseFunctionsTestExt
│  [Output was shown above]
└  
┌ Warning: Module InverseFunctions with build ID fafbfcfd-f711-dc30-b8ab-c5e7042a4912 is missing from the cache.
│ This may mean InverseFunctions [3587e190-3f89-42d0-90ee-14403ec27112] does not support precompilation but is imported by a module that does.
└ @ Base loading.jl:2541
Precompiling TestExt...
    332.8 ms  ✓ CompositionsBase
    418.7 ms  ✓ ConstructionBase
    682.3 ms  ? InverseFunctions → InverseFunctionsDatesExt
    721.7 ms  ? InverseFunctions → InverseFunctionsTestExt
    611.1 ms  ? CompositionsBase → CompositionsBaseInverseFunctionsExt
    609.3 ms  ? ConstructionBase → ConstructionBaseLinearAlgebraExt
   1727.1 ms  ✓ MacroTools
    606.4 ms  ? Accessors
Info Given TestExt was explicitly requested, output will be shown live [0K
[0K┌ Warning: Module Accessors with build ID ffffffff-ffff-ffff-b8ea-eaf8975445a5 is missing from the cache.
[0K│ This may mean Accessors [7d9f7c33-5ae7-4f3b-8dc6-eff91059b697] does not support precompilation but is imported by a module that does.
[0K└ @ Base loading.jl:2541
    620.6 ms  ? Accessors → LinearAlgebraExt
    612.9 ms  ? Accessors → TestExt
  3 dependencies successfully precompiled in 3 seconds. 10 already precompiled.
  9 dependencies precompiled but different versions are currently loaded. Restart julia to access the new versions. Otherwise, loading dependents of these packages may trigger further precompilation to work with the unexpected versions.
  7 dependencies failed but may be precompilable after restarting julia
  7 dependencies had output during precompilation:
┌ InverseFunctions → InverseFunctionsTestExt
│  ┌ Warning: Module InverseFunctions with build ID fafbfcfd-f711-dc30-b8ab-c5e7042a4912 is missing from the cache.
│  │ This may mean InverseFunctions [3587e190-3f89-42d0-90ee-14403ec27112] does not support precompilation but is imported by a module that does.
│  └ @ Base loading.jl:2541
└  
┌ Accessors → LinearAlgebraExt
│  ┌ Warning: Module Accessors with build ID ffffffff-ffff-ffff-b8ea-eaf8975445a5 is missing from the cache.
│  │ This may mean Accessors [7d9f7c33-5ae7-4f3b-8dc6-eff91059b697] does not support precompilation but is imported by a module that does.
│  └ @ Base loading.jl:2541
└  
┌ ConstructionBase → ConstructionBaseLinearAlgebraExt
│  ┌ Warning: Module ConstructionBase with build ID fafbfcfd-22dd-2c95-a134-9689f4dc3349 is missing from the cache.
│  │ This may mean ConstructionBase [187b0558-2788-49d3-abe0-74a17ed4e7c9] does not support precompilation but is imported by a module that does.
│  └ @ Base loading.jl:2541
└  
┌ InverseFunctions → InverseFunctionsDatesExt
│  ┌ Warning: Module InverseFunctions with build ID fafbfcfd-f711-dc30-b8ab-c5e7042a4912 is missing from the cache.
│  │ This may mean InverseFunctions [3587e190-3f89-42d0-90ee-14403ec27112] does not support precompilation but is imported by a module that does.
│  └ @ Base loading.jl:2541
└  
┌ Accessors
│  ┌ Warning: Module MacroTools with build ID fafbfcfd-01d3-300e-ea53-d23ee49fcf66 is missing from the cache.
│  │ This may mean MacroTools [1914dd2f-81c6-5fcd-8719-6d5c9610ff09] does not support precompilation but is imported by a module that does.
│  └ @ Base loading.jl:2541
└  
┌ Accessors → TestExt
│  [Output was shown above]
└  
┌ CompositionsBase → CompositionsBaseInverseFunctionsExt
│  ┌ Warning: Module CompositionsBase with build ID fafbfcfd-0ee8-e9d2-0687-81d817bafaf9 is missing from the cache.
│  │ This may mean CompositionsBase [a33af91c-f02d-484b-be07-31d278c5ca2b] does not support precompilation but is imported by a module that does.
│  └ @ Base loading.jl:2541
└  
┌ Warning: Module Accessors with build ID ffffffff-ffff-ffff-b8ea-eaf8975445a5 is missing from the cache.
│ This may mean Accessors [7d9f7c33-5ae7-4f3b-8dc6-eff91059b697] does not support precompilation but is imported by a module that does.
└ @ Base loading.jl:2541
Precompiling TransducersAdaptExt...
    329.9 ms  ✓ DataValueInterfaces
    368.4 ms  ✓ DefineSingletons
    349.0 ms  ✓ IteratorInterfaceExtensions
    389.7 ms  ✓ DataAPI
    444.1 ms  ✓ ConstructionBase
    387.4 ms  ✓ ArgCheck
    370.2 ms  ✓ StaticArraysCore
    457.7 ms  ✓ Requires
    582.3 ms  ✓ OrderedCollections
    638.5 ms  ? CompositionsBase → CompositionsBaseInverseFunctionsExt
    674.0 ms  ? InverseFunctions → InverseFunctionsDatesExt
    745.7 ms  ? InverseFunctions → InverseFunctionsTestExt
    826.0 ms  ✓ InitialValues
    628.9 ms  ? TableTraits
    582.0 ms  ✓ Adapt
    692.0 ms  ? ConstructionBase → ConstructionBaseLinearAlgebraExt
   1117.1 ms  ✓ Baselet
    621.5 ms  ? Tables
   1776.7 ms  ✓ MacroTools
    Setfield Being precompiled by another machine (hostname: be-cpu05, pid: 218733, pidfile: /home/zoel_ml/.julia/compiled/v1.11/Setfield/dVM1R_BPjBk.ji.pidfile)
    606.2 ms  ? Accessors
    623.1 ms  ? Accessors → LinearAlgebraExt
    614.8 ms  ? Accessors → TestExt
    620.1 ms  ? BangBang
    616.0 ms  ? BangBang → BangBangTablesExt
    628.6 ms  ? MicroCollections
  10651.6 ms  ✓ Setfield
    611.8 ms  ? SplittablesBase
    611.6 ms  ? Transducers
    TransducersAdaptExt Being precompiled by another machine (hostname: be-cpu05, pid: 218733, pidfile: /home/zoel_ml/.julia/compiled/v1.11/TransducersAdaptExt/H2bhQ_BPjBk.ji.pidfile)
Info Given TransducersAdaptExt was explicitly requested, output will be shown live [0K
[0K┌ Warning: Module Transducers with build ID ffffffff-ffff-ffff-2312-586e25ed67b5 is missing from the cache.
[0K│ This may mean Transducers [28d57a85-8fef-5791-bfe6-a80928e7c999] does not support precompilation but is imported by a module that does.
[0K└ @ Base loading.jl:2541
  10736.0 ms  ✓ Transducers → TransducersAdaptExt
  15 dependencies successfully precompiled in 25 seconds. 14 already precompiled.
  27 dependencies precompiled but different versions are currently loaded. Restart julia to access the new versions. Otherwise, loading dependents of these packages may trigger further precompilation to work with the unexpected versions.
  14 dependencies failed but may be precompilable after restarting julia
  16 dependencies had output during precompilation:
┌ SplittablesBase
│  ┌ Warning: Module Setfield with build ID ffffffff-ffff-ffff-f3a4-96fc8b8ff141 is missing from the cache.
│  │ This may mean Setfield [efcf1570-3423-57d1-acb7-fd33fddbac46] does not support precompilation but is imported by a module that does.
│  └ @ Base loading.jl:2541
└  
┌ BangBang → BangBangTablesExt
│  ┌ Warning: Module BangBang with build ID ffffffff-ffff-ffff-c4f7-b77083425a68 is missing from the cache.
│  │ This may mean BangBang [198e06fe-97b7-11e9-32a5-e1d131e6ad66] does not support precompilation but is imported by a module that does.
│  └ @ Base loading.jl:2541
└  
┌ ConstructionBase → ConstructionBaseLinearAlgebraExt
│  ┌ Warning: Module ConstructionBase with build ID fafbfcfd-22dd-2c95-a134-9689f4dc3349 is missing from the cache.
│  │ This may mean ConstructionBase [187b0558-2788-49d3-abe0-74a17ed4e7c9] does not support precompilation but is imported by a module that does.
│  └ @ Base loading.jl:2541
└  
┌ Transducers → TransducersAdaptExt
│  [Output was shown above]
└  
┌ Transducers
│  ┌ Warning: Module Accessors with build ID ffffffff-ffff-ffff-b8ea-eaf8975445a5 is missing from the cache.
│  │ This may mean Accessors [7d9f7c33-5ae7-4f3b-8dc6-eff91059b697] does not support precompilation but is imported by a module that does.
│  └ @ Base loading.jl:2541
└  
┌ MicroCollections
│  ┌ Warning: Module Accessors with build ID ffffffff-ffff-ffff-b8ea-eaf8975445a5 is missing from the cache.
│  │ This may mean Accessors [7d9f7c33-5ae7-4f3b-8dc6-eff91059b697] does not support precompilation but is imported by a module that does.
│  └ @ Base loading.jl:2541
└  
┌ Accessors → LinearAlgebraExt
│  ┌ Warning: Module Accessors with build ID ffffffff-ffff-ffff-b8ea-eaf8975445a5 is missing from the cache.
│  │ This may mean Accessors [7d9f7c33-5ae7-4f3b-8dc6-eff91059b697] does not support precompilation but is imported by a module that does.
│  └ @ Base loading.jl:2541
└  
┌ TableTraits
│  ┌ Warning: Module IteratorInterfaceExtensions with build ID fafbfcfd-7efd-570c-98c7-cb062cdf4e06 is missing from the cache.
│  │ This may mean IteratorInterfaceExtensions [82899510-4779-5014-852e-03e436cf321d] does not support precompilation but is imported by a module that does.
│  └ @ Base loading.jl:2541
└  
┌ Accessors
│  ┌ Warning: Module MacroTools with build ID fafbfcfd-01d3-300e-ea53-d23ee49fcf66 is missing from the cache.
│  │ This may mean MacroTools [1914dd2f-81c6-5fcd-8719-6d5c9610ff09] does not support precompilation but is imported by a module that does.
│  └ @ Base loading.jl:2541
└  
┌ CompositionsBase → CompositionsBaseInverseFunctionsExt
│  ┌ Warning: Module CompositionsBase with build ID fafbfcfd-0ee8-e9d2-0687-81d817bafaf9 is missing from the cache.
│  │ This may mean CompositionsBase [a33af91c-f02d-484b-be07-31d278c5ca2b] does not support precompilation but is imported by a module that does.
│  └ @ Base loading.jl:2541
└  
┌ InverseFunctions → InverseFunctionsTestExt
│  ┌ Warning: Module InverseFunctions with build ID fafbfcfd-f711-dc30-b8ab-c5e7042a4912 is missing from the cache.
│  │ This may mean InverseFunctions [3587e190-3f89-42d0-90ee-14403ec27112] does not support precompilation but is imported by a module that does.
│  └ @ Base loading.jl:2541
└  
┌ Setfield
│  ┌ Warning: Module MacroTools with build ID fafbfcfd-01d3-300e-ea53-d23ee49fcf66 is missing from the cache.
│  │ This may mean MacroTools [1914dd2f-81c6-5fcd-8719-6d5c9610ff09] does not support precompilation but is imported by a module that does.
│  └ @ Base loading.jl:2541
└  
┌ InverseFunctions → InverseFunctionsDatesExt
│  ┌ Warning: Module InverseFunctions with build ID fafbfcfd-f711-dc30-b8ab-c5e7042a4912 is missing from the cache.
│  │ This may mean InverseFunctions [3587e190-3f89-42d0-90ee-14403ec27112] does not support precompilation but is imported by a module that does.
│  └ @ Base loading.jl:2541
└  
┌ Tables
│  ┌ Warning: Module DataValueInterfaces with build ID fafbfcfd-9e91-e0ac-cfae-782116dfd6d6 is missing from the cache.
│  │ This may mean DataValueInterfaces [e2d170a0-9d28-54be-80f0-106bbe20a464] does not support precompilation but is imported by a module that does.
│  └ @ Base loading.jl:2541
└  
┌ Accessors → TestExt
│  ┌ Warning: Module Accessors with build ID ffffffff-ffff-ffff-b8ea-eaf8975445a5 is missing from the cache.
│  │ This may mean Accessors [7d9f7c33-5ae7-4f3b-8dc6-eff91059b697] does not support precompilation but is imported by a module that does.
│  └ @ Base loading.jl:2541
└  
┌ BangBang
│  ┌ Warning: Module ConstructionBase with build ID fafbfcfd-22dd-2c95-a134-9689f4dc3349 is missing from the cache.
│  │ This may mean ConstructionBase [187b0558-2788-49d3-abe0-74a17ed4e7c9] does not support precompilation but is imported by a module that does.
│  └ @ Base loading.jl:2541
└  
┌ Warning: Module Transducers with build ID ffffffff-ffff-ffff-2312-586e25ed67b5 is missing from the cache.
│ This may mean Transducers [28d57a85-8fef-5791-bfe6-a80928e7c999] does not support precompilation but is imported by a module that does.
└ @ Base loading.jl:2541
Precompiling ThreadedScans...
    377.3 ms  ✓ ArgCheck
Info Given ThreadedScans was explicitly requested, output will be shown live [0K
[0K┌ Warning: Module ArgCheck with build ID fafbfcfd-9202-8c61-b155-6e9a480efa61 is missing from the cache.
[0K│ This may mean ArgCheck [dce04be8-c92d-5529-be00-80e4d2c0e197] does not support precompilation but is imported by a module that does.
[0K└ @ Base loading.jl:2541
    613.7 ms  ? ThreadedScans
  1 dependency successfully precompiled in 1 seconds
  1 dependency precompiled but a different version is currently loaded. Restart julia to access the new version. Otherwise, loading dependents of this package may trigger further precompilation to work with the unexpected version.
  1 dependencies failed but may be precompilable after restarting julia
  1 dependency had output during precompilation:
┌ ThreadedScans
│  [Output was shown above]
└  
┌ Warning: Module ArgCheck with build ID fafbfcfd-9202-8c61-b155-6e9a480efa61 is missing from the cache.
│ This may mean ArgCheck [dce04be8-c92d-5529-be00-80e4d2c0e197] does not support precompilation but is imported by a module that does.
└ @ Base loading.jl:2541
Precompiling ExternalDocstrings...
    336.0 ms  ✓ ExternalDocstrings
  1 dependency successfully precompiled in 0 seconds
Precompiling Referenceables...
    452.2 ms  ✓ Requires
    421.3 ms  ✓ Adapt
Info Given Referenceables was explicitly requested, output will be shown live [0K
[0K┌ Warning: Module Adapt with build ID fafbfcfd-5f4f-a885-32cd-0c8d455c1edc is missing from the cache.
[0K│ This may mean Adapt [79e6a3ab-5dfb-504d-930d-738a2a938a0e] does not support precompilation but is imported by a module that does.
[0K└ @ Base loading.jl:2541
    595.9 ms  ? Referenceables
  2 dependencies successfully precompiled in 1 seconds. 1 already precompiled.
  1 dependency precompiled but a different version is currently loaded. Restart julia to access the new version. Otherwise, loading dependents of this package may trigger further precompilation to work with the unexpected version.
  1 dependencies failed but may be precompilable after restarting julia
  1 dependency had output during precompilation:
┌ Referenceables
│  [Output was shown above]
└  
┌ Warning: Module Adapt with build ID fafbfcfd-5f4f-a885-32cd-0c8d455c1edc is missing from the cache.
│ This may mean Adapt [79e6a3ab-5dfb-504d-930d-738a2a938a0e] does not support precompilation but is imported by a module that does.
└ @ Base loading.jl:2541
Precompiling TransducersReferenceablesExt...
    315.9 ms  ✓ DataValueInterfaces
    358.7 ms  ✓ DefineSingletons
    317.9 ms  ✓ IteratorInterfaceExtensions
    331.5 ms  ✓ CompositionsBase
    375.3 ms  ✓ DataAPI
    405.2 ms  ✓ ConstructionBase
    384.3 ms  ✓ StaticArraysCore
    443.3 ms  ✓ InverseFunctions
    558.6 ms  ✓ OrderedCollections
    630.7 ms  ? Referenceables
    833.9 ms  ✓ InitialValues
    634.3 ms  ? TableTraits
   1002.2 ms  ✓ Baselet
    657.5 ms  ? ConstructionBase → ConstructionBaseLinearAlgebraExt
    618.1 ms  ? CompositionsBase → CompositionsBaseInverseFunctionsExt
    686.9 ms  ? InverseFunctions → InverseFunctionsTestExt
    850.7 ms  ? InverseFunctions → InverseFunctionsDatesExt
    620.6 ms  ? Tables
   1788.6 ms  ✓ MacroTools
    Accessors Being precompiled by another machine (hostname: be-cpu05, pid: 218733, pidfile: /home/zoel_ml/.julia/compiled/v1.11/Accessors/XelUh_BPjBk.ji.pidfile)
    947.9 ms  ? Setfield
    605.7 ms  ? SplittablesBase
  10633.9 ms  ✓ Accessors
    616.4 ms  ? Accessors → LinearAlgebraExt
    710.0 ms  ? Accessors → TestExt
    618.2 ms  ? BangBang
    618.3 ms  ? BangBang → BangBangTablesExt
    632.6 ms  ? MicroCollections
    608.4 ms  ? Transducers
Info Given TransducersReferenceablesExt was explicitly requested, output will be shown live [0K
[0K┌ Warning: Module Transducers with build ID ffffffff-ffff-ffff-2312-586e25ed67b5 is missing from the cache.
[0K│ This may mean Transducers [28d57a85-8fef-5791-bfe6-a80928e7c999] does not support precompilation but is imported by a module that does.
[0K└ @ Base loading.jl:2541
    610.5 ms  ? Transducers → TransducersAdaptExt
    608.0 ms  ? Transducers → TransducersReferenceablesExt
  13 dependencies successfully precompiled in 16 seconds. 15 already precompiled.
  29 dependencies precompiled but different versions are currently loaded. Restart julia to access the new versions. Otherwise, loading dependents of these packages may trigger further precompilation to work with the unexpected versions.
  17 dependencies failed but may be precompilable after restarting julia
  18 dependencies had output during precompilation:
┌ SplittablesBase
│  ┌ Warning: Module Setfield with build ID ffffffff-ffff-ffff-f3a4-96fc8b8ff141 is missing from the cache.
│  │ This may mean Setfield [efcf1570-3423-57d1-acb7-fd33fddbac46] does not support precompilation but is imported by a module that does.
│  └ @ Base loading.jl:2541
└  
┌ BangBang → BangBangTablesExt
│  ┌ Warning: Module BangBang with build ID ffffffff-ffff-ffff-c4f7-b77083425a68 is missing from the cache.
│  │ This may mean BangBang [198e06fe-97b7-11e9-32a5-e1d131e6ad66] does not support precompilation but is imported by a module that does.
│  └ @ Base loading.jl:2541
└  
┌ Transducers → TransducersReferenceablesExt
│  [Output was shown above]
└  
┌ ConstructionBase → ConstructionBaseLinearAlgebraExt
│  ┌ Warning: Module ConstructionBase with build ID fafbfcfd-22dd-2c95-a134-9689f4dc3349 is missing from the cache.
│  │ This may mean ConstructionBase [187b0558-2788-49d3-abe0-74a17ed4e7c9] does not support precompilation but is imported by a module that does.
│  └ @ Base loading.jl:2541
└  
┌ Transducers → TransducersAdaptExt
│  ┌ Warning: Module Transducers with build ID ffffffff-ffff-ffff-2312-586e25ed67b5 is missing from the cache.
│  │ This may mean Transducers [28d57a85-8fef-5791-bfe6-a80928e7c999] does not support precompilation but is imported by a module that does.
│  └ @ Base loading.jl:2541
└  
┌ Referenceables
│  ┌ Warning: Module Adapt with build ID fafbfcfd-5f4f-a885-32cd-0c8d455c1edc is missing from the cache.
│  │ This may mean Adapt [79e6a3ab-5dfb-504d-930d-738a2a938a0e] does not support precompilation but is imported by a module that does.
│  └ @ Base loading.jl:2541
└  
┌ Transducers
│  ┌ Warning: Module Accessors with build ID ffffffff-ffff-ffff-b8ea-eaf8975445a5 is missing from the cache.
│  │ This may mean Accessors [7d9f7c33-5ae7-4f3b-8dc6-eff91059b697] does not support precompilation but is imported by a module that does.
│  └ @ Base loading.jl:2541
└  
┌ MicroCollections
│  ┌ Warning: Module Accessors with build ID ffffffff-ffff-ffff-b8ea-eaf8975445a5 is missing from the cache.
│  │ This may mean Accessors [7d9f7c33-5ae7-4f3b-8dc6-eff91059b697] does not support precompilation but is imported by a module that does.
│  └ @ Base loading.jl:2541
└  
┌ Accessors → LinearAlgebraExt
│  ┌ Warning: Module Accessors with build ID ffffffff-ffff-ffff-b8ea-eaf8975445a5 is missing from the cache.
│  │ This may mean Accessors [7d9f7c33-5ae7-4f3b-8dc6-eff91059b697] does not support precompilation but is imported by a module that does.
│  └ @ Base loading.jl:2541
└  
┌ TableTraits
│  ┌ Warning: Module IteratorInterfaceExtensions with build ID fafbfcfd-7efd-570c-98c7-cb062cdf4e06 is missing from the cache.
│  │ This may mean IteratorInterfaceExtensions [82899510-4779-5014-852e-03e436cf321d] does not support precompilation but is imported by a module that does.
│  └ @ Base loading.jl:2541
└  
┌ Accessors
│  ┌ Warning: Module MacroTools with build ID fafbfcfd-01d3-300e-ea53-d23ee49fcf66 is missing from the cache.
│  │ This may mean MacroTools [1914dd2f-81c6-5fcd-8719-6d5c9610ff09] does not support precompilation but is imported by a module that does.
│  └ @ Base loading.jl:2541
└  
┌ CompositionsBase → CompositionsBaseInverseFunctionsExt
│  ┌ Warning: Module CompositionsBase with build ID fafbfcfd-0ee8-e9d2-0687-81d817bafaf9 is missing from the cache.
│  │ This may mean CompositionsBase [a33af91c-f02d-484b-be07-31d278c5ca2b] does not support precompilation but is imported by a module that does.
│  └ @ Base loading.jl:2541
└  
┌ InverseFunctions → InverseFunctionsTestExt
│  ┌ Warning: Module InverseFunctions with build ID fafbfcfd-f711-dc30-b8ab-c5e7042a4912 is missing from the cache.
│  │ This may mean InverseFunctions [3587e190-3f89-42d0-90ee-14403ec27112] does not support precompilation but is imported by a module that does.
│  └ @ Base loading.jl:2541
└  
┌ Setfield
│  ┌ Warning: Module MacroTools with build ID fafbfcfd-01d3-300e-ea53-d23ee49fcf66 is missing from the cache.
│  │ This may mean MacroTools [1914dd2f-81c6-5fcd-8719-6d5c9610ff09] does not support precompilation but is imported by a module that does.
│  └ @ Base loading.jl:2541
└  
┌ InverseFunctions → InverseFunctionsDatesExt
│  ┌ Warning: Module InverseFunctions with build ID fafbfcfd-f711-dc30-b8ab-c5e7042a4912 is missing from the cache.
│  │ This may mean InverseFunctions [3587e190-3f89-42d0-90ee-14403ec27112] does not support precompilation but is imported by a module that does.
│  └ @ Base loading.jl:2541
└  
┌ Tables
│  ┌ Warning: Module DataValueInterfaces with build ID fafbfcfd-9e91-e0ac-cfae-782116dfd6d6 is missing from the cache.
│  │ This may mean DataValueInterfaces [e2d170a0-9d28-54be-80f0-106bbe20a464] does not support precompilation but is imported by a module that does.
│  └ @ Base loading.jl:2541
└  
┌ Accessors → TestExt
│  ┌ Warning: Module Accessors with build ID ffffffff-ffff-ffff-b8ea-eaf8975445a5 is missing from the cache.
│  │ This may mean Accessors [7d9f7c33-5ae7-4f3b-8dc6-eff91059b697] does not support precompilation but is imported by a module that does.
│  └ @ Base loading.jl:2541
└  
┌ BangBang
│  ┌ Warning: Module ConstructionBase with build ID fafbfcfd-22dd-2c95-a134-9689f4dc3349 is missing from the cache.
│  │ This may mean ConstructionBase [187b0558-2788-49d3-abe0-74a17ed4e7c9] does not support precompilation but is imported by a module that does.
│  └ @ Base loading.jl:2541
└  
┌ Warning: Module Transducers with build ID ffffffff-ffff-ffff-2312-586e25ed67b5 is missing from the cache.
│ This may mean Transducers [28d57a85-8fef-5791-bfe6-a80928e7c999] does not support precompilation but is imported by a module that does.
└ @ Base loading.jl:2541
Precompiling InlineStrings...
    739.0 ms  ✓ InlineStrings
  1 dependency successfully precompiled in 1 seconds
Precompiling StaticArrays...
    392.0 ms  ✓ StaticArraysCore
    913.9 ms  ✓ Preferences
    613.0 ms  ? PrecompileTools
Info Given StaticArrays was explicitly requested, output will be shown live [0K
[0K┌ Warning: Module PrecompileTools with build ID fafbfcfd-8061-276f-bd66-e10986d9ce27 is missing from the cache.
[0K│ This may mean PrecompileTools [aea7be01-6a6a-4083-8856-8a6e6704d82a] does not support precompilation but is imported by a module that does.
[0K└ @ Base loading.jl:2541
    616.8 ms  ? StaticArrays
  2 dependencies successfully precompiled in 2 seconds. 4 already precompiled.
  3 dependencies precompiled but different versions are currently loaded. Restart julia to access the new versions. Otherwise, loading dependents of these packages may trigger further precompilation to work with the unexpected versions.
  2 dependencies failed but may be precompilable after restarting julia
  2 dependencies had output during precompilation:
┌ PrecompileTools
│  ┌ Warning: Module Preferences with build ID fafbfcfd-80f3-2d29-e73b-bec1143ce968 is missing from the cache.
│  │ This may mean Preferences [21216c6a-2e73-6563-6e65-726566657250] does not support precompilation but is imported by a module that does.
│  └ @ Base loading.jl:2541
└  
┌ StaticArrays
│  [Output was shown above]
└  
┌ Warning: Module PrecompileTools with build ID fafbfcfd-8061-276f-bd66-e10986d9ce27 is missing from the cache.
│ This may mean PrecompileTools [aea7be01-6a6a-4083-8856-8a6e6704d82a] does not support precompilation but is imported by a module that does.
└ @ Base loading.jl:2541
Precompiling AdaptStaticArraysExt...
    395.2 ms  ✓ StaticArraysCore
    624.7 ms  ? PrecompileTools
    615.1 ms  ? StaticArrays
Info Given AdaptStaticArraysExt was explicitly requested, output will be shown live [0K
[0K┌ Warning: Module Adapt with build ID fafbfcfd-5f4f-a885-32cd-0c8d455c1edc is missing from the cache.
[0K│ This may mean Adapt [79e6a3ab-5dfb-504d-930d-738a2a938a0e] does not support precompilation but is imported by a module that does.
[0K└ @ Base loading.jl:2541
    609.3 ms  ? Adapt → AdaptStaticArraysExt
  1 dependency successfully precompiled in 2 seconds. 8 already precompiled.
  3 dependencies precompiled but different versions are currently loaded. Restart julia to access the new versions. Otherwise, loading dependents of these packages may trigger further precompilation to work with the unexpected versions.
  3 dependencies failed but may be precompilable after restarting julia
  3 dependencies had output during precompilation:
┌ PrecompileTools
│  ┌ Warning: Module Preferences with build ID fafbfcfd-80f3-2d29-e73b-bec1143ce968 is missing from the cache.
│  │ This may mean Preferences [21216c6a-2e73-6563-6e65-726566657250] does not support precompilation but is imported by a module that does.
│  └ @ Base loading.jl:2541
└  
┌ StaticArrays
│  ┌ Warning: Module PrecompileTools with build ID fafbfcfd-8061-276f-bd66-e10986d9ce27 is missing from the cache.
│  │ This may mean PrecompileTools [aea7be01-6a6a-4083-8856-8a6e6704d82a] does not support precompilation but is imported by a module that does.
│  └ @ Base loading.jl:2541
└  
┌ Adapt → AdaptStaticArraysExt
│  [Output was shown above]
└  
┌ Warning: Module Adapt with build ID fafbfcfd-5f4f-a885-32cd-0c8d455c1edc is missing from the cache.
│ This may mean Adapt [79e6a3ab-5dfb-504d-930d-738a2a938a0e] does not support precompilation but is imported by a module that does.
└ @ Base loading.jl:2541
Precompiling ConstructionBaseStaticArraysExt...
    422.3 ms  ✓ ConstructionBase
    664.9 ms  ✓ Preferences
    629.4 ms  ? ConstructionBase → ConstructionBaseLinearAlgebraExt
    617.1 ms  ? PrecompileTools
    611.0 ms  ? StaticArrays
Info Given ConstructionBaseStaticArraysExt was explicitly requested, output will be shown live [0K
[0K┌ Warning: Module ConstructionBase with build ID fafbfcfd-22dd-2c95-a134-9689f4dc3349 is missing from the cache.
[0K│ This may mean ConstructionBase [187b0558-2788-49d3-abe0-74a17ed4e7c9] does not support precompilation but is imported by a module that does.
[0K└ @ Base loading.jl:2541
    616.2 ms  ? ConstructionBase → ConstructionBaseStaticArraysExt
  2 dependencies successfully precompiled in 3 seconds. 5 already precompiled.
  5 dependencies precompiled but different versions are currently loaded. Restart julia to access the new versions. Otherwise, loading dependents of these packages may trigger further precompilation to work with the unexpected versions.
  4 dependencies failed but may be precompilable after restarting julia
  4 dependencies had output during precompilation:
┌ PrecompileTools
│  ┌ Warning: Module Preferences with build ID fafbfcfd-80f3-2d29-e73b-bec1143ce968 is missing from the cache.
│  │ This may mean Preferences [21216c6a-2e73-6563-6e65-726566657250] does not support precompilation but is imported by a module that does.
│  └ @ Base loading.jl:2541
└  
┌ StaticArrays
│  ┌ Warning: Module PrecompileTools with build ID fafbfcfd-8061-276f-bd66-e10986d9ce27 is missing from the cache.
│  │ This may mean PrecompileTools [aea7be01-6a6a-4083-8856-8a6e6704d82a] does not support precompilation but is imported by a module that does.
│  └ @ Base loading.jl:2541
└  
┌ ConstructionBase → ConstructionBaseLinearAlgebraExt
│  ┌ Warning: Module ConstructionBase with build ID fafbfcfd-22dd-2c95-a134-9689f4dc3349 is missing from the cache.
│  │ This may mean ConstructionBase [187b0558-2788-49d3-abe0-74a17ed4e7c9] does not support precompilation but is imported by a module that does.
│  └ @ Base loading.jl:2541
└  
┌ ConstructionBase → ConstructionBaseStaticArraysExt
│  [Output was shown above]
└  
┌ Warning: Module ConstructionBase with build ID fafbfcfd-22dd-2c95-a134-9689f4dc3349 is missing from the cache.
│ This may mean ConstructionBase [187b0558-2788-49d3-abe0-74a17ed4e7c9] does not support precompilation but is imported by a module that does.
└ @ Base loading.jl:2541
Precompiling StaticArraysExt...
    335.9 ms  ✓ CompositionsBase
    381.5 ms  ✓ StaticArraysCore
    413.1 ms  ✓ InverseFunctions
    413.6 ms  ✓ ConstructionBase
    680.2 ms  ? PrecompileTools
    614.5 ms  ? CompositionsBase → CompositionsBaseInverseFunctionsExt
    611.4 ms  ? ConstructionBase → ConstructionBaseLinearAlgebraExt
    652.0 ms  ? InverseFunctions → InverseFunctionsDatesExt
    598.8 ms  ? StaticArrays
   1756.0 ms  ✓ MacroTools
    639.9 ms  ? ConstructionBase → ConstructionBaseStaticArraysExt
    610.7 ms  ? Accessors
Info Given StaticArraysExt was explicitly requested, output will be shown live [0K
[0K┌ Warning: Module StaticArrays with build ID ffffffff-ffff-ffff-e546-17388308a8ed is missing from the cache.
[0K│ This may mean StaticArrays [90137ffa-7385-5640-81b9-e52037218182] does not support precompilation but is imported by a module that does.
[0K└ @ Base loading.jl:2541
    623.1 ms  ? Accessors → LinearAlgebraExt
    618.1 ms  ? Accessors → StaticArraysExt
  5 dependencies successfully precompiled in 3 seconds. 5 already precompiled.
  13 dependencies precompiled but different versions are currently loaded. Restart julia to access the new versions. Otherwise, loading dependents of these packages may trigger further precompilation to work with the unexpected versions.
  9 dependencies failed but may be precompilable after restarting julia
  9 dependencies had output during precompilation:
┌ PrecompileTools
│  ┌ Warning: Module Preferences with build ID fafbfcfd-80f3-2d29-e73b-bec1143ce968 is missing from the cache.
│  │ This may mean Preferences [21216c6a-2e73-6563-6e65-726566657250] does not support precompilation but is imported by a module that does.
│  └ @ Base loading.jl:2541
└  
┌ StaticArrays
│  ┌ Warning: Module PrecompileTools with build ID fafbfcfd-8061-276f-bd66-e10986d9ce27 is missing from the cache.
│  │ This may mean PrecompileTools [aea7be01-6a6a-4083-8856-8a6e6704d82a] does not support precompilation but is imported by a module that does.
│  └ @ Base loading.jl:2541
└  
┌ Accessors → LinearAlgebraExt
│  ┌ Warning: Module Accessors with build ID ffffffff-ffff-ffff-b8ea-eaf8975445a5 is missing from the cache.
│  │ This may mean Accessors [7d9f7c33-5ae7-4f3b-8dc6-eff91059b697] does not support precompilation but is imported by a module that does.
│  └ @ Base loading.jl:2541
└  
┌ Accessors → StaticArraysExt
│  [Output was shown above]
└  
┌ ConstructionBase → ConstructionBaseLinearAlgebraExt
│  ┌ Warning: Module ConstructionBase with build ID fafbfcfd-22dd-2c95-a134-9689f4dc3349 is missing from the cache.
│  │ This may mean ConstructionBase [187b0558-2788-49d3-abe0-74a17ed4e7c9] does not support precompilation but is imported by a module that does.
│  └ @ Base loading.jl:2541
└  
┌ InverseFunctions → InverseFunctionsDatesExt
│  ┌ Warning: Module InverseFunctions with build ID fafbfcfd-f711-dc30-b8ab-c5e7042a4912 is missing from the cache.
│  │ This may mean InverseFunctions [3587e190-3f89-42d0-90ee-14403ec27112] does not support precompilation but is imported by a module that does.
│  └ @ Base loading.jl:2541
└  
┌ Accessors
│  ┌ Warning: Module MacroTools with build ID fafbfcfd-01d3-300e-ea53-d23ee49fcf66 is missing from the cache.
│  │ This may mean MacroTools [1914dd2f-81c6-5fcd-8719-6d5c9610ff09] does not support precompilation but is imported by a module that does.
│  └ @ Base loading.jl:2541
└  
┌ CompositionsBase → CompositionsBaseInverseFunctionsExt
│  ┌ Warning: Module CompositionsBase with build ID fafbfcfd-0ee8-e9d2-0687-81d817bafaf9 is missing from the cache.
│  │ This may mean CompositionsBase [a33af91c-f02d-484b-be07-31d278c5ca2b] does not support precompilation but is imported by a module that does.
│  └ @ Base loading.jl:2541
└  
┌ ConstructionBase → ConstructionBaseStaticArraysExt
│  ┌ Warning: Module ConstructionBase with build ID fafbfcfd-22dd-2c95-a134-9689f4dc3349 is missing from the cache.
│  │ This may mean ConstructionBase [187b0558-2788-49d3-abe0-74a17ed4e7c9] does not support precompilation but is imported by a module that does.
│  └ @ Base loading.jl:2541
└  
┌ Warning: Module StaticArrays with build ID ffffffff-ffff-ffff-e546-17388308a8ed is missing from the cache.
│ This may mean StaticArrays [90137ffa-7385-5640-81b9-e52037218182] does not support precompilation but is imported by a module that does.
└ @ Base loading.jl:2541
Precompiling BangBangStaticArraysExt...
    614.8 ms  ? ConstructionBase → ConstructionBaseLinearAlgebraExt
    604.7 ms  ? CompositionsBase → CompositionsBaseInverseFunctionsExt
    656.8 ms  ? InverseFunctions → InverseFunctionsDatesExt
    665.6 ms  ✓ Preferences
    801.6 ms  ✓ InitialValues
    635.5 ms  ? Accessors
    621.5 ms  ? PrecompileTools
    611.5 ms  ? Accessors → LinearAlgebraExt
    606.9 ms  ? StaticArrays
    621.2 ms  ? BangBang
    625.2 ms  ? ConstructionBase → ConstructionBaseStaticArraysExt
    618.9 ms  ? Accessors → StaticArraysExt
Info Given BangBangStaticArraysExt was explicitly requested, output will be shown live [0K
[0K┌ Warning: Module BangBang with build ID ffffffff-ffff-ffff-c4f7-b77083425a68 is missing from the cache.
[0K│ This may mean BangBang [198e06fe-97b7-11e9-32a5-e1d131e6ad66] does not support precompilation but is imported by a module that does.
[0K└ @ Base loading.jl:2541
    621.0 ms  ? BangBang → BangBangStaticArraysExt
  2 dependencies successfully precompiled in 3 seconds. 9 already precompiled.
  12 dependencies precompiled but different versions are currently loaded. Restart julia to access the new versions. Otherwise, loading dependents of these packages may trigger further precompilation to work with the unexpected versions.
  11 dependencies failed but may be precompilable after restarting julia
  11 dependencies had output during precompilation:
┌ BangBang → BangBangStaticArraysExt
│  [Output was shown above]
└  
┌ ConstructionBase → ConstructionBaseLinearAlgebraExt
│  ┌ Warning: Module ConstructionBase with build ID fafbfcfd-22dd-2c95-a134-9689f4dc3349 is missing from the cache.
│  │ This may mean ConstructionBase [187b0558-2788-49d3-abe0-74a17ed4e7c9] does not support precompilation but is imported by a module that does.
│  └ @ Base loading.jl:2541
└  
┌ PrecompileTools
│  ┌ Warning: Module Preferences with build ID fafbfcfd-80f3-2d29-e73b-bec1143ce968 is missing from the cache.
│  │ This may mean Preferences [21216c6a-2e73-6563-6e65-726566657250] does not support precompilation but is imported by a module that does.
│  └ @ Base loading.jl:2541
└  
┌ StaticArrays
│  ┌ Warning: Module PrecompileTools with build ID fafbfcfd-8061-276f-bd66-e10986d9ce27 is missing from the cache.
│  │ This may mean PrecompileTools [aea7be01-6a6a-4083-8856-8a6e6704d82a] does not support precompilation but is imported by a module that does.
│  └ @ Base loading.jl:2541
└  
┌ Accessors → LinearAlgebraExt
│  ┌ Warning: Module Accessors with build ID ffffffff-ffff-ffff-b8ea-eaf8975445a5 is missing from the cache.
│  │ This may mean Accessors [7d9f7c33-5ae7-4f3b-8dc6-eff91059b697] does not support precompilation but is imported by a module that does.
│  └ @ Base loading.jl:2541
└  
┌ Accessors
│  ┌ Warning: Module MacroTools with build ID fafbfcfd-01d3-300e-ea53-d23ee49fcf66 is missing from the cache.
│  │ This may mean MacroTools [1914dd2f-81c6-5fcd-8719-6d5c9610ff09] does not support precompilation but is imported by a module that does.
│  └ @ Base loading.jl:2541
└  
┌ CompositionsBase → CompositionsBaseInverseFunctionsExt
│  ┌ Warning: Module CompositionsBase with build ID fafbfcfd-0ee8-e9d2-0687-81d817bafaf9 is missing from the cache.
│  │ This may mean CompositionsBase [a33af91c-f02d-484b-be07-31d278c5ca2b] does not support precompilation but is imported by a module that does.
│  └ @ Base loading.jl:2541
└  
┌ InverseFunctions → InverseFunctionsDatesExt
│  ┌ Warning: Module InverseFunctions with build ID fafbfcfd-f711-dc30-b8ab-c5e7042a4912 is missing from the cache.
│  │ This may mean InverseFunctions [3587e190-3f89-42d0-90ee-14403ec27112] does not support precompilation but is imported by a module that does.
│  └ @ Base loading.jl:2541
└  
┌ ConstructionBase → ConstructionBaseStaticArraysExt
│  ┌ Warning: Module ConstructionBase with build ID fafbfcfd-22dd-2c95-a134-9689f4dc3349 is missing from the cache.
│  │ This may mean ConstructionBase [187b0558-2788-49d3-abe0-74a17ed4e7c9] does not support precompilation but is imported by a module that does.
│  └ @ Base loading.jl:2541
└  
┌ Accessors → StaticArraysExt
│  ┌ Warning: Module StaticArrays with build ID ffffffff-ffff-ffff-e546-17388308a8ed is missing from the cache.
│  │ This may mean StaticArrays [90137ffa-7385-5640-81b9-e52037218182] does not support precompilation but is imported by a module that does.
│  └ @ Base loading.jl:2541
└  
┌ BangBang
│  ┌ Warning: Module ConstructionBase with build ID fafbfcfd-22dd-2c95-a134-9689f4dc3349 is missing from the cache.
│  │ This may mean ConstructionBase [187b0558-2788-49d3-abe0-74a17ed4e7c9] does not support precompilation but is imported by a module that does.
│  └ @ Base loading.jl:2541
└  
┌ Warning: Module BangBang with build ID ffffffff-ffff-ffff-c4f7-b77083425a68 is missing from the cache.
│ This may mean BangBang [198e06fe-97b7-11e9-32a5-e1d131e6ad66] does not support precompilation but is imported by a module that does.
└ @ Base loading.jl:2541
Precompiling SimpleTraits...
Info Given SimpleTraits was explicitly requested, output will be shown live [0K
[0K┌ Warning: Module MacroTools with build ID fafbfcfd-01d3-300e-ea53-d23ee49fcf66 is missing from the cache.
[0K│ This may mean MacroTools [1914dd2f-81c6-5fcd-8719-6d5c9610ff09] does not support precompilation but is imported by a module that does.
[0K└ @ Base loading.jl:2541
    617.1 ms  ? SimpleTraits
┌ Warning: Module MacroTools with build ID fafbfcfd-01d3-300e-ea53-d23ee49fcf66 is missing from the cache.
│ This may mean MacroTools [1914dd2f-81c6-5fcd-8719-6d5c9610ff09] does not support precompilation but is imported by a module that does.
└ @ Base loading.jl:2541
Precompiling SplitApplyCombine...
    502.7 ms  ✓ Indexing
    609.1 ms  ? Dictionaries
Info Given SplitApplyCombine was explicitly requested, output will be shown live [0K
[0K┌ Warning: Module Indexing with build ID fafbfcfd-e0b2-b393-765f-0a9ff3029657 is missing from the cache.
[0K│ This may mean Indexing [313cdc1a-70c2-5d6a-ae34-0150d3930a38] does not support precompilation but is imported by a module that does.
[0K└ @ Base loading.jl:2541
    607.3 ms  ? SplitApplyCombine
  1 dependency successfully precompiled in 2 seconds. 1 already precompiled.
  2 dependencies precompiled but different versions are currently loaded. Restart julia to access the new versions. Otherwise, loading dependents of these packages may trigger further precompilation to work with the unexpected versions.
  2 dependencies failed but may be precompilable after restarting julia
  2 dependencies had output during precompilation:
┌ Dictionaries
│  ┌ Warning: Module Indexing with build ID fafbfcfd-e0b2-b393-765f-0a9ff3029657 is missing from the cache.
│  │ This may mean Indexing [313cdc1a-70c2-5d6a-ae34-0150d3930a38] does not support precompilation but is imported by a module that does.
│  └ @ Base loading.jl:2541
└  
┌ SplitApplyCombine
│  [Output was shown above]
└  
┌ Warning: Module Indexing with build ID fafbfcfd-e0b2-b393-765f-0a9ff3029657 is missing from the cache.
│ This may mean Indexing [313cdc1a-70c2-5d6a-ae34-0150d3930a38] does not support precompilation but is imported by a module that does.
└ @ Base loading.jl:2541
Precompiling Strided...
    594.6 ms  ✓ PackageExtensionCompat
    747.6 ms  ✓ TupleTools
    582.1 ms  ✓ StridedViews
    734.8 ms  ✓ Strided
  4 dependencies successfully precompiled in 2 seconds
Precompiling TimerOutputs...
    519.2 ms  ✓ ExprTools
   1755.6 ms  ✓ TimerOutputs
  2 dependencies successfully precompiled in 2 seconds. 2 already precompiled.
Precompiling TypeParameterAccessors...
    621.9 ms  ? SimpleTraits
Info Given TypeParameterAccessors was explicitly requested, output will be shown live [0K
[0K┌ Warning: Module SimpleTraits with build ID ffffffff-ffff-ffff-16d1-016c2744522e is missing from the cache.
[0K│ This may mean SimpleTraits [699a6c99-e7fa-54fc-8d76-47d257e15c1d] does not support precompilation but is imported by a module that does.
[0K└ @ Base loading.jl:2541
    610.6 ms  ? TypeParameterAccessors
┌ Warning: Module SimpleTraits with build ID ffffffff-ffff-ffff-16d1-016c2744522e is missing from the cache.
│ This may mean SimpleTraits [699a6c99-e7fa-54fc-8d76-47d257e15c1d] does not support precompilation but is imported by a module that does.
└ @ Base loading.jl:2541
Precompiling TypeParameterAccessorsStridedViewsExt...
    326.7 ms  ✓ PackageExtensionCompat
    624.5 ms  ? SimpleTraits
    614.7 ms  ? TypeParameterAccessors
Info Given TypeParameterAccessorsStridedViewsExt was explicitly requested, output will be shown live [0K
[0K┌ Warning: Module StridedViews with build ID fafbfcfd-bcba-35d6-816d-930158cf44f4 is missing from the cache.
[0K│ This may mean StridedViews [4db3bf67-4bd7-4b4e-b153-31dc3fb37143] does not support precompilation but is imported by a module that does.
[0K└ @ Base loading.jl:2541
    625.1 ms  ? TypeParameterAccessors → TypeParameterAccessorsStridedViewsExt
  1 dependency successfully precompiled in 2 seconds. 5 already precompiled.
  3 dependencies precompiled but different versions are currently loaded. Restart julia to access the new versions. Otherwise, loading dependents of these packages may trigger further precompilation to work with the unexpected versions.
  3 dependencies failed but may be precompilable after restarting julia
  3 dependencies had output during precompilation:
┌ TypeParameterAccessors → TypeParameterAccessorsStridedViewsExt
│  [Output was shown above]
└  
┌ SimpleTraits
│  ┌ Warning: Module MacroTools with build ID fafbfcfd-01d3-300e-ea53-d23ee49fcf66 is missing from the cache.
│  │ This may mean MacroTools [1914dd2f-81c6-5fcd-8719-6d5c9610ff09] does not support precompilation but is imported by a module that does.
│  └ @ Base loading.jl:2541
└  
┌ TypeParameterAccessors
│  ┌ Warning: Module SimpleTraits with build ID ffffffff-ffff-ffff-16d1-016c2744522e is missing from the cache.
│  │ This may mean SimpleTraits [699a6c99-e7fa-54fc-8d76-47d257e15c1d] does not support precompilation but is imported by a module that does.
│  └ @ Base loading.jl:2541
└  
┌ Warning: Module StridedViews with build ID fafbfcfd-bcba-35d6-816d-930158cf44f4 is missing from the cache.
│ This may mean StridedViews [4db3bf67-4bd7-4b4e-b153-31dc3fb37143] does not support precompilation but is imported by a module that does.
└ @ Base loading.jl:2541
Precompiling AdaptSparseArraysExt...
    460.7 ms  ✓ Requires
    424.0 ms  ✓ Adapt
Info Given AdaptSparseArraysExt was explicitly requested, output will be shown live [0K
[0K┌ Warning: Module Adapt with build ID fafbfcfd-5f4f-a885-32cd-0c8d455c1edc is missing from the cache.
[0K│ This may mean Adapt [79e6a3ab-5dfb-504d-930d-738a2a938a0e] does not support precompilation but is imported by a module that does.
[0K└ @ Base loading.jl:2541
    615.6 ms  ? Adapt → AdaptSparseArraysExt
  2 dependencies successfully precompiled in 2 seconds. 4 already precompiled.
  2 dependencies precompiled but different versions are currently loaded. Restart julia to access the new versions. Otherwise, loading dependents of these packages may trigger further precompilation to work with the unexpected versions.
  1 dependencies failed but may be precompilable after restarting julia
  1 dependency had output during precompilation:
┌ Adapt → AdaptSparseArraysExt
│  [Output was shown above]
└  
┌ Warning: Module Adapt with build ID fafbfcfd-5f4f-a885-32cd-0c8d455c1edc is missing from the cache.
│ This may mean Adapt [79e6a3ab-5dfb-504d-930d-738a2a938a0e] does not support precompilation but is imported by a module that does.
└ @ Base loading.jl:2541
Precompiling SerializedElementArrays...
    410.3 ms  ✓ SerializedElementArrays
  1 dependency successfully precompiled in 0 seconds. 1 already precompiled.
Precompiling Zeros...
    468.7 ms  ✓ Zeros
  1 dependency successfully precompiled in 1 seconds. 6 already precompiled.
Precompiling ChainRulesCore...
    542.9 ms  ✓ Compat
    621.1 ms  ? Compat → CompatLinearAlgebraExt
Info Given ChainRulesCore was explicitly requested, output will be shown live [0K
[0K┌ Warning: Module Compat with build ID fafbfcfd-fade-059b-0108-27b62554e789 is missing from the cache.
[0K│ This may mean Compat [34da2185-b29b-5c13-b0c7-acf172513d20] does not support precompilation but is imported by a module that does.
[0K└ @ Base loading.jl:2541
    622.0 ms  ? ChainRulesCore
  1 dependency successfully precompiled in 2 seconds. 5 already precompiled.
  2 dependencies precompiled but different versions are currently loaded. Restart julia to access the new versions. Otherwise, loading dependents of these packages may trigger further precompilation to work with the unexpected versions.
  2 dependencies failed but may be precompilable after restarting julia
  2 dependencies had output during precompilation:
┌ Compat → CompatLinearAlgebraExt
│  ┌ Warning: Module Compat with build ID fafbfcfd-fade-059b-0108-27b62554e789 is missing from the cache.
│  │ This may mean Compat [34da2185-b29b-5c13-b0c7-acf172513d20] does not support precompilation but is imported by a module that does.
│  └ @ Base loading.jl:2541
└  
┌ ChainRulesCore
│  [Output was shown above]
└  
┌ Warning: Module Compat with build ID fafbfcfd-fade-059b-0108-27b62554e789 is missing from the cache.
│ This may mean Compat [34da2185-b29b-5c13-b0c7-acf172513d20] does not support precompilation but is imported by a module that does.
└ @ Base loading.jl:2541
Precompiling BangBangChainRulesCoreExt...
    335.5 ms  ✓ CompositionsBase
    423.4 ms  ✓ InverseFunctions
    441.0 ms  ✓ ConstructionBase
    641.0 ms  ? Compat → CompatLinearAlgebraExt
    828.9 ms  ✓ InitialValues
    624.2 ms  ? CompositionsBase → CompositionsBaseInverseFunctionsExt
    632.4 ms  ? ConstructionBase → ConstructionBaseLinearAlgebraExt
    668.9 ms  ? InverseFunctions → InverseFunctionsDatesExt
    611.3 ms  ? ChainRulesCore
   1761.3 ms  ✓ MacroTools
    611.8 ms  ? Accessors
    626.2 ms  ? Accessors → LinearAlgebraExt
    625.3 ms  ? BangBang
Info Given BangBangChainRulesCoreExt was explicitly requested, output will be shown live [0K
[0K┌ Warning: Module BangBang with build ID ffffffff-ffff-ffff-c4f7-b77083425a68 is missing from the cache.
[0K│ This may mean BangBang [198e06fe-97b7-11e9-32a5-e1d131e6ad66] does not support precompilation but is imported by a module that does.
[0K└ @ Base loading.jl:2541
    623.2 ms  ? BangBang → BangBangChainRulesCoreExt
  5 dependencies successfully precompiled in 4 seconds. 6 already precompiled.
  13 dependencies precompiled but different versions are currently loaded. Restart julia to access the new versions. Otherwise, loading dependents of these packages may trigger further precompilation to work with the unexpected versions.
  9 dependencies failed but may be precompilable after restarting julia
  9 dependencies had output during precompilation:
┌ Compat → CompatLinearAlgebraExt
│  ┌ Warning: Module Compat with build ID fafbfcfd-fade-059b-0108-27b62554e789 is missing from the cache.
│  │ This may mean Compat [34da2185-b29b-5c13-b0c7-acf172513d20] does not support precompilation but is imported by a module that does.
│  └ @ Base loading.jl:2541
└  
┌ Accessors → LinearAlgebraExt
│  ┌ Warning: Module Accessors with build ID ffffffff-ffff-ffff-b8ea-eaf8975445a5 is missing from the cache.
│  │ This may mean Accessors [7d9f7c33-5ae7-4f3b-8dc6-eff91059b697] does not support precompilation but is imported by a module that does.
│  └ @ Base loading.jl:2541
└  
┌ ConstructionBase → ConstructionBaseLinearAlgebraExt
│  ┌ Warning: Module ConstructionBase with build ID fafbfcfd-22dd-2c95-a134-9689f4dc3349 is missing from the cache.
│  │ This may mean ConstructionBase [187b0558-2788-49d3-abe0-74a17ed4e7c9] does not support precompilation but is imported by a module that does.
│  └ @ Base loading.jl:2541
└  
┌ ChainRulesCore
│  ┌ Warning: Module Compat with build ID fafbfcfd-fade-059b-0108-27b62554e789 is missing from the cache.
│  │ This may mean Compat [34da2185-b29b-5c13-b0c7-acf172513d20] does not support precompilation but is imported by a module that does.
│  └ @ Base loading.jl:2541
└  
┌ InverseFunctions → InverseFunctionsDatesExt
│  ┌ Warning: Module InverseFunctions with build ID fafbfcfd-f711-dc30-b8ab-c5e7042a4912 is missing from the cache.
│  │ This may mean InverseFunctions [3587e190-3f89-42d0-90ee-14403ec27112] does not support precompilation but is imported by a module that does.
│  └ @ Base loading.jl:2541
└  
┌ Accessors
│  ┌ Warning: Module MacroTools with build ID fafbfcfd-01d3-300e-ea53-d23ee49fcf66 is missing from the cache.
│  │ This may mean MacroTools [1914dd2f-81c6-5fcd-8719-6d5c9610ff09] does not support precompilation but is imported by a module that does.
│  └ @ Base loading.jl:2541
└  
┌ BangBang
│  ┌ Warning: Module ConstructionBase with build ID fafbfcfd-22dd-2c95-a134-9689f4dc3349 is missing from the cache.
│  │ This may mean ConstructionBase [187b0558-2788-49d3-abe0-74a17ed4e7c9] does not support precompilation but is imported by a module that does.
│  └ @ Base loading.jl:2541
└  
┌ CompositionsBase → CompositionsBaseInverseFunctionsExt
│  ┌ Warning: Module CompositionsBase with build ID fafbfcfd-0ee8-e9d2-0687-81d817bafaf9 is missing from the cache.
│  │ This may mean CompositionsBase [a33af91c-f02d-484b-be07-31d278c5ca2b] does not support precompilation but is imported by a module that does.
│  └ @ Base loading.jl:2541
└  
┌ BangBang → BangBangChainRulesCoreExt
│  [Output was shown above]
└  
┌ Warning: Module BangBang with build ID ffffffff-ffff-ffff-c4f7-b77083425a68 is missing from the cache.
│ This may mean BangBang [198e06fe-97b7-11e9-32a5-e1d131e6ad66] does not support precompilation but is imported by a module that does.
└ @ Base loading.jl:2541
Precompiling StaticArraysChainRulesCoreExt...
    378.5 ms  ✓ StaticArraysCore
    528.7 ms  ✓ Compat
    679.6 ms  ✓ Preferences
    620.4 ms  ? Compat → CompatLinearAlgebraExt
    624.3 ms  ? PrecompileTools
    616.0 ms  ? ChainRulesCore
    612.0 ms  ? StaticArrays
Info Given StaticArraysChainRulesCoreExt was explicitly requested, output will be shown live [0K
[0K┌ Warning: Module StaticArrays with build ID ffffffff-ffff-ffff-e546-17388308a8ed is missing from the cache.
[0K│ This may mean StaticArrays [90137ffa-7385-5640-81b9-e52037218182] does not support precompilation but is imported by a module that does.
[0K└ @ Base loading.jl:2541
    617.0 ms  ? StaticArrays → StaticArraysChainRulesCoreExt
  3 dependencies successfully precompiled in 3 seconds. 5 already precompiled.
  7 dependencies precompiled but different versions are currently loaded. Restart julia to access the new versions. Otherwise, loading dependents of these packages may trigger further precompilation to work with the unexpected versions.
  5 dependencies failed but may be precompilable after restarting julia
  5 dependencies had output during precompilation:
┌ Compat → CompatLinearAlgebraExt
│  ┌ Warning: Module Compat with build ID fafbfcfd-fade-059b-0108-27b62554e789 is missing from the cache.
│  │ This may mean Compat [34da2185-b29b-5c13-b0c7-acf172513d20] does not support precompilation but is imported by a module that does.
│  └ @ Base loading.jl:2541
└  
┌ PrecompileTools
│  ┌ Warning: Module Preferences with build ID fafbfcfd-80f3-2d29-e73b-bec1143ce968 is missing from the cache.
│  │ This may mean Preferences [21216c6a-2e73-6563-6e65-726566657250] does not support precompilation but is imported by a module that does.
│  └ @ Base loading.jl:2541
└  
┌ StaticArrays
│  ┌ Warning: Module PrecompileTools with build ID fafbfcfd-8061-276f-bd66-e10986d9ce27 is missing from the cache.
│  │ This may mean PrecompileTools [aea7be01-6a6a-4083-8856-8a6e6704d82a] does not support precompilation but is imported by a module that does.
│  └ @ Base loading.jl:2541
└  
┌ ChainRulesCore
│  ┌ Warning: Module Compat with build ID fafbfcfd-fade-059b-0108-27b62554e789 is missing from the cache.
│  │ This may mean Compat [34da2185-b29b-5c13-b0c7-acf172513d20] does not support precompilation but is imported by a module that does.
│  └ @ Base loading.jl:2541
└  
┌ StaticArrays → StaticArraysChainRulesCoreExt
│  [Output was shown above]
└  
┌ Warning: Module StaticArrays with build ID ffffffff-ffff-ffff-e546-17388308a8ed is missing from the cache.
│ This may mean StaticArrays [90137ffa-7385-5640-81b9-e52037218182] does not support precompilation but is imported by a module that does.
└ @ Base loading.jl:2541
Precompiling ChainRulesCoreSparseArraysExt...
    608.7 ms  ? Compat → CompatLinearAlgebraExt
    612.4 ms  ? ChainRulesCore
Info Given ChainRulesCoreSparseArraysExt was explicitly requested, output will be shown live [0K
[0K┌ Warning: Module ChainRulesCore with build ID ffffffff-ffff-ffff-8f04-d4c20f6f83a5 is missing from the cache.
[0K│ This may mean ChainRulesCore [d360d2e6-b24c-11e9-a2a3-2a2ae2dbcce4] does not support precompilation but is imported by a module that does.
[0K└ @ Base loading.jl:2541
    617.5 ms  ? ChainRulesCore → ChainRulesCoreSparseArraysExt
┌ Warning: Module ChainRulesCore with build ID ffffffff-ffff-ffff-8f04-d4c20f6f83a5 is missing from the cache.
│ This may mean ChainRulesCore [d360d2e6-b24c-11e9-a2a3-2a2ae2dbcce4] does not support precompilation but is imported by a module that does.
└ @ Base loading.jl:2541
Precompiling ITensorMPS...
    368.6 ms  ✓ DefineSingletons
    381.4 ms  ✓ ExternalDocstrings
    497.3 ms  ✓ DataValueInterfaces
    461.0 ms  ✓ IfElse
    449.1 ms  ✓ IteratorInterfaceExtensions
   1374.8 ms  ✓ OrderedCollections
   1359.8 ms  ✓ HalfIntegers
   1334.1 ms  ✓ InverseFunctions
   1318.2 ms  ✓ DocStringExtensions
   1306.3 ms  ✓ ExprTools
   1292.7 ms  ✓ ConstructionBase
   1280.8 ms  ✓ CommonWorldInvalidations
   1275.8 ms  ✓ DataAPI
   1381.8 ms  ✓ VectorInterface
    889.4 ms  ✓ PackageExtensionCompat
    878.2 ms  ✓ BitIntegers
    891.4 ms  ✓ CompositionsBase
   1520.2 ms  ✓ InlineStrings
   1233.2 ms  ✓ ArgCheck
   1567.4 ms  ✓ FillArrays
    376.2 ms  ✓ Indexing
    429.3 ms  ✓ TupleTools
    434.0 ms  ✓ SerializedElementArrays
    485.8 ms  ✓ Zeros
    495.6 ms  ✓ Requires
    636.8 ms  ? Compat → CompatLinearAlgebraExt
    637.8 ms  ? PrecompileTools
    646.5 ms  ? TableTraits
    642.9 ms  ? ConstructionBase → ConstructionBaseLinearAlgebraExt
    641.4 ms  ? CompositionsBase → CompositionsBaseInverseFunctionsExt
    655.7 ms  ? KrylovKit
    696.9 ms  ? InverseFunctions → InverseFunctionsDatesExt
    694.9 ms  ? InverseFunctions → InverseFunctionsTestExt
    870.0 ms  ✓ InitialValues
    412.4 ms  ✓ Adapt
    637.9 ms  ? ThreadedScans
    700.6 ms  ✓ FillArrays → FillArraysSparseArraysExt
    679.3 ms  ? Dictionaries
   1123.3 ms  ✓ Baselet
    638.4 ms  ? ChainRulesCore
    650.8 ms  ? StaticArrays
    645.2 ms  ? Static
    643.5 ms  ? Tables
    657.2 ms  ? Functors
    642.3 ms  ✓ ArrayInterface
    667.0 ms  ? Referenceables
    657.3 ms  ? Adapt → AdaptSparseArraysExt
   2025.6 ms  ✓ MacroTools
    643.0 ms  ? SplitApplyCombine
    637.9 ms  ? IsApprox
    657.2 ms  ? ChainRulesCore → ChainRulesCoreSparseArraysExt
    637.6 ms  ? ConstructionBase → ConstructionBaseStaticArraysExt
    629.3 ms  ? Adapt → AdaptStaticArraysExt
    655.8 ms  ? StaticArrays → StaticArraysChainRulesCoreExt
    674.8 ms  ? ArrayLayouts
    518.5 ms  ✓ ArrayInterface → ArrayInterfaceSparseArraysExt
    883.0 ms  ? KrylovKit → KrylovKitChainRulesCoreExt
    666.5 ms  ? StaticArrayInterface
    660.7 ms  ? ArrayInterface → ArrayInterfaceChainRulesCoreExt
    647.5 ms  ? ArrayInterface → ArrayInterfaceStaticArraysCoreExt
    637.1 ms  ? Setfield
    647.0 ms  ? SimpleTraits
    633.4 ms  ? Accessors
    618.9 ms  ? SplittablesBase
    622.6 ms  ? TypeParameterAccessors
    917.3 ms  ? ArrayLayouts → ArrayLayoutsSparseArraysExt
    618.8 ms  ? Accessors → StaticArraysExt
    641.5 ms  ? Accessors → LinearAlgebraExt
    649.6 ms  ? Accessors → TestExt
    876.9 ms  ? EllipsisNotation
    619.6 ms  ? TypeParameterAccessors → TypeParameterAccessorsStridedViewsExt
    631.2 ms  ? TypeParameterAccessors → TypeParameterAccessorsFillArraysExt
    617.3 ms  ? BangBang
    629.7 ms  ? BangBang → BangBangChainRulesCoreExt
    620.3 ms  ? BangBang → BangBangTablesExt
    630.7 ms  ? BangBang → BangBangStaticArraysExt
    630.7 ms  ? MicroCollections
    610.5 ms  ? Transducers
    613.8 ms  ? Transducers → TransducersAdaptExt
    616.6 ms  ? Transducers → TransducersReferenceablesExt
    611.4 ms  ? Folds
  11017.1 ms  ? BlockArrays
  10959.1 ms  ? StaticArrayInterface → StaticArrayInterfaceStaticArraysExt
    629.8 ms  ? BlockArrays → BlockArraysAdaptExt
    631.3 ms  ? Transducers → TransducersBlockArraysExt
    622.8 ms  ? NDTensors
    613.7 ms  ? ITensors
    668.9 ms  ? ITensors → ITensorsVectorInterfaceExt
Info Given ITensorMPS was explicitly requested, output will be shown live [0K
[0K┌ Warning: Module ITensors with build ID ffffffff-ffff-ffff-d0c2-b897592c51ea is missing from the cache.
[0K│ This may mean ITensors [9136182c-28ba-11e9-034c-db9fb085ebd5] does not support precompilation but is imported by a module that does.
[0K└ @ Base loading.jl:2541
    630.9 ms  ? ITensorMPS
    624.2 ms  ? ITensorMPS → ITensorMPSChainRulesCoreExt
  32 dependencies successfully precompiled in 19 seconds. 36 already precompiled.
  65 dependencies precompiled but different versions are currently loaded. Restart julia to access the new versions. Otherwise, loading dependents of these packages may trigger further precompilation to work with the unexpected versions.
  58 dependencies failed but may be precompilable after restarting julia
  58 dependencies had output during precompilation:
┌ Transducers → TransducersAdaptExt
│  ┌ Warning: Module Transducers with build ID ffffffff-ffff-ffff-2312-586e25ed67b5 is missing from the cache.
│  │ This may mean Transducers [28d57a85-8fef-5791-bfe6-a80928e7c999] does not support precompilation but is imported by a module that does.
│  └ @ Base loading.jl:2541
└  
┌ Referenceables
│  ┌ Warning: Module Adapt with build ID fafbfcfd-5f4f-a885-32cd-0c8d455c1edc is missing from the cache.
│  │ This may mean Adapt [79e6a3ab-5dfb-504d-930d-738a2a938a0e] does not support precompilation but is imported by a module that does.
│  └ @ Base loading.jl:2541
└  
┌ Dictionaries
│  ┌ Warning: Module Indexing with build ID fafbfcfd-e0b2-b393-765f-0a9ff3029657 is missing from the cache.
│  │ This may mean Indexing [313cdc1a-70c2-5d6a-ae34-0150d3930a38] does not support precompilation but is imported by a module that does.
│  └ @ Base loading.jl:2541
└  
┌ MicroCollections
│  ┌ Warning: Module Accessors with build ID ffffffff-ffff-ffff-b8ea-eaf8975445a5 is missing from the cache.
│  │ This may mean Accessors [7d9f7c33-5ae7-4f3b-8dc6-eff91059b697] does not support precompilation but is imported by a module that does.
│  └ @ Base loading.jl:2541
└  
┌ NDTensors
│  ┌ Warning: Module Adapt with build ID fafbfcfd-5f4f-a885-32cd-0c8d455c1edc is missing from the cache.
│  │ This may mean Adapt [79e6a3ab-5dfb-504d-930d-738a2a938a0e] does not support precompilation but is imported by a module that does.
│  └ @ Base loading.jl:2541
└  
┌ TypeParameterAccessors → TypeParameterAccessorsFillArraysExt
│  ┌ Warning: Module TypeParameterAccessors with build ID ffffffff-ffff-ffff-d2df-0ca3a1370512 is missing from the cache.
│  │ This may mean TypeParameterAccessors [7e5a90cf-f82e-492e-a09b-e3e26432c138] does not support precompilation but is imported by a module that does.
│  └ @ Base loading.jl:2541
└  
┌ SimpleTraits
│  ┌ Warning: Module MacroTools with build ID fafbfcfd-01d3-300e-ea53-d23ee49fcf66 is missing from the cache.
│  │ This may mean MacroTools [1914dd2f-81c6-5fcd-8719-6d5c9610ff09] does not support precompilation but is imported by a module that does.
│  └ @ Base loading.jl:2541
└  
┌ Functors
│  ┌ Warning: Module Compat with build ID fafbfcfd-fade-059b-0108-27b62554e789 is missing from the cache.
│  │ This may mean Compat [34da2185-b29b-5c13-b0c7-acf172513d20] does not support precompilation but is imported by a module that does.
│  └ @ Base loading.jl:2541
└  
┌ Setfield
│  ┌ Warning: Module MacroTools with build ID fafbfcfd-01d3-300e-ea53-d23ee49fcf66 is missing from the cache.
│  │ This may mean MacroTools [1914dd2f-81c6-5fcd-8719-6d5c9610ff09] does not support precompilation but is imported by a module that does.
│  └ @ Base loading.jl:2541
└  
┌ KrylovKit → KrylovKitChainRulesCoreExt
│  ┌ Warning: Module PackageExtensionCompat with build ID fafbfcfd-6bdf-5c74-ec41-c905b31b1fb3 is missing from the cache.
│  │ This may mean PackageExtensionCompat [65ce6f38-6b18-4e1d-a461-8949797d7930] does not support precompilation but is imported by a module that does.
│  └ @ Base loading.jl:2541
└  
┌ BangBang
│  ┌ Warning: Module ConstructionBase with build ID fafbfcfd-22dd-2c95-a134-9689f4dc3349 is missing from the cache.
│  │ This may mean ConstructionBase [187b0558-2788-49d3-abe0-74a17ed4e7c9] does not support precompilation but is imported by a module that does.
│  └ @ Base loading.jl:2541
└  
┌ Accessors → TestExt
│  ┌ Warning: Module Accessors with build ID ffffffff-ffff-ffff-b8ea-eaf8975445a5 is missing from the cache.
│  │ This may mean Accessors [7d9f7c33-5ae7-4f3b-8dc6-eff91059b697] does not support precompilation but is imported by a module that does.
│  └ @ Base loading.jl:2541
└  
┌ IsApprox
│  ┌ Warning: Module PrecompileTools with build ID fafbfcfd-8061-276f-bd66-e10986d9ce27 is missing from the cache.
│  │ This may mean PrecompileTools [aea7be01-6a6a-4083-8856-8a6e6704d82a] does not support precompilation but is imported by a module that does.
│  └ @ Base loading.jl:2541
└  
┌ StaticArrayInterface → StaticArrayInterfaceStaticArraysExt
│  ┌ Warning: Module PrecompileTools with build ID fafbfcfd-8061-276f-bd66-e10986d9ce27 is missing from the cache.
│  │ This may mean PrecompileTools [aea7be01-6a6a-4083-8856-8a6e6704d82a] does not support precompilation but is imported by a module that does.
│  └ @ Base loading.jl:2541
└  
┌ Compat → CompatLinearAlgebraExt
│  ┌ Warning: Module Compat with build ID fafbfcfd-fade-059b-0108-27b62554e789 is missing from the cache.
│  │ This may mean Compat [34da2185-b29b-5c13-b0c7-acf172513d20] does not support precompilation but is imported by a module that does.
│  └ @ Base loading.jl:2541
└  
┌ SplittablesBase
│  ┌ Warning: Module Setfield with build ID ffffffff-ffff-ffff-f3a4-96fc8b8ff141 is missing from the cache.
│  │ This may mean Setfield [efcf1570-3423-57d1-acb7-fd33fddbac46] does not support precompilation but is imported by a module that does.
│  └ @ Base loading.jl:2541
└  
┌ TypeParameterAccessors → TypeParameterAccessorsStridedViewsExt
│  ┌ Warning: Module StridedViews with build ID fafbfcfd-bcba-35d6-816d-930158cf44f4 is missing from the cache.
│  │ This may mean StridedViews [4db3bf67-4bd7-4b4e-b153-31dc3fb37143] does not support precompilation but is imported by a module that does.
│  └ @ Base loading.jl:2541
└  
┌ BangBang → BangBangTablesExt
│  ┌ Warning: Module BangBang with build ID ffffffff-ffff-ffff-c4f7-b77083425a68 is missing from the cache.
│  │ This may mean BangBang [198e06fe-97b7-11e9-32a5-e1d131e6ad66] does not support precompilation but is imported by a module that does.
│  └ @ Base loading.jl:2541
└  
┌ BangBang → BangBangStaticArraysExt
│  ┌ Warning: Module BangBang with build ID ffffffff-ffff-ffff-c4f7-b77083425a68 is missing from the cache.
│  │ This may mean BangBang [198e06fe-97b7-11e9-32a5-e1d131e6ad66] does not support precompilation but is imported by a module that does.
│  └ @ Base loading.jl:2541
└  
┌ ITensors → ITensorsVectorInterfaceExt
│  ┌ Warning: Module ITensors with build ID ffffffff-ffff-ffff-d0c2-b897592c51ea is missing from the cache.
│  │ This may mean ITensors [9136182c-28ba-11e9-034c-db9fb085ebd5] does not support precompilation but is imported by a module that does.
│  └ @ Base loading.jl:2541
└  
┌ Transducers → TransducersReferenceablesExt
│  ┌ Warning: Module Transducers with build ID ffffffff-ffff-ffff-2312-586e25ed67b5 is missing from the cache.
│  │ This may mean Transducers [28d57a85-8fef-5791-bfe6-a80928e7c999] does not support precompilation but is imported by a module that does.
│  └ @ Base loading.jl:2541
└  
┌ ConstructionBase → ConstructionBaseLinearAlgebraExt
│  ┌ Warning: Module ConstructionBase with build ID fafbfcfd-22dd-2c95-a134-9689f4dc3349 is missing from the cache.
│  │ This may mean ConstructionBase [187b0558-2788-49d3-abe0-74a17ed4e7c9] does not support precompilation but is imported by a module that does.
│  └ @ Base loading.jl:2541
└  
┌ ChainRulesCore → ChainRulesCoreSparseArraysExt
│  ┌ Warning: Module ChainRulesCore with build ID ffffffff-ffff-ffff-8f04-d4c20f6f83a5 is missing from the cache.
│  │ This may mean ChainRulesCore [d360d2e6-b24c-11e9-a2a3-2a2ae2dbcce4] does not support precompilation but is imported by a module that does.
│  └ @ Base loading.jl:2541
└  
┌ StaticArrays
│  ┌ Warning: Module PrecompileTools with build ID fafbfcfd-8061-276f-bd66-e10986d9ce27 is missing from the cache.
│  │ This may mean PrecompileTools [aea7be01-6a6a-4083-8856-8a6e6704d82a] does not support precompilation but is imported by a module that does.
│  └ @ Base loading.jl:2541
└  
┌ ITensors
│  ┌ Warning: Module Adapt with build ID fafbfcfd-5f4f-a885-32cd-0c8d455c1edc is missing from the cache.
│  │ This may mean Adapt [79e6a3ab-5dfb-504d-930d-738a2a938a0e] does not support precompilation but is imported by a module that does.
│  └ @ Base loading.jl:2541
└  
┌ StaticArrayInterface
│  ┌ Warning: Module PrecompileTools with build ID fafbfcfd-8061-276f-bd66-e10986d9ce27 is missing from the cache.
│  │ This may mean PrecompileTools [aea7be01-6a6a-4083-8856-8a6e6704d82a] does not support precompilation but is imported by a module that does.
│  └ @ Base loading.jl:2541
└  
┌ ThreadedScans
│  ┌ Warning: Module ArgCheck with build ID fafbfcfd-9202-8c61-b155-6e9a480efa61 is missing from the cache.
│  │ This may mean ArgCheck [dce04be8-c92d-5529-be00-80e4d2c0e197] does not support precompilation but is imported by a module that does.
│  └ @ Base loading.jl:2541
└  
┌ Adapt → AdaptStaticArraysExt
│  ┌ Warning: Module Adapt with build ID fafbfcfd-5f4f-a885-32cd-0c8d455c1edc is missing from the cache.
│  │ This may mean Adapt [79e6a3ab-5dfb-504d-930d-738a2a938a0e] does not support precompilation but is imported by a module that does.
│  └ @ Base loading.jl:2541
└  
┌ StaticArrays → StaticArraysChainRulesCoreExt
│  ┌ Warning: Module StaticArrays with build ID ffffffff-ffff-ffff-e546-17388308a8ed is missing from the cache.
│  │ This may mean StaticArrays [90137ffa-7385-5640-81b9-e52037218182] does not support precompilation but is imported by a module that does.
│  └ @ Base loading.jl:2541
└  
┌ CompositionsBase → CompositionsBaseInverseFunctionsExt
│  ┌ Warning: Module CompositionsBase with build ID fafbfcfd-0ee8-e9d2-0687-81d817bafaf9 is missing from the cache.
│  │ This may mean CompositionsBase [a33af91c-f02d-484b-be07-31d278c5ca2b] does not support precompilation but is imported by a module that does.
│  └ @ Base loading.jl:2541
└  
┌ Folds
│  ┌ Warning: Module Transducers with build ID ffffffff-ffff-ffff-2312-586e25ed67b5 is missing from the cache.
│  │ This may mean Transducers [28d57a85-8fef-5791-bfe6-a80928e7c999] does not support precompilation but is imported by a module that does.
│  └ @ Base loading.jl:2541
└  
┌ ITensorMPS → ITensorMPSChainRulesCoreExt
│  ┌ Warning: Module ChainRulesCore with build ID ffffffff-ffff-ffff-8f04-d4c20f6f83a5 is missing from the cache.
│  │ This may mean ChainRulesCore [d360d2e6-b24c-11e9-a2a3-2a2ae2dbcce4] does not support precompilation but is imported by a module that does.
│  └ @ Base loading.jl:2541
└  
┌ Accessors
│  ┌ Warning: Module MacroTools with build ID fafbfcfd-01d3-300e-ea53-d23ee49fcf66 is missing from the cache.
│  │ This may mean MacroTools [1914dd2f-81c6-5fcd-8719-6d5c9610ff09] does not support precompilation but is imported by a module that does.
│  └ @ Base loading.jl:2541
└  
┌ TypeParameterAccessors
│  ┌ Warning: Module SimpleTraits with build ID ffffffff-ffff-ffff-16d1-016c2744522e is missing from the cache.
│  │ This may mean SimpleTraits [699a6c99-e7fa-54fc-8d76-47d257e15c1d] does not support precompilation but is imported by a module that does.
│  └ @ Base loading.jl:2541
└  
┌ Adapt → AdaptSparseArraysExt
│  ┌ Warning: Module Adapt with build ID fafbfcfd-5f4f-a885-32cd-0c8d455c1edc is missing from the cache.
│  │ This may mean Adapt [79e6a3ab-5dfb-504d-930d-738a2a938a0e] does not support precompilation but is imported by a module that does.
│  └ @ Base loading.jl:2541
└  
┌ ConstructionBase → ConstructionBaseStaticArraysExt
│  ┌ Warning: Module ConstructionBase with build ID fafbfcfd-22dd-2c95-a134-9689f4dc3349 is missing from the cache.
│  │ This may mean ConstructionBase [187b0558-2788-49d3-abe0-74a17ed4e7c9] does not support precompilation but is imported by a module that does.
│  └ @ Base loading.jl:2541
└  
┌ Accessors → StaticArraysExt
│  ┌ Warning: Module StaticArrays with build ID ffffffff-ffff-ffff-e546-17388308a8ed is missing from the cache.
│  │ This may mean StaticArrays [90137ffa-7385-5640-81b9-e52037218182] does not support precompilation but is imported by a module that does.
│  └ @ Base loading.jl:2541
└  
┌ Tables
│  ┌ Warning: Module DataValueInterfaces with build ID fafbfcfd-9e91-e0ac-cfae-782116dfd6d6 is missing from the cache.
│  │ This may mean DataValueInterfaces [e2d170a0-9d28-54be-80f0-106bbe20a464] does not support precompilation but is imported by a module that does.
│  └ @ Base loading.jl:2541
└  
┌ SplitApplyCombine
│  ┌ Warning: Module Indexing with build ID fafbfcfd-e0b2-b393-765f-0a9ff3029657 is missing from the cache.
│  │ This may mean Indexing [313cdc1a-70c2-5d6a-ae34-0150d3930a38] does not support precompilation but is imported by a module that does.
│  └ @ Base loading.jl:2541
└  
┌ KrylovKit
│  ┌ Warning: Module PackageExtensionCompat with build ID fafbfcfd-6bdf-5c74-ec41-c905b31b1fb3 is missing from the cache.
│  │ This may mean PackageExtensionCompat [65ce6f38-6b18-4e1d-a461-8949797d7930] does not support precompilation but is imported by a module that does.
│  └ @ Base loading.jl:2541
└  
┌ ArrayLayouts
│  ┌ Warning: Module StaticArrays with build ID ffffffff-ffff-ffff-e546-17388308a8ed is missing from the cache.
│  │ This may mean StaticArrays [90137ffa-7385-5640-81b9-e52037218182] does not support precompilation but is imported by a module that does.
│  └ @ Base loading.jl:2541
└  
┌ EllipsisNotation
│  ┌ Warning: Module PrecompileTools with build ID fafbfcfd-8061-276f-bd66-e10986d9ce27 is missing from the cache.
│  │ This may mean PrecompileTools [aea7be01-6a6a-4083-8856-8a6e6704d82a] does not support precompilation but is imported by a module that does.
│  └ @ Base loading.jl:2541
└  
┌ Transducers
│  ┌ Warning: Module Accessors with build ID ffffffff-ffff-ffff-b8ea-eaf8975445a5 is missing from the cache.
│  │ This may mean Accessors [7d9f7c33-5ae7-4f3b-8dc6-eff91059b697] does not support precompilation but is imported by a module that does.
│  └ @ Base loading.jl:2541
└  
┌ ArrayLayouts → ArrayLayoutsSparseArraysExt
│  ┌ Warning: Module StaticArrays with build ID ffffffff-ffff-ffff-e546-17388308a8ed is missing from the cache.
│  │ This may mean StaticArrays [90137ffa-7385-5640-81b9-e52037218182] does not support precompilation but is imported by a module that does.
│  └ @ Base loading.jl:2541
└  
┌ PrecompileTools
│  ┌ Warning: Module Preferences with build ID fafbfcfd-80f3-2d29-e73b-bec1143ce968 is missing from the cache.
│  │ This may mean Preferences [21216c6a-2e73-6563-6e65-726566657250] does not support precompilation but is imported by a module that does.
│  └ @ Base loading.jl:2541
└  
┌ Accessors → LinearAlgebraExt
│  ┌ Warning: Module Accessors with build ID ffffffff-ffff-ffff-b8ea-eaf8975445a5 is missing from the cache.
│  │ This may mean Accessors [7d9f7c33-5ae7-4f3b-8dc6-eff91059b697] does not support precompilation but is imported by a module that does.
│  └ @ Base loading.jl:2541
└  
┌ TableTraits
│  ┌ Warning: Module IteratorInterfaceExtensions with build ID fafbfcfd-7efd-570c-98c7-cb062cdf4e06 is missing from the cache.
│  │ This may mean IteratorInterfaceExtensions [82899510-4779-5014-852e-03e436cf321d] does not support precompilation but is imported by a module that does.
│  └ @ Base loading.jl:2541
└  
┌ ArrayInterface → ArrayInterfaceStaticArraysCoreExt
│  ┌ Warning: Module StaticArraysCore with build ID fafbfcfd-5335-43fb-7ce0-3fe9b8563926 is missing from the cache.
│  │ This may mean StaticArraysCore [1e83bf80-4336-4d27-bf5d-d5a4f845583c] does not support precompilation but is imported by a module that does.
│  └ @ Base loading.jl:2541
└  
┌ BlockArrays
│  ┌ Warning: Module StaticArrays with build ID ffffffff-ffff-ffff-e546-17388308a8ed is missing from the cache.
│  │ This may mean StaticArrays [90137ffa-7385-5640-81b9-e52037218182] does not support precompilation but is imported by a module that does.
│  └ @ Base loading.jl:2541
└  
┌ InverseFunctions → InverseFunctionsTestExt
│  ┌ Warning: Module InverseFunctions with build ID fafbfcfd-f711-dc30-b8ab-c5e7042a4912 is missing from the cache.
│  │ This may mean InverseFunctions [3587e190-3f89-42d0-90ee-14403ec27112] does not support precompilation but is imported by a module that does.
│  └ @ Base loading.jl:2541
└  
┌ Transducers → TransducersBlockArraysExt
│  ┌ Warning: Module Transducers with build ID ffffffff-ffff-ffff-2312-586e25ed67b5 is missing from the cache.
│  │ This may mean Transducers [28d57a85-8fef-5791-bfe6-a80928e7c999] does not support precompilation but is imported by a module that does.
│  └ @ Base loading.jl:2541
└  
┌ ITensorMPS
│  [Output was shown above]
└  
┌ ChainRulesCore
│  ┌ Warning: Module Compat with build ID fafbfcfd-fade-059b-0108-27b62554e789 is missing from the cache.
│  │ This may mean Compat [34da2185-b29b-5c13-b0c7-acf172513d20] does not support precompilation but is imported by a module that does.
│  └ @ Base loading.jl:2541
└  
┌ InverseFunctions → InverseFunctionsDatesExt
│  ┌ Warning: Module InverseFunctions with build ID fafbfcfd-f711-dc30-b8ab-c5e7042a4912 is missing from the cache.
│  │ This may mean InverseFunctions [3587e190-3f89-42d0-90ee-14403ec27112] does not support precompilation but is imported by a module that does.
│  └ @ Base loading.jl:2541
└  
┌ ArrayInterface → ArrayInterfaceChainRulesCoreExt
│  ┌ Warning: Module ChainRulesCore with build ID ffffffff-ffff-ffff-8f04-d4c20f6f83a5 is missing from the cache.
│  │ This may mean ChainRulesCore [d360d2e6-b24c-11e9-a2a3-2a2ae2dbcce4] does not support precompilation but is imported by a module that does.
│  └ @ Base loading.jl:2541
└  
┌ BlockArrays → BlockArraysAdaptExt
│  ┌ Warning: Module Adapt with build ID fafbfcfd-5f4f-a885-32cd-0c8d455c1edc is missing from the cache.
│  │ This may mean Adapt [79e6a3ab-5dfb-504d-930d-738a2a938a0e] does not support precompilation but is imported by a module that does.
│  └ @ Base loading.jl:2541
└  
┌ Static
│  ┌ Warning: Module PrecompileTools with build ID fafbfcfd-8061-276f-bd66-e10986d9ce27 is missing from the cache.
│  │ This may mean PrecompileTools [aea7be01-6a6a-4083-8856-8a6e6704d82a] does not support precompilation but is imported by a module that does.
│  └ @ Base loading.jl:2541
└  
┌ BangBang → BangBangChainRulesCoreExt
│  ┌ Warning: Module BangBang with build ID ffffffff-ffff-ffff-c4f7-b77083425a68 is missing from the cache.
│  │ This may mean BangBang [198e06fe-97b7-11e9-32a5-e1d131e6ad66] does not support precompilation but is imported by a module that does.
│  └ @ Base loading.jl:2541
└  
┌ Warning: Module ITensors with build ID ffffffff-ffff-ffff-d0c2-b897592c51ea is missing from the cache.
│ This may mean ITensors [9136182c-28ba-11e9-034c-db9fb085ebd5] does not support precompilation but is imported by a module that does.
└ @ Base loading.jl:2541
Precompiling KrylovKit...
Info Given KrylovKit was explicitly requested, output will be shown live [0K
[0K┌ Warning: Module PackageExtensionCompat with build ID fafbfcfd-6bdf-5c74-ec41-c905b31b1fb3 is missing from the cache.
[0K│ This may mean PackageExtensionCompat [65ce6f38-6b18-4e1d-a461-8949797d7930] does not support precompilation but is imported by a module that does.
[0K└ @ Base loading.jl:2541
    622.7 ms  ? KrylovKit
┌ Warning: Module PackageExtensionCompat with build ID fafbfcfd-6bdf-5c74-ec41-c905b31b1fb3 is missing from the cache.
│ This may mean PackageExtensionCompat [65ce6f38-6b18-4e1d-a461-8949797d7930] does not support precompilation but is imported by a module that does.
└ @ Base loading.jl:2541
Precompiling ITensorsVectorInterfaceExt...
    657.2 ms  ? ConstructionBase → ConstructionBaseLinearAlgebraExt
    668.6 ms  ? SimpleTraits
    661.0 ms  ? ThreadedScans
    671.7 ms  ? TableTraits
    658.4 ms  ? Dictionaries
    669.2 ms  ? CompositionsBase → CompositionsBaseInverseFunctionsExt
    644.8 ms  ? Referenceables
    639.4 ms  ? Adapt → AdaptSparseArraysExt
    713.4 ms  ? InverseFunctions → InverseFunctionsDatesExt
    646.4 ms  ? Compat → CompatLinearAlgebraExt
    640.2 ms  ? PrecompileTools
    685.3 ms  ? ArrayInterface → ArrayInterfaceStaticArraysCoreExt
    726.7 ms  ? InverseFunctions → InverseFunctionsTestExt
    641.1 ms  ? Setfield
    632.8 ms  ? TypeParameterAccessors
    620.4 ms  ? SplitApplyCombine
    651.7 ms  ? Tables
    641.7 ms  ? ChainRulesCore
    665.9 ms  ? Accessors
    643.0 ms  ? StaticArrays
    656.7 ms  ? Functors
    689.4 ms  ? Static
    681.3 ms  ? IsApprox
    648.0 ms  ? SplittablesBase
    650.0 ms  ? TypeParameterAccessors → TypeParameterAccessorsFillArraysExt
    644.9 ms  ? TypeParameterAccessors → TypeParameterAccessorsStridedViewsExt
    651.9 ms  ? ChainRulesCore → ChainRulesCoreSparseArraysExt
    641.5 ms  ? Accessors → LinearAlgebraExt
    664.6 ms  ? ArrayInterface → ArrayInterfaceChainRulesCoreExt
    647.0 ms  ? Accessors → TestExt
    645.1 ms  ? StaticArrays → StaticArraysChainRulesCoreExt
    631.7 ms  ? ConstructionBase → ConstructionBaseStaticArraysExt
    628.6 ms  ? Adapt → AdaptStaticArraysExt
    629.5 ms  ? Accessors → StaticArraysExt
    670.3 ms  ? ArrayLayouts
    639.8 ms  ? StaticArrayInterface
    637.9 ms  ? BangBang
    862.6 ms  ? EllipsisNotation
    884.1 ms  ? BlockArrays
    634.7 ms  ? BangBang → BangBangChainRulesCoreExt
    627.5 ms  ? BangBang → BangBangStaticArraysExt
    622.1 ms  ? BangBang → BangBangTablesExt
    650.4 ms  ? MicroCollections
    609.9 ms  ? BlockArrays → BlockArraysAdaptExt
    611.7 ms  ? Transducers
    637.7 ms  ? Transducers → TransducersBlockArraysExt
    619.2 ms  ? Transducers → TransducersAdaptExt
    621.5 ms  ? Transducers → TransducersReferenceablesExt
    618.7 ms  ? Folds
  10988.7 ms  ? StaticArrayInterface → StaticArrayInterfaceStaticArraysExt
  11017.0 ms  ? ArrayLayouts → ArrayLayoutsSparseArraysExt
    634.7 ms  ? NDTensors
    622.1 ms  ? ITensors
Info Given ITensorsVectorInterfaceExt was explicitly requested, output will be shown live [0K
[0K┌ Warning: Module ITensors with build ID ffffffff-ffff-ffff-d0c2-b897592c51ea is missing from the cache.
[0K│ This may mean ITensors [9136182c-28ba-11e9-034c-db9fb085ebd5] does not support precompilation but is imported by a module that does.
[0K└ @ Base loading.jl:2541
    663.3 ms  ? ITensors → ITensorsVectorInterfaceExt
┌ Warning: Module ITensors with build ID ffffffff-ffff-ffff-d0c2-b897592c51ea is missing from the cache.
│ This may mean ITensors [9136182c-28ba-11e9-034c-db9fb085ebd5] does not support precompilation but is imported by a module that does.
└ @ Base loading.jl:2541
Precompiling KrylovKitChainRulesCoreExt...
    626.2 ms  ? KrylovKit
    618.9 ms  ? Compat → CompatLinearAlgebraExt
    618.3 ms  ? ChainRulesCore
Info Given KrylovKitChainRulesCoreExt was explicitly requested, output will be shown live [0K
[0K┌ Warning: Module KrylovKit with build ID ffffffff-ffff-ffff-691b-51c85b3d293c is missing from the cache.
[0K│ This may mean KrylovKit [0b1a1467-8014-51b9-945f-bf0ae24f4b77] does not support precompilation but is imported by a module that does.
[0K└ @ Base loading.jl:2541
    617.0 ms  ? KrylovKit → KrylovKitChainRulesCoreExt
┌ Warning: Module KrylovKit with build ID ffffffff-ffff-ffff-691b-51c85b3d293c is missing from the cache.
│ This may mean KrylovKit [0b1a1467-8014-51b9-945f-bf0ae24f4b77] does not support precompilation but is imported by a module that does.
└ @ Base loading.jl:2541
Precompiling ITensorMPSChainRulesCoreExt...
    661.4 ms  ? ConstructionBase → ConstructionBaseLinearAlgebraExt
    667.3 ms  ? SimpleTraits
    627.5 ms  ? Dictionaries
    673.6 ms  ? TableTraits
    678.1 ms  ? ThreadedScans
    669.7 ms  ? KrylovKit
    635.9 ms  ? Referenceables
    665.1 ms  ? CompositionsBase → CompositionsBaseInverseFunctionsExt
    645.7 ms  ? Adapt → AdaptSparseArraysExt
    719.5 ms  ? InverseFunctions → InverseFunctionsDatesExt
    640.9 ms  ? Compat → CompatLinearAlgebraExt
    658.8 ms  ? PrecompileTools
    652.3 ms  ? ArrayInterface → ArrayInterfaceStaticArraysCoreExt
    728.8 ms  ? InverseFunctions → InverseFunctionsTestExt
    632.6 ms  ? Setfield
    642.1 ms  ? TypeParameterAccessors
    650.7 ms  ? SplitApplyCombine
    643.7 ms  ? Tables
    638.6 ms  ? Accessors
    648.9 ms  ? ChainRulesCore
    643.1 ms  ? Functors
    629.3 ms  ? StaticArrays
    692.1 ms  ? IsApprox
    702.8 ms  ? Static
    651.8 ms  ? SplittablesBase
    644.4 ms  ? TypeParameterAccessors → TypeParameterAccessorsFillArraysExt
    640.8 ms  ? TypeParameterAccessors → TypeParameterAccessorsStridedViewsExt
    653.7 ms  ? Accessors → TestExt
    665.0 ms  ? Accessors → LinearAlgebraExt
    650.8 ms  ? ChainRulesCore → ChainRulesCoreSparseArraysExt
    638.9 ms  ? StaticArrays → StaticArraysChainRulesCoreExt
    653.2 ms  ? KrylovKit → KrylovKitChainRulesCoreExt
    661.6 ms  ? ArrayInterface → ArrayInterfaceChainRulesCoreExt
    633.7 ms  ? ConstructionBase → ConstructionBaseStaticArraysExt
    629.9 ms  ? Adapt → AdaptStaticArraysExt
    634.3 ms  ? Accessors → StaticArraysExt
    666.8 ms  ? ArrayLayouts
    651.3 ms  ? StaticArrayInterface
    634.7 ms  ? BangBang
    890.4 ms  ? ArrayLayouts → ArrayLayoutsSparseArraysExt
    868.9 ms  ? EllipsisNotation
    626.0 ms  ? BangBang → BangBangChainRulesCoreExt
    624.9 ms  ? BangBang → BangBangStaticArraysExt
    630.9 ms  ? BangBang → BangBangTablesExt
    628.0 ms  ? MicroCollections
    618.2 ms  ? Transducers
    610.1 ms  ? Transducers → TransducersAdaptExt
    615.6 ms  ? Transducers → TransducersReferenceablesExt
    614.1 ms  ? Folds
  11016.3 ms  ? BlockArrays
  11018.4 ms  ? StaticArrayInterface → StaticArrayInterfaceStaticArraysExt
    626.1 ms  ? BlockArrays → BlockArraysAdaptExt
    616.8 ms  ? Transducers → TransducersBlockArraysExt
    618.1 ms  ? NDTensors
    622.2 ms  ? ITensors
    637.1 ms  ? ITensors → ITensorsVectorInterfaceExt
    623.4 ms  ? ITensorMPS
Info Given ITensorMPSChainRulesCoreExt was explicitly requested, output will be shown live [0K
[0K┌ Warning: Module ChainRulesCore with build ID ffffffff-ffff-ffff-8f04-d4c20f6f83a5 is missing from the cache.
[0K│ This may mean ChainRulesCore [d360d2e6-b24c-11e9-a2a3-2a2ae2dbcce4] does not support precompilation but is imported by a module that does.
[0K└ @ Base loading.jl:2541
    624.7 ms  ? ITensorMPS → ITensorMPSChainRulesCoreExt
┌ Warning: Module ChainRulesCore with build ID ffffffff-ffff-ffff-8f04-d4c20f6f83a5 is missing from the cache.
│ This may mean ChainRulesCore [d360d2e6-b24c-11e9-a2a3-2a2ae2dbcce4] does not support precompilation but is imported by a module that does.
└ @ Base loading.jl:2541
Generating random tensor of size 2^30
Number of threads: 256
rand wtime:   5.456286 seconds (119.85 k allocations: 8.006 GiB, 0.24% gc time, 1.62% compilation time)
calculate TT-SVD of rank 15
tt-svd wtime: 681.975627 seconds (475.46 M allocations: 389.822 GiB, 4.68% gc time, 40.99% compilation time)
tt-svd wtime: 405.749514 seconds (17.00 k allocations: 367.008 GiB, 7.60% gc time)
Precompiling ITensors...
   1255.5 ms  ✓ DefineSingletons
   3416.1 ms  ✓ ExternalDocstrings
   3378.1 ms  ✓ DataValueInterfaces
   3703.7 ms  ✓ OrderedCollections
   3688.4 ms  ✓ HalfIntegers
   3649.1 ms  ✓ InverseFunctions
   3643.3 ms  ✓ VectorInterface
   3638.3 ms  ✓ DocStringExtensions
   3623.0 ms  ✓ ExprTools
   3616.5 ms  ✓ IfElse
   3610.0 ms  ✓ ConstructionBase
   3604.3 ms  ✓ IteratorInterfaceExtensions
   3598.4 ms  ✓ CommonWorldInvalidations
   3593.2 ms  ✓ DataAPI
   3650.5 ms  ✓ InlineStrings
   3709.0 ms  ✓ FillArrays
    608.9 ms  ✓ PackageExtensionCompat
   3651.6 ms  ✓ SerializedElementArrays
   4281.6 ms  ✓ ArgCheck
   4264.2 ms  ✓ BitIntegers
   4257.9 ms  ✓ CompositionsBase
   4240.9 ms  ✓ Indexing
   4225.7 ms  ✓ StaticArraysCore
   4220.6 ms  ✓ TupleTools
   4199.0 ms  ✓ Requires
   4191.4 ms  ✓ Zeros
   4184.9 ms  ✓ Compat
   4173.7 ms  ✓ InverseFunctions → InverseFunctionsDatesExt
   4799.9 ms  ✓ InitialValues
   4737.9 ms  ✓ Preferences
   5059.0 ms  ✓ Baselet
   4520.3 ms  ✓ InverseFunctions → InverseFunctionsTestExt
   5102.7 ms  ✓ MacroTools
    901.3 ms  ✓ TableTraits
   3299.7 ms  ✓ TimerOutputs
   2191.2 ms  ✓ ConstructionBase → ConstructionBaseLinearAlgebraExt
   2174.3 ms  ✓ FillArrays → FillArraysSparseArraysExt
   2699.4 ms  ✓ StridedViews
   2683.0 ms  ✓ CompositionsBase → CompositionsBaseInverseFunctionsExt
   2668.7 ms  ✓ Adapt
   2662.1 ms  ✓ Compat → CompatLinearAlgebraExt
   2655.6 ms  ✓ PrecompileTools
   2964.0 ms  ✓ ThreadedScans
   2914.4 ms  ✓ SimpleTraits
   3235.6 ms  ✓ Dictionaries
    655.1 ms  ✓ Referenceables
   1774.0 ms  ✓ Adapt → AdaptSparseArraysExt
   2326.2 ms  ✓ Strided
   2293.2 ms  ✓ ArrayInterface
   2278.3 ms  ✓ Functors
   2251.2 ms  ✓ SplitApplyCombine
   2858.2 ms  ✓ Tables
   2777.3 ms  ✓ Static
   2771.9 ms  ✓ TypeParameterAccessors
   3121.2 ms  ✓ Setfield
   3070.9 ms  ✓ ChainRulesCore
   3107.2 ms  ✓ Accessors
    353.2 ms  ✓ ArrayInterface → ArrayInterfaceStaticArraysCoreExt
    371.2 ms  ✓ ArrayInterface → ArrayInterfaceChainRulesCoreExt
    702.0 ms  ✓ TypeParameterAccessors → TypeParameterAccessorsStridedViewsExt
   1533.3 ms  ✓ ArrayInterface → ArrayInterfaceSparseArraysExt
   1465.7 ms  ✓ Accessors → LinearAlgebraExt
   1510.2 ms  ✓ TypeParameterAccessors → TypeParameterAccessorsFillArraysExt
   1487.0 ms  ✓ ChainRulesCore → ChainRulesCoreSparseArraysExt
   1460.6 ms  ✓ Accessors → TestExt
   1791.3 ms  ✓ SplittablesBase
   1820.1 ms  ✓ StaticArrayInterface
    456.6 ms  ✓ EllipsisNotation
    976.4 ms  ✓ BangBang
   6057.4 ms  ✓ StaticArrays
   1048.6 ms  ✓ BangBang → BangBangTablesExt
   1340.4 ms  ✓ BangBang → BangBangChainRulesCoreExt
   2101.4 ms  ✓ MicroCollections
   2131.6 ms  ✓ StaticArrays → StaticArraysChainRulesCoreExt
   2124.2 ms  ✓ ConstructionBase → ConstructionBaseStaticArraysExt
   2106.0 ms  ✓ Adapt → AdaptStaticArraysExt
   2098.5 ms  ✓ Accessors → StaticArraysExt
   2091.0 ms  ✓ StaticArrayInterface → StaticArrayInterfaceStaticArraysExt
   2083.2 ms  ✓ BangBang → BangBangStaticArraysExt
   9937.4 ms  ✓ IsApprox
   2643.8 ms  ✓ Transducers
   1341.8 ms  ✓ Transducers → TransducersAdaptExt
   1333.7 ms  ✓ Transducers → TransducersReferenceablesExt
   3054.0 ms  ✓ Folds
  11227.4 ms  ✓ ArrayLayouts
   1032.5 ms  ✓ ArrayLayouts → ArrayLayoutsSparseArraysExt
   1895.4 ms  ✓ BlockArrays
   1036.5 ms  ✓ BlockArrays → BlockArraysAdaptExt
   1547.8 ms  ✓ Transducers → TransducersBlockArraysExt
   4382.2 ms  ✓ NDTensors
   6408.4 ms  ✓ ITensors
   2537.1 ms  ✓ ITensors → ITensorsVectorInterfaceExt
  92 dependencies successfully precompiled in 51 seconds. 30 already precompiled.
Precompiling ITensorMPS...
   1875.0 ms  ✓ KrylovKit
    981.0 ms  ✓ KrylovKit → KrylovKitChainRulesCoreExt
   5082.5 ms  ✓ ITensorMPS
   3106.4 ms  ✓ ITensorMPS → ITensorMPSChainRulesCoreExt
  4 dependencies successfully precompiled in 12 seconds. 122 already precompiled.
Generating random tensor of size 2^30
Number of threads: 256
rand wtime:   5.557382 seconds (119.86 k allocations: 8.006 GiB, 1.44% gc time, 1.46% compilation time)
calculate TT-SVD of rank 16
tt-svd wtime: 675.859725 seconds (477.55 M allocations: 390.925 GiB, 4.57% gc time, 41.49% compilation time)
tt-svd wtime: 400.887076 seconds (17.04 k allocations: 368.009 GiB, 7.69% gc time)
Precompiling ITensors...
   1179.7 ms  ✓ ExternalDocstrings
   3544.1 ms  ✓ DefineSingletons
   3401.5 ms  ✓ DataValueInterfaces
   3735.8 ms  ✓ OrderedCollections
   3718.7 ms  ✓ HalfIntegers
   3684.0 ms  ✓ InverseFunctions
   3677.2 ms  ✓ VectorInterface
   3669.7 ms  ✓ DocStringExtensions
   3655.2 ms  ✓ ExprTools
   3649.7 ms  ✓ IfElse
   3646.0 ms  ✓ ConstructionBase
   3641.8 ms  ✓ IteratorInterfaceExtensions
   3636.9 ms  ✓ CommonWorldInvalidations
   3631.7 ms  ✓ DataAPI
   3726.3 ms  ✓ FillArrays
   3674.7 ms  ✓ InlineStrings
    606.5 ms  ✓ PackageExtensionCompat
   3704.6 ms  ✓ ArgCheck
   4247.8 ms  ✓ BitIntegers
   4240.8 ms  ✓ CompositionsBase
   4224.9 ms  ✓ Indexing
   4208.5 ms  ✓ StaticArraysCore
   4201.5 ms  ✓ TupleTools
   4184.9 ms  ✓ SerializedElementArrays
   4178.7 ms  ✓ Requires
   4171.2 ms  ✓ Zeros
   4164.1 ms  ✓ Compat
   4149.1 ms  ✓ InverseFunctions → InverseFunctionsDatesExt
   4755.1 ms  ✓ InitialValues
   4689.5 ms  ✓ Preferences
   5009.9 ms  ✓ Baselet
   4475.2 ms  ✓ InverseFunctions → InverseFunctionsTestExt
   5056.8 ms  ✓ MacroTools
    625.5 ms  ✓ TableTraits
   2252.0 ms  ✓ Compat → CompatLinearAlgebraExt
   2878.7 ms  ✓ ConstructionBase → ConstructionBaseLinearAlgebraExt
   2864.9 ms  ✓ FillArrays → FillArraysSparseArraysExt
   2858.6 ms  ✓ StridedViews
   2845.0 ms  ✓ CompositionsBase → CompositionsBaseInverseFunctionsExt
   2829.0 ms  ✓ Adapt
   2814.1 ms  ✓ PrecompileTools
   3126.9 ms  ✓ ThreadedScans
   3075.8 ms  ✓ SimpleTraits
   3672.3 ms  ✓ Dictionaries
   3086.4 ms  ✓ Tables
   3732.6 ms  ✓ TimerOutputs
    667.6 ms  ✓ Referenceables
   1777.5 ms  ✓ Adapt → AdaptSparseArraysExt
   2323.4 ms  ✓ Functors
   2315.7 ms  ✓ Strided
   2283.1 ms  ✓ ArrayInterface
   2252.6 ms  ✓ SplitApplyCombine
   2621.7 ms  ✓ Setfield
   2554.2 ms  ✓ Static
   2547.0 ms  ✓ TypeParameterAccessors
   2887.8 ms  ✓ ChainRulesCore
   2854.1 ms  ✓ Accessors
    360.0 ms  ✓ ArrayInterface → ArrayInterfaceStaticArraysCoreExt
    600.1 ms  ✓ ArrayInterface → ArrayInterfaceChainRulesCoreExt
    621.6 ms  ✓ TypeParameterAccessors → TypeParameterAccessorsStridedViewsExt
   1515.8 ms  ✓ ArrayInterface → ArrayInterfaceSparseArraysExt
   1480.7 ms  ✓ TypeParameterAccessors → TypeParameterAccessorsFillArraysExt
   1468.3 ms  ✓ ChainRulesCore → ChainRulesCoreSparseArraysExt
   1453.3 ms  ✓ Accessors → LinearAlgebraExt
   1444.3 ms  ✓ Accessors → TestExt
   1810.4 ms  ✓ SplittablesBase
   1802.9 ms  ✓ StaticArrayInterface
    996.4 ms  ✓ BangBang
    691.6 ms  ✓ EllipsisNotation
   5806.6 ms  ✓ StaticArrays
    938.1 ms  ✓ BangBang → BangBangChainRulesCoreExt
    929.8 ms  ✓ BangBang → BangBangTablesExt
   1236.2 ms  ✓ MicroCollections
   1308.3 ms  ✓ Adapt → AdaptStaticArraysExt
   1339.3 ms  ✓ StaticArrays → StaticArraysChainRulesCoreExt
   1330.0 ms  ✓ ConstructionBase → ConstructionBaseStaticArraysExt
   1305.5 ms  ✓ Accessors → StaticArraysExt
   1297.8 ms  ✓ StaticArrayInterface → StaticArrayInterfaceStaticArraysExt
   1290.3 ms  ✓ BangBang → BangBangStaticArraysExt
   9454.1 ms  ✓ IsApprox
   2700.9 ms  ✓ Transducers
    797.0 ms  ✓ Transducers → TransducersAdaptExt
    970.8 ms  ✓ Transducers → TransducersReferenceablesExt
   2904.6 ms  ✓ Folds
  11348.5 ms  ✓ ArrayLayouts
   1035.8 ms  ✓ ArrayLayouts → ArrayLayoutsSparseArraysExt
   1963.0 ms  ✓ BlockArrays
   1029.3 ms  ✓ BlockArrays → BlockArraysAdaptExt
   1585.6 ms  ✓ Transducers → TransducersBlockArraysExt
   4083.0 ms  ✓ NDTensors
   6258.7 ms  ✓ ITensors
   2421.9 ms  ✓ ITensors → ITensorsVectorInterfaceExt
  92 dependencies successfully precompiled in 51 seconds. 30 already precompiled.
Precompiling ITensorMPS...
   1785.9 ms  ✓ KrylovKit
    842.6 ms  ✓ KrylovKit → KrylovKitChainRulesCoreExt
   5074.1 ms  ✓ ITensorMPS
   3059.4 ms  ✓ ITensorMPS → ITensorMPSChainRulesCoreExt
  4 dependencies successfully precompiled in 11 seconds. 122 already precompiled.
Generating random tensor of size 2^30
Number of threads: 256
rand wtime:   5.576004 seconds (119.86 k allocations: 8.006 GiB, 1.42% gc time, 1.46% compilation time)
calculate TT-SVD of rank 17
tt-svd wtime: 699.328210 seconds (477.55 M allocations: 395.425 GiB, 4.55% gc time, 40.18% compilation time)
tt-svd wtime: 422.690045 seconds (17.04 k allocations: 372.509 GiB, 7.51% gc time)
Precompiling ITensors...
   1183.9 ms  ✓ ExternalDocstrings
   3554.0 ms  ✓ DefineSingletons
   3411.6 ms  ✓ DataValueInterfaces
   3747.2 ms  ✓ OrderedCollections
   3730.2 ms  ✓ HalfIntegers
   3692.4 ms  ✓ InverseFunctions
   3684.9 ms  ✓ VectorInterface
   3677.3 ms  ✓ DocStringExtensions
   3660.9 ms  ✓ ExprTools
   3654.1 ms  ✓ IfElse
   3646.6 ms  ✓ ConstructionBase
   3639.0 ms  ✓ IteratorInterfaceExtensions
   3632.4 ms  ✓ CommonWorldInvalidations
   3624.6 ms  ✓ DataAPI
   3736.1 ms  ✓ FillArrays
   3680.2 ms  ✓ InlineStrings
    557.3 ms  ✓ PackageExtensionCompat
   3049.9 ms  ✓ Indexing
   4219.0 ms  ✓ ArgCheck
   4196.4 ms  ✓ CompositionsBase
   4164.8 ms  ✓ StaticArraysCore
   4159.4 ms  ✓ TupleTools
   4144.0 ms  ✓ SerializedElementArrays
   4136.4 ms  ✓ Requires
   4130.0 ms  ✓ Zeros
   4213.7 ms  ✓ BitIntegers
   4745.2 ms  ✓ InitialValues
   4686.8 ms  ✓ Compat
   4679.3 ms  ✓ Preferences
   4672.3 ms  ✓ InverseFunctions → InverseFunctionsDatesExt
   5009.5 ms  ✓ Baselet
   4518.3 ms  ✓ InverseFunctions → InverseFunctionsTestExt
   5055.0 ms  ✓ MacroTools
    843.7 ms  ✓ TableTraits
   3231.0 ms  ✓ TimerOutputs
   2133.8 ms  ✓ ConstructionBase → ConstructionBaseLinearAlgebraExt
   2118.3 ms  ✓ FillArrays → FillArraysSparseArraysExt
   2643.1 ms  ✓ StridedViews
   2620.2 ms  ✓ CompositionsBase → CompositionsBaseInverseFunctionsExt
   2615.0 ms  ✓ Adapt
   2608.5 ms  ✓ Compat → CompatLinearAlgebraExt
   2602.7 ms  ✓ PrecompileTools
   2892.3 ms  ✓ ThreadedScans
   2851.0 ms  ✓ SimpleTraits
   3186.4 ms  ✓ Dictionaries
    693.9 ms  ✓ Referenceables
   1993.9 ms  ✓ Adapt → AdaptSparseArraysExt
   2504.9 ms  ✓ Strided
   2476.0 ms  ✓ ArrayInterface
   2460.0 ms  ✓ Functors
   2425.0 ms  ✓ SplitApplyCombine
   2527.2 ms  ✓ Tables
   2786.4 ms  ✓ Setfield
   2714.0 ms  ✓ Static
   2706.4 ms  ✓ TypeParameterAccessors
   2993.9 ms  ✓ ChainRulesCore
   3027.0 ms  ✓ Accessors
    379.2 ms  ✓ ArrayInterface → ArrayInterfaceStaticArraysCoreExt
    403.6 ms  ✓ ArrayInterface → ArrayInterfaceChainRulesCoreExt
    723.7 ms  ✓ TypeParameterAccessors → TypeParameterAccessorsStridedViewsExt
    731.3 ms  ✓ TypeParameterAccessors → TypeParameterAccessorsFillArraysExt
   1484.3 ms  ✓ Accessors → LinearAlgebraExt
   1538.9 ms  ✓ ArrayInterface → ArrayInterfaceSparseArraysExt
   1723.1 ms  ✓ ChainRulesCore → ChainRulesCoreSparseArraysExt
   1700.9 ms  ✓ Accessors → TestExt
   1768.5 ms  ✓ SplittablesBase
   1764.3 ms  ✓ StaticArrayInterface
    508.5 ms  ✓ EllipsisNotation
   1525.4 ms  ✓ BangBang
   6303.8 ms  ✓ StaticArrays
   1131.1 ms  ✓ BangBang → BangBangChainRulesCoreExt
   2716.7 ms  ✓ BangBang → BangBangTablesExt
   2711.5 ms  ✓ MicroCollections
   2704.3 ms  ✓ StaticArrays → StaticArraysChainRulesCoreExt
   2697.6 ms  ✓ ConstructionBase → ConstructionBaseStaticArraysExt
   2679.2 ms  ✓ Adapt → AdaptStaticArraysExt
   2670.9 ms  ✓ Accessors → StaticArraysExt
   2663.6 ms  ✓ StaticArrayInterface → StaticArrayInterfaceStaticArraysExt
   2659.2 ms  ✓ BangBang → BangBangStaticArraysExt
   9819.0 ms  ✓ IsApprox
   2962.1 ms  ✓ Transducers
   1316.3 ms  ✓ Transducers → TransducersAdaptExt
   1306.4 ms  ✓ Transducers → TransducersReferenceablesExt
   3006.1 ms  ✓ Folds
  11519.3 ms  ✓ ArrayLayouts
   1158.6 ms  ✓ ArrayLayouts → ArrayLayoutsSparseArraysExt
   2019.1 ms  ✓ BlockArrays
   1037.5 ms  ✓ BlockArrays → BlockArraysAdaptExt
   1542.6 ms  ✓ Transducers → TransducersBlockArraysExt
   4279.2 ms  ✓ NDTensors
   6387.0 ms  ✓ ITensors
   2486.8 ms  ✓ ITensors → ITensorsVectorInterfaceExt
  92 dependencies successfully precompiled in 51 seconds. 30 already precompiled.
Precompiling ITensorMPS...
   1796.3 ms  ✓ KrylovKit
    769.6 ms  ✓ KrylovKit → KrylovKitChainRulesCoreExt
   5079.9 ms  ✓ ITensorMPS
   3007.0 ms  ✓ ITensorMPS → ITensorMPSChainRulesCoreExt
  4 dependencies successfully precompiled in 11 seconds. 122 already precompiled.
Generating random tensor of size 2^30
Number of threads: 256
rand wtime:   5.580076 seconds (119.86 k allocations: 8.006 GiB, 1.47% gc time, 1.46% compilation time)
calculate TT-SVD of rank 18
tt-svd wtime: 696.279471 seconds (477.53 M allocations: 399.923 GiB, 4.67% gc time, 40.45% compilation time)
tt-svd wtime: 416.724368 seconds (17.04 k allocations: 377.009 GiB, 7.72% gc time)
Precompiling ITensors...
   1194.0 ms  ✓ ExternalDocstrings
   3504.1 ms  ✓ DefineSingletons
   3354.0 ms  ✓ DataValueInterfaces
   3693.0 ms  ✓ OrderedCollections
   3674.2 ms  ✓ HalfIntegers
   3632.4 ms  ✓ InverseFunctions
   3625.0 ms  ✓ VectorInterface
   3618.2 ms  ✓ DocStringExtensions
   3603.2 ms  ✓ ExprTools
   3595.9 ms  ✓ IfElse
   3589.4 ms  ✓ ConstructionBase
   3582.5 ms  ✓ IteratorInterfaceExtensions
   3575.0 ms  ✓ CommonWorldInvalidations
   3569.8 ms  ✓ DataAPI
   3630.4 ms  ✓ InlineStrings
   3692.2 ms  ✓ FillArrays
    614.6 ms  ✓ PackageExtensionCompat
   3646.7 ms  ✓ StaticArraysCore
   4242.2 ms  ✓ ArgCheck
   4225.3 ms  ✓ BitIntegers
   4219.0 ms  ✓ CompositionsBase
   4201.7 ms  ✓ Indexing
   4174.6 ms  ✓ TupleTools
   4158.1 ms  ✓ SerializedElementArrays
   4151.9 ms  ✓ Requires
   4146.0 ms  ✓ Zeros
   4139.0 ms  ✓ Compat
   4123.8 ms  ✓ InverseFunctions → InverseFunctionsDatesExt
   4761.1 ms  ✓ InitialValues
   4694.7 ms  ✓ Preferences
   5021.2 ms  ✓ Baselet
   4483.7 ms  ✓ InverseFunctions → InverseFunctionsTestExt
   5071.8 ms  ✓ MacroTools
    850.0 ms  ✓ TableTraits
   2770.9 ms  ✓ TimerOutputs
   2211.4 ms  ✓ ConstructionBase → ConstructionBaseLinearAlgebraExt
   2194.2 ms  ✓ FillArrays → FillArraysSparseArraysExt
   2441.9 ms  ✓ StridedViews
   2426.9 ms  ✓ CompositionsBase → CompositionsBaseInverseFunctionsExt
   2414.3 ms  ✓ Adapt
   2408.1 ms  ✓ Compat → CompatLinearAlgebraExt
   2402.6 ms  ✓ PrecompileTools
   2568.5 ms  ✓ ThreadedScans
   2521.1 ms  ✓ SimpleTraits
   2556.0 ms  ✓ Dictionaries
    562.8 ms  ✓ Referenceables
    714.2 ms  ✓ ArrayInterface
   1698.4 ms  ✓ ChainRulesCore
   1009.7 ms  ✓ Adapt → AdaptSparseArraysExt
   1037.8 ms  ✓ Strided
   1137.5 ms  ✓ Functors
   1502.4 ms  ✓ SplitApplyCombine
   1750.2 ms  ✓ Tables
   1670.5 ms  ✓ Static
   1743.5 ms  ✓ Setfield
   1664.7 ms  ✓ TypeParameterAccessors
   2012.3 ms  ✓ Accessors
    372.6 ms  ✓ ArrayInterface → ArrayInterfaceStaticArraysCoreExt
    416.8 ms  ✓ ArrayInterface → ArrayInterfaceChainRulesCoreExt
    494.2 ms  ✓ TypeParameterAccessors → TypeParameterAccessorsStridedViewsExt
    549.3 ms  ✓ TypeParameterAccessors → TypeParameterAccessorsFillArraysExt
    608.5 ms  ✓ ArrayInterface → ArrayInterfaceSparseArraysExt
    710.2 ms  ✓ ChainRulesCore → ChainRulesCoreSparseArraysExt
    654.4 ms  ✓ Accessors → LinearAlgebraExt
    938.1 ms  ✓ Accessors → TestExt
   1174.1 ms  ✓ SplittablesBase
   1259.8 ms  ✓ StaticArrayInterface
    923.0 ms  ✓ BangBang
    595.2 ms  ✓ EllipsisNotation
    750.4 ms  ✓ BangBang → BangBangChainRulesCoreExt
    744.0 ms  ✓ BangBang → BangBangTablesExt
    922.6 ms  ✓ MicroCollections
   5848.0 ms  ✓ StaticArrays
    957.3 ms  ✓ ConstructionBase → ConstructionBaseStaticArraysExt
   1199.5 ms  ✓ Adapt → AdaptStaticArraysExt
   1233.7 ms  ✓ StaticArrays → StaticArraysChainRulesCoreExt
   1193.0 ms  ✓ Accessors → StaticArraysExt
   1183.9 ms  ✓ StaticArrayInterface → StaticArrayInterfaceStaticArraysExt
   1176.3 ms  ✓ BangBang → BangBangStaticArraysExt
   2803.4 ms  ✓ Transducers
   1024.7 ms  ✓ Transducers → TransducersReferenceablesExt
   1037.4 ms  ✓ Transducers → TransducersAdaptExt
  10208.4 ms  ✓ IsApprox
   2742.5 ms  ✓ Folds
  11213.3 ms  ✓ ArrayLayouts
   1146.1 ms  ✓ ArrayLayouts → ArrayLayoutsSparseArraysExt
   2027.2 ms  ✓ BlockArrays
   1041.6 ms  ✓ BlockArrays → BlockArraysAdaptExt
   1542.8 ms  ✓ Transducers → TransducersBlockArraysExt
   4030.8 ms  ✓ NDTensors
   6398.6 ms  ✓ ITensors
   2393.1 ms  ✓ ITensors → ITensorsVectorInterfaceExt
  92 dependencies successfully precompiled in 49 seconds. 30 already precompiled.
Precompiling ITensorMPS...
   1752.8 ms  ✓ KrylovKit
    875.5 ms  ✓ KrylovKit → KrylovKitChainRulesCoreExt
   5067.5 ms  ✓ ITensorMPS
   2872.9 ms  ✓ ITensorMPS → ITensorMPSChainRulesCoreExt
  4 dependencies successfully precompiled in 11 seconds. 122 already precompiled.
Generating random tensor of size 2^30
Number of threads: 256
rand wtime:   5.789487 seconds (119.86 k allocations: 8.006 GiB, 1.70% gc time, 1.41% compilation time)
calculate TT-SVD of rank 19
tt-svd wtime: 721.970369 seconds (477.47 M allocations: 404.421 GiB, 4.44% gc time, 38.90% compilation time)
tt-svd wtime: 443.678691 seconds (17.04 k allocations: 381.509 GiB, 7.38% gc time)
Precompiling ITensors...
    335.7 ms  ✓ ExternalDocstrings
    443.4 ms  ✓ DefineSingletons
    325.4 ms  ✓ DataValueInterfaces
    286.6 ms  ✓ IfElse
    284.2 ms  ✓ IteratorInterfaceExtensions
    333.9 ms  ✓ CommonWorldInvalidations
    450.3 ms  ✓ HalfIntegers
    375.3 ms  ✓ ExprTools
    367.1 ms  ✓ DataAPI
    450.1 ms  ✓ InverseFunctions
    422.3 ms  ✓ ConstructionBase
    557.4 ms  ✓ OrderedCollections
    497.9 ms  ✓ DocStringExtensions
    521.3 ms  ✓ VectorInterface
    292.9 ms  ✓ PackageExtensionCompat
    595.6 ms  ✓ InlineStrings
    302.4 ms  ✓ CompositionsBase
    368.1 ms  ✓ ArgCheck
    423.5 ms  ✓ Indexing
    418.2 ms  ✓ StaticArraysCore
    393.7 ms  ✓ TupleTools
    379.8 ms  ✓ SerializedElementArrays
    606.5 ms  ✓ BitIntegers
    956.9 ms  ✓ FillArrays
    335.4 ms  ✓ TableTraits
    459.7 ms  ✓ Requires
    448.7 ms  ✓ Zeros
    530.9 ms  ✓ Compat
    510.2 ms  ✓ InverseFunctions → InverseFunctionsDatesExt
    357.0 ms  ✓ ConstructionBase → ConstructionBaseLinearAlgebraExt
    817.6 ms  ✓ InitialValues
    655.3 ms  ✓ Preferences
    366.5 ms  ✓ CompositionsBase → CompositionsBaseInverseFunctionsExt
    421.2 ms  ✓ StridedViews
    508.3 ms  ✓ InverseFunctions → InverseFunctionsTestExt
    407.5 ms  ✓ Adapt
    978.8 ms  ✓ Baselet
    374.6 ms  ✓ Compat → CompatLinearAlgebraExt
    567.2 ms  ✓ FillArrays → FillArraysSparseArraysExt
    435.9 ms  ✓ PrecompileTools
    792.7 ms  ✓ ThreadedScans
    797.9 ms  ✓ Tables
    384.9 ms  ✓ Referenceables
    575.8 ms  ✓ Strided
    481.4 ms  ✓ Adapt → AdaptSparseArraysExt
    978.3 ms  ✓ Dictionaries
    517.4 ms  ✓ ArrayInterface
    596.1 ms  ✓ Functors
   1813.9 ms  ✓ MacroTools
   1647.7 ms  ✓ TimerOutputs
    346.6 ms  ✓ ArrayInterface → ArrayInterfaceStaticArraysCoreExt
    510.0 ms  ✓ ArrayInterface → ArrayInterfaceSparseArraysExt
    764.1 ms  ✓ Static
    605.8 ms  ✓ SplitApplyCombine
   1192.6 ms  ✓ ChainRulesCore
    671.0 ms  ✓ SimpleTraits
    380.7 ms  ✓ ArrayInterface → ArrayInterfaceChainRulesCoreExt
    531.7 ms  ✓ ChainRulesCore → ChainRulesCoreSparseArraysExt
   1032.1 ms  ✓ Setfield
   1106.1 ms  ✓ StaticArrayInterface
    870.0 ms  ✓ TypeParameterAccessors
   1715.2 ms  ✓ Accessors
    429.6 ms  ✓ EllipsisNotation
    812.6 ms  ✓ SplittablesBase
    404.5 ms  ✓ TypeParameterAccessors → TypeParameterAccessorsStridedViewsExt
    415.3 ms  ✓ TypeParameterAccessors → TypeParameterAccessorsFillArraysExt
    479.3 ms  ✓ Accessors → LinearAlgebraExt
    527.3 ms  ✓ Accessors → TestExt
    738.6 ms  ✓ BangBang
    500.2 ms  ✓ BangBang → BangBangChainRulesCoreExt
    517.6 ms  ✓ BangBang → BangBangTablesExt
    663.8 ms  ✓ MicroCollections
   5588.5 ms  ✓ StaticArrays
    560.9 ms  ✓ ConstructionBase → ConstructionBaseStaticArraysExt
    583.5 ms  ✓ StaticArrays → StaticArraysChainRulesCoreExt
    577.8 ms  ✓ StaticArrayInterface → StaticArrayInterfaceStaticArraysExt
    606.3 ms  ✓ Adapt → AdaptStaticArraysExt
    623.3 ms  ✓ Accessors → StaticArraysExt
    613.2 ms  ✓ BangBang → BangBangStaticArraysExt
   2403.7 ms  ✓ Transducers
    586.7 ms  ✓ Transducers → TransducersAdaptExt
    577.5 ms  ✓ Transducers → TransducersReferenceablesExt
   9317.4 ms  ✓ IsApprox
   2536.9 ms  ✓ Folds
  11213.5 ms  ✓ ArrayLayouts
    951.2 ms  ✓ ArrayLayouts → ArrayLayoutsSparseArraysExt
   1728.3 ms  ✓ BlockArrays
    890.3 ms  ✓ BlockArrays → BlockArraysAdaptExt
   1176.2 ms  ✓ Transducers → TransducersBlockArraysExt
   3237.0 ms  ✓ NDTensors
   5505.3 ms  ✓ ITensors
   1780.5 ms  ✓ ITensors → ITensorsVectorInterfaceExt
  92 dependencies successfully precompiled in 33 seconds. 30 already precompiled.
Precompiling ITensorMPS...
   1593.2 ms  ✓ KrylovKit
    581.8 ms  ✓ KrylovKit → KrylovKitChainRulesCoreExt
   4696.0 ms  ✓ ITensorMPS
   2358.6 ms  ✓ ITensorMPS → ITensorMPSChainRulesCoreExt
  4 dependencies successfully precompiled in 10 seconds. 122 already precompiled.
Generating random tensor of size 2^30
Number of threads: 256
rand wtime:   5.598333 seconds (119.86 k allocations: 8.006 GiB, 1.44% gc time, 1.46% compilation time)
calculate TT-SVD of rank 20
tt-svd wtime: 714.890567 seconds (477.43 M allocations: 408.920 GiB, 4.55% gc time, 39.40% compilation time)
tt-svd wtime: 437.305550 seconds (17.04 k allocations: 386.009 GiB, 7.44% gc time)
Generating random tensor of size 2^30
Number of threads: 256
rand wtime:   5.547469 seconds (119.87 k allocations: 8.006 GiB, 0.46% gc time, 1.45% compilation time)
calculate TT-SVD of rank 21
tt-svd wtime: 746.817754 seconds (477.43 M allocations: 413.420 GiB, 4.50% gc time, 37.81% compilation time)
tt-svd wtime: 465.072288 seconds (17.04 k allocations: 390.509 GiB, 7.00% gc time)
Generating random tensor of size 2^30
Number of threads: 256
rand wtime:   5.502814 seconds (119.87 k allocations: 8.006 GiB, 0.47% gc time, 1.46% compilation time)
calculate TT-SVD of rank 22
tt-svd wtime: 735.116439 seconds (477.43 M allocations: 417.920 GiB, 4.47% gc time, 38.21% compilation time)
tt-svd wtime: 456.277024 seconds (17.04 k allocations: 395.010 GiB, 7.32% gc time)
Generating random tensor of size 2^30
Number of threads: 256
rand wtime:   5.500622 seconds (119.87 k allocations: 8.006 GiB, 0.43% gc time, 1.45% compilation time)
calculate TT-SVD of rank 23
tt-svd wtime: 773.478081 seconds (477.43 M allocations: 422.420 GiB, 4.32% gc time, 36.41% compilation time)
tt-svd wtime: 486.572088 seconds (17.04 k allocations: 399.510 GiB, 6.83% gc time)
Generating random tensor of size 2^30
Number of threads: 256
rand wtime:   5.500881 seconds (119.87 k allocations: 8.006 GiB, 0.46% gc time, 1.44% compilation time)
calculate TT-SVD of rank 24
tt-svd wtime: 757.089297 seconds (477.43 M allocations: 426.920 GiB, 4.40% gc time, 37.12% compilation time)
tt-svd wtime: 481.420815 seconds (17.04 k allocations: 404.010 GiB, 7.07% gc time)
Generating random tensor of size 2^30
Number of threads: 256
rand wtime:   5.461831 seconds (119.87 k allocations: 8.006 GiB, 0.41% gc time, 1.46% compilation time)
calculate TT-SVD of rank 25
tt-svd wtime: 795.268019 seconds (477.43 M allocations: 431.420 GiB, 4.34% gc time, 35.59% compilation time)
tt-svd wtime: 514.839255 seconds (17.04 k allocations: 408.510 GiB, 6.68% gc time)
Generating random tensor of size 2^30
Number of threads: 256
rand wtime:   5.477774 seconds (119.87 k allocations: 8.006 GiB, 0.47% gc time, 1.46% compilation time)
calculate TT-SVD of rank 26
tt-svd wtime: 776.366245 seconds (477.43 M allocations: 435.921 GiB, 4.51% gc time, 36.28% compilation time)
tt-svd wtime: 500.700254 seconds (17.04 k allocations: 413.010 GiB, 6.96% gc time)
Generating random tensor of size 2^30
Number of threads: 256
rand wtime:   5.487462 seconds (119.87 k allocations: 8.006 GiB, 0.47% gc time, 1.45% compilation time)
calculate TT-SVD of rank 27
tt-svd wtime: 815.753284 seconds (477.43 M allocations: 440.421 GiB, 4.18% gc time, 34.51% compilation time)
tt-svd wtime: 537.197718 seconds (17.04 k allocations: 417.511 GiB, 6.46% gc time)
Generating random tensor of size 2^30
Number of threads: 256
rand wtime:   5.474896 seconds (119.87 k allocations: 8.006 GiB, 0.47% gc time, 1.46% compilation time)
calculate TT-SVD of rank 28
tt-svd wtime: 802.795620 seconds (477.43 M allocations: 444.921 GiB, 4.33% gc time, 35.20% compilation time)
tt-svd wtime: 521.288830 seconds (17.04 k allocations: 422.011 GiB, 6.74% gc time)
Generating random tensor of size 2^30
Number of threads: 256
rand wtime:   5.478929 seconds (119.87 k allocations: 8.006 GiB, 0.43% gc time, 1.45% compilation time)
calculate TT-SVD of rank 29
tt-svd wtime: 838.089282 seconds (477.43 M allocations: 449.421 GiB, 4.30% gc time, 33.56% compilation time)
tt-svd wtime: 559.830181 seconds (17.04 k allocations: 426.511 GiB, 6.30% gc time)
Generating random tensor of size 2^30
Number of threads: 256
rand wtime:   5.489345 seconds (119.87 k allocations: 8.006 GiB, 0.43% gc time, 1.45% compilation time)
calculate TT-SVD of rank 30
tt-svd wtime: 813.044440 seconds (477.43 M allocations: 453.922 GiB, 4.34% gc time, 34.66% compilation time)
tt-svd wtime: 534.371824 seconds (17.04 k allocations: 431.011 GiB, 6.63% gc time)
Generating random tensor of size 2^30
Number of threads: 256
rand wtime:   5.490821 seconds (119.87 k allocations: 8.006 GiB, 0.47% gc time, 1.46% compilation time)
calculate TT-SVD of rank 31
tt-svd wtime: 861.389905 seconds (477.43 M allocations: 458.422 GiB, 4.30% gc time, 32.81% compilation time)
tt-svd wtime: 583.324616 seconds (17.04 k allocations: 435.511 GiB, 6.29% gc time)
Generating random tensor of size 2^30
Number of threads: 256
rand wtime:   5.482626 seconds (119.87 k allocations: 8.006 GiB, 0.46% gc time, 1.46% compilation time)
calculate TT-SVD of rank 32
srun: Job step aborted: Waiting up to 32 seconds for job step to finish.
[2025-09-23T19:40:56.093] error: *** JOB 243004 ON be-amd01 CANCELLED AT 2025-09-23T19:40:56 DUE TO TIME LIMIT ***
[2025-09-23T19:40:56.094] error: *** STEP 243004.31 ON be-amd01 CANCELLED AT 2025-09-23T19:40:56 DUE TO TIME LIMIT ***
