Precompiling ITensors...
┌ Warning: attempting to remove probably stale pidfile
│   path = "/home/zoel_ml/.julia/compiled/v1.11/TypeParameterAccessors/mAwTd_BPjBk.ji.pidfile"
└ @ FileWatching.Pidfile ~/.julia/juliaup/julia-1.11.7+0.x64.linux.gnu/share/julia/stdlib/v1.11/FileWatching/src/pidfile.jl:249
┌ Warning: attempting to remove probably stale pidfile
│   path = "/home/zoel_ml/.julia/compiled/v1.11/Accessors/XelUh_BPjBk.ji.pidfile"
└ @ FileWatching.Pidfile ~/.julia/juliaup/julia-1.11.7+0.x64.linux.gnu/share/julia/stdlib/v1.11/FileWatching/src/pidfile.jl:249
┌ Warning: attempting to remove probably stale pidfile
│   path = "/home/zoel_ml/.julia/compiled/v1.11/SplittablesBase/htRqy_BPjBk.ji.pidfile"
└ @ FileWatching.Pidfile ~/.julia/juliaup/julia-1.11.7+0.x64.linux.gnu/share/julia/stdlib/v1.11/FileWatching/src/pidfile.jl:249
┌ Warning: attempting to remove probably stale pidfile
│   path = "/home/zoel_ml/.julia/compiled/v1.11/StaticArrays/yY9vm_BPjBk.ji.pidfile"
└ @ FileWatching.Pidfile ~/.julia/juliaup/julia-1.11.7+0.x64.linux.gnu/share/julia/stdlib/v1.11/FileWatching/src/pidfile.jl:249
┌ Warning: attempting to remove probably stale pidfile
│   path = "/home/zoel_ml/.julia/compiled/v1.11/StaticArrayInterface/1FInX_BPjBk.ji.pidfile"
└ @ FileWatching.Pidfile ~/.julia/juliaup/julia-1.11.7+0.x64.linux.gnu/share/julia/stdlib/v1.11/FileWatching/src/pidfile.jl:249
    873.0 ms  ✓ SplittablesBase
   1882.4 ms  ✓ TypeParameterAccessors
   1231.4 ms  ✓ StaticArrayInterface
┌ Warning: attempting to remove probably stale pidfile
│   path = "/home/zoel_ml/.julia/compiled/v1.11/EllipsisNotation/8VWla_BPjBk.ji.pidfile"
└ @ FileWatching.Pidfile ~/.julia/juliaup/julia-1.11.7+0.x64.linux.gnu/share/julia/stdlib/v1.11/FileWatching/src/pidfile.jl:249
    431.4 ms  ✓ TypeParameterAccessors → TypeParameterAccessorsStridedViewsExt
    577.7 ms  ✓ TypeParameterAccessors → TypeParameterAccessorsFillArraysExt
   1836.5 ms  ✓ Accessors
    461.9 ms  ✓ EllipsisNotation
    513.6 ms  ✓ Accessors → LinearAlgebraExt
    567.4 ms  ✓ Accessors → TestExt
    749.4 ms  ✓ BangBang
    517.5 ms  ✓ BangBang → BangBangTablesExt
    532.3 ms  ✓ BangBang → BangBangChainRulesCoreExt
    675.0 ms  ✓ MicroCollections
   2305.5 ms  ✓ Transducers
   6040.1 ms  ✓ StaticArrays
    682.7 ms  ✓ Transducers → TransducersAdaptExt
    679.4 ms  ✓ Transducers → TransducersReferenceablesExt
    616.9 ms  ✓ Adapt → AdaptStaticArraysExt
    636.4 ms  ✓ ConstructionBase → ConstructionBaseStaticArraysExt
    657.9 ms  ✓ StaticArrays → StaticArraysChainRulesCoreExt
    664.0 ms  ✓ StaticArrayInterface → StaticArrayInterfaceStaticArraysExt
    697.6 ms  ✓ Accessors → StaticArraysExt
    702.2 ms  ✓ BangBang → BangBangStaticArraysExt
   2697.9 ms  ✓ Folds
  10466.6 ms  ✓ IsApprox
  10875.3 ms  ✓ ArrayLayouts
   1053.1 ms  ✓ ArrayLayouts → ArrayLayoutsSparseArraysExt
   1803.3 ms  ✓ BlockArrays
    987.9 ms  ✓ BlockArrays → BlockArraysAdaptExt
   1339.2 ms  ✓ Transducers → TransducersBlockArraysExt
   3210.7 ms  ✓ NDTensors
   5655.3 ms  ✓ ITensors
   2013.2 ms  ✓ ITensors → ITensorsVectorInterfaceExt
  33 dependencies successfully precompiled in 33 seconds. 89 already precompiled.
Precompiling ITensorMPS...
   1475.2 ms  ✓ KrylovKit
    559.8 ms  ✓ KrylovKit → KrylovKitChainRulesCoreExt
   4815.1 ms  ✓ ITensorMPS
   2693.5 ms  ✓ ITensorMPS → ITensorMPSChainRulesCoreExt
  4 dependencies successfully precompiled in 10 seconds. 122 already precompiled.
Generating random tensor of size 2^27
Number of threads: 64
rand wtime:   0.935684 seconds (119.86 k allocations: 1.006 GiB, 16.07% gc time, 9.07% compilation time)
calculate TT-SVD of rank 1
tt-svd wtime: 242.912898 seconds (482.53 M allocations: 37.344 GiB, 2.42% gc time, 95.68% compilation time)
tt-svd wtime:  10.077743 seconds (14.86 k allocations: 14.006 GiB, 20.65% gc time)
Generating random tensor of size 2^27
Number of threads: 64
rand wtime:   0.815915 seconds (119.87 k allocations: 1.006 GiB, 4.79% gc time, 10.11% compilation time)
calculate TT-SVD of rank 2
tt-svd wtime: 235.093017 seconds (402.59 M allocations: 41.450 GiB, 2.70% gc time, 93.06% compilation time)
tt-svd wtime:  15.922900 seconds (14.96 k allocations: 22.006 GiB, 18.52% gc time)
Precompiling ITensors...
    384.1 ms  ✓ IfElse
    419.8 ms  ✓ DataValueInterfaces
    379.5 ms  ✓ IteratorInterfaceExtensions
    437.2 ms  ✓ ExternalDocstrings
    488.1 ms  ✓ DefineSingletons
    416.9 ms  ✓ DataAPI
    424.8 ms  ✓ CommonWorldInvalidations
    453.4 ms  ✓ ExprTools
    537.0 ms  ✓ HalfIntegers
    534.4 ms  ✓ InverseFunctions
    510.7 ms  ✓ ConstructionBase
    594.5 ms  ✓ DocStringExtensions
    617.8 ms  ✓ VectorInterface
    670.3 ms  ✓ OrderedCollections
    689.3 ms  ✓ InlineStrings
    378.0 ms  ✓ PackageExtensionCompat
    414.4 ms  ✓ TableTraits
    423.3 ms  ✓ CompositionsBase
    575.3 ms  ✓ ArgCheck
    542.4 ms  ✓ Indexing
    539.8 ms  ✓ StaticArraysCore
    504.6 ms  ✓ TupleTools
    495.1 ms  ✓ SerializedElementArrays
   1056.5 ms  ✓ FillArrays
    680.7 ms  ✓ BitIntegers
    536.0 ms  ✓ Requires
    544.9 ms  ✓ Zeros
    598.2 ms  ✓ Compat
    978.7 ms  ✓ InitialValues
    763.0 ms  ✓ Preferences
    614.6 ms  ✓ InverseFunctions → InverseFunctionsDatesExt
    445.8 ms  ✓ ConstructionBase → ConstructionBaseLinearAlgebraExt
    442.1 ms  ✓ CompositionsBase → CompositionsBaseInverseFunctionsExt
    494.3 ms  ✓ StridedViews
    609.5 ms  ✓ InverseFunctions → InverseFunctionsTestExt
    491.6 ms  ✓ Adapt
   1197.7 ms  ✓ Baselet
    494.3 ms  ✓ Compat → CompatLinearAlgebraExt
    662.5 ms  ✓ FillArrays → FillArraysSparseArraysExt
    844.3 ms  ✓ Tables
    499.4 ms  ✓ PrecompileTools
    880.9 ms  ✓ ThreadedScans
   1023.6 ms  ✓ Dictionaries
    446.7 ms  ✓ Referenceables
    628.5 ms  ✓ Strided
    555.6 ms  ✓ ArrayInterface
    637.2 ms  ✓ Adapt → AdaptSparseArraysExt
    653.8 ms  ✓ Functors
    429.8 ms  ✓ ArrayInterface → ArrayInterfaceStaticArraysCoreExt
    696.2 ms  ✓ SplitApplyCombine
    870.6 ms  ✓ Static
   2028.2 ms  ✓ TimerOutputs
   2127.1 ms  ✓ MacroTools
    685.5 ms  ✓ ArrayInterface → ArrayInterfaceSparseArraysExt
   1287.8 ms  ✓ ChainRulesCore
    433.9 ms  ✓ ArrayInterface → ArrayInterfaceChainRulesCoreExt
    606.6 ms  ✓ ChainRulesCore → ChainRulesCoreSparseArraysExt
    726.8 ms  ✓ SimpleTraits
   1119.3 ms  ✓ Setfield
   1238.1 ms  ✓ StaticArrayInterface
    477.5 ms  ✓ EllipsisNotation
    946.9 ms  ✓ TypeParameterAccessors
   1902.2 ms  ✓ Accessors
    896.1 ms  ✓ SplittablesBase
    471.0 ms  ✓ TypeParameterAccessors → TypeParameterAccessorsStridedViewsExt
    480.3 ms  ✓ TypeParameterAccessors → TypeParameterAccessorsFillArraysExt
    549.4 ms  ✓ Accessors → LinearAlgebraExt
    644.8 ms  ✓ Accessors → TestExt
    777.5 ms  ✓ BangBang
    561.5 ms  ✓ BangBang → BangBangChainRulesCoreExt
    568.0 ms  ✓ BangBang → BangBangTablesExt
    706.1 ms  ✓ MicroCollections
   6244.0 ms  ✓ StaticArrays
    653.4 ms  ✓ Adapt → AdaptStaticArraysExt
    667.7 ms  ✓ ConstructionBase → ConstructionBaseStaticArraysExt
    707.5 ms  ✓ StaticArrays → StaticArraysChainRulesCoreExt
    708.7 ms  ✓ StaticArrayInterface → StaticArrayInterfaceStaticArraysExt
    747.3 ms  ✓ BangBang → BangBangStaticArraysExt
    760.0 ms  ✓ Accessors → StaticArraysExt
   2463.8 ms  ✓ Transducers
    743.4 ms  ✓ Transducers → TransducersReferenceablesExt
    751.3 ms  ✓ Transducers → TransducersAdaptExt
  10798.1 ms  ✓ IsApprox
   5817.7 ms  ? Folds
  11252.9 ms  ✓ ArrayLayouts
  20851.8 ms  ✓ BlockArrays
   1574.8 ms  ✓ BlockArrays → BlockArraysAdaptExt
  48260.2 ms  ✓ ArrayLayouts → ArrayLayoutsSparseArraysExt
  59199.9 ms  ✓ Transducers → TransducersBlockArraysExt
  20774.8 ms  ? NDTensors
  69416.4 ms  ✓ ITensors
   2717.7 ms  ✓ ITensors → ITensorsVectorInterfaceExt
  90 dependencies successfully precompiled in 193 seconds. 30 already precompiled.
  2 dependencies failed but may be precompilable after restarting julia
  2 dependencies had output during precompilation:
┌ NDTensors
│  ┌ Warning: Module SimpleTraits with build ID fafbfcfd-4c85-0dc6-587b-eab42bb9409b is missing from the cache.
│  │ This may mean SimpleTraits [699a6c99-e7fa-54fc-8d76-47d257e15c1d] does not support precompilation but is imported by a module that does.
│  └ @ Base loading.jl:2541
└  
┌ Folds
│  ┌ Warning: The call to compilecache failed to create a usable precompiled cache file for Accessors [7d9f7c33-5ae7-4f3b-8dc6-eff91059b697]
│  │   exception = Required dependency Base.PkgId(Base.UUID("1914dd2f-81c6-5fcd-8719-6d5c9610ff09"), "MacroTools") failed to load from a cache file.
│  └ @ Base loading.jl:2596
└  
Precompiling ITensorMPS...
    348.2 ms  ✓ IfElse
    513.9 ms  ✓ CommonWorldInvalidations
    707.7 ms  ✓ HalfIntegers
    586.2 ms  ✓ ArrayInterface
    927.8 ms  ✓ FillArrays
    425.2 ms  ✓ ArrayInterface → ArrayInterfaceChainRulesCoreExt
    422.4 ms  ✓ ArrayInterface → ArrayInterfaceStaticArraysCoreExt
    713.9 ms  ✓ ArrayInterface → ArrayInterfaceSparseArraysExt
    806.7 ms  ✓ TypeParameterAccessors → TypeParameterAccessorsFillArraysExt
   1210.2 ms  ✓ Static
    819.1 ms  ✓ FillArrays → FillArraysSparseArraysExt
   1812.7 ms  ✓ KrylovKit
    718.2 ms  ✓ KrylovKit → KrylovKitChainRulesCoreExt
   1289.8 ms  ✓ StaticArrayInterface
    457.8 ms  ✓ EllipsisNotation
    768.0 ms  ✓ StaticArrayInterface → StaticArrayInterfaceStaticArraysExt
  10707.5 ms  ✓ ArrayLayouts
   1174.1 ms  ✓ ArrayLayouts → ArrayLayoutsSparseArraysExt
   1780.1 ms  ✓ BlockArrays
   1132.4 ms  ✓ BlockArrays → BlockArraysAdaptExt
   1315.2 ms  ✓ Transducers → TransducersBlockArraysExt
   4815.1 ms  ✓ ITensorMPS
   2723.7 ms  ✓ ITensorMPS → ITensorMPSChainRulesCoreExt
  23 dependencies successfully precompiled in 22 seconds. 103 already precompiled.
Generating random tensor of size 2^27
Number of threads: 64
rand wtime:   0.829177 seconds (119.86 k allocations: 1.006 GiB, 1.03% gc time, 13.95% compilation time)
calculate TT-SVD of rank 3
tt-svd wtime: 238.903973 seconds (402.59 M allocations: 45.950 GiB, 2.70% gc time, 91.64% compilation time)
tt-svd wtime:  19.837015 seconds (14.96 k allocations: 26.506 GiB, 16.90% gc time)
Generating random tensor of size 2^27
Number of threads: 64
rand wtime:   0.941479 seconds (119.87 k allocations: 1.006 GiB, 7.48% gc time, 12.36% compilation time)
calculate TT-SVD of rank 4
tt-svd wtime: 244.645512 seconds (402.67 M allocations: 49.454 GiB, 2.75% gc time, 90.15% compilation time)
tt-svd wtime:  23.965565 seconds (14.96 k allocations: 30.006 GiB, 16.34% gc time)
Precompiling ITensors...
    413.4 ms  ✓ DataValueInterfaces
    377.0 ms  ✓ IfElse
    386.9 ms  ✓ IteratorInterfaceExtensions
    450.5 ms  ✓ ExternalDocstrings
    520.3 ms  ✓ DefineSingletons
    401.9 ms  ✓ CommonWorldInvalidations
    437.1 ms  ✓ ExprTools
    442.6 ms  ✓ DataAPI
    499.9 ms  ✓ ConstructionBase
    551.4 ms  ✓ HalfIntegers
    535.1 ms  ✓ InverseFunctions
    Baselet Being precompiled by another machine (hostname: fe-store02, pid: 381988, pidfile: /home/zoel_ml/.julia/compiled/v1.11/Baselet/J6WYP_BPjBk.ji.pidfile)
    857.2 ms  ✓ DocStringExtensions
    856.8 ms  ✓ InlineStrings
    422.6 ms  ✓ Indexing
    918.6 ms  ✓ OrderedCollections
    889.7 ms  ✓ VectorInterface
    462.6 ms  ✓ TableTraits
    459.3 ms  ✓ CompositionsBase
    493.6 ms  ✓ ArgCheck
    489.3 ms  ✓ PackageExtensionCompat
    Dictionaries Being precompiled by another machine (hostname: fe-store02, pid: 381988, pidfile: /home/zoel_ml/.julia/compiled/v1.11/Dictionaries/OxieO_BPjBk.ji.pidfile)
    MacroTools Being precompiled by another machine (hostname: fe-store02, pid: 381988, pidfile: /home/zoel_ml/.julia/compiled/v1.11/MacroTools/38lnR_BPjBk.ji.pidfile)
    Tables Being precompiled by another machine (hostname: fe-store02, pid: 381988, pidfile: /home/zoel_ml/.julia/compiled/v1.11/Tables/Z804B_BPjBk.ji.pidfile)
    TimerOutputs Being precompiled by another machine (hostname: fe-store02, pid: 381988, pidfile: /home/zoel_ml/.julia/compiled/v1.11/TimerOutputs/hd2yD_BPjBk.ji.pidfile)
    ThreadedScans Being precompiled by another machine (hostname: fe-store02, pid: 381988, pidfile: /home/zoel_ml/.julia/compiled/v1.11/ThreadedScans/MvvI5_BPjBk.ji.pidfile)
    448.7 ms  ✓ StaticArraysCore
    990.2 ms  ✓ FillArrays
    FillArraysSparseArraysExt Being precompiled by another machine (hostname: fe-store02, pid: 381988, pidfile: /home/zoel_ml/.julia/compiled/v1.11/FillArraysSparseArraysExt/pkjPP_BPjBk.ji.pidfile)
    671.1 ms  ✓ BitIntegers
    598.9 ms  ✓ ConstructionBase → ConstructionBaseLinearAlgebraExt
    689.8 ms  ✓ TupleTools
    438.7 ms  ✓ SerializedElementArrays
    418.7 ms  ✓ CompositionsBase → CompositionsBaseInverseFunctionsExt
    444.6 ms  ✓ InverseFunctions → InverseFunctionsDatesExt
    516.4 ms  ✓ Zeros
    936.0 ms  ✓ InitialValues
    476.2 ms  ✓ StridedViews
    Strided Being precompiled by another machine (hostname: fe-store02, pid: 381988, pidfile: /home/zoel_ml/.julia/compiled/v1.11/Strided/88FL1_BPjBk.ji.pidfile)
    494.6 ms  ✓ Requires
    566.1 ms  ✓ Compat
    CompatLinearAlgebraExt Being precompiled by another machine (hostname: fe-store02, pid: 381988, pidfile: /home/zoel_ml/.julia/compiled/v1.11/CompatLinearAlgebraExt/Zxpzq_BPjBk.ji.pidfile)
    563.7 ms  ✓ InverseFunctions → InverseFunctionsTestExt
    712.7 ms  ✓ Preferences
    PrecompileTools Being precompiled by another machine (hostname: fe-store02, pid: 381988, pidfile: /home/zoel_ml/.julia/compiled/v1.11/PrecompileTools/AQ9Mk_BPjBk.ji.pidfile)
    420.2 ms  ✓ Adapt
    Referenceables Being precompiled by another machine (hostname: fe-store02, pid: 381988, pidfile: /home/zoel_ml/.julia/compiled/v1.11/Referenceables/vkK3D_BPjBk.ji.pidfile)
    AdaptSparseArraysExt Being precompiled by another machine (hostname: fe-store02, pid: 381988, pidfile: /home/zoel_ml/.julia/compiled/v1.11/AdaptSparseArraysExt/7qfxl_BPjBk.ji.pidfile)
    ArrayInterface Being precompiled by another machine (hostname: fe-store02, pid: 381988, pidfile: /home/zoel_ml/.julia/compiled/v1.11/ArrayInterface/7bROb_BPjBk.ji.pidfile)
  10650.8 ms  ✓ FillArrays → FillArraysSparseArraysExt
  10839.2 ms  ✓ Tables
  10876.3 ms  ✓ ThreadedScans
  10447.6 ms  ✓ Compat → CompatLinearAlgebraExt
    ChainRulesCore Being precompiled by another machine (hostname: fe-store02, pid: 381988, pidfile: /home/zoel_ml/.julia/compiled/v1.11/ChainRulesCore/G6ax7_BPjBk.ji.pidfile)
    Functors Being precompiled by another machine (hostname: fe-store02, pid: 381988, pidfile: /home/zoel_ml/.julia/compiled/v1.11/Functors/lER0H_BPjBk.ji.pidfile)
  11332.5 ms  ✓ Baselet
  10626.4 ms  ✓ Strided
  10460.1 ms  ✓ PrecompileTools
    StaticArrays Being precompiled by another machine (hostname: fe-store02, pid: 381988, pidfile: /home/zoel_ml/.julia/compiled/v1.11/StaticArrays/yY9vm_BPjBk.ji.pidfile)
    Static Being precompiled by another machine (hostname: fe-store02, pid: 381988, pidfile: /home/zoel_ml/.julia/compiled/v1.11/Static/4nGFz_BPjBk.ji.pidfile)
  10458.8 ms  ✓ Referenceables
  10553.1 ms  ✓ ArrayInterface
  10585.4 ms  ✓ Adapt → AdaptSparseArraysExt
    365.4 ms  ✓ ArrayInterface → ArrayInterfaceStaticArraysCoreExt
    550.7 ms  ✓ ArrayInterface → ArrayInterfaceSparseArraysExt
  21022.2 ms  ✓ Dictionaries
    IsApprox Being precompiled by another machine (hostname: fe-store02, pid: 381988, pidfile: /home/zoel_ml/.julia/compiled/v1.11/IsApprox/OVBjC_BPjBk.ji.pidfile)
  10660.3 ms  ✓ Functors
    669.0 ms  ✓ SplitApplyCombine
  21862.1 ms  ✓ TimerOutputs
  21977.4 ms  ✓ MacroTools
    Accessors Being precompiled by another machine (hostname: fe-store02, pid: 381988, pidfile: /home/zoel_ml/.julia/compiled/v1.11/Accessors/XelUh_BPjBk.ji.pidfile)
    666.0 ms  ✓ SimpleTraits
    TypeParameterAccessors Being precompiled by another machine (hostname: fe-store02, pid: 381988, pidfile: /home/zoel_ml/.julia/compiled/v1.11/TypeParameterAccessors/mAwTd_BPjBk.ji.pidfile)
   1022.6 ms  ✓ Setfield
    SplittablesBase Being precompiled by another machine (hostname: fe-store02, pid: 381988, pidfile: /home/zoel_ml/.julia/compiled/v1.11/SplittablesBase/htRqy_BPjBk.ji.pidfile)
  20787.4 ms  ✓ Static
  21175.9 ms  ✓ ChainRulesCore
    443.9 ms  ✓ ArrayInterface → ArrayInterfaceChainRulesCoreExt
    569.6 ms  ✓ ChainRulesCore → ChainRulesCoreSparseArraysExt
   1194.7 ms  ✓ StaticArrayInterface
  10906.2 ms  ✓ TypeParameterAccessors
    469.7 ms  ✓ EllipsisNotation
  10856.4 ms  ✓ SplittablesBase
    458.8 ms  ✓ TypeParameterAccessors → TypeParameterAccessorsFillArraysExt
    455.0 ms  ✓ TypeParameterAccessors → TypeParameterAccessorsStridedViewsExt
  21763.8 ms  ✓ Accessors
    518.0 ms  ✓ Accessors → LinearAlgebraExt
    571.8 ms  ✓ Accessors → TestExt
    725.3 ms  ✓ BangBang
    521.8 ms  ✓ BangBang → BangBangTablesExt
    551.7 ms  ✓ BangBang → BangBangChainRulesCoreExt
    694.0 ms  ✓ MicroCollections
    Transducers Being precompiled by another machine (hostname: fe-store02, pid: 381988, pidfile: /home/zoel_ml/.julia/compiled/v1.11/Transducers/cATK6_BPjBk.ji.pidfile)
  32322.3 ms  ✓ Transducers
    668.7 ms  ✓ Transducers → TransducersReferenceablesExt
    673.7 ms  ✓ Transducers → TransducersAdaptExt
  59860.5 ms  ✓ IsApprox
   2770.6 ms  ✓ Folds
  75520.6 ms  ✓ StaticArrays
    ArrayLayouts Being precompiled by another machine (hostname: fe-store02, pid: 381988, pidfile: /home/zoel_ml/.julia/compiled/v1.11/ArrayLayouts/QloHc_BPjBk.ji.pidfile)
    600.7 ms  ✓ Adapt → AdaptStaticArraysExt
    614.4 ms  ✓ ConstructionBase → ConstructionBaseStaticArraysExt
    647.3 ms  ✓ StaticArrays → StaticArraysChainRulesCoreExt
    657.7 ms  ✓ StaticArrayInterface → StaticArrayInterfaceStaticArraysExt
    693.6 ms  ✓ Accessors → StaticArraysExt
    757.1 ms  ✓ BangBang → BangBangStaticArraysExt
  30620.0 ms  ✓ ArrayLayouts
   1051.8 ms  ✓ ArrayLayouts → ArrayLayoutsSparseArraysExt
   1803.3 ms  ✓ BlockArrays
   1024.1 ms  ✓ BlockArrays → BlockArraysAdaptExt
   1388.3 ms  ✓ Transducers → TransducersBlockArraysExt
   3259.3 ms  ✓ NDTensors
   5748.5 ms  ✓ ITensors
   2057.8 ms  ✓ ITensors → ITensorsVectorInterfaceExt
  92 dependencies successfully precompiled in 133 seconds. 30 already precompiled.
Precompiling ITensorMPS...
   1454.2 ms  ✓ KrylovKit
    591.9 ms  ✓ KrylovKit → KrylovKitChainRulesCoreExt
   4809.1 ms  ✓ ITensorMPS
   2729.9 ms  ✓ ITensorMPS → ITensorMPSChainRulesCoreExt
  4 dependencies successfully precompiled in 10 seconds. 122 already precompiled.
Generating random tensor of size 2^27
Number of threads: 64
rand wtime:   0.948220 seconds (119.86 k allocations: 1.006 GiB, 13.58% gc time, 12.25% compilation time)
calculate TT-SVD of rank 5
tt-svd wtime: 244.147129 seconds (402.67 M allocations: 51.704 GiB, 2.94% gc time, 89.30% compilation time)
tt-svd wtime:  25.851047 seconds (14.96 k allocations: 32.256 GiB, 15.04% gc time)
Precompiling ITensors...
   2816.4 ms  ✓ DataValueInterfaces
   2356.7 ms  ✓ IfElse
   2347.1 ms  ✓ IteratorInterfaceExtensions
   2124.1 ms  ✓ CommonWorldInvalidations
   2941.3 ms  ✓ ExternalDocstrings
   3031.8 ms  ✓ DefineSingletons
   2405.8 ms  ✓ ExprTools
   2160.9 ms  ✓ DataAPI
   2395.6 ms  ✓ ConstructionBase
   2871.6 ms  ✓ HalfIntegers
   2784.5 ms  ✓ InverseFunctions
   2605.7 ms  ✓ DocStringExtensions
   2834.4 ms  ✓ VectorInterface
   3098.2 ms  ✓ OrderedCollections
   2721.0 ms  ✓ InlineStrings
    392.3 ms  ✓ PackageExtensionCompat
    393.4 ms  ✓ CompositionsBase
    597.7 ms  ✓ TableTraits
    612.9 ms  ✓ ArgCheck
    606.8 ms  ✓ StaticArraysCore
   3481.1 ms  ✓ FillArrays
    583.9 ms  ✓ SerializedElementArrays
    539.5 ms  ✓ Requires
    607.8 ms  ✓ TupleTools
    562.1 ms  ✓ Zeros
    729.6 ms  ✓ BitIntegers
    640.9 ms  ✓ Compat
    435.7 ms  ✓ Indexing
    782.2 ms  ✓ Preferences
    646.7 ms  ✓ ConstructionBase → ConstructionBaseLinearAlgebraExt
   1018.6 ms  ✓ InitialValues
    Setfield Being precompiled by another machine (hostname: be-amd01, pid: 1078490, pidfile: /home/zoel_ml/.julia/compiled/v1.11/Setfield/dVM1R_BPjBk.ji.pidfile)
    633.9 ms  ✓ CompositionsBase → CompositionsBaseInverseFunctionsExt
    666.1 ms  ✓ InverseFunctions → InverseFunctionsTestExt
    662.9 ms  ✓ StridedViews
    635.0 ms  ✓ InverseFunctions → InverseFunctionsDatesExt
    594.6 ms  ✓ Adapt
    540.6 ms  ✓ Compat → CompatLinearAlgebraExt
    Accessors Being precompiled by another machine (hostname: be-amd01, pid: 1078803, pidfile: /home/zoel_ml/.julia/compiled/v1.11/Accessors/XelUh_BPjBk.ji.pidfile)
    900.8 ms  ✓ FillArrays → FillArraysSparseArraysExt
    878.5 ms  ✓ ThreadedScans
    580.2 ms  ✓ PrecompileTools
    StaticArrays Being precompiled by another machine (hostname: be-amd01, pid: 1074131, pidfile: /home/zoel_ml/.julia/compiled/v1.11/StaticArrays/yY9vm_BPjBk.ji.pidfile)
   1121.7 ms  ✓ Tables
   1257.9 ms  ✓ Baselet
   1079.5 ms  ✓ Dictionaries
    IsApprox Being precompiled by another machine (hostname: be-amd01, pid: 1074131, pidfile: /home/zoel_ml/.julia/compiled/v1.11/IsApprox/OVBjC_BPjBk.ji.pidfile)
    586.9 ms  ✓ Referenceables
   2021.4 ms  ✓ TimerOutputs
    586.1 ms  ✓ ArrayInterface
    640.1 ms  ✓ Adapt → AdaptSparseArraysExt
    850.0 ms  ✓ Strided
    398.8 ms  ✓ ArrayInterface → ArrayInterfaceStaticArraysCoreExt
    675.7 ms  ✓ SplitApplyCombine
    568.3 ms  ✓ ArrayInterface → ArrayInterfaceSparseArraysExt
   1338.5 ms  ✓ ChainRulesCore
   2909.3 ms  ✓ SimpleTraits
   1734.9 ms  ✓ Functors
   1669.7 ms  ✓ Static
    StaticArrayInterface Being precompiled by another machine (hostname: be-amd01, pid: 1074131, pidfile: /home/zoel_ml/.julia/compiled/v1.11/StaticArrayInterface/1FInX_BPjBk.ji.pidfile)
    910.8 ms  ✓ TypeParameterAccessors
    TypeParameterAccessorsStridedViewsExt Being precompiled by another machine (hostname: be-amd01, pid: 1074131, pidfile: /home/zoel_ml/.julia/compiled/v1.11/TypeParameterAccessorsStridedViewsExt/HFgBA_BPjBk.ji.pidfile)
   1352.0 ms  ✓ TypeParameterAccessors → TypeParameterAccessorsFillArraysExt
   3096.2 ms  ✓ ChainRulesCore → ChainRulesCoreSparseArraysExt
ArrayInterfaceChainRulesCoreExt Waiting for background task / IO / timer.
[pid 154169] waiting for IO to finish:
 Handle type        uv_handle_t->data
 fs_event           0xb536a70->0x7190e5279c60
 timer              0xb5a81d0->0x7190e5279c90
This means that a package has started a background task or event source that has not finished running. For precompilation to complete successfully, the event source needs to be closed explicitly. See the developer documentation on fixing precompilation hangs for more help.
  13523.7 ms  ✓ StaticArrayInterface
  16702.8 ms  ✓ Accessors
    TestExt Being precompiled by another machine (hostname: be-amd01, pid: 1074131, pidfile: /home/zoel_ml/.julia/compiled/v1.11/TestExt/hMow3_BPjBk.ji.pidfile)
    539.9 ms  ✓ Accessors → LinearAlgebraExt
   1795.5 ms  ✓ BangBang
   3896.3 ms  ✓ EllipsisNotation
    564.9 ms  ✓ BangBang → BangBangChainRulesCoreExt
    717.1 ms  ✓ MicroCollections
  20643.9 ms  ✓ ArrayInterface → ArrayInterfaceChainRulesCoreExt
  21798.7 ms  ✓ IsApprox
   3672.1 ms  ✓ BangBang → BangBangTablesExt
  25155.9 ms  ✓ TypeParameterAccessors → TypeParameterAccessorsStridedViewsExt
  31810.7 ms  ✓ Setfield
  15347.9 ms  ✓ Accessors → TestExt
    846.5 ms  ✓ SplittablesBase
    Transducers Being precompiled by another machine (hostname: be-amd01, pid: 1083371, pidfile: /home/zoel_ml/.julia/compiled/v1.11/Transducers/cATK6_BPjBk.ji.pidfile)
  36963.3 ms  ✓ StaticArrays
    StaticArraysChainRulesCoreExt Being precompiled by another machine (hostname: be-amd01, pid: 1074131, pidfile: /home/zoel_ml/.julia/compiled/v1.11/StaticArraysChainRulesCoreExt/ETade_BPjBk.ji.pidfile)
    ConstructionBaseStaticArraysExt Being precompiled by another machine (hostname: be-amd01, pid: 1074131, pidfile: /home/zoel_ml/.julia/compiled/v1.11/ConstructionBaseStaticArraysExt/MmdaU_BPjBk.ji.pidfile)
    ArrayLayouts Being precompiled by another machine (hostname: be-amd01, pid: 1074131, pidfile: /home/zoel_ml/.julia/compiled/v1.11/ArrayLayouts/QloHc_BPjBk.ji.pidfile)
    AdaptStaticArraysExt Being precompiled by another machine (hostname: be-amd01, pid: 1074131, pidfile: /home/zoel_ml/.julia/compiled/v1.11/AdaptStaticArraysExt/9bCdf_BPjBk.ji.pidfile)
    BangBangStaticArraysExt Being precompiled by another machine (hostname: be-amd01, pid: 1074131, pidfile: /home/zoel_ml/.julia/compiled/v1.11/BangBangStaticArraysExt/I8ZlX_BPjBk.ji.pidfile)
    707.7 ms  ✓ Accessors → StaticArraysExt
   5320.2 ms  ✓ StaticArrayInterface → StaticArrayInterfaceStaticArraysExt
  28893.3 ms  ✓ Adapt → AdaptStaticArraysExt
BangBangStaticArraysExt Waiting for background task / IO / timer.
[pid 156229] waiting for IO to finish:
 Handle type        uv_handle_t->data
 fs_event           0x3e198050->0x7fe1a233e9e0
 timer              0x3e2b36d0->0x7fe1a233ea10
This means that a package has started a background task or event source that has not finished running. For precompilation to complete successfully, the event source needs to be closed explicitly. See the developer documentation on fixing precompilation hangs for more help.
  60496.8 ms  ✓ BangBang → BangBangStaticArraysExt
  63128.7 ms  ✓ StaticArrays → StaticArraysChainRulesCoreExt
Transducers Waiting for background task / IO / timer.
[pid 156025] waiting for IO to finish:
 Handle type        uv_handle_t->data
 fs_event           0x1515b60->0x74e3ab4bdde0
 timer              0x14185f0->0x74e3ab4bde10
This means that a package has started a background task or event source that has not finished running. For precompilation to complete successfully, the event source needs to be closed explicitly. See the developer documentation on fixing precompilation hangs for more help.
  75694.4 ms  ✓ Transducers
    TransducersReferenceablesExt Being precompiled by another machine (hostname: be-amd01, pid: 1074131, pidfile: /home/zoel_ml/.julia/compiled/v1.11/TransducersReferenceablesExt/jN4bn_BPjBk.ji.pidfile)
   5476.5 ms  ✓ Transducers → TransducersAdaptExt
  87971.2 ms  ✓ ConstructionBase → ConstructionBaseStaticArraysExt
 130266.3 ms  ✓ ArrayLayouts
    BlockArrays Being precompiled by another machine (hostname: be-amd01, pid: 1090487, pidfile: /home/zoel_ml/.julia/compiled/v1.11/BlockArrays/Ebz77_BPjBk.ji.pidfile)
   1195.7 ms  ✓ ArrayLayouts → ArrayLayoutsSparseArraysExt
  62974.7 ms  ✓ Transducers → TransducersReferenceablesExt
   6194.4 ms  ✓ Folds
  51027.7 ms  ✓ BlockArrays
    TransducersBlockArraysExt Being precompiled by another machine (hostname: be-amd01, pid: 1074131, pidfile: /home/zoel_ml/.julia/compiled/v1.11/TransducersBlockArraysExt/tfAhP_BPjBk.ji.pidfile)
    974.8 ms  ✓ BlockArrays → BlockArraysAdaptExt
  47338.8 ms  ✓ Transducers → TransducersBlockArraysExt
  14275.0 ms  ? NDTensors
    ITensors Being precompiled by another machine (hostname: be-amd01, pid: 1095943, pidfile: /home/zoel_ml/.julia/compiled/v1.11/ITensors/P3pqL_BPjBk.ji.pidfile)
Info Given ITensors was explicitly requested, output will be shown live [0K
[0K┌ Warning: The call to compilecache failed to create a usable precompiled cache file for Tables [bd369af6-aec1-5ad0-b16a-f7cc5008161c]
[0K│   exception = Required dependency Base.PkgId(Base.UUID("e2d170a0-9d28-54be-80f0-106bbe20a464"), "DataValueInterfaces") failed to load from a cache file.
[0K└ @ Base loading.jl:2596
 100975.0 ms  ✓ ITensors
  77774.9 ms  ✓ ITensors → ITensorsVectorInterfaceExt
  90 dependencies successfully precompiled in 464 seconds. 31 already precompiled.
  1 dependencies failed but may be precompilable after restarting julia
  7 dependencies had output during precompilation:
┌ ArrayInterface → ArrayInterfaceChainRulesCoreExt
│  [pid 154169] waiting for IO to finish:
│   Handle type        uv_handle_t->data
│   fs_event           0xb536a70->0x7190e5279c60
│   timer              0xb5a81d0->0x7190e5279c90
│  This means that a package has started a background task or event source that has not finished running. For precompilation to complete successfully, the event source needs to be closed explicitly. See the developer documentation on fixing precompilation hangs for more help.
└  
┌ BangBang → BangBangStaticArraysExt
│  [pid 156229] waiting for IO to finish:
│   Handle type        uv_handle_t->data
│   fs_event           0x3e198050->0x7fe1a233e9e0
│   timer              0x3e2b36d0->0x7fe1a233ea10
│  This means that a package has started a background task or event source that has not finished running. For precompilation to complete successfully, the event source needs to be closed explicitly. See the developer documentation on fixing precompilation hangs for more help.
└  
┌ NDTensors
│  ┌ Warning: The call to compilecache failed to create a usable precompiled cache file for Transducers [28d57a85-8fef-5791-bfe6-a80928e7c999]
│  │   exception = Required dependency Base.PkgId(Base.UUID("187b0558-2788-49d3-abe0-74a17ed4e7c9"), "ConstructionBase") failed to load from a cache file.
│  └ @ Base loading.jl:2596
└  
┌ ITensors
│  [Output was shown above]
└  
┌ Transducers → TransducersBlockArraysExt
│  ┌ Warning: The call to compilecache failed to create a usable precompiled cache file for Setfield [efcf1570-3423-57d1-acb7-fd33fddbac46]
│  │   exception = Required dependency Base.PkgId(Base.UUID("187b0558-2788-49d3-abe0-74a17ed4e7c9"), "ConstructionBase") failed to load from a cache file.
│  └ @ Base loading.jl:2596
└  
┌ Transducers
│  [pid 156025] waiting for IO to finish:
│   Handle type        uv_handle_t->data
│   fs_event           0x1515b60->0x74e3ab4bdde0
│   timer              0x14185f0->0x74e3ab4bde10
│  This means that a package has started a background task or event source that has not finished running. For precompilation to complete successfully, the event source needs to be closed explicitly. See the developer documentation on fixing precompilation hangs for more help.
└  
┌ Folds
│  ┌ Warning: Module Transducers with build ID fafbfcfd-e3be-bb7c-bae7-56a1afd4afcc is missing from the cache.
│  │ This may mean Transducers [28d57a85-8fef-5791-bfe6-a80928e7c999] does not support precompilation but is imported by a module that does.
│  └ @ Base loading.jl:2541
│  ┌ Error: Error during loading of extension TransducersAdaptExt of Transducers, use `Base.retry_load_extensions()` to retry.
│  │   exception =
│  │    1-element ExceptionStack:
│  │    Error when precompiling module, potentially caused by a __precompile__(false) declaration in the module.
│  │    Stacktrace:
│  │      [1] _require(pkg::Base.PkgId, env::Nothing)
│  │        @ Base ./loading.jl:2603
│  │      [2] __require_prelocked(uuidkey::Base.PkgId, env::Nothing)
│  │        @ Base ./loading.jl:2388
│  │      [3] #invoke_in_world#3
│  │        @ ./essentials.jl:1089 [inlined]
│  │      [4] invoke_in_world
│  │        @ ./essentials.jl:1086 [inlined]
│  │      [5] _require_prelocked
│  │        @ ./loading.jl:2375 [inlined]
│  │      [6] _require_prelocked
│  │        @ ./loading.jl:2374 [inlined]
│  │      [7] run_extension_callbacks(extid::Base.ExtensionId)
│  │        @ Base ./loading.jl:1544
│  │      [8] run_extension_callbacks(pkgid::Base.PkgId)
│  │        @ Base ./loading.jl:1576
│  │      [9] run_package_callbacks(modkey::Base.PkgId)
│  │        @ Base ./loading.jl:1396
│  │     [10] _require_search_from_serialized(pkg::Base.PkgId, sourcepath::String, build_id::UInt128, stalecheck::Bool; reasons::Dict{String, Int64}, DEPOT_PATH::Vector{String})
│  │        @ Base ./loading.jl:2065
│  │     [11] _require(pkg::Base.PkgId, env::String)
│  │        @ Base ./loading.jl:2527
│  │     [12] __require_prelocked(uuidkey::Base.PkgId, env::String)
│  │        @ Base ./loading.jl:2388
│  │     [13] #invoke_in_world#3
│  │        @ ./essentials.jl:1089 [inlined]
│  │     [14] invoke_in_world
│  │        @ ./essentials.jl:1086 [inlined]
│  │     [15] _require_prelocked(uuidkey::Base.PkgId, env::String)
│  │        @ Base ./loading.jl:2375
│  │     [16] macro expansion
│  │        @ ./loading.jl:2314 [inlined]
│  │     [17] macro expansion
│  │        @ ./lock.jl:273 [inlined]
│  │     [18] __require(into::Module, mod::Symbol)
│  │        @ Base ./loading.jl:2271
│  │     [19] #invoke_in_world#3
│  │        @ ./essentials.jl:1089 [inlined]
│  │     [20] invoke_in_world
│  │        @ ./essentials.jl:1086 [inlined]
│  │     [21] require(into::Module, mod::Symbol)
│  │        @ Base ./loading.jl:2260
│  │     [22] include
│  │        @ ./Base.jl:562 [inlined]
│  │     [23] include_package_for_output(pkg::Base.PkgId, input::String, depot_path::Vector{String}, dl_load_path::Vector{String}, load_path::Vector{String}, concrete_deps::Vector{Pair{Base.PkgId, UInt128}}, source::Nothing)
│  │        @ Base ./loading.jl:2881
│  │     [24] top-level scope
│  │        @ stdin:6
│  │     [25] eval
│  │        @ ./boot.jl:430 [inlined]
│  │     [26] include_string(mapexpr::typeof(identity), mod::Module, code::String, filename::String)
│  │        @ Base ./loading.jl:2734
│  │     [27] include_string
│  │        @ ./loading.jl:2744 [inlined]
│  │     [28] exec_options(opts::Base.JLOptions)
│  │        @ Base ./client.jl:321
│  │     [29] _start()
│  │        @ Base ./client.jl:531
│  └ @ Base loading.jl:1550
└  
Precompiling ITensorMPS...
    384.6 ms  ✓ IfElse
    398.4 ms  ✓ CommonWorldInvalidations
    532.6 ms  ✓ HalfIntegers
    566.2 ms  ✓ ArrayInterface
   1106.7 ms  ✓ FillArrays
    430.4 ms  ✓ ArrayInterface → ArrayInterfaceStaticArraysCoreExt
    458.4 ms  ✓ ArrayInterface → ArrayInterfaceChainRulesCoreExt
    850.6 ms  ✓ Static
    582.5 ms  ✓ ArrayInterface → ArrayInterfaceSparseArraysExt
    497.2 ms  ✓ TypeParameterAccessors → TypeParameterAccessorsFillArraysExt
    651.7 ms  ✓ FillArrays → FillArraysSparseArraysExt
   1659.4 ms  ✓ KrylovKit
    627.5 ms  ✓ KrylovKit → KrylovKitChainRulesCoreExt
   1200.1 ms  ✓ StaticArrayInterface
    474.9 ms  ✓ EllipsisNotation
    653.5 ms  ✓ StaticArrayInterface → StaticArrayInterfaceStaticArraysExt
  10748.1 ms  ✓ ArrayLayouts
   1272.1 ms  ✓ ArrayLayouts → ArrayLayoutsSparseArraysExt
   1992.0 ms  ✓ BlockArrays
   1025.0 ms  ✓ BlockArrays → BlockArraysAdaptExt
   1501.9 ms  ✓ Transducers → TransducersBlockArraysExt
    ITensorMPS Being precompiled by another machine (hostname: fe-store02, pid: 393300, pidfile: /home/zoel_ml/.julia/compiled/v1.11/ITensorMPS/AIk1w_BPjBk.ji.pidfile)
  14976.8 ms  ✓ ITensorMPS
   2753.7 ms  ✓ ITensorMPS → ITensorMPSChainRulesCoreExt
  23 dependencies successfully precompiled in 34 seconds. 103 already precompiled.
Generating random tensor of size 2^27
Number of threads: 64
rand wtime:   0.920890 seconds (119.86 k allocations: 1.006 GiB, 1.15% gc time, 12.67% compilation time)
calculate TT-SVD of rank 6
tt-svd wtime: 247.808473 seconds (402.69 M allocations: 53.955 GiB, 2.93% gc time, 88.53% compilation time)
tt-svd wtime:  28.530630 seconds (14.96 k allocations: 34.506 GiB, 14.94% gc time)
Generating random tensor of size 2^27
Number of threads: 64
rand wtime:   0.823047 seconds (119.87 k allocations: 1.006 GiB, 4.84% gc time, 10.06% compilation time)
calculate TT-SVD of rank 7
tt-svd wtime: 250.352992 seconds (402.69 M allocations: 56.205 GiB, 2.95% gc time, 87.56% compilation time)
tt-svd wtime:  30.856990 seconds (14.96 k allocations: 36.756 GiB, 14.38% gc time)
Precompiling ITensors...
   2579.6 ms  ✓ DataValueInterfaces
   1978.4 ms  ✓ IfElse
   1963.1 ms  ✓ IteratorInterfaceExtensions
   2795.7 ms  ✓ DefineSingletons
   2738.1 ms  ✓ ExternalDocstrings
   1860.4 ms  ✓ CommonWorldInvalidations
   2679.2 ms  ✓ HalfIntegers
   2306.1 ms  ✓ DocStringExtensions
   2072.3 ms  ✓ ExprTools
   2056.1 ms  ✓ ConstructionBase
   2551.3 ms  ✓ InverseFunctions
   1888.8 ms  ✓ DataAPI
   2817.8 ms  ✓ OrderedCollections
   2556.0 ms  ✓ VectorInterface
   2506.6 ms  ✓ InlineStrings
   2992.5 ms  ✓ FillArrays
    381.4 ms  ✓ PackageExtensionCompat
    412.2 ms  ✓ CompositionsBase
    451.7 ms  ✓ ArgCheck
    481.8 ms  ✓ Indexing
    498.6 ms  ✓ StaticArraysCore
    561.5 ms  ✓ TupleTools
    587.8 ms  ✓ ConstructionBase → ConstructionBaseLinearAlgebraExt
    477.9 ms  ✓ SerializedElementArrays
    721.0 ms  ✓ BitIntegers
    502.6 ms  ✓ InverseFunctions → InverseFunctionsDatesExt
    423.7 ms  ✓ TableTraits
    452.4 ms  ✓ CompositionsBase → CompositionsBaseInverseFunctionsExt
    533.7 ms  ✓ Requires
    776.3 ms  ✓ Preferences
    635.8 ms  ✓ InverseFunctions → InverseFunctionsTestExt
   1015.5 ms  ✓ InitialValues
    609.6 ms  ✓ Compat
    513.9 ms  ✓ StridedViews
    525.3 ms  ✓ Zeros
    677.2 ms  ✓ FillArrays → FillArraysSparseArraysExt
   1200.7 ms  ✓ Baselet
    475.1 ms  ✓ Adapt
    523.1 ms  ✓ PrecompileTools
    870.9 ms  ✓ ThreadedScans
    442.2 ms  ✓ Compat → CompatLinearAlgebraExt
    862.0 ms  ✓ Tables
    703.2 ms  ✓ Strided
   1150.4 ms  ✓ Dictionaries
    511.3 ms  ✓ Referenceables
    608.0 ms  ✓ ArrayInterface
    669.3 ms  ✓ Adapt → AdaptSparseArraysExt
   2150.6 ms  ✓ TimerOutputs
   2224.0 ms  ✓ MacroTools
    835.2 ms  ✓ Functors
    917.2 ms  ✓ Static
    417.8 ms  ✓ ArrayInterface → ArrayInterfaceStaticArraysCoreExt
    737.0 ms  ✓ SplitApplyCombine
    591.6 ms  ✓ ArrayInterface → ArrayInterfaceSparseArraysExt
   1390.7 ms  ✓ ChainRulesCore
    760.1 ms  ✓ SimpleTraits
   1153.2 ms  ✓ Setfield
    455.8 ms  ✓ ArrayInterface → ArrayInterfaceChainRulesCoreExt
    633.3 ms  ✓ ChainRulesCore → ChainRulesCoreSparseArraysExt
   1286.5 ms  ✓ StaticArrayInterface
    989.9 ms  ✓ TypeParameterAccessors
   1969.7 ms  ✓ Accessors
    538.2 ms  ✓ EllipsisNotation
    931.7 ms  ✓ SplittablesBase
    476.0 ms  ✓ TypeParameterAccessors → TypeParameterAccessorsStridedViewsExt
    519.3 ms  ✓ TypeParameterAccessors → TypeParameterAccessorsFillArraysExt
    580.9 ms  ✓ Accessors → LinearAlgebraExt
    658.4 ms  ✓ Accessors → TestExt
    852.6 ms  ✓ BangBang
    606.0 ms  ✓ BangBang → BangBangChainRulesCoreExt
    620.5 ms  ✓ BangBang → BangBangTablesExt
    747.4 ms  ✓ MicroCollections
   6486.2 ms  ✓ StaticArrays
    717.5 ms  ✓ ConstructionBase → ConstructionBaseStaticArraysExt
    757.5 ms  ✓ StaticArrays → StaticArraysChainRulesCoreExt
    737.6 ms  ✓ Adapt → AdaptStaticArraysExt
    754.2 ms  ✓ StaticArrayInterface → StaticArrayInterfaceStaticArraysExt
    797.1 ms  ✓ BangBang → BangBangStaticArraysExt
    881.9 ms  ✓ Accessors → StaticArraysExt
   2572.0 ms  ✓ Transducers
    799.5 ms  ✓ Transducers → TransducersAdaptExt
    869.8 ms  ✓ Transducers → TransducersReferenceablesExt
  10966.5 ms  ✓ IsApprox
   3144.3 ms  ✓ Folds
  11064.3 ms  ✓ ArrayLayouts
   1216.4 ms  ✓ ArrayLayouts → ArrayLayoutsSparseArraysExt
   1918.5 ms  ✓ BlockArrays
   1078.1 ms  ✓ BlockArrays → BlockArraysAdaptExt
   1576.8 ms  ✓ Transducers → TransducersBlockArraysExt
   4103.6 ms  ✓ NDTensors
   6751.7 ms  ✓ ITensors
   2888.3 ms  ✓ ITensors → ITensorsVectorInterfaceExt
  92 dependencies successfully precompiled in 40 seconds. 30 already precompiled.
Precompiling ITensorMPS...
   1573.0 ms  ✓ KrylovKit
    574.8 ms  ✓ KrylovKit → KrylovKitChainRulesCoreExt
   4890.3 ms  ✓ ITensorMPS
   2764.6 ms  ✓ ITensorMPS → ITensorMPSChainRulesCoreExt
  4 dependencies successfully precompiled in 10 seconds. 122 already precompiled.
Generating random tensor of size 2^27
Number of threads: 64
rand wtime:   1.078256 seconds (119.86 k allocations: 1.006 GiB, 16.72% gc time, 10.95% compilation time)
calculate TT-SVD of rank 8
tt-svd wtime: 253.922501 seconds (402.69 M allocations: 57.455 GiB, 3.14% gc time, 86.50% compilation time)
tt-svd wtime:  33.293459 seconds (14.97 k allocations: 38.007 GiB, 13.13% gc time)
Generating random tensor of size 2^27
Number of threads: 64
rand wtime:   0.823252 seconds (119.87 k allocations: 1.006 GiB, 4.80% gc time, 10.03% compilation time)
calculate TT-SVD of rank 9
tt-svd wtime: 254.799379 seconds (402.69 M allocations: 58.580 GiB, 3.14% gc time, 86.14% compilation time)
tt-svd wtime:  34.807579 seconds (14.97 k allocations: 39.132 GiB, 13.94% gc time)
┌ Warning: Module ITensors with build ID fafbfcfd-0ec2-1464-5a98-ffa5ddd1396d is missing from the cache.
│ This may mean ITensors [9136182c-28ba-11e9-034c-db9fb085ebd5] does not support precompilation but is imported by a module that does.
└ @ Base loading.jl:2541
Precompiling ITensors...
   2455.5 ms  ✓ DataValueInterfaces
   1850.8 ms  ✓ IfElse
   1834.6 ms  ✓ IteratorInterfaceExtensions
   2748.7 ms  ✓ DefineSingletons
   2646.3 ms  ✓ ExternalDocstrings
   1648.6 ms  ✓ CommonWorldInvalidations
   1921.7 ms  ✓ ExprTools
   1647.2 ms  ✓ DataAPI
   2408.9 ms  ✓ InverseFunctions
   1911.5 ms  ✓ ConstructionBase
   2609.4 ms  ✓ HalfIntegers
   2774.9 ms  ✓ OrderedCollections
   2520.6 ms  ✓ VectorInterface
   2287.9 ms  ✓ DocStringExtensions
   2316.3 ms  ✓ InlineStrings
    374.6 ms  ✓ PackageExtensionCompat
    453.6 ms  ✓ ArgCheck
    602.9 ms  ✓ CompositionsBase
    590.7 ms  ✓ SerializedElementArrays
   3200.9 ms  ✓ FillArrays
    661.6 ms  ✓ Indexing
    627.9 ms  ✓ StaticArraysCore
    624.5 ms  ✓ TupleTools
    733.5 ms  ✓ BitIntegers
    560.8 ms  ✓ Requires
    557.5 ms  ✓ Zeros
    559.8 ms  ✓ TableTraits
    768.7 ms  ✓ Compat
    777.8 ms  ✓ Preferences
    982.8 ms  ✓ InitialValues
    618.2 ms  ✓ InverseFunctions → InverseFunctionsDatesExt
    635.4 ms  ✓ InverseFunctions → InverseFunctionsTestExt
    538.3 ms  ✓ StridedViews
    450.1 ms  ✓ CompositionsBase → CompositionsBaseInverseFunctionsExt
    479.5 ms  ✓ Compat → CompatLinearAlgebraExt
    541.2 ms  ✓ Adapt
    961.0 ms  ✓ FillArrays → FillArraysSparseArraysExt
   1049.0 ms  ✓ ConstructionBase → ConstructionBaseLinearAlgebraExt
    812.3 ms  ✓ PrecompileTools
    StaticArrays Being precompiled by another machine (hostname: be-amd01, pid: 1113989, pidfile: /home/zoel_ml/.julia/compiled/v1.11/StaticArrays/yY9vm_BPjBk.ji.pidfile)
   1333.5 ms  ✓ ThreadedScans
   1299.1 ms  ✓ Tables
    844.7 ms  ✓ Referenceables
   1454.8 ms  ✓ Dictionaries
   1056.9 ms  ✓ Strided
   1617.6 ms  ✓ Baselet
    785.0 ms  ✓ Adapt → AdaptSparseArraysExt
   2262.6 ms  ✓ TimerOutputs
   2302.1 ms  ✓ MacroTools
    IsApprox Being precompiled by another machine (hostname: be-amd01, pid: 1113989, pidfile: /home/zoel_ml/.julia/compiled/v1.11/IsApprox/OVBjC_BPjBk.ji.pidfile)
    805.0 ms  ✓ ArrayInterface
   1174.3 ms  ✓ Functors
    831.0 ms  ✓ Static
   1609.2 ms  ✓ ChainRulesCore
    681.3 ms  ✓ SplitApplyCombine
    403.4 ms  ✓ ArrayInterface → ArrayInterfaceStaticArraysCoreExt
    597.5 ms  ✓ ArrayInterface → ArrayInterfaceSparseArraysExt
   1081.5 ms  ✓ SimpleTraits
    460.3 ms  ✓ ArrayInterface → ArrayInterfaceChainRulesCoreExt
    638.6 ms  ✓ ChainRulesCore → ChainRulesCoreSparseArraysExt
   1403.4 ms  ✓ Setfield
   1263.7 ms  ✓ StaticArrayInterface
    983.8 ms  ✓ TypeParameterAccessors
   2102.0 ms  ✓ Accessors
    550.0 ms  ✓ EllipsisNotation
    470.4 ms  ✓ TypeParameterAccessors → TypeParameterAccessorsStridedViewsExt
   1448.9 ms  ✓ TypeParameterAccessors → TypeParameterAccessorsFillArraysExt
   3035.9 ms  ? SplittablesBase
TestExt Waiting for background task / IO / timer.
[pid 166356] waiting for IO to finish:
 Handle type        uv_handle_t->data
 fs_event           0x1be106d0->0x7f8751915030
 timer              0x1be680e0->0x7f8751915060
This means that a package has started a background task or event source that has not finished running. For precompilation to complete successfully, the event source needs to be closed explicitly. See the developer documentation on fixing precompilation hangs for more help.
  18025.6 ms  ✓ StaticArrays
    ConstructionBaseStaticArraysExt Being precompiled by another machine (hostname: be-amd01, pid: 1113989, pidfile: /home/zoel_ml/.julia/compiled/v1.11/ConstructionBaseStaticArraysExt/MmdaU_BPjBk.ji.pidfile)
    ArrayLayouts Being precompiled by another machine (hostname: be-amd01, pid: 1113989, pidfile: /home/zoel_ml/.julia/compiled/v1.11/ArrayLayouts/QloHc_BPjBk.ji.pidfile)
    AdaptStaticArraysExt Being precompiled by another machine (hostname: be-amd01, pid: 1113989, pidfile: /home/zoel_ml/.julia/compiled/v1.11/AdaptStaticArraysExt/9bCdf_BPjBk.ji.pidfile)
    StaticArrayInterfaceStaticArraysExt Being precompiled by another machine (hostname: be-amd01, pid: 1113989, pidfile: /home/zoel_ml/.julia/compiled/v1.11/StaticArrayInterfaceStaticArraysExt/Nww1z_BPjBk.ji.pidfile)
    StaticArraysExt Being precompiled by another machine (hostname: be-amd01, pid: 1113989, pidfile: /home/zoel_ml/.julia/compiled/v1.11/StaticArraysExt/sIz4V_BPjBk.ji.pidfile)
  21709.2 ms  ✓ Accessors → TestExt
IsApprox Waiting for background task / IO / timer.
[pid 166464] waiting for IO to finish:
 Handle type        uv_handle_t->data
 fs_event           0x1f1b89d0->0x73661faf60b0
 timer              0x1f2cd9c0->0x73661faf60e0
This means that a package has started a background task or event source that has not finished running. For precompilation to complete successfully, the event source needs to be closed explicitly. See the developer documentation on fixing precompilation hangs for more help.
  11488.1 ms  ✓ StaticArrays → StaticArraysChainRulesCoreExt
  33479.6 ms  ✓ IsApprox
  29334.6 ms  ✓ ConstructionBase → ConstructionBaseStaticArraysExt
LinearAlgebraExt Waiting for background task / IO / timer.
[pid 166308] waiting for IO to finish:
 Handle type        uv_handle_t->data
 fs_event           0x374efbe0->0x7bf942aa72b0
 timer              0x376a3410->0x7bf942aa72e0
This means that a package has started a background task or event source that has not finished running. For precompilation to complete successfully, the event source needs to be closed explicitly. See the developer documentation on fixing precompilation hangs for more help.
  70730.7 ms  ✓ Accessors → LinearAlgebraExt
    BangBang Being precompiled by another machine (hostname: be-amd01, pid: 1121179, pidfile: /home/zoel_ml/.julia/compiled/v1.11/BangBang/Ovsha_BPjBk.ji.pidfile)
  61381.6 ms  ✓ Adapt → AdaptStaticArraysExt
  71173.8 ms  ✓ ArrayLayouts
    ArrayLayoutsSparseArraysExt Being precompiled by another machine (hostname: be-amd01, pid: 1113989, pidfile: /home/zoel_ml/.julia/compiled/v1.11/ArrayLayoutsSparseArraysExt/S7LmV_BPjBk.ji.pidfile)
   1944.4 ms  ✓ BlockArrays
   1044.1 ms  ✓ BlockArrays → BlockArraysAdaptExt
  74898.5 ms  ✓ StaticArrayInterface → StaticArrayInterfaceStaticArraysExt
  77463.9 ms  ✓ Accessors → StaticArraysExt
  47700.4 ms  ✓ BangBang
    BangBangStaticArraysExt Being precompiled by another machine (hostname: be-amd01, pid: 1113989, pidfile: /home/zoel_ml/.julia/compiled/v1.11/BangBangStaticArraysExt/I8ZlX_BPjBk.ji.pidfile)
    BangBangTablesExt Being precompiled by another machine (hostname: be-amd01, pid: 1113989, pidfile: /home/zoel_ml/.julia/compiled/v1.11/BangBangTablesExt/h92XF_BPjBk.ji.pidfile)
    561.5 ms  ✓ BangBang → BangBangChainRulesCoreExt
    697.5 ms  ✓ MicroCollections
  50528.5 ms  ✓ ArrayLayouts → ArrayLayoutsSparseArraysExt
  47958.2 ms  ✓ BangBang → BangBangStaticArraysExt
BangBangTablesExt Waiting for background task / IO / timer.
[pid 168260] waiting for IO to finish:
 Handle type        uv_handle_t->data
 fs_event           0x36165a70->0x7d00a1eac2e0
 timer              0x35eadf10->0x7d00a1eac310
This means that a package has started a background task or event source that has not finished running. For precompilation to complete successfully, the event source needs to be closed explicitly. See the developer documentation on fixing precompilation hangs for more help.
  55647.5 ms  ✓ BangBang → BangBangTablesExt
    Transducers Being precompiled by another machine (hostname: be-amd01, pid: 1126665, pidfile: /home/zoel_ml/.julia/compiled/v1.11/Transducers/cATK6_BPjBk.ji.pidfile)
  33278.1 ms  ✓ Transducers
  24750.5 ms  ? Transducers → TransducersBlockArraysExt
  36499.6 ms  ✓ Transducers → TransducersReferenceablesExt
TransducersAdaptExt Waiting for background task / IO / timer.
[pid 169219] waiting for IO to finish:
 Handle type        uv_handle_t->data
 fs_event           0x253bb6c0->0x79129e2a8370
 timer              0x255a1bf0->0x79129e2a83a0
This means that a package has started a background task or event source that has not finished running. For precompilation to complete successfully, the event source needs to be closed explicitly. See the developer documentation on fixing precompilation hangs for more help.
  50613.1 ms  ✓ Transducers → TransducersAdaptExt
    Folds Being precompiled by another machine (hostname: be-amd01, pid: 1130876, pidfile: /home/zoel_ml/.julia/compiled/v1.11/Folds/08uCW_BPjBk.ji.pidfile)
  42073.0 ms  ✓ Folds
  31769.3 ms  ? NDTensors
Info Given ITensors was explicitly requested, output will be shown live [0K
[0K┌ Warning: Module Transducers with build ID fafbfcfd-42c3-a534-5a7f-cd50a7e616fd is missing from the cache.
[0K│ This may mean Transducers [28d57a85-8fef-5791-bfe6-a80928e7c999] does not support precompilation but is imported by a module that does.
[0K└ @ Base loading.jl:2541
[0K┌ Error: Error during loading of extension TransducersReferenceablesExt of Transducers, use `Base.retry_load_extensions()` to retry.
[0K│   exception =
[0K│    1-element ExceptionStack:
[0K│    Error when precompiling module, potentially caused by a __precompile__(false) declaration in the module.
[0K│    Stacktrace:
[0K│      [1] _require(pkg::Base.PkgId, env::Nothing)
[0K│        @ Base ./loading.jl:2603
[0K│      [2] __require_prelocked(uuidkey::Base.PkgId, env::Nothing)
[0K│        @ Base ./loading.jl:2388
[0K│      [3] #invoke_in_world#3
[0K│        @ ./essentials.jl:1089 [inlined]
[0K│      [4] invoke_in_world
[0K│        @ ./essentials.jl:1086 [inlined]
[0K│      [5] _require_prelocked
[0K│        @ ./loading.jl:2375 [inlined]
[0K│      [6] _require_prelocked
[0K│        @ ./loading.jl:2374 [inlined]
[0K│      [7] run_extension_callbacks(extid::Base.ExtensionId)
[0K│        @ Base ./loading.jl:1544
[0K│      [8] run_extension_callbacks(pkgid::Base.PkgId)
[0K│        @ Base ./loading.jl:1576
[0K│      [9] run_package_callbacks(modkey::Base.PkgId)
[0K│        @ Base ./loading.jl:1396
[0K│     [10] __require_prelocked(uuidkey::Base.PkgId, env::String)
[0K│        @ Base ./loading.jl:2399
[0K│     [11] #invoke_in_world#3
[0K│        @ ./essentials.jl:1089 [inlined]
[0K│     [12] invoke_in_world
[0K│        @ ./essentials.jl:1086 [inlined]
[0K│     [13] _require_prelocked(uuidkey::Base.PkgId, env::String)
[0K│        @ Base ./loading.jl:2375
[0K│     [14] macro expansion
[0K│        @ ./loading.jl:2314 [inlined]
[0K│     [15] macro expansion
[0K│        @ ./lock.jl:273 [inlined]
[0K│     [16] __require(into::Module, mod::Symbol)
[0K│        @ Base ./loading.jl:2271
[0K│     [17] #invoke_in_world#3
[0K│        @ ./essentials.jl:1089 [inlined]
[0K│     [18] invoke_in_world
[0K│        @ ./essentials.jl:1086 [inlined]
[0K│     [19] require(into::Module, mod::Symbol)
[0K│        @ Base ./loading.jl:2260
[0K│     [20] include
[0K│        @ ./Base.jl:562 [inlined]
[0K│     [21] include_package_for_output(pkg::Base.PkgId, input::String, depot_path::Vector{String}, dl_load_path::Vector{String}, load_path::Vector{String}, concrete_deps::Vector{Pair{Base.PkgId, UInt128}}, source::String)
[0K│        @ Base ./loading.jl:2881
[0K│     [22] top-level scope
[0K│        @ stdin:6
[0K│     [23] eval
[0K│        @ ./boot.jl:430 [inlined]
[0K│     [24] include_string(mapexpr::typeof(identity), mod::Module, code::String, filename::String)
[0K│        @ Base ./loading.jl:2734
[0K│     [25] include_string
[0K│        @ ./loading.jl:2744 [inlined]
[0K│     [26] exec_options(opts::Base.JLOptions)
[0K│        @ Base ./client.jl:321
[0K│     [27] _start()
[0K│        @ Base ./client.jl:531
[0K└ @ Base loading.jl:1550
[0K
[0K[pid 171708] waiting for IO to finish:
ITensors Waiting for background task / IO / timer.
[pid 171708] waiting for IO to finish:
[0K Handle type        uv_handle_t->data
 Handle type        uv_handle_t->data
[0K fs_event           0x249a7330->0x755a2bdca4a0
 fs_event           0x249a7330->0x755a2bdca4a0
[0K timer              0x24b2eb80->0x755a2bdca4d0
 timer              0x24b2eb80->0x755a2bdca4d0
[0KThis means that a package has started a background task or event source that has not finished running. For precompilation to complete successfully, the event source needs to be closed explicitly. See the developer documentation on fixing precompilation hangs for more help.
This means that a package has started a background task or event source that has not finished running. For precompilation to complete successfully, the event source needs to be closed explicitly. See the developer documentation on fixing precompilation hangs for more help.
[0K┌ Warning: The call to compilecache failed to create a usable precompiled cache file for Folds [41a02a25-b8f0-4f67-bc48-60067656b558]
┌ Warning: The call to compilecache failed to create a usable precompiled cache file for Folds [41a02a25-b8f0-4f67-bc48-60067656b558]
[0K│   exception = Required dependency Base.PkgId(Base.UUID("1914dd2f-81c6-5fcd-8719-6d5c9610ff09"), "MacroTools") failed to load from a cache file.
│   exception = Required dependency Base.PkgId(Base.UUID("1914dd2f-81c6-5fcd-8719-6d5c9610ff09"), "MacroTools") failed to load from a cache file.
[0K└ @ Base loading.jl:2596
└ @ Base loading.jl:2596
  51750.3 ms  ? ITensors
  34827.6 ms  ? ITensors → ITensorsVectorInterfaceExt
  87 dependencies successfully precompiled in 427 seconds. 30 already precompiled.
  5 dependencies failed but may be precompilable after restarting julia
  12 dependencies had output during precompilation:
┌ SplittablesBase
│  ┌ Warning: The call to compilecache failed to create a usable precompiled cache file for Setfield [efcf1570-3423-57d1-acb7-fd33fddbac46]
│  │   exception = Required dependency Base.PkgId(Base.UUID("1e83bf80-4336-4d27-bf5d-d5a4f845583c"), "StaticArraysCore") failed to load from a cache file.
│  └ @ Base loading.jl:2596
└  
┌ ITensors → ITensorsVectorInterfaceExt
│  ┌ Warning: Module SimpleTraits with build ID fafbfcfd-5fde-5633-2abd-b0078d767f3a is missing from the cache.
│  │ This may mean SimpleTraits [699a6c99-e7fa-54fc-8d76-47d257e15c1d] does not support precompilation but is imported by a module that does.
│  └ @ Base loading.jl:2541
└  
┌ BangBang → BangBangTablesExt
│  [pid 168260] waiting for IO to finish:
│   Handle type        uv_handle_t->data
│   fs_event           0x36165a70->0x7d00a1eac2e0
│   timer              0x35eadf10->0x7d00a1eac310
│  This means that a package has started a background task or event source that has not finished running. For precompilation to complete successfully, the event source needs to be closed explicitly. See the developer documentation on fixing precompilation hangs for more help.
└  
┌ Transducers → TransducersAdaptExt
│  [pid 169219] waiting for IO to finish:
│   Handle type        uv_handle_t->data
│   fs_event           0x253bb6c0->0x79129e2a8370
│   timer              0x255a1bf0->0x79129e2a83a0
│  This means that a package has started a background task or event source that has not finished running. For precompilation to complete successfully, the event source needs to be closed explicitly. See the developer documentation on fixing precompilation hangs for more help.
└  
┌ Transducers
│  ┌ Warning: Module Accessors with build ID fafbfcfd-0d1d-ce99-9744-2f7bfed622b1 is missing from the cache.
│  │ This may mean Accessors [7d9f7c33-5ae7-4f3b-8dc6-eff91059b697] does not support precompilation but is imported by a module that does.
│  └ @ Base loading.jl:2541
│  ┌ Error: Error during loading of extension LinearAlgebraExt of Accessors, use `Base.retry_load_extensions()` to retry.
│  │   exception =
│  │    1-element ExceptionStack:
│  │    Error when precompiling module, potentially caused by a __precompile__(false) declaration in the module.
│  │    Stacktrace:
│  │      [1] _require(pkg::Base.PkgId, env::Nothing)
│  │        @ Base ./loading.jl:2603
│  │      [2] __require_prelocked(uuidkey::Base.PkgId, env::Nothing)
│  │        @ Base ./loading.jl:2388
│  │      [3] #invoke_in_world#3
│  │        @ ./essentials.jl:1089 [inlined]
│  │      [4] invoke_in_world
│  │        @ ./essentials.jl:1086 [inlined]
│  │      [5] _require_prelocked
│  │        @ ./loading.jl:2375 [inlined]
│  │      [6] _require_prelocked
│  │        @ ./loading.jl:2374 [inlined]
│  │      [7] run_extension_callbacks(extid::Base.ExtensionId)
│  │        @ Base ./loading.jl:1544
│  │      [8] run_extension_callbacks(pkgid::Base.PkgId)
│  │        @ Base ./loading.jl:1576
│  │      [9] run_package_callbacks(modkey::Base.PkgId)
│  │        @ Base ./loading.jl:1396
│  │     [10] __require_prelocked(uuidkey::Base.PkgId, env::String)
│  │        @ Base ./loading.jl:2399
│  │     [11] #invoke_in_world#3
│  │        @ ./essentials.jl:1089 [inlined]
│  │     [12] invoke_in_world
│  │        @ ./essentials.jl:1086 [inlined]
│  │     [13] _require_prelocked(uuidkey::Base.PkgId, env::String)
│  │        @ Base ./loading.jl:2375
│  │     [14] macro expansion
│  │        @ ./loading.jl:2314 [inlined]
│  │     [15] macro expansion
│  │        @ ./lock.jl:273 [inlined]
│  │     [16] __require(into::Module, mod::Symbol)
│  │        @ Base ./loading.jl:2271
│  │     [17] #invoke_in_world#3
│  │        @ ./essentials.jl:1089 [inlined]
│  │     [18] invoke_in_world
│  │        @ ./essentials.jl:1086 [inlined]
│  │     [19] require(into::Module, mod::Symbol)
│  │        @ Base ./loading.jl:2260
│  │     [20] include
│  │        @ ./Base.jl:562 [inlined]
│  │     [21] include_package_for_output(pkg::Base.PkgId, input::String, depot_path::Vector{String}, dl_load_path::Vector{String}, load_path::Vector{String}, concrete_deps::Vector{Pair{Base.PkgId, UInt128}}, source::Nothing)
│  │        @ Base ./loading.jl:2881
│  │     [22] top-level scope
│  │        @ stdin:6
│  │     [23] eval
│  │        @ ./boot.jl:430 [inlined]
│  │     [24] include_string(mapexpr::typeof(identity), mod::Module, code::String, filename::String)
│  │        @ Base ./loading.jl:2734
│  │     [25] include_string
│  │        @ ./loading.jl:2744 [inlined]
│  │     [26] exec_options(opts::Base.JLOptions)
│  │        @ Base ./client.jl:321
│  │     [27] _start()
│  │        @ Base ./client.jl:531
│  └ @ Base loading.jl:1550
│  ┌ Warning: Module ConstructionBase with build ID fafbfcfd-ff4f-576d-0db9-f9fc961db405 is missing from the cache.
│  │ This may mean ConstructionBase [187b0558-2788-49d3-abe0-74a17ed4e7c9] does not support precompilation but is imported by a module that does.
│  └ @ Base loading.jl:2541
└  
┌ NDTensors
│  ┌ Warning: Module Transducers with build ID fafbfcfd-1af4-54ce-f2e3-8e5462897680 is missing from the cache.
│  │ This may mean Transducers [28d57a85-8fef-5791-bfe6-a80928e7c999] does not support precompilation but is imported by a module that does.
│  └ @ Base loading.jl:2541
│  ┌ Error: Error during loading of extension TransducersReferenceablesExt of Transducers, use `Base.retry_load_extensions()` to retry.
│  │   exception =
│  │    1-element ExceptionStack:
│  │    Error when precompiling module, potentially caused by a __precompile__(false) declaration in the module.
│  │    Stacktrace:
│  │      [1] _require(pkg::Base.PkgId, env::Nothing)
│  │        @ Base ./loading.jl:2603
│  │      [2] __require_prelocked(uuidkey::Base.PkgId, env::Nothing)
│  │        @ Base ./loading.jl:2388
│  │      [3] #invoke_in_world#3
│  │        @ ./essentials.jl:1089 [inlined]
│  │      [4] invoke_in_world
│  │        @ ./essentials.jl:1086 [inlined]
│  │      [5] _require_prelocked
│  │        @ ./loading.jl:2375 [inlined]
│  │      [6] _require_prelocked
│  │        @ ./loading.jl:2374 [inlined]
│  │      [7] run_extension_callbacks(extid::Base.ExtensionId)
│  │        @ Base ./loading.jl:1544
│  │      [8] run_extension_callbacks(pkgid::Base.PkgId)
│  │        @ Base ./loading.jl:1576
│  │      [9] run_package_callbacks(modkey::Base.PkgId)
│  │        @ Base ./loading.jl:1396
│  │     [10] __require_prelocked(uuidkey::Base.PkgId, env::String)
│  │        @ Base ./loading.jl:2399
│  │     [11] #invoke_in_world#3
│  │        @ ./essentials.jl:1089 [inlined]
│  │     [12] invoke_in_world
│  │        @ ./essentials.jl:1086 [inlined]
│  │     [13] _require_prelocked(uuidkey::Base.PkgId, env::String)
│  │        @ Base ./loading.jl:2375
│  │     [14] macro expansion
│  │        @ ./loading.jl:2314 [inlined]
│  │     [15] macro expansion
│  │        @ ./lock.jl:273 [inlined]
│  │     [16] __require(into::Module, mod::Symbol)
│  │        @ Base ./loading.jl:2271
│  │     [17] #invoke_in_world#3
│  │        @ ./essentials.jl:1089 [inlined]
│  │     [18] invoke_in_world
│  │        @ ./essentials.jl:1086 [inlined]
│  │     [19] require(into::Module, mod::Symbol)
│  │        @ Base ./loading.jl:2260
│  │     [20] include
│  │        @ ./Base.jl:562 [inlined]
│  │     [21] include_package_for_output(pkg::Base.PkgId, input::String, depot_path::Vector{String}, dl_load_path::Vector{String}, load_path::Vector{String}, concrete_deps::Vector{Pair{Base.PkgId, UInt128}}, source::String)
│  │        @ Base ./loading.jl:2881
│  │     [22] top-level scope
│  │        @ stdin:6
│  │     [23] eval
│  │        @ ./boot.jl:430 [inlined]
│  │     [24] include_string(mapexpr::typeof(identity), mod::Module, code::String, filename::String)
│  │        @ Base ./loading.jl:2734
│  │     [25] include_string
│  │        @ ./loading.jl:2744 [inlined]
│  │     [26] exec_options(opts::Base.JLOptions)
│  │        @ Base ./client.jl:321
│  │     [27] _start()
│  │        @ Base ./client.jl:531
│  └ @ Base loading.jl:1550
│  ┌ Warning: The call to compilecache failed to create a usable precompiled cache file for Folds [41a02a25-b8f0-4f67-bc48-60067656b558]
│  │   exception = Required dependency Base.PkgId(Base.UUID("1914dd2f-81c6-5fcd-8719-6d5c9610ff09"), "MacroTools") failed to load from a cache file.
│  └ @ Base loading.jl:2596
└  
┌ Accessors → LinearAlgebraExt
│  [pid 166308] waiting for IO to finish:
│   Handle type        uv_handle_t->data
│   fs_event           0x374efbe0->0x7bf942aa72b0
│   timer              0x376a3410->0x7bf942aa72e0
│  This means that a package has started a background task or event source that has not finished running. For precompilation to complete successfully, the event source needs to be closed explicitly. See the developer documentation on fixing precompilation hangs for more help.
└  
┌ ITensors
│  [Output was shown above]
└  
┌ Transducers → TransducersBlockArraysExt
│  ┌ Warning: The call to compilecache failed to create a usable precompiled cache file for StaticArrays [90137ffa-7385-5640-81b9-e52037218182]
│  │   exception = Required dependency Base.PkgId(Base.UUID("21216c6a-2e73-6563-6e65-726566657250"), "Preferences") failed to load from a cache file.
│  └ @ Base loading.jl:2596
└  
┌ Accessors → TestExt
│  [pid 166356] waiting for IO to finish:
│   Handle type        uv_handle_t->data
│   fs_event           0x1be106d0->0x7f8751915030
│   timer              0x1be680e0->0x7f8751915060
│  This means that a package has started a background task or event source that has not finished running. For precompilation to complete successfully, the event source needs to be closed explicitly. See the developer documentation on fixing precompilation hangs for more help.
└  
┌ IsApprox
│  [pid 166464] waiting for IO to finish:
│   Handle type        uv_handle_t->data
│   fs_event           0x1f1b89d0->0x73661faf60b0
│   timer              0x1f2cd9c0->0x73661faf60e0
│  This means that a package has started a background task or event source that has not finished running. For precompilation to complete successfully, the event source needs to be closed explicitly. See the developer documentation on fixing precompilation hangs for more help.
└  
┌ Folds
│  ┌ Warning: The call to compilecache failed to create a usable precompiled cache file for Tables [bd369af6-aec1-5ad0-b16a-f7cc5008161c]
│  │   exception = Required dependency Base.PkgId(Base.UUID("e2d170a0-9d28-54be-80f0-106bbe20a464"), "DataValueInterfaces") failed to load from a cache file.
│  └ @ Base loading.jl:2596
└  
Precompiling ITensorMPS...
   1038.1 ms  ✓ IfElse
    902.8 ms  ✓ CommonWorldInvalidations
   1284.6 ms  ✓ HalfIntegers
   1344.0 ms  ✓ VectorInterface
    579.4 ms  ✓ ArrayInterface
   1718.3 ms  ✓ FillArrays
    818.6 ms  ✓ Static
    435.7 ms  ✓ ArrayInterface → ArrayInterfaceChainRulesCoreExt
    515.6 ms  ✓ TypeParameterAccessors → TypeParameterAccessorsFillArraysExt
    603.2 ms  ✓ ArrayInterface → ArrayInterfaceSparseArraysExt
    632.2 ms  ✓ FillArrays → FillArraysSparseArraysExt
    725.6 ms  ? ArrayInterface → ArrayInterfaceStaticArraysCoreExt
    734.1 ms  ? ArrayLayouts
   1611.4 ms  ✓ KrylovKit
   1205.1 ms  ✓ StaticArrayInterface
    928.1 ms  ? ArrayLayouts → ArrayLayoutsSparseArraysExt
    581.8 ms  ✓ EllipsisNotation
    823.4 ms  ✓ KrylovKit → KrylovKitChainRulesCoreExt
    725.4 ms  ? StaticArrayInterface → StaticArrayInterfaceStaticArraysExt
  11028.5 ms  ? BlockArrays
    670.7 ms  ? Transducers → TransducersBlockArraysExt
    682.8 ms  ? BlockArrays → BlockArraysAdaptExt
    645.5 ms  ? ITensors → ITensorsVectorInterfaceExt
Info Given ITensorMPS was explicitly requested, output will be shown live [0K
[0K┌ Warning: Module ITensors with build ID fafbfcfd-0ec2-1464-5a98-ffa5ddd1396d is missing from the cache.
[0K│ This may mean ITensors [9136182c-28ba-11e9-034c-db9fb085ebd5] does not support precompilation but is imported by a module that does.
[0K└ @ Base loading.jl:2541
    627.0 ms  ? ITensorMPS
    669.7 ms  ? ITensorMPS → ITensorMPSChainRulesCoreExt
  15 dependencies successfully precompiled in 17 seconds. 101 already precompiled.
  10 dependencies failed but may be precompilable after restarting julia
  10 dependencies had output during precompilation:
┌ BlockArrays
│  ┌ Warning: Module StaticArrays with build ID fafbfcfd-e1e5-9778-3620-2ad763a97081 is missing from the cache.
│  │ This may mean StaticArrays [90137ffa-7385-5640-81b9-e52037218182] does not support precompilation but is imported by a module that does.
│  └ @ Base loading.jl:2541
└  
┌ ITensors → ITensorsVectorInterfaceExt
│  ┌ Warning: Module ITensors with build ID fafbfcfd-0ec2-1464-5a98-ffa5ddd1396d is missing from the cache.
│  │ This may mean ITensors [9136182c-28ba-11e9-034c-db9fb085ebd5] does not support precompilation but is imported by a module that does.
│  └ @ Base loading.jl:2541
└  
┌ BlockArrays → BlockArraysAdaptExt
│  ┌ Warning: Module Adapt with build ID fafbfcfd-ff0f-0f42-18b6-fcdc44c4a2d8 is missing from the cache.
│  │ This may mean Adapt [79e6a3ab-5dfb-504d-930d-738a2a938a0e] does not support precompilation but is imported by a module that does.
│  └ @ Base loading.jl:2541
└  
┌ ITensorMPS → ITensorMPSChainRulesCoreExt
│  ┌ Warning: Module ITensors with build ID fafbfcfd-0ec2-1464-5a98-ffa5ddd1396d is missing from the cache.
│  │ This may mean ITensors [9136182c-28ba-11e9-034c-db9fb085ebd5] does not support precompilation but is imported by a module that does.
│  └ @ Base loading.jl:2541
└  
┌ ArrayLayouts
│  ┌ Warning: Module StaticArrays with build ID fafbfcfd-e1e5-9778-3620-2ad763a97081 is missing from the cache.
│  │ This may mean StaticArrays [90137ffa-7385-5640-81b9-e52037218182] does not support precompilation but is imported by a module that does.
│  └ @ Base loading.jl:2541
└  
┌ Transducers → TransducersBlockArraysExt
│  ┌ Warning: Module Transducers with build ID fafbfcfd-06b2-31f6-ae8f-00eb6886d928 is missing from the cache.
│  │ This may mean Transducers [28d57a85-8fef-5791-bfe6-a80928e7c999] does not support precompilation but is imported by a module that does.
│  └ @ Base loading.jl:2541
└  
┌ ITensorMPS
│  [Output was shown above]
└  
┌ ArrayInterface → ArrayInterfaceStaticArraysCoreExt
│  ┌ Warning: Module StaticArraysCore with build ID fafbfcfd-7a8d-5cd2-a0a8-26fded740581 is missing from the cache.
│  │ This may mean StaticArraysCore [1e83bf80-4336-4d27-bf5d-d5a4f845583c] does not support precompilation but is imported by a module that does.
│  └ @ Base loading.jl:2541
└  
┌ StaticArrayInterface → StaticArrayInterfaceStaticArraysExt
│  ┌ Warning: Module StaticArrays with build ID fafbfcfd-e1e5-9778-3620-2ad763a97081 is missing from the cache.
│  │ This may mean StaticArrays [90137ffa-7385-5640-81b9-e52037218182] does not support precompilation but is imported by a module that does.
│  └ @ Base loading.jl:2541
└  
┌ ArrayLayouts → ArrayLayoutsSparseArraysExt
│  ┌ Warning: Module StaticArrays with build ID fafbfcfd-e1e5-9778-3620-2ad763a97081 is missing from the cache.
│  │ This may mean StaticArrays [90137ffa-7385-5640-81b9-e52037218182] does not support precompilation but is imported by a module that does.
│  └ @ Base loading.jl:2541
└  
Precompiling ITensorsVectorInterfaceExt...
    390.0 ms  ✓ IteratorInterfaceExtensions
    447.4 ms  ✓ DataValueInterfaces
    459.9 ms  ✓ ExternalDocstrings
    497.6 ms  ✓ DefineSingletons
    433.1 ms  ✓ DataAPI
    404.7 ms  ✓ CompositionsBase
    455.1 ms  ✓ ArgCheck
    526.2 ms  ✓ InverseFunctions
    507.1 ms  ✓ ConstructionBase
    449.9 ms  ✓ StaticArraysCore
    652.6 ms  ✓ OrderedCollections
    528.6 ms  ✓ Requires
    952.9 ms  ✓ InitialValues
    476.5 ms  ✓ Adapt
    714.6 ms  ? TableTraits
    734.0 ms  ? ThreadedScans
    721.7 ms  ? CompositionsBase → CompositionsBaseInverseFunctionsExt
   1147.1 ms  ✓ Baselet
    751.1 ms  ? InverseFunctions → InverseFunctionsDatesExt
    767.6 ms  ? InverseFunctions → InverseFunctionsTestExt
    755.4 ms  ? ArrayLayouts
    683.1 ms  ? Tables
    694.5 ms  ? ArrayInterface → ArrayInterfaceStaticArraysCoreExt
    766.9 ms  ? StaticArrayInterface → StaticArrayInterfaceStaticArraysExt
   2038.7 ms  ✓ MacroTools
    941.2 ms  ? BlockArrays
    643.5 ms  ? BlockArrays → BlockArraysAdaptExt
    642.5 ms  ? Transducers → TransducersBlockArraysExt
  11017.6 ms  ? ArrayLayouts → ArrayLayoutsSparseArraysExt
Info Given ITensorsVectorInterfaceExt was explicitly requested, output will be shown live [0K
[0K┌ Warning: Module ITensors with build ID fafbfcfd-0ec2-1464-5a98-ffa5ddd1396d is missing from the cache.
[0K│ This may mean ITensors [9136182c-28ba-11e9-034c-db9fb085ebd5] does not support precompilation but is imported by a module that does.
[0K└ @ Base loading.jl:2541
    682.3 ms  ? ITensors → ITensorsVectorInterfaceExt
┌ Warning: Module ITensors with build ID fafbfcfd-0ec2-1464-5a98-ffa5ddd1396d is missing from the cache.
│ This may mean ITensors [9136182c-28ba-11e9-034c-db9fb085ebd5] does not support precompilation but is imported by a module that does.
└ @ Base loading.jl:2541
┌ Warning: Module ITensors with build ID fafbfcfd-0ec2-1464-5a98-ffa5ddd1396d is missing from the cache.
│ This may mean ITensors [9136182c-28ba-11e9-034c-db9fb085ebd5] does not support precompilation but is imported by a module that does.
└ @ Base loading.jl:2541
  16 dependencies successfully precompiled in 13 seconds. 92 already precompiled.
  22 dependencies precompiled but different versions are currently loaded. Restart julia to access the new versions. Otherwise, loading dependents of these packages may trigger further precompilation to work with the unexpected versions.
  14 dependencies failed but may be precompilable after restarting julia
  14 dependencies had output during precompilation:
┌ ITensors → ITensorsVectorInterfaceExt
│  [Output was shown above]
└  
┌ ArrayLayouts
│  ┌ Warning: Module StaticArrays with build ID fafbfcfd-e1e5-9778-3620-2ad763a97081 is missing from the cache.
│  │ This may mean StaticArrays [90137ffa-7385-5640-81b9-e52037218182] does not support precompilation but is imported by a module that does.
│  └ @ Base loading.jl:2541
└  
┌ ArrayLayouts → ArrayLayoutsSparseArraysExt
│  ┌ Warning: Module StaticArrays with build ID fafbfcfd-e1e5-9778-3620-2ad763a97081 is missing from the cache.
│  │ This may mean StaticArrays [90137ffa-7385-5640-81b9-e52037218182] does not support precompilation but is imported by a module that does.
│  └ @ Base loading.jl:2541
└  
┌ ThreadedScans
│  ┌ Warning: Module ArgCheck with build ID fafbfcfd-56bb-ee2a-8815-34b1488c3dc0 is missing from the cache.
│  │ This may mean ArgCheck [dce04be8-c92d-5529-be00-80e4d2c0e197] does not support precompilation but is imported by a module that does.
│  └ @ Base loading.jl:2541
└  
┌ TableTraits
│  ┌ Warning: Module IteratorInterfaceExtensions with build ID fafbfcfd-8bc1-51f1-986d-938fc488625d is missing from the cache.
│  │ This may mean IteratorInterfaceExtensions [82899510-4779-5014-852e-03e436cf321d] does not support precompilation but is imported by a module that does.
│  └ @ Base loading.jl:2541
└  
┌ ArrayInterface → ArrayInterfaceStaticArraysCoreExt
│  ┌ Warning: Module StaticArraysCore with build ID fafbfcfd-7a8d-5cd2-a0a8-26fded740581 is missing from the cache.
│  │ This may mean StaticArraysCore [1e83bf80-4336-4d27-bf5d-d5a4f845583c] does not support precompilation but is imported by a module that does.
│  └ @ Base loading.jl:2541
└  
┌ BlockArrays
│  ┌ Warning: Module StaticArrays with build ID fafbfcfd-e1e5-9778-3620-2ad763a97081 is missing from the cache.
│  │ This may mean StaticArrays [90137ffa-7385-5640-81b9-e52037218182] does not support precompilation but is imported by a module that does.
│  └ @ Base loading.jl:2541
└  
┌ CompositionsBase → CompositionsBaseInverseFunctionsExt
│  ┌ Warning: Module CompositionsBase with build ID fafbfcfd-f65f-8373-8a95-74a002748b34 is missing from the cache.
│  │ This may mean CompositionsBase [a33af91c-f02d-484b-be07-31d278c5ca2b] does not support precompilation but is imported by a module that does.
│  └ @ Base loading.jl:2541
└  
┌ InverseFunctions → InverseFunctionsTestExt
│  ┌ Warning: Module InverseFunctions with build ID fafbfcfd-48a5-e833-933b-891112c11e0d is missing from the cache.
│  │ This may mean InverseFunctions [3587e190-3f89-42d0-90ee-14403ec27112] does not support precompilation but is imported by a module that does.
│  └ @ Base loading.jl:2541
└  
┌ Transducers → TransducersBlockArraysExt
│  ┌ Warning: Module Transducers with build ID fafbfcfd-06b2-31f6-ae8f-00eb6886d928 is missing from the cache.
│  │ This may mean Transducers [28d57a85-8fef-5791-bfe6-a80928e7c999] does not support precompilation but is imported by a module that does.
│  └ @ Base loading.jl:2541
└  
┌ InverseFunctions → InverseFunctionsDatesExt
│  ┌ Warning: Module InverseFunctions with build ID fafbfcfd-48a5-e833-933b-891112c11e0d is missing from the cache.
│  │ This may mean InverseFunctions [3587e190-3f89-42d0-90ee-14403ec27112] does not support precompilation but is imported by a module that does.
│  └ @ Base loading.jl:2541
└  
┌ BlockArrays → BlockArraysAdaptExt
│  ┌ Warning: Module Adapt with build ID fafbfcfd-ff0f-0f42-18b6-fcdc44c4a2d8 is missing from the cache.
│  │ This may mean Adapt [79e6a3ab-5dfb-504d-930d-738a2a938a0e] does not support precompilation but is imported by a module that does.
│  └ @ Base loading.jl:2541
└  
┌ Tables
│  ┌ Warning: Module DataValueInterfaces with build ID fafbfcfd-cd09-3241-2e63-b188108e7e8e is missing from the cache.
│  │ This may mean DataValueInterfaces [e2d170a0-9d28-54be-80f0-106bbe20a464] does not support precompilation but is imported by a module that does.
│  └ @ Base loading.jl:2541
└  
┌ StaticArrayInterface → StaticArrayInterfaceStaticArraysExt
│  ┌ Warning: Module StaticArrays with build ID fafbfcfd-e1e5-9778-3620-2ad763a97081 is missing from the cache.
│  │ This may mean StaticArrays [90137ffa-7385-5640-81b9-e52037218182] does not support precompilation but is imported by a module that does.
│  └ @ Base loading.jl:2541
└  
Precompiling ITensorMPSChainRulesCoreExt...
    432.1 ms  ✓ DataValueInterfaces
    399.9 ms  ✓ IteratorInterfaceExtensions
    507.7 ms  ✓ DefineSingletons
    436.9 ms  ✓ DataAPI
    401.3 ms  ✓ CompositionsBase
    435.0 ms  ✓ ArgCheck
    501.6 ms  ✓ ConstructionBase
    531.9 ms  ✓ InverseFunctions
    436.0 ms  ✓ StaticArraysCore
    740.4 ms  ✓ OrderedCollections
    949.9 ms  ✓ InitialValues
    732.1 ms  ? TableTraits
    708.1 ms  ? ThreadedScans
    708.9 ms  ? CompositionsBase → CompositionsBaseInverseFunctionsExt
    722.9 ms  ? ArrayInterface → ArrayInterfaceStaticArraysCoreExt
    753.6 ms  ? InverseFunctions → InverseFunctionsDatesExt
   1170.1 ms  ✓ Baselet
    762.5 ms  ? InverseFunctions → InverseFunctionsTestExt
    752.1 ms  ? ArrayLayouts
    809.8 ms  ? StaticArrayInterface → StaticArrayInterfaceStaticArraysExt
    677.9 ms  ? Tables
   2029.8 ms  ✓ MacroTools
    923.3 ms  ? ArrayLayouts → ArrayLayoutsSparseArraysExt
  11014.7 ms  ? BlockArrays
    673.7 ms  ? BlockArrays → BlockArraysAdaptExt
    662.9 ms  ? Transducers → TransducersBlockArraysExt
    686.4 ms  ? ITensors → ITensorsVectorInterfaceExt
    681.3 ms  ? ITensorMPS
Info Given ITensorMPSChainRulesCoreExt was explicitly requested, output will be shown live [0K
[0K┌ Warning: Module ITensors with build ID fafbfcfd-0ec2-1464-5a98-ffa5ddd1396d is missing from the cache.
[0K│ This may mean ITensors [9136182c-28ba-11e9-034c-db9fb085ebd5] does not support precompilation but is imported by a module that does.
[0K└ @ Base loading.jl:2541
    668.1 ms  ? ITensorMPS → ITensorMPSChainRulesCoreExt
  13 dependencies successfully precompiled in 15 seconds. 97 already precompiled.
  21 dependencies precompiled but different versions are currently loaded. Restart julia to access the new versions. Otherwise, loading dependents of these packages may trigger further precompilation to work with the unexpected versions.
  16 dependencies failed but may be precompilable after restarting julia
  16 dependencies had output during precompilation:
┌ ITensors → ITensorsVectorInterfaceExt
│  ┌ Warning: Module ITensors with build ID fafbfcfd-0ec2-1464-5a98-ffa5ddd1396d is missing from the cache.
│  │ This may mean ITensors [9136182c-28ba-11e9-034c-db9fb085ebd5] does not support precompilation but is imported by a module that does.
│  └ @ Base loading.jl:2541
└  
┌ ArrayLayouts
│  ┌ Warning: Module StaticArrays with build ID fafbfcfd-e1e5-9778-3620-2ad763a97081 is missing from the cache.
│  │ This may mean StaticArrays [90137ffa-7385-5640-81b9-e52037218182] does not support precompilation but is imported by a module that does.
│  └ @ Base loading.jl:2541
└  
┌ ArrayLayouts → ArrayLayoutsSparseArraysExt
│  ┌ Warning: Module StaticArrays with build ID fafbfcfd-e1e5-9778-3620-2ad763a97081 is missing from the cache.
│  │ This may mean StaticArrays [90137ffa-7385-5640-81b9-e52037218182] does not support precompilation but is imported by a module that does.
│  └ @ Base loading.jl:2541
└  
┌ ITensorMPS → ITensorMPSChainRulesCoreExt
│  [Output was shown above]
└  
┌ ThreadedScans
│  ┌ Warning: Module ArgCheck with build ID fafbfcfd-56bb-ee2a-8815-34b1488c3dc0 is missing from the cache.
│  │ This may mean ArgCheck [dce04be8-c92d-5529-be00-80e4d2c0e197] does not support precompilation but is imported by a module that does.
│  └ @ Base loading.jl:2541
└  
┌ TableTraits
│  ┌ Warning: Module IteratorInterfaceExtensions with build ID fafbfcfd-8bc1-51f1-986d-938fc488625d is missing from the cache.
│  │ This may mean IteratorInterfaceExtensions [82899510-4779-5014-852e-03e436cf321d] does not support precompilation but is imported by a module that does.
│  └ @ Base loading.jl:2541
└  
┌ ArrayInterface → ArrayInterfaceStaticArraysCoreExt
│  ┌ Warning: Module StaticArraysCore with build ID fafbfcfd-7a8d-5cd2-a0a8-26fded740581 is missing from the cache.
│  │ This may mean StaticArraysCore [1e83bf80-4336-4d27-bf5d-d5a4f845583c] does not support precompilation but is imported by a module that does.
│  └ @ Base loading.jl:2541
└  
┌ BlockArrays
│  ┌ Warning: Module StaticArrays with build ID fafbfcfd-e1e5-9778-3620-2ad763a97081 is missing from the cache.
│  │ This may mean StaticArrays [90137ffa-7385-5640-81b9-e52037218182] does not support precompilation but is imported by a module that does.
│  └ @ Base loading.jl:2541
└  
┌ CompositionsBase → CompositionsBaseInverseFunctionsExt
│  ┌ Warning: Module CompositionsBase with build ID fafbfcfd-f65f-8373-8a95-74a002748b34 is missing from the cache.
│  │ This may mean CompositionsBase [a33af91c-f02d-484b-be07-31d278c5ca2b] does not support precompilation but is imported by a module that does.
│  └ @ Base loading.jl:2541
└  
┌ InverseFunctions → InverseFunctionsTestExt
│  ┌ Warning: Module InverseFunctions with build ID fafbfcfd-48a5-e833-933b-891112c11e0d is missing from the cache.
│  │ This may mean InverseFunctions [3587e190-3f89-42d0-90ee-14403ec27112] does not support precompilation but is imported by a module that does.
│  └ @ Base loading.jl:2541
└  
┌ Transducers → TransducersBlockArraysExt
│  ┌ Warning: Module Transducers with build ID fafbfcfd-06b2-31f6-ae8f-00eb6886d928 is missing from the cache.
│  │ This may mean Transducers [28d57a85-8fef-5791-bfe6-a80928e7c999] does not support precompilation but is imported by a module that does.
│  └ @ Base loading.jl:2541
└  
┌ ITensorMPS
│  ┌ Warning: Module ITensors with build ID fafbfcfd-0ec2-1464-5a98-ffa5ddd1396d is missing from the cache.
│  │ This may mean ITensors [9136182c-28ba-11e9-034c-db9fb085ebd5] does not support precompilation but is imported by a module that does.
│  └ @ Base loading.jl:2541
└  
┌ InverseFunctions → InverseFunctionsDatesExt
│  ┌ Warning: Module InverseFunctions with build ID fafbfcfd-48a5-e833-933b-891112c11e0d is missing from the cache.
│  │ This may mean InverseFunctions [3587e190-3f89-42d0-90ee-14403ec27112] does not support precompilation but is imported by a module that does.
│  └ @ Base loading.jl:2541
└  
┌ BlockArrays → BlockArraysAdaptExt
│  ┌ Warning: Module Adapt with build ID fafbfcfd-ff0f-0f42-18b6-fcdc44c4a2d8 is missing from the cache.
│  │ This may mean Adapt [79e6a3ab-5dfb-504d-930d-738a2a938a0e] does not support precompilation but is imported by a module that does.
│  └ @ Base loading.jl:2541
└  
┌ Tables
│  ┌ Warning: Module DataValueInterfaces with build ID fafbfcfd-cd09-3241-2e63-b188108e7e8e is missing from the cache.
│  │ This may mean DataValueInterfaces [e2d170a0-9d28-54be-80f0-106bbe20a464] does not support precompilation but is imported by a module that does.
│  └ @ Base loading.jl:2541
└  
┌ StaticArrayInterface → StaticArrayInterfaceStaticArraysExt
│  ┌ Warning: Module StaticArrays with build ID fafbfcfd-e1e5-9778-3620-2ad763a97081 is missing from the cache.
│  │ This may mean StaticArrays [90137ffa-7385-5640-81b9-e52037218182] does not support precompilation but is imported by a module that does.
│  └ @ Base loading.jl:2541
└  
Generating random tensor of size 2^27
Number of threads: 64
rand wtime:   0.877081 seconds (119.86 k allocations: 1.006 GiB, 2.27% gc time, 13.60% compilation time)
calculate TT-SVD of rank 10
tt-svd wtime: 256.177633 seconds (402.60 M allocations: 59.700 GiB, 3.10% gc time, 85.81% compilation time)
tt-svd wtime:  36.239235 seconds (14.97 k allocations: 40.257 GiB, 13.24% gc time)
Precompiling ITensors...
    590.6 ms  ✓ IfElse
    737.8 ms  ✓ IteratorInterfaceExtensions
    806.2 ms  ✓ DataValueInterfaces
    708.8 ms  ✓ CommonWorldInvalidations
    841.7 ms  ✓ ExternalDocstrings
    875.0 ms  ✓ DataAPI
   1131.5 ms  ✓ DefineSingletons
   1007.8 ms  ✓ HalfIntegers
   1125.2 ms  ✓ InverseFunctions
   1118.1 ms  ✓ VectorInterface
   1107.4 ms  ✓ DocStringExtensions
   1094.1 ms  ✓ ExprTools
   1082.3 ms  ✓ ConstructionBase
   1228.5 ms  ✓ OrderedCollections
   1149.7 ms  ✓ InlineStrings
   1418.1 ms  ✓ FillArrays
    500.8 ms  ✓ ArgCheck
    393.7 ms  ✓ PackageExtensionCompat
    692.1 ms  ✓ TableTraits
    692.5 ms  ✓ CompositionsBase
    671.7 ms  ✓ Indexing
    660.9 ms  ✓ StaticArraysCore
    717.3 ms  ✓ TupleTools
    710.7 ms  ✓ InverseFunctions → InverseFunctionsDatesExt
    571.0 ms  ✓ SerializedElementArrays
    775.0 ms  ✓ BitIntegers
    566.6 ms  ✓ Requires
    686.2 ms  ✓ InverseFunctions → InverseFunctionsTestExt
    521.3 ms  ✓ ConstructionBase → ConstructionBaseLinearAlgebraExt
    582.6 ms  ✓ Zeros
   1032.6 ms  ✓ InitialValues
    570.9 ms  ✓ CompositionsBase → CompositionsBaseInverseFunctionsExt
    627.8 ms  ✓ Compat
    563.0 ms  ✓ StridedViews
    486.4 ms  ✓ Adapt
   1149.9 ms  ✓ Baselet
    733.7 ms  ✓ Preferences
    721.6 ms  ✓ FillArrays → FillArraysSparseArraysExt
    828.7 ms  ✓ Tables
    858.3 ms  ✓ ThreadedScans
    441.5 ms  ✓ Compat → CompatLinearAlgebraExt
   1018.9 ms  ✓ Dictionaries
    567.0 ms  ✓ Referenceables
    580.7 ms  ✓ PrecompileTools
    634.3 ms  ✓ ArrayInterface
    790.0 ms  ✓ Strided
    768.5 ms  ✓ Adapt → AdaptSparseArraysExt
   2333.4 ms  ✓ MacroTools
   2156.2 ms  ✓ TimerOutputs
    721.5 ms  ✓ Functors
    413.3 ms  ✓ ArrayInterface → ArrayInterfaceStaticArraysCoreExt
    730.3 ms  ✓ SplitApplyCombine
    572.8 ms  ✓ ArrayInterface → ArrayInterfaceSparseArraysExt
    818.0 ms  ✓ Static
    739.0 ms  ✓ SimpleTraits
   1287.7 ms  ✓ ChainRulesCore
   1132.4 ms  ✓ Setfield
    439.0 ms  ✓ ArrayInterface → ArrayInterfaceChainRulesCoreExt
    614.2 ms  ✓ ChainRulesCore → ChainRulesCoreSparseArraysExt
    960.8 ms  ✓ TypeParameterAccessors
   1242.4 ms  ✓ StaticArrayInterface
   1906.2 ms  ✓ Accessors
    900.7 ms  ✓ SplittablesBase
    447.9 ms  ✓ TypeParameterAccessors → TypeParameterAccessorsStridedViewsExt
    489.8 ms  ✓ TypeParameterAccessors → TypeParameterAccessorsFillArraysExt
    473.4 ms  ✓ EllipsisNotation
    546.8 ms  ✓ Accessors → LinearAlgebraExt
    602.6 ms  ✓ Accessors → TestExt
    769.9 ms  ✓ BangBang
    537.3 ms  ✓ BangBang → BangBangTablesExt
    551.9 ms  ✓ BangBang → BangBangChainRulesCoreExt
    700.2 ms  ✓ MicroCollections
   6140.3 ms  ✓ StaticArrays
   2407.5 ms  ✓ Transducers
    649.4 ms  ✓ ConstructionBase → ConstructionBaseStaticArraysExt
    638.8 ms  ✓ Adapt → AdaptStaticArraysExt
    667.5 ms  ✓ StaticArrays → StaticArraysChainRulesCoreExt
    683.9 ms  ✓ StaticArrayInterface → StaticArrayInterfaceStaticArraysExt
    725.9 ms  ✓ Accessors → StaticArraysExt
    731.7 ms  ✓ BangBang → BangBangStaticArraysExt
    675.9 ms  ✓ Transducers → TransducersAdaptExt
    667.3 ms  ✓ Transducers → TransducersReferenceablesExt
   2889.7 ms  ✓ Folds
  10696.0 ms  ✓ IsApprox
  10947.7 ms  ✓ ArrayLayouts
   1085.9 ms  ✓ ArrayLayouts → ArrayLayoutsSparseArraysExt
   1857.3 ms  ✓ BlockArrays
   1015.6 ms  ✓ BlockArrays → BlockArraysAdaptExt
   1432.8 ms  ✓ Transducers → TransducersBlockArraysExt
   3248.6 ms  ✓ NDTensors
   5621.4 ms  ✓ ITensors
   2064.9 ms  ✓ ITensors → ITensorsVectorInterfaceExt
  92 dependencies successfully precompiled in 35 seconds. 30 already precompiled.
Precompiling ITensorMPS...
   1525.0 ms  ✓ KrylovKit
    607.3 ms  ✓ KrylovKit → KrylovKitChainRulesCoreExt
   4912.5 ms  ✓ ITensorMPS
   2748.8 ms  ✓ ITensorMPS → ITensorMPSChainRulesCoreExt
  4 dependencies successfully precompiled in 10 seconds. 122 already precompiled.
Generating random tensor of size 2^27
Number of threads: 64
rand wtime:   0.999985 seconds (119.86 k allocations: 1.006 GiB, 14.85% gc time, 11.63% compilation time)
calculate TT-SVD of rank 11
tt-svd wtime: 258.541971 seconds (402.70 M allocations: 60.831 GiB, 3.20% gc time, 84.91% compilation time)
tt-svd wtime:  38.483824 seconds (14.97 k allocations: 41.382 GiB, 13.62% gc time)
Generating random tensor of size 2^27
Number of threads: 64
rand wtime:   0.825811 seconds (119.87 k allocations: 1.006 GiB, 4.84% gc time, 10.01% compilation time)
calculate TT-SVD of rank 12
tt-svd wtime: 260.717132 seconds (402.70 M allocations: 61.956 GiB, 3.31% gc time, 84.59% compilation time)
tt-svd wtime:  39.417563 seconds (15.03 k allocations: 42.507 GiB, 13.41% gc time)
Precompiling ITensors...
   2930.0 ms  ✓ DataValueInterfaces
   2207.0 ms  ✓ IfElse
   2195.1 ms  ✓ IteratorInterfaceExtensions
   3234.5 ms  ✓ DefineSingletons
   3130.5 ms  ✓ ExternalDocstrings
   2763.2 ms  ✓ InverseFunctions
   2284.3 ms  ✓ ExprTools
   2005.5 ms  ✓ CommonWorldInvalidations
   1996.7 ms  ✓ DataAPI
   3016.8 ms  ✓ HalfIntegers
   2269.5 ms  ✓ ConstructionBase
   2946.4 ms  ✓ VectorInterface
   2714.2 ms  ✓ DocStringExtensions
   3365.0 ms  ✓ OrderedCollections
   2740.0 ms  ✓ InlineStrings
    371.6 ms  ✓ PackageExtensionCompat
    440.2 ms  ✓ ArgCheck
   3461.8 ms  ✓ FillArrays
    453.8 ms  ✓ CompositionsBase
    470.5 ms  ✓ Indexing
    457.0 ms  ✓ StaticArraysCore
    693.9 ms  ✓ BitIntegers
    624.3 ms  ✓ InverseFunctions → InverseFunctionsDatesExt
    549.6 ms  ✓ Zeros
    562.6 ms  ✓ Requires
    433.9 ms  ✓ TableTraits
    677.3 ms  ✓ InverseFunctions → InverseFunctionsTestExt
    618.0 ms  ✓ Compat
    506.2 ms  ✓ TupleTools
    447.3 ms  ✓ ConstructionBase → ConstructionBaseLinearAlgebraExt
    784.6 ms  ✓ Preferences
    970.5 ms  ✓ InitialValues
    475.3 ms  ✓ SerializedElementArrays
    515.1 ms  ✓ StridedViews
    691.3 ms  ✓ FillArrays → FillArraysSparseArraysExt
    450.5 ms  ✓ CompositionsBase → CompositionsBaseInverseFunctionsExt
    487.5 ms  ✓ Adapt
    521.9 ms  ✓ Compat → CompatLinearAlgebraExt
    505.3 ms  ✓ PrecompileTools
    895.4 ms  ✓ ThreadedScans
   1150.5 ms  ✓ Baselet
    873.2 ms  ✓ Tables
    460.0 ms  ✓ Referenceables
    646.3 ms  ✓ Strided
   1069.9 ms  ✓ Dictionaries
    636.3 ms  ✓ ArrayInterface
    702.1 ms  ✓ Adapt → AdaptSparseArraysExt
    804.2 ms  ✓ Functors
   2120.5 ms  ✓ TimerOutputs
   2288.4 ms  ✓ MacroTools
    430.1 ms  ✓ ArrayInterface → ArrayInterfaceStaticArraysCoreExt
    915.0 ms  ✓ Static
    624.2 ms  ✓ ArrayInterface → ArrayInterfaceSparseArraysExt
    785.6 ms  ✓ SplitApplyCombine
   1371.5 ms  ✓ ChainRulesCore
    781.1 ms  ✓ SimpleTraits
    455.2 ms  ✓ ArrayInterface → ArrayInterfaceChainRulesCoreExt
    644.8 ms  ✓ ChainRulesCore → ChainRulesCoreSparseArraysExt
   1150.4 ms  ✓ Setfield
   1273.9 ms  ✓ StaticArrayInterface
   1005.8 ms  ✓ TypeParameterAccessors
    507.3 ms  ✓ EllipsisNotation
   1970.3 ms  ✓ Accessors
    940.9 ms  ✓ SplittablesBase
    516.0 ms  ✓ TypeParameterAccessors → TypeParameterAccessorsFillArraysExt
    542.3 ms  ✓ TypeParameterAccessors → TypeParameterAccessorsStridedViewsExt
    580.4 ms  ✓ Accessors → LinearAlgebraExt
    665.3 ms  ✓ Accessors → TestExt
    847.8 ms  ✓ BangBang
    618.9 ms  ✓ BangBang → BangBangTablesExt
    628.3 ms  ✓ BangBang → BangBangChainRulesCoreExt
    783.6 ms  ✓ MicroCollections
   6407.1 ms  ✓ StaticArrays
    693.7 ms  ✓ Adapt → AdaptStaticArraysExt
    716.2 ms  ✓ ConstructionBase → ConstructionBaseStaticArraysExt
    742.9 ms  ✓ StaticArrays → StaticArraysChainRulesCoreExt
    789.3 ms  ✓ StaticArrayInterface → StaticArrayInterfaceStaticArraysExt
    801.3 ms  ✓ BangBang → BangBangStaticArraysExt
    911.3 ms  ✓ Accessors → StaticArraysExt
   2670.4 ms  ✓ Transducers
    828.9 ms  ✓ Transducers → TransducersAdaptExt
    835.7 ms  ✓ Transducers → TransducersReferenceablesExt
  11099.6 ms  ✓ IsApprox
   3074.1 ms  ✓ Folds
  11122.7 ms  ✓ ArrayLayouts
   1384.0 ms  ✓ ArrayLayouts → ArrayLayoutsSparseArraysExt
   2127.5 ms  ✓ BlockArrays
   1288.0 ms  ✓ BlockArrays → BlockArraysAdaptExt
   1624.3 ms  ✓ Transducers → TransducersBlockArraysExt
   4120.6 ms  ✓ NDTensors
   6984.4 ms  ✓ ITensors
   2982.3 ms  ✓ ITensors → ITensorsVectorInterfaceExt
  92 dependencies successfully precompiled in 41 seconds. 30 already precompiled.
Precompiling ITensorMPS...
   1567.1 ms  ✓ KrylovKit
    672.1 ms  ✓ KrylovKit → KrylovKitChainRulesCoreExt
   5164.8 ms  ✓ ITensorMPS
   3229.7 ms  ✓ ITensorMPS → ITensorMPSChainRulesCoreExt
  4 dependencies successfully precompiled in 11 seconds. 122 already precompiled.
Generating random tensor of size 2^27
Number of threads: 64
rand wtime:   0.929649 seconds (119.86 k allocations: 1.006 GiB, 15.58% gc time, 9.07% compilation time)
calculate TT-SVD of rank 13
tt-svd wtime: 260.698868 seconds (402.67 M allocations: 63.080 GiB, 3.20% gc time, 83.96% compilation time)
tt-svd wtime:  41.055910 seconds (15.03 k allocations: 43.632 GiB, 12.59% gc time)
Generating random tensor of size 2^27
Number of threads: 64
rand wtime:   0.822675 seconds (119.87 k allocations: 1.006 GiB, 4.82% gc time, 10.05% compilation time)
calculate TT-SVD of rank 14
tt-svd wtime: 262.038216 seconds (402.67 M allocations: 64.205 GiB, 3.31% gc time, 83.55% compilation time)
tt-svd wtime:  42.445013 seconds (15.03 k allocations: 44.757 GiB, 12.59% gc time)
Generating random tensor of size 2^27
Number of threads: 64
rand wtime:   0.827193 seconds (119.87 k allocations: 1.006 GiB, 4.85% gc time, 10.13% compilation time)
calculate TT-SVD of rank 15
tt-svd wtime: 267.372191 seconds (402.67 M allocations: 65.330 GiB, 3.23% gc time, 82.99% compilation time)
tt-svd wtime:  45.078384 seconds (15.03 k allocations: 45.882 GiB, 12.71% gc time)
Precompiling ITensors...
    510.2 ms  ✓ DataValueInterfaces
    462.3 ms  ✓ IfElse
    445.2 ms  ✓ IteratorInterfaceExtensions
    412.2 ms  ✓ CommonWorldInvalidations
    557.4 ms  ✓ ExternalDocstrings
    624.9 ms  ✓ DefineSingletons
    455.9 ms  ✓ DataAPI
    532.5 ms  ✓ ExprTools
    633.9 ms  ✓ HalfIntegers
    609.3 ms  ✓ InverseFunctions
    575.0 ms  ✓ ConstructionBase
    672.0 ms  ✓ VectorInterface
    777.5 ms  ✓ OrderedCollections
    710.1 ms  ✓ DocStringExtensions
    758.4 ms  ✓ InlineStrings
    533.1 ms  ✓ PackageExtensionCompat
    686.5 ms  ✓ CompositionsBase
    739.2 ms  ✓ ArgCheck
    655.6 ms  ✓ TupleTools
   1283.6 ms  ✓ FillArrays
    726.6 ms  ✓ TableTraits
    638.6 ms  ✓ SerializedElementArrays
    691.7 ms  ✓ StaticArraysCore
    922.3 ms  ✓ BitIntegers
    778.1 ms  ✓ Requires
    730.3 ms  ✓ Zeros
    732.2 ms  ✓ Compat
    450.5 ms  ✓ Indexing
    947.1 ms  ✓ InitialValues
    752.8 ms  ✓ Preferences
   1141.9 ms  ✓ Baselet
    849.5 ms  ✓ CompositionsBase → CompositionsBaseInverseFunctionsExt
    844.7 ms  ✓ ConstructionBase → ConstructionBaseLinearAlgebraExt
    879.3 ms  ✓ InverseFunctions → InverseFunctionsDatesExt
    815.5 ms  ✓ StridedViews
    814.3 ms  ✓ Adapt
    853.4 ms  ✓ Compat → CompatLinearAlgebraExt
    937.6 ms  ✓ InverseFunctions → InverseFunctionsTestExt
    912.1 ms  ✓ FillArrays → FillArraysSparseArraysExt
    818.6 ms  ✓ PrecompileTools
    986.3 ms  ✓ ThreadedScans
    925.0 ms  ✓ Tables
   1044.5 ms  ✓ Dictionaries
   2095.8 ms  ✓ MacroTools
    466.8 ms  ✓ Referenceables
    676.6 ms  ✓ ArrayInterface
    753.8 ms  ✓ Adapt → AdaptSparseArraysExt
    768.1 ms  ✓ Strided
    885.1 ms  ✓ Functors
    901.5 ms  ✓ Static
   2220.8 ms  ✓ TimerOutputs
   1020.3 ms  ✓ SimpleTraits
   1111.3 ms  ✓ SplitApplyCombine
    580.3 ms  ✓ ArrayInterface → ArrayInterfaceStaticArraysCoreExt
    619.7 ms  ✓ ArrayInterface → ArrayInterfaceSparseArraysExt
   1376.1 ms  ✓ ChainRulesCore
   1264.1 ms  ✓ Setfield
    450.6 ms  ✓ ArrayInterface → ArrayInterfaceChainRulesCoreExt
    740.7 ms  ✓ ChainRulesCore → ChainRulesCoreSparseArraysExt
   1253.4 ms  ✓ StaticArrayInterface
   1098.7 ms  ✓ TypeParameterAccessors
   2146.8 ms  ✓ Accessors
   1017.2 ms  ✓ SplittablesBase
    481.4 ms  ✓ EllipsisNotation
    580.9 ms  ✓ TypeParameterAccessors → TypeParameterAccessorsStridedViewsExt
    622.2 ms  ✓ TypeParameterAccessors → TypeParameterAccessorsFillArraysExt
    582.6 ms  ✓ Accessors → LinearAlgebraExt
    601.2 ms  ✓ Accessors → TestExt
    795.6 ms  ✓ BangBang
    555.4 ms  ✓ BangBang → BangBangChainRulesCoreExt
    563.6 ms  ✓ BangBang → BangBangTablesExt
    715.8 ms  ✓ MicroCollections
   6439.7 ms  ✓ StaticArrays
   2590.0 ms  ✓ Transducers
    831.2 ms  ✓ StaticArrays → StaticArraysChainRulesCoreExt
    815.3 ms  ✓ Adapt → AdaptStaticArraysExt
    834.9 ms  ✓ ConstructionBase → ConstructionBaseStaticArraysExt
    808.7 ms  ✓ StaticArrayInterface → StaticArrayInterfaceStaticArraysExt
   1091.7 ms  ✓ BangBang → BangBangStaticArraysExt
   1101.5 ms  ✓ Accessors → StaticArraysExt
    686.0 ms  ✓ Transducers → TransducersAdaptExt
    697.5 ms  ✓ Transducers → TransducersReferenceablesExt
   2949.4 ms  ✓ Folds
  10751.7 ms  ✓ IsApprox
  10962.8 ms  ✓ ArrayLayouts
   1076.1 ms  ✓ ArrayLayouts → ArrayLayoutsSparseArraysExt
   1850.0 ms  ✓ BlockArrays
   1041.3 ms  ✓ BlockArrays → BlockArraysAdaptExt
   1402.5 ms  ✓ Transducers → TransducersBlockArraysExt
   3424.5 ms  ✓ NDTensors
   5821.7 ms  ✓ ITensors
   2288.7 ms  ✓ ITensors → ITensorsVectorInterfaceExt
  92 dependencies successfully precompiled in 35 seconds. 30 already precompiled.
Precompiling ITensorMPS...
   1532.4 ms  ✓ KrylovKit
    746.5 ms  ✓ KrylovKit → KrylovKitChainRulesCoreExt
   4911.4 ms  ✓ ITensorMPS
   2779.9 ms  ✓ ITensorMPS → ITensorMPSChainRulesCoreExt
  4 dependencies successfully precompiled in 10 seconds. 122 already precompiled.
Generating random tensor of size 2^27
Number of threads: 64
rand wtime:   0.970058 seconds (119.86 k allocations: 1.006 GiB, 15.05% gc time, 11.58% compilation time)
calculate TT-SVD of rank 16
tt-svd wtime: 266.815022 seconds (402.71 M allocations: 65.457 GiB, 3.38% gc time, 82.50% compilation time)
tt-svd wtime:  46.111724 seconds (15.06 k allocations: 46.007 GiB, 12.28% gc time)
Generating random tensor of size 2^27
Number of threads: 64
rand wtime:   0.829002 seconds (119.87 k allocations: 1.006 GiB, 4.85% gc time, 10.06% compilation time)
calculate TT-SVD of rank 17
tt-svd wtime: 268.798282 seconds (402.71 M allocations: 66.019 GiB, 3.21% gc time, 82.36% compilation time)
tt-svd wtime:  46.952558 seconds (15.06 k allocations: 46.570 GiB, 12.45% gc time)
Precompiling ITensors...
   1032.8 ms  ✓ IteratorInterfaceExtensions
   1756.1 ms  ✓ DataValueInterfaces
    800.6 ms  ✓ CommonWorldInvalidations
   1081.3 ms  ✓ IfElse
   1934.8 ms  ✓ ExternalDocstrings
   2037.8 ms  ✓ DefineSingletons
    833.0 ms  ✓ DataAPI
   1141.2 ms  ✓ ExprTools
   1639.4 ms  ✓ InverseFunctions
   1161.2 ms  ✓ ConstructionBase
   1911.4 ms  ✓ HalfIntegers
   1737.6 ms  ✓ VectorInterface
   1505.1 ms  ✓ DocStringExtensions
   2150.1 ms  ✓ OrderedCollections
   1579.1 ms  ✓ InlineStrings
    424.3 ms  ✓ TableTraits
    424.2 ms  ✓ CompositionsBase
    459.9 ms  ✓ ArgCheck
    418.7 ms  ✓ Indexing
    584.0 ms  ✓ StaticArraysCore
   2433.9 ms  ✓ FillArrays
    566.2 ms  ✓ TupleTools
    534.8 ms  ✓ SerializedElementArrays
    706.5 ms  ✓ BitIntegers
    539.0 ms  ✓ Zeros
    556.0 ms  ✓ Requires
    393.5 ms  ✓ PackageExtensionCompat
    604.6 ms  ✓ Compat
    975.6 ms  ✓ InitialValues
    591.4 ms  ✓ CompositionsBase → CompositionsBaseInverseFunctionsExt
    789.1 ms  ✓ Preferences
    441.1 ms  ✓ ConstructionBase → ConstructionBaseLinearAlgebraExt
    487.4 ms  ✓ InverseFunctions → InverseFunctionsDatesExt
    639.5 ms  ✓ InverseFunctions → InverseFunctionsTestExt
    496.8 ms  ✓ Adapt
   1242.0 ms  ✓ Baselet
    517.1 ms  ✓ Compat → CompatLinearAlgebraExt
    571.8 ms  ✓ StridedViews
    721.5 ms  ✓ FillArrays → FillArraysSparseArraysExt
    884.0 ms  ✓ Tables
    511.0 ms  ✓ PrecompileTools
    887.7 ms  ✓ ThreadedScans
    457.8 ms  ✓ Referenceables
   1049.2 ms  ✓ Dictionaries
    557.8 ms  ✓ ArrayInterface
    600.3 ms  ✓ Adapt → AdaptSparseArraysExt
    679.1 ms  ✓ Strided
    711.7 ms  ✓ Functors
   2234.1 ms  ✓ MacroTools
    485.5 ms  ✓ ArrayInterface → ArrayInterfaceStaticArraysCoreExt
    667.4 ms  ✓ ArrayInterface → ArrayInterfaceSparseArraysExt
    907.6 ms  ✓ Static
   2071.0 ms  ✓ TimerOutputs
    779.5 ms  ✓ SplitApplyCombine
   1304.0 ms  ✓ ChainRulesCore
    812.0 ms  ✓ SimpleTraits
    450.3 ms  ✓ ArrayInterface → ArrayInterfaceChainRulesCoreExt
    644.8 ms  ✓ ChainRulesCore → ChainRulesCoreSparseArraysExt
   1187.2 ms  ✓ Setfield
   1280.0 ms  ✓ StaticArrayInterface
    984.7 ms  ✓ TypeParameterAccessors
   1990.8 ms  ✓ Accessors
    527.8 ms  ✓ EllipsisNotation
    932.1 ms  ✓ SplittablesBase
    474.1 ms  ✓ TypeParameterAccessors → TypeParameterAccessorsStridedViewsExt
    504.2 ms  ✓ TypeParameterAccessors → TypeParameterAccessorsFillArraysExt
    571.2 ms  ✓ Accessors → LinearAlgebraExt
    651.0 ms  ✓ Accessors → TestExt
    837.1 ms  ✓ BangBang
    583.3 ms  ✓ BangBang → BangBangTablesExt
    603.2 ms  ✓ BangBang → BangBangChainRulesCoreExt
    751.4 ms  ✓ MicroCollections
   6284.9 ms  ✓ StaticArrays
    663.2 ms  ✓ Adapt → AdaptStaticArraysExt
    682.3 ms  ✓ ConstructionBase → ConstructionBaseStaticArraysExt
    708.2 ms  ✓ StaticArrays → StaticArraysChainRulesCoreExt
    720.1 ms  ✓ StaticArrayInterface → StaticArrayInterfaceStaticArraysExt
    754.9 ms  ✓ Accessors → StaticArraysExt
    767.8 ms  ✓ BangBang → BangBangStaticArraysExt
   2563.1 ms  ✓ Transducers
    795.6 ms  ✓ Transducers → TransducersReferenceablesExt
    889.6 ms  ✓ Transducers → TransducersAdaptExt
  10796.0 ms  ✓ IsApprox
   3077.8 ms  ✓ Folds
  11330.0 ms  ✓ ArrayLayouts
   1198.1 ms  ✓ ArrayLayouts → ArrayLayoutsSparseArraysExt
   2077.1 ms  ✓ BlockArrays
   1095.9 ms  ✓ BlockArrays → BlockArraysAdaptExt
   1557.8 ms  ✓ Transducers → TransducersBlockArraysExt
   4016.6 ms  ✓ NDTensors
   6875.7 ms  ✓ ITensors
   2871.2 ms  ✓ ITensors → ITensorsVectorInterfaceExt
  92 dependencies successfully precompiled in 39 seconds. 30 already precompiled.
Precompiling ITensorMPS...
   1534.3 ms  ✓ KrylovKit
    702.7 ms  ✓ KrylovKit → KrylovKitChainRulesCoreExt
   4977.4 ms  ✓ ITensorMPS
   2770.6 ms  ✓ ITensorMPS → ITensorMPSChainRulesCoreExt
  4 dependencies successfully precompiled in 10 seconds. 122 already precompiled.
Generating random tensor of size 2^27
Number of threads: 64
rand wtime:   0.980993 seconds (119.86 k allocations: 1.006 GiB, 16.50% gc time, 11.53% compilation time)
calculate TT-SVD of rank 18
tt-svd wtime: 270.494973 seconds (402.69 M allocations: 66.581 GiB, 3.24% gc time, 81.90% compilation time)
tt-svd wtime:  48.259547 seconds (15.06 k allocations: 47.133 GiB, 12.57% gc time)
Generating random tensor of size 2^27
Number of threads: 64
rand wtime:   0.824888 seconds (119.87 k allocations: 1.006 GiB, 4.83% gc time, 10.03% compilation time)
calculate TT-SVD of rank 19
tt-svd wtime: 268.045074 seconds (402.69 M allocations: 67.144 GiB, 3.35% gc time, 81.75% compilation time)
tt-svd wtime:  48.224659 seconds (15.06 k allocations: 47.695 GiB, 12.18% gc time)
Generating random tensor of size 2^27
Number of threads: 64
rand wtime:   0.823957 seconds (119.87 k allocations: 1.006 GiB, 4.82% gc time, 10.04% compilation time)
calculate TT-SVD of rank 20
tt-svd wtime: 270.240271 seconds (402.69 M allocations: 67.706 GiB, 3.38% gc time, 81.60% compilation time)
tt-svd wtime:  49.176163 seconds (15.06 k allocations: 48.258 GiB, 12.05% gc time)
Precompiling ITensors...
    505.2 ms  ✓ DataValueInterfaces
    432.9 ms  ✓ IteratorInterfaceExtensions
    434.0 ms  ✓ CommonWorldInvalidations
    487.0 ms  ✓ IfElse
    692.5 ms  ✓ DefineSingletons
    469.1 ms  ✓ DataAPI
    626.0 ms  ✓ ExternalDocstrings
    535.1 ms  ✓ ExprTools
    609.8 ms  ✓ InverseFunctions
    555.0 ms  ✓ ConstructionBase
    796.3 ms  ✓ HalfIntegers
    804.0 ms  ✓ VectorInterface
    792.3 ms  ✓ DocStringExtensions
    877.2 ms  ✓ OrderedCollections
    787.9 ms  ✓ InlineStrings
    382.1 ms  ✓ PackageExtensionCompat
    583.9 ms  ✓ ArgCheck
    538.9 ms  ✓ CompositionsBase
    533.4 ms  ✓ StaticArraysCore
    555.4 ms  ✓ Indexing
    522.7 ms  ✓ TupleTools
   1160.7 ms  ✓ FillArrays
    605.7 ms  ✓ InverseFunctions → InverseFunctionsDatesExt
    465.4 ms  ✓ SerializedElementArrays
    695.1 ms  ✓ BitIntegers
    414.6 ms  ✓ TableTraits
    688.9 ms  ✓ Requires
    684.3 ms  ✓ Zeros
    704.9 ms  ✓ Compat
    969.9 ms  ✓ InitialValues
    435.5 ms  ✓ ConstructionBase → ConstructionBaseLinearAlgebraExt
    763.2 ms  ✓ Preferences
    707.5 ms  ✓ CompositionsBase → CompositionsBaseInverseFunctionsExt
    782.6 ms  ✓ StridedViews
   1034.0 ms  ✓ InverseFunctions → InverseFunctionsTestExt
   1268.5 ms  ✓ ThreadedScans
   1117.1 ms  ✓ FillArrays → FillArraysSparseArraysExt
    832.2 ms  ✓ Compat → CompatLinearAlgebraExt
    860.9 ms  ✓ Adapt
    768.3 ms  ✓ PrecompileTools
   1306.9 ms  ✓ Tables
   1483.4 ms  ✓ Baselet
   1474.9 ms  ✓ Dictionaries
   2260.0 ms  ✓ MacroTools
    868.6 ms  ✓ Strided
    488.8 ms  ✓ Referenceables
   1899.2 ms  ✓ TimerOutputs
    651.2 ms  ✓ ArrayInterface
    971.1 ms  ✓ Adapt → AdaptSparseArraysExt
    997.7 ms  ✓ Functors
    905.1 ms  ✓ SplitApplyCombine
   1099.4 ms  ✓ Static
    476.8 ms  ✓ ArrayInterface → ArrayInterfaceStaticArraysCoreExt
    766.6 ms  ✓ SimpleTraits
    574.0 ms  ✓ ArrayInterface → ArrayInterfaceSparseArraysExt
   1469.5 ms  ✓ ChainRulesCore
   1147.0 ms  ✓ Setfield
    441.1 ms  ✓ ArrayInterface → ArrayInterfaceChainRulesCoreExt
    614.4 ms  ✓ ChainRulesCore → ChainRulesCoreSparseArraysExt
   1075.5 ms  ✓ TypeParameterAccessors
   2068.0 ms  ✓ Accessors
   1383.5 ms  ✓ StaticArrayInterface
    966.7 ms  ✓ SplittablesBase
    590.7 ms  ✓ TypeParameterAccessors → TypeParameterAccessorsStridedViewsExt
    628.8 ms  ✓ TypeParameterAccessors → TypeParameterAccessorsFillArraysExt
    468.4 ms  ✓ EllipsisNotation
    541.3 ms  ✓ Accessors → LinearAlgebraExt
    600.2 ms  ✓ Accessors → TestExt
    793.8 ms  ✓ BangBang
    561.8 ms  ✓ BangBang → BangBangTablesExt
    715.1 ms  ✓ BangBang → BangBangChainRulesCoreExt
    727.9 ms  ✓ MicroCollections
   6456.9 ms  ✓ StaticArrays
   2429.5 ms  ✓ Transducers
    914.4 ms  ✓ Adapt → AdaptStaticArraysExt
   1201.2 ms  ✓ ConstructionBase → ConstructionBaseStaticArraysExt
   1211.5 ms  ✓ StaticArrays → StaticArraysChainRulesCoreExt
   1174.0 ms  ✓ Accessors → StaticArraysExt
   1165.1 ms  ✓ StaticArrayInterface → StaticArrayInterfaceStaticArraysExt
   1158.8 ms  ✓ BangBang → BangBangStaticArraysExt
    692.7 ms  ✓ Transducers → TransducersAdaptExt
    839.9 ms  ✓ Transducers → TransducersReferenceablesExt
   3065.6 ms  ✓ Folds
  10993.0 ms  ✓ IsApprox
  10980.8 ms  ✓ ArrayLayouts
   1050.7 ms  ✓ ArrayLayouts → ArrayLayoutsSparseArraysExt
   1845.2 ms  ✓ BlockArrays
   1048.2 ms  ✓ BlockArrays → BlockArraysAdaptExt
   1393.6 ms  ✓ Transducers → TransducersBlockArraysExt
   3655.9 ms  ✓ NDTensors
   5785.3 ms  ✓ ITensors
   2361.3 ms  ✓ ITensors → ITensorsVectorInterfaceExt
  92 dependencies successfully precompiled in 36 seconds. 30 already precompiled.
Precompiling ITensorMPS...
   1502.3 ms  ✓ KrylovKit
    652.1 ms  ✓ KrylovKit → KrylovKitChainRulesCoreExt
   5207.8 ms  ✓ ITensorMPS
   2780.6 ms  ✓ ITensorMPS → ITensorMPSChainRulesCoreExt
  4 dependencies successfully precompiled in 10 seconds. 122 already precompiled.
Generating random tensor of size 2^27
Number of threads: 64
rand wtime:   0.908123 seconds (119.86 k allocations: 1.006 GiB, 13.32% gc time, 9.15% compilation time)
calculate TT-SVD of rank 21
tt-svd wtime: 270.773307 seconds (402.70 M allocations: 68.269 GiB, 3.28% gc time, 81.15% compilation time)
tt-svd wtime:  49.879291 seconds (15.06 k allocations: 48.820 GiB, 11.71% gc time)
Generating random tensor of size 2^27
Number of threads: 64
rand wtime:   0.829498 seconds (119.87 k allocations: 1.006 GiB, 4.85% gc time, 10.08% compilation time)
calculate TT-SVD of rank 22
tt-svd wtime: 273.620349 seconds (402.70 M allocations: 68.832 GiB, 3.29% gc time, 81.14% compilation time)
tt-svd wtime:  51.328061 seconds (15.06 k allocations: 49.383 GiB, 12.31% gc time)
Precompiling ITensors...
   2209.1 ms  ✓ IteratorInterfaceExtensions
   2941.4 ms  ✓ DataValueInterfaces
   2233.2 ms  ✓ IfElse
   3131.4 ms  ✓ ExternalDocstrings
   2016.7 ms  ✓ CommonWorldInvalidations
   3244.7 ms  ✓ DefineSingletons
   3026.4 ms  ✓ HalfIntegers
   2306.9 ms  ✓ ExprTools
   2008.6 ms  ✓ DataAPI
   2289.0 ms  ✓ ConstructionBase
   2790.6 ms  ✓ InverseFunctions
   2844.4 ms  ✓ VectorInterface
   2611.1 ms  ✓ DocStringExtensions
   3245.3 ms  ✓ OrderedCollections
   2679.4 ms  ✓ InlineStrings
    377.8 ms  ✓ PackageExtensionCompat
    442.4 ms  ✓ ArgCheck
    593.7 ms  ✓ TableTraits
   3554.7 ms  ✓ FillArrays
    574.1 ms  ✓ CompositionsBase
    549.1 ms  ✓ StaticArraysCore
    539.0 ms  ✓ TupleTools
    565.4 ms  ✓ Indexing
    553.6 ms  ✓ Requires
    548.4 ms  ✓ Zeros
    613.2 ms  ✓ Compat
    786.1 ms  ✓ Preferences
    595.5 ms  ✓ ConstructionBase → ConstructionBaseLinearAlgebraExt
    454.3 ms  ✓ SerializedElementArrays
    977.5 ms  ✓ InitialValues
    466.6 ms  ✓ CompositionsBase → CompositionsBaseInverseFunctionsExt
    748.3 ms  ✓ BitIntegers
    545.5 ms  ✓ StridedViews
    509.5 ms  ✓ Adapt
    690.2 ms  ✓ InverseFunctions → InverseFunctionsTestExt
   1235.7 ms  ✓ Baselet
    693.9 ms  ✓ FillArrays → FillArraysSparseArraysExt
    483.8 ms  ✓ InverseFunctions → InverseFunctionsDatesExt
    879.0 ms  ✓ Tables
    455.0 ms  ✓ Compat → CompatLinearAlgebraExt
    885.6 ms  ✓ ThreadedScans
    502.5 ms  ✓ PrecompileTools
    470.3 ms  ✓ Referenceables
    726.5 ms  ✓ Strided
    658.1 ms  ✓ ArrayInterface
   1174.6 ms  ✓ Dictionaries
    672.1 ms  ✓ Adapt → AdaptSparseArraysExt
   2032.7 ms  ✓ TimerOutputs
   2185.1 ms  ✓ MacroTools
    759.1 ms  ✓ Functors
    424.2 ms  ✓ ArrayInterface → ArrayInterfaceStaticArraysCoreExt
    934.7 ms  ✓ Static
    618.5 ms  ✓ ArrayInterface → ArrayInterfaceSparseArraysExt
    718.9 ms  ✓ SplitApplyCombine
   1306.2 ms  ✓ ChainRulesCore
    770.4 ms  ✓ SimpleTraits
    463.4 ms  ✓ ArrayInterface → ArrayInterfaceChainRulesCoreExt
   1163.9 ms  ✓ Setfield
    643.7 ms  ✓ ChainRulesCore → ChainRulesCoreSparseArraysExt
   1298.7 ms  ✓ StaticArrayInterface
    998.5 ms  ✓ TypeParameterAccessors
   1972.5 ms  ✓ Accessors
    519.8 ms  ✓ EllipsisNotation
    982.2 ms  ✓ SplittablesBase
    503.1 ms  ✓ TypeParameterAccessors → TypeParameterAccessorsStridedViewsExt
    558.4 ms  ✓ TypeParameterAccessors → TypeParameterAccessorsFillArraysExt
    584.1 ms  ✓ Accessors → LinearAlgebraExt
    672.6 ms  ✓ Accessors → TestExt
    866.2 ms  ✓ BangBang
    637.3 ms  ✓ BangBang → BangBangChainRulesCoreExt
    694.2 ms  ✓ BangBang → BangBangTablesExt
    798.5 ms  ✓ MicroCollections
   6358.1 ms  ✓ StaticArrays
    ArrayLayouts Being precompiled by another machine (hostname: be-amd01, pid: 1217719, pidfile: /home/zoel_ml/.julia/compiled/v1.11/ArrayLayouts/QloHc_BPjBk.ji.pidfile)
   1006.1 ms  ✓ ConstructionBase → ConstructionBaseStaticArraysExt
    749.2 ms  ✓ StaticArrayInterface → StaticArrayInterfaceStaticArraysExt
    783.1 ms  ✓ Adapt → AdaptStaticArraysExt
   1141.4 ms  ✓ StaticArrays → StaticArraysChainRulesCoreExt
    781.9 ms  ✓ Accessors → StaticArraysExt
    804.5 ms  ✓ BangBang → BangBangStaticArraysExt
   2856.5 ms  ✓ Transducers
    944.7 ms  ✓ Transducers → TransducersAdaptExt
    942.1 ms  ✓ Transducers → TransducersReferenceablesExt
  10695.0 ms  ✓ IsApprox
   3160.1 ms  ✓ Folds
  50090.9 ms  ✓ ArrayLayouts
    BlockArrays Being precompiled by another machine (hostname: be-amd01, pid: 1211355, pidfile: /home/zoel_ml/.julia/compiled/v1.11/BlockArrays/Ebz77_BPjBk.ji.pidfile)
   1144.6 ms  ✓ ArrayLayouts → ArrayLayoutsSparseArraysExt
  50023.0 ms  ✓ BlockArrays
    TransducersBlockArraysExt Being precompiled by another machine (hostname: be-amd01, pid: 1211355, pidfile: /home/zoel_ml/.julia/compiled/v1.11/TransducersBlockArraysExt/tfAhP_BPjBk.ji.pidfile)
  20748.9 ms  ✓ BlockArrays → BlockArraysAdaptExt
  53978.9 ms  ✓ Transducers → TransducersBlockArraysExt
   8503.1 ms  ? NDTensors
    ITensors Being precompiled by another machine (hostname: be-amd01, pid: 1222750, pidfile: /home/zoel_ml/.julia/compiled/v1.11/ITensors/P3pqL_BPjBk.ji.pidfile)
Info Given ITensors was explicitly requested, output will be shown live [0K
[0K┌ Warning: Module ConstructionBase with build ID fafbfcfd-a222-58e4-5766-07b82b8e9bcd is missing from the cache.
[0K│ This may mean ConstructionBase [187b0558-2788-49d3-abe0-74a17ed4e7c9] does not support precompilation but is imported by a module that does.
[0K└ @ Base loading.jl:2541
 100861.9 ms  ✓ ITensors
  75078.0 ms  ✓ ITensors → ITensorsVectorInterfaceExt
  91 dependencies successfully precompiled in 351 seconds. 30 already precompiled.
  1 dependencies failed but may be precompilable after restarting julia
  4 dependencies had output during precompilation:
┌ NDTensors
│  ┌ Warning: Module Accessors with build ID fafbfcfd-9440-7499-82b9-b3ad8704e119 is missing from the cache.
│  │ This may mean Accessors [7d9f7c33-5ae7-4f3b-8dc6-eff91059b697] does not support precompilation but is imported by a module that does.
│  └ @ Base loading.jl:2541
│  ┌ Error: Error during loading of extension LinearAlgebraExt of Accessors, use `Base.retry_load_extensions()` to retry.
│  │   exception =
│  │    1-element ExceptionStack:
│  │    Error when precompiling module, potentially caused by a __precompile__(false) declaration in the module.
│  │    Stacktrace:
│  │      [1] _require(pkg::Base.PkgId, env::Nothing)
│  │        @ Base ./loading.jl:2603
│  │      [2] __require_prelocked(uuidkey::Base.PkgId, env::Nothing)
│  │        @ Base ./loading.jl:2388
│  │      [3] #invoke_in_world#3
│  │        @ ./essentials.jl:1089 [inlined]
│  │      [4] invoke_in_world
│  │        @ ./essentials.jl:1086 [inlined]
│  │      [5] _require_prelocked
│  │        @ ./loading.jl:2375 [inlined]
│  │      [6] _require_prelocked
│  │        @ ./loading.jl:2374 [inlined]
│  │      [7] run_extension_callbacks(extid::Base.ExtensionId)
│  │        @ Base ./loading.jl:1544
│  │      [8] run_extension_callbacks(pkgid::Base.PkgId)
│  │        @ Base ./loading.jl:1576
│  │      [9] run_package_callbacks(modkey::Base.PkgId)
│  │        @ Base ./loading.jl:1396
│  │     [10] __require_prelocked(uuidkey::Base.PkgId, env::String)
│  │        @ Base ./loading.jl:2399
│  │     [11] #invoke_in_world#3
│  │        @ ./essentials.jl:1089 [inlined]
│  │     [12] invoke_in_world
│  │        @ ./essentials.jl:1086 [inlined]
│  │     [13] _require_prelocked(uuidkey::Base.PkgId, env::String)
│  │        @ Base ./loading.jl:2375
│  │     [14] macro expansion
│  │        @ ./loading.jl:2314 [inlined]
│  │     [15] macro expansion
│  │        @ ./lock.jl:273 [inlined]
│  │     [16] __require(into::Module, mod::Symbol)
│  │        @ Base ./loading.jl:2271
│  │     [17] #invoke_in_world#3
│  │        @ ./essentials.jl:1089 [inlined]
│  │     [18] invoke_in_world
│  │        @ ./essentials.jl:1086 [inlined]
│  │     [19] require(into::Module, mod::Symbol)
│  │        @ Base ./loading.jl:2260
│  │     [20] include
│  │        @ ./Base.jl:562 [inlined]
│  │     [21] include_package_for_output(pkg::Base.PkgId, input::String, depot_path::Vector{String}, dl_load_path::Vector{String}, load_path::Vector{String}, concrete_deps::Vector{Pair{Base.PkgId, UInt128}}, source::String)
│  │        @ Base ./loading.jl:2881
│  │     [22] top-level scope
│  │        @ stdin:6
│  │     [23] eval
│  │        @ ./boot.jl:430 [inlined]
│  │     [24] include_string(mapexpr::typeof(identity), mod::Module, code::String, filename::String)
│  │        @ Base ./loading.jl:2734
│  │     [25] include_string
│  │        @ ./loading.jl:2744 [inlined]
│  │     [26] exec_options(opts::Base.JLOptions)
│  │        @ Base ./client.jl:321
│  │     [27] _start()
│  │        @ Base ./client.jl:531
│  └ @ Base loading.jl:1550
│  ┌ Warning: Module ConstructionBase with build ID fafbfcfd-5c2a-86a8-25d3-0ab16637c2c9 is missing from the cache.
│  │ This may mean ConstructionBase [187b0558-2788-49d3-abe0-74a17ed4e7c9] does not support precompilation but is imported by a module that does.
│  └ @ Base loading.jl:2541
└  
┌ ITensors
│  [Output was shown above]
└  
┌ Transducers → TransducersBlockArraysExt
│  ┌ Warning: Module Accessors with build ID fafbfcfd-c6ab-dd75-7cc5-500aaa3269a0 is missing from the cache.
│  │ This may mean Accessors [7d9f7c33-5ae7-4f3b-8dc6-eff91059b697] does not support precompilation but is imported by a module that does.
│  └ @ Base loading.jl:2541
│  ┌ Error: Error during loading of extension LinearAlgebraExt of Accessors, use `Base.retry_load_extensions()` to retry.
│  │   exception =
│  │    1-element ExceptionStack:
│  │    Error when precompiling module, potentially caused by a __precompile__(false) declaration in the module.
│  │    Stacktrace:
│  │      [1] _require(pkg::Base.PkgId, env::Nothing)
│  │        @ Base ./loading.jl:2603
│  │      [2] __require_prelocked(uuidkey::Base.PkgId, env::Nothing)
│  │        @ Base ./loading.jl:2388
│  │      [3] #invoke_in_world#3
│  │        @ ./essentials.jl:1089 [inlined]
│  │      [4] invoke_in_world
│  │        @ ./essentials.jl:1086 [inlined]
│  │      [5] _require_prelocked
│  │        @ ./loading.jl:2375 [inlined]
│  │      [6] _require_prelocked
│  │        @ ./loading.jl:2374 [inlined]
│  │      [7] run_extension_callbacks(extid::Base.ExtensionId)
│  │        @ Base ./loading.jl:1544
│  │      [8] run_extension_callbacks(pkgid::Base.PkgId)
│  │        @ Base ./loading.jl:1576
│  │      [9] run_package_callbacks(modkey::Base.PkgId)
│  │        @ Base ./loading.jl:1396
│  │     [10] __require_prelocked(uuidkey::Base.PkgId, env::String)
│  │        @ Base ./loading.jl:2399
│  │     [11] #invoke_in_world#3
│  │        @ ./essentials.jl:1089 [inlined]
│  │     [12] invoke_in_world
│  │        @ ./essentials.jl:1086 [inlined]
│  │     [13] _require_prelocked(uuidkey::Base.PkgId, env::String)
│  │        @ Base ./loading.jl:2375
│  │     [14] macro expansion
│  │        @ ./loading.jl:2314 [inlined]
│  │     [15] macro expansion
│  │        @ ./lock.jl:273 [inlined]
│  │     [16] __require(into::Module, mod::Symbol)
│  │        @ Base ./loading.jl:2271
│  │     [17] #invoke_in_world#3
│  │        @ ./essentials.jl:1089 [inlined]
│  │     [18] invoke_in_world
│  │        @ ./essentials.jl:1086 [inlined]
│  │     [19] require(into::Module, mod::Symbol)
│  │        @ Base ./loading.jl:2260
│  │     [20] include
│  │        @ ./Base.jl:562 [inlined]
│  │     [21] include_package_for_output(pkg::Base.PkgId, input::String, depot_path::Vector{String}, dl_load_path::Vector{String}, load_path::Vector{String}, concrete_deps::Vector{Pair{Base.PkgId, UInt128}}, source::String)
│  │        @ Base ./loading.jl:2881
│  │     [22] top-level scope
│  │        @ stdin:6
│  │     [23] eval
│  │        @ ./boot.jl:430 [inlined]
│  │     [24] include_string(mapexpr::typeof(identity), mod::Module, code::String, filename::String)
│  │        @ Base ./loading.jl:2734
│  │     [25] include_string
│  │        @ ./loading.jl:2744 [inlined]
│  │     [26] exec_options(opts::Base.JLOptions)
│  │        @ Base ./client.jl:321
│  │     [27] _start()
│  │        @ Base ./client.jl:531
│  └ @ Base loading.jl:1550
│  ┌ Warning: Module ConstructionBase with build ID fafbfcfd-046f-a7ee-3dab-e527e06ca66d is missing from the cache.
│  │ This may mean ConstructionBase [187b0558-2788-49d3-abe0-74a17ed4e7c9] does not support precompilation but is imported by a module that does.
│  └ @ Base loading.jl:2541
└  
┌ BlockArrays
│  ┌ Warning: The call to compilecache failed to create a usable precompiled cache file for ArrayLayouts [4c555306-a7a7-4459-81d9-ec55ddd5c99a]
│  │   exception = Required dependency Base.PkgId(Base.UUID("1e83bf80-4336-4d27-bf5d-d5a4f845583c"), "StaticArraysCore") failed to load from a cache file.
│  └ @ Base loading.jl:2596
└  
Precompiling ITensorMPS...
    416.2 ms  ✓ IfElse
    396.7 ms  ✓ CommonWorldInvalidations
    561.3 ms  ✓ HalfIntegers
    557.9 ms  ✓ ArrayInterface
   1006.5 ms  ✓ FillArrays
    447.4 ms  ✓ ArrayInterface → ArrayInterfaceChainRulesCoreExt
    432.6 ms  ✓ ArrayInterface → ArrayInterfaceStaticArraysCoreExt
    820.6 ms  ✓ Static
    598.8 ms  ✓ ArrayInterface → ArrayInterfaceSparseArraysExt
    515.8 ms  ✓ TypeParameterAccessors → TypeParameterAccessorsFillArraysExt
    657.6 ms  ✓ FillArrays → FillArraysSparseArraysExt
   1643.8 ms  ✓ KrylovKit
    652.5 ms  ✓ KrylovKit → KrylovKitChainRulesCoreExt
   1201.4 ms  ✓ StaticArrayInterface
    448.6 ms  ✓ EllipsisNotation
    674.2 ms  ✓ StaticArrayInterface → StaticArrayInterfaceStaticArraysExt
  10731.8 ms  ✓ ArrayLayouts
   1348.2 ms  ✓ ArrayLayouts → ArrayLayoutsSparseArraysExt
   2075.7 ms  ✓ BlockArrays
   1159.2 ms  ✓ BlockArrays → BlockArraysAdaptExt
   1494.4 ms  ✓ Transducers → TransducersBlockArraysExt
   5172.3 ms  ✓ ITensorMPS
   2780.7 ms  ✓ ITensorMPS → ITensorMPSChainRulesCoreExt
  23 dependencies successfully precompiled in 24 seconds. 103 already precompiled.
Generating random tensor of size 2^27
Number of threads: 64
rand wtime:   0.922988 seconds (119.86 k allocations: 1.006 GiB, 1.15% gc time, 12.62% compilation time)
calculate TT-SVD of rank 23
tt-svd wtime: 271.767759 seconds (402.68 M allocations: 69.394 GiB, 3.35% gc time, 80.91% compilation time)
tt-svd wtime:  51.741245 seconds (15.06 k allocations: 49.946 GiB, 11.88% gc time)
Generating random tensor of size 2^27
Number of threads: 64
rand wtime:   0.826810 seconds (119.87 k allocations: 1.006 GiB, 4.86% gc time, 10.08% compilation time)
calculate TT-SVD of rank 24
tt-svd wtime: 274.192769 seconds (402.69 M allocations: 69.957 GiB, 3.30% gc time, 80.60% compilation time)
tt-svd wtime:  52.787527 seconds (15.06 k allocations: 50.508 GiB, 11.99% gc time)
Generating random tensor of size 2^27
Number of threads: 64
rand wtime:   0.822467 seconds (119.87 k allocations: 1.006 GiB, 4.82% gc time, 10.04% compilation time)
calculate TT-SVD of rank 25
tt-svd wtime: 272.634789 seconds (402.69 M allocations: 70.519 GiB, 3.31% gc time, 80.35% compilation time)
tt-svd wtime:  53.281930 seconds (15.06 k allocations: 51.071 GiB, 11.77% gc time)
Precompiling ITensors...
    435.7 ms  ✓ IfElse
    427.3 ms  ✓ IteratorInterfaceExtensions
    497.7 ms  ✓ DataValueInterfaces
    409.0 ms  ✓ CommonWorldInvalidations
    554.8 ms  ✓ ExternalDocstrings
    620.8 ms  ✓ DefineSingletons
    426.9 ms  ✓ DataAPI
    530.0 ms  ✓ ExprTools
    606.2 ms  ✓ InverseFunctions
    633.3 ms  ✓ HalfIntegers
    559.0 ms  ✓ ConstructionBase
    799.4 ms  ✓ DocStringExtensions
    869.2 ms  ✓ OrderedCollections
    814.2 ms  ✓ VectorInterface
    796.0 ms  ✓ InlineStrings
    411.9 ms  ✓ PackageExtensionCompat
    405.9 ms  ✓ TableTraits
    400.8 ms  ✓ CompositionsBase
    446.9 ms  ✓ ArgCheck
    472.9 ms  ✓ Indexing
    456.7 ms  ✓ StaticArraysCore
   1105.5 ms  ✓ FillArrays
    532.7 ms  ✓ TupleTools
    618.3 ms  ✓ InverseFunctions → InverseFunctionsDatesExt
    542.0 ms  ✓ Requires
    617.8 ms  ✓ InverseFunctions → InverseFunctionsTestExt
    541.9 ms  ✓ Zeros
    475.7 ms  ✓ CompositionsBase → CompositionsBaseInverseFunctionsExt
    612.4 ms  ✓ Compat
    523.0 ms  ✓ StridedViews
    445.7 ms  ✓ ConstructionBase → ConstructionBaseLinearAlgebraExt
    970.5 ms  ✓ InitialValues
    463.9 ms  ✓ SerializedElementArrays
    688.9 ms  ✓ BitIntegers
    764.7 ms  ✓ Preferences
    477.9 ms  ✓ Adapt
    490.2 ms  ✓ Compat → CompatLinearAlgebraExt
    887.9 ms  ✓ Tables
    685.1 ms  ✓ FillArrays → FillArraysSparseArraysExt
   1149.9 ms  ✓ Baselet
    650.7 ms  ✓ Strided
    499.7 ms  ✓ PrecompileTools
    877.0 ms  ✓ ThreadedScans
    451.2 ms  ✓ Referenceables
   1064.4 ms  ✓ Dictionaries
    591.6 ms  ✓ ArrayInterface
    655.6 ms  ✓ Adapt → AdaptSparseArraysExt
    710.3 ms  ✓ Functors
   2203.5 ms  ✓ MacroTools
    438.9 ms  ✓ ArrayInterface → ArrayInterfaceStaticArraysCoreExt
    851.6 ms  ✓ Static
   1983.5 ms  ✓ TimerOutputs
    639.2 ms  ✓ ArrayInterface → ArrayInterfaceSparseArraysExt
    739.4 ms  ✓ SplitApplyCombine
   1271.9 ms  ✓ ChainRulesCore
    798.2 ms  ✓ SimpleTraits
    438.6 ms  ✓ ArrayInterface → ArrayInterfaceChainRulesCoreExt
    612.4 ms  ✓ ChainRulesCore → ChainRulesCoreSparseArraysExt
   1195.0 ms  ✓ Setfield
   1256.5 ms  ✓ StaticArrayInterface
    955.1 ms  ✓ TypeParameterAccessors
   1947.7 ms  ✓ Accessors
    491.0 ms  ✓ EllipsisNotation
    908.8 ms  ✓ SplittablesBase
    481.1 ms  ✓ TypeParameterAccessors → TypeParameterAccessorsStridedViewsExt
    492.2 ms  ✓ TypeParameterAccessors → TypeParameterAccessorsFillArraysExt
    548.2 ms  ✓ Accessors → LinearAlgebraExt
    633.6 ms  ✓ Accessors → TestExt
    787.7 ms  ✓ BangBang
    545.6 ms  ✓ BangBang → BangBangTablesExt
    555.9 ms  ✓ BangBang → BangBangChainRulesCoreExt
    715.7 ms  ✓ MicroCollections
   6263.7 ms  ✓ StaticArrays
    638.2 ms  ✓ Adapt → AdaptStaticArraysExt
    656.2 ms  ✓ ConstructionBase → ConstructionBaseStaticArraysExt
    664.0 ms  ✓ StaticArrays → StaticArraysChainRulesCoreExt
    692.7 ms  ✓ StaticArrayInterface → StaticArrayInterfaceStaticArraysExt
    734.1 ms  ✓ Accessors → StaticArraysExt
    728.3 ms  ✓ BangBang → BangBangStaticArraysExt
   2496.4 ms  ✓ Transducers
    685.3 ms  ✓ Transducers → TransducersAdaptExt
    681.3 ms  ✓ Transducers → TransducersReferenceablesExt
   3119.5 ms  ✓ Folds
  10814.6 ms  ✓ IsApprox
  10996.1 ms  ✓ ArrayLayouts
   1158.0 ms  ✓ ArrayLayouts → ArrayLayoutsSparseArraysExt
   1860.8 ms  ✓ BlockArrays
   1057.7 ms  ✓ BlockArrays → BlockArraysAdaptExt
   1399.4 ms  ✓ Transducers → TransducersBlockArraysExt
   3423.7 ms  ✓ NDTensors
   5943.2 ms  ✓ ITensors
   2471.0 ms  ✓ ITensors → ITensorsVectorInterfaceExt
  92 dependencies successfully precompiled in 35 seconds. 30 already precompiled.
Precompiling ITensorMPS...
   1550.2 ms  ✓ KrylovKit
    602.8 ms  ✓ KrylovKit → KrylovKitChainRulesCoreExt
   5012.5 ms  ✓ ITensorMPS
   2752.9 ms  ✓ ITensorMPS → ITensorMPSChainRulesCoreExt
  4 dependencies successfully precompiled in 10 seconds. 122 already precompiled.
Generating random tensor of size 2^27
Number of threads: 64
rand wtime:   0.962842 seconds (119.86 k allocations: 1.006 GiB, 14.30% gc time, 12.30% compilation time)
calculate TT-SVD of rank 26
tt-svd wtime: 277.281557 seconds (402.71 M allocations: 71.083 GiB, 3.40% gc time, 79.86% compilation time)
tt-svd wtime:  54.644129 seconds (15.06 k allocations: 51.634 GiB, 11.30% gc time)
Generating random tensor of size 2^27
Number of threads: 64
rand wtime:   0.824202 seconds (119.87 k allocations: 1.006 GiB, 4.87% gc time, 10.11% compilation time)
calculate TT-SVD of rank 27
tt-svd wtime: 277.538717 seconds (402.71 M allocations: 71.646 GiB, 3.34% gc time, 79.79% compilation time)
tt-svd wtime:  55.488257 seconds (15.06 k allocations: 52.196 GiB, 11.40% gc time)
Generating random tensor of size 2^27
Number of threads: 64
rand wtime:   0.825172 seconds (119.87 k allocations: 1.006 GiB, 4.84% gc time, 10.11% compilation time)
calculate TT-SVD of rank 28
tt-svd wtime: 277.883823 seconds (402.71 M allocations: 72.209 GiB, 3.28% gc time, 79.52% compilation time)
tt-svd wtime:  55.840582 seconds (15.06 k allocations: 52.759 GiB, 11.27% gc time)
Precompiling ITensors...
    498.3 ms  ✓ DataValueInterfaces
    450.0 ms  ✓ IteratorInterfaceExtensions
    468.4 ms  ✓ IfElse
    416.9 ms  ✓ CommonWorldInvalidations
    529.5 ms  ✓ ExternalDocstrings
    594.0 ms  ✓ DefineSingletons
    461.5 ms  ✓ DataAPI
    535.7 ms  ✓ ExprTools
    555.3 ms  ✓ ConstructionBase
    601.8 ms  ✓ InverseFunctions
    621.9 ms  ✓ HalfIntegers
    832.6 ms  ✓ OrderedCollections
    799.9 ms  ✓ VectorInterface
    787.2 ms  ✓ InlineStrings
    793.2 ms  ✓ DocStringExtensions
    381.2 ms  ✓ PackageExtensionCompat
    416.9 ms  ✓ TableTraits
    402.3 ms  ✓ CompositionsBase
    468.2 ms  ✓ ArgCheck
    439.1 ms  ✓ Indexing
    454.1 ms  ✓ StaticArraysCore
   1101.9 ms  ✓ FillArrays
    510.8 ms  ✓ TupleTools
    586.4 ms  ✓ ConstructionBase → ConstructionBaseLinearAlgebraExt
    696.8 ms  ✓ BitIntegers
    542.3 ms  ✓ Zeros
    565.0 ms  ✓ Requires
    620.9 ms  ✓ Compat
    492.9 ms  ✓ InverseFunctions → InverseFunctionsDatesExt
    473.4 ms  ✓ SerializedElementArrays
    974.0 ms  ✓ InitialValues
    524.2 ms  ✓ StridedViews
    452.0 ms  ✓ CompositionsBase → CompositionsBaseInverseFunctionsExt
    617.4 ms  ✓ InverseFunctions → InverseFunctionsTestExt
    770.4 ms  ✓ Preferences
    492.5 ms  ✓ Adapt
    511.2 ms  ✓ Compat → CompatLinearAlgebraExt
   1219.1 ms  ✓ Baselet
    893.4 ms  ✓ Tables
    677.2 ms  ✓ FillArrays → FillArraysSparseArraysExt
    873.2 ms  ✓ ThreadedScans
    487.3 ms  ✓ PrecompileTools
    634.0 ms  ✓ Strided
   1035.7 ms  ✓ Dictionaries
    456.7 ms  ✓ Referenceables
    555.2 ms  ✓ ArrayInterface
    647.4 ms  ✓ Adapt → AdaptSparseArraysExt
    753.0 ms  ✓ Functors
    451.8 ms  ✓ ArrayInterface → ArrayInterfaceStaticArraysCoreExt
    879.6 ms  ✓ Static
    742.7 ms  ✓ SplitApplyCombine
   2069.3 ms  ✓ TimerOutputs
   2153.3 ms  ✓ MacroTools
    642.4 ms  ✓ ArrayInterface → ArrayInterfaceSparseArraysExt
   1286.2 ms  ✓ ChainRulesCore
    445.4 ms  ✓ ArrayInterface → ArrayInterfaceChainRulesCoreExt
    738.6 ms  ✓ SimpleTraits
    613.6 ms  ✓ ChainRulesCore → ChainRulesCoreSparseArraysExt
   1136.5 ms  ✓ Setfield
   1253.5 ms  ✓ StaticArrayInterface
    475.9 ms  ✓ EllipsisNotation
    960.5 ms  ✓ TypeParameterAccessors
   1930.8 ms  ✓ Accessors
    915.8 ms  ✓ SplittablesBase
    465.7 ms  ✓ TypeParameterAccessors → TypeParameterAccessorsStridedViewsExt
    487.6 ms  ✓ TypeParameterAccessors → TypeParameterAccessorsFillArraysExt
    557.0 ms  ✓ Accessors → LinearAlgebraExt
    618.5 ms  ✓ Accessors → TestExt
    833.6 ms  ✓ BangBang
    570.4 ms  ✓ BangBang → BangBangChainRulesCoreExt
    569.3 ms  ✓ BangBang → BangBangTablesExt
    722.1 ms  ✓ MicroCollections
   6278.8 ms  ✓ StaticArrays
    654.2 ms  ✓ ConstructionBase → ConstructionBaseStaticArraysExt
    641.6 ms  ✓ Adapt → AdaptStaticArraysExt
    673.6 ms  ✓ StaticArrays → StaticArraysChainRulesCoreExt
    681.3 ms  ✓ StaticArrayInterface → StaticArrayInterfaceStaticArraysExt
    727.9 ms  ✓ Accessors → StaticArraysExt
    734.4 ms  ✓ BangBang → BangBangStaticArraysExt
   2462.1 ms  ✓ Transducers
    719.0 ms  ✓ Transducers → TransducersReferenceablesExt
    739.4 ms  ✓ Transducers → TransducersAdaptExt
  10746.1 ms  ✓ IsApprox
   2885.2 ms  ✓ Folds
  11154.2 ms  ✓ ArrayLayouts
   1120.5 ms  ✓ ArrayLayouts → ArrayLayoutsSparseArraysExt
   1864.5 ms  ✓ BlockArrays
   1049.1 ms  ✓ BlockArrays → BlockArraysAdaptExt
   1434.6 ms  ✓ Transducers → TransducersBlockArraysExt
   3503.6 ms  ✓ NDTensors
   5968.2 ms  ✓ ITensors
   2503.4 ms  ✓ ITensors → ITensorsVectorInterfaceExt
  92 dependencies successfully precompiled in 36 seconds. 30 already precompiled.
Precompiling ITensorMPS...
   1533.7 ms  ✓ KrylovKit
    587.4 ms  ✓ KrylovKit → KrylovKitChainRulesCoreExt
   4921.3 ms  ✓ ITensorMPS
   2800.1 ms  ✓ ITensorMPS → ITensorMPSChainRulesCoreExt
  4 dependencies successfully precompiled in 10 seconds. 122 already precompiled.
Generating random tensor of size 2^27
Number of threads: 64
rand wtime:   1.069357 seconds (119.86 k allocations: 1.006 GiB, 16.82% gc time, 10.87% compilation time)
calculate TT-SVD of rank 29
tt-svd wtime: 276.352773 seconds (402.66 M allocations: 72.769 GiB, 3.42% gc time, 78.91% compilation time)
tt-svd wtime:  57.309561 seconds (15.06 k allocations: 53.322 GiB, 11.67% gc time)
Generating random tensor of size 2^27
Number of threads: 64
rand wtime:   0.827043 seconds (119.87 k allocations: 1.006 GiB, 4.85% gc time, 10.12% compilation time)
calculate TT-SVD of rank 30
tt-svd wtime: 279.978301 seconds (402.66 M allocations: 73.332 GiB, 3.42% gc time, 78.85% compilation time)
tt-svd wtime:  58.401969 seconds (15.06 k allocations: 53.884 GiB, 11.25% gc time)
Generating random tensor of size 2^27
Number of threads: 64
rand wtime:   0.825747 seconds (119.87 k allocations: 1.006 GiB, 4.83% gc time, 10.11% compilation time)
calculate TT-SVD of rank 31
tt-svd wtime: 281.002082 seconds (402.66 M allocations: 73.894 GiB, 3.34% gc time, 78.56% compilation time)
tt-svd wtime:  59.534714 seconds (15.06 k allocations: 54.447 GiB, 11.09% gc time)
Precompiling ITensors...
    464.0 ms  ✓ IfElse
    447.1 ms  ✓ IteratorInterfaceExtensions
    525.7 ms  ✓ DataValueInterfaces
    418.1 ms  ✓ CommonWorldInvalidations
    558.7 ms  ✓ ExternalDocstrings
    687.3 ms  ✓ DefineSingletons
    475.0 ms  ✓ DataAPI
    552.5 ms  ✓ ExprTools
    566.5 ms  ✓ ConstructionBase
    669.2 ms  ✓ HalfIntegers
    644.2 ms  ✓ InverseFunctions
    780.5 ms  ✓ OrderedCollections
    760.0 ms  ✓ VectorInterface
    771.8 ms  ✓ DocStringExtensions
    792.9 ms  ✓ InlineStrings
    378.1 ms  ✓ PackageExtensionCompat
    574.4 ms  ✓ TableTraits
    589.6 ms  ✓ ArgCheck
    548.2 ms  ✓ CompositionsBase
   1434.8 ms  ✓ FillArrays
    826.4 ms  ✓ StaticArraysCore
    801.2 ms  ✓ TupleTools
    770.3 ms  ✓ SerializedElementArrays
    926.7 ms  ✓ BitIntegers
    738.0 ms  ✓ Requires
    706.9 ms  ✓ Zeros
    685.3 ms  ✓ Compat
    572.4 ms  ✓ Indexing
    753.3 ms  ✓ Preferences
    982.2 ms  ✓ InitialValues
    743.3 ms  ✓ ConstructionBase → ConstructionBaseLinearAlgebraExt
   1267.9 ms  ✓ Baselet
    438.5 ms  ✓ CompositionsBase → CompositionsBaseInverseFunctionsExt
    663.3 ms  ✓ StridedViews
    618.9 ms  ✓ InverseFunctions → InverseFunctionsDatesExt
    600.4 ms  ✓ Compat → CompatLinearAlgebraExt
   1488.7 ms  ✓ Tables
   1193.0 ms  ✓ InverseFunctions → InverseFunctionsTestExt
   1187.0 ms  ✓ FillArrays → FillArraysSparseArraysExt
   1128.0 ms  ✓ Adapt
   1047.6 ms  ✓ PrecompileTools
   1226.1 ms  ✓ ThreadedScans
   1159.6 ms  ✓ Dictionaries
   2152.2 ms  ✓ MacroTools
    862.9 ms  ✓ Strided
   2153.2 ms  ✓ TimerOutputs
   1280.4 ms  ✓ Functors
    835.0 ms  ✓ Referenceables
    825.2 ms  ✓ ArrayInterface
    831.1 ms  ✓ Adapt → AdaptSparseArraysExt
   1370.1 ms  ✓ ChainRulesCore
    835.8 ms  ✓ SplitApplyCombine
    905.1 ms  ✓ Static
    857.5 ms  ✓ SimpleTraits
    406.6 ms  ✓ ArrayInterface → ArrayInterfaceStaticArraysCoreExt
    451.2 ms  ✓ ArrayInterface → ArrayInterfaceChainRulesCoreExt
   1208.0 ms  ✓ Setfield
    578.9 ms  ✓ ArrayInterface → ArrayInterfaceSparseArraysExt
    620.1 ms  ✓ ChainRulesCore → ChainRulesCoreSparseArraysExt
    971.8 ms  ✓ TypeParameterAccessors
   2021.1 ms  ✓ Accessors
   1273.8 ms  ✓ StaticArrayInterface
   1046.6 ms  ✓ SplittablesBase
    456.9 ms  ✓ TypeParameterAccessors → TypeParameterAccessorsStridedViewsExt
    491.4 ms  ✓ TypeParameterAccessors → TypeParameterAccessorsFillArraysExt
    472.9 ms  ✓ EllipsisNotation
    681.1 ms  ✓ Accessors → LinearAlgebraExt
    842.1 ms  ✓ Accessors → TestExt
    958.2 ms  ✓ BangBang
    573.1 ms  ✓ BangBang → BangBangTablesExt
    592.8 ms  ✓ BangBang → BangBangChainRulesCoreExt
    728.4 ms  ✓ MicroCollections
   6231.7 ms  ✓ StaticArrays
    635.8 ms  ✓ Adapt → AdaptStaticArraysExt
    657.2 ms  ✓ ConstructionBase → ConstructionBaseStaticArraysExt
    814.2 ms  ✓ StaticArrays → StaticArraysChainRulesCoreExt
   1076.4 ms  ✓ StaticArrayInterface → StaticArrayInterfaceStaticArraysExt
   1231.4 ms  ✓ Accessors → StaticArraysExt
   1215.2 ms  ✓ BangBang → BangBangStaticArraysExt
   2981.1 ms  ✓ Transducers
    986.0 ms  ✓ Transducers → TransducersAdaptExt
    978.3 ms  ✓ Transducers → TransducersReferenceablesExt
  10858.8 ms  ✓ IsApprox
   3039.2 ms  ✓ Folds
  10992.5 ms  ✓ ArrayLayouts
   1086.5 ms  ✓ ArrayLayouts → ArrayLayoutsSparseArraysExt
   1853.2 ms  ✓ BlockArrays
   1031.4 ms  ✓ BlockArrays → BlockArraysAdaptExt
   1395.7 ms  ✓ Transducers → TransducersBlockArraysExt
   3561.2 ms  ✓ NDTensors
   5959.5 ms  ✓ ITensors
   2368.2 ms  ✓ ITensors → ITensorsVectorInterfaceExt
  92 dependencies successfully precompiled in 36 seconds. 30 already precompiled.
Precompiling ITensorMPS...
   1648.6 ms  ✓ KrylovKit
    740.2 ms  ✓ KrylovKit → KrylovKitChainRulesCoreExt
   4919.3 ms  ✓ ITensorMPS
   2773.8 ms  ✓ ITensorMPS → ITensorMPSChainRulesCoreExt
  4 dependencies successfully precompiled in 10 seconds. 122 already precompiled.
Generating random tensor of size 2^27
Number of threads: 64
rand wtime:   0.952991 seconds (119.86 k allocations: 1.006 GiB, 14.11% gc time, 12.28% compilation time)
calculate TT-SVD of rank 32
tt-svd wtime: 282.787384 seconds (402.70 M allocations: 73.458 GiB, 3.45% gc time, 77.80% compilation time)
tt-svd wtime:  61.713278 seconds (15.04 k allocations: 54.010 GiB, 10.72% gc time)
Generating random tensor of size 2^27
Number of threads: 64
rand wtime:   0.827543 seconds (119.87 k allocations: 1.006 GiB, 4.82% gc time, 10.17% compilation time)
calculate TT-SVD of rank 33
tt-svd wtime: 283.713902 seconds (402.70 M allocations: 73.740 GiB, 3.43% gc time, 77.95% compilation time)
tt-svd wtime:  62.408556 seconds (15.04 k allocations: 54.291 GiB, 10.66% gc time)
Generating random tensor of size 2^27
Number of threads: 64
rand wtime:   0.944394 seconds (119.87 k allocations: 1.006 GiB, 5.07% gc time, 12.22% compilation time)
calculate TT-SVD of rank 34
tt-svd wtime: 283.077010 seconds (402.70 M allocations: 74.021 GiB, 3.42% gc time, 77.71% compilation time)
tt-svd wtime:  62.247750 seconds (15.04 k allocations: 54.573 GiB, 10.64% gc time)
Precompiling ITensors...
    419.0 ms  ✓ IteratorInterfaceExtensions
    479.9 ms  ✓ DataValueInterfaces
    436.2 ms  ✓ IfElse
    506.8 ms  ✓ ExternalDocstrings
    576.5 ms  ✓ DefineSingletons
    460.0 ms  ✓ CommonWorldInvalidations
    456.7 ms  ✓ DataAPI
    501.3 ms  ✓ ExprTools
    590.9 ms  ✓ HalfIntegers
    571.6 ms  ✓ InverseFunctions
    561.6 ms  ✓ ConstructionBase
    651.5 ms  ✓ VectorInterface
    640.6 ms  ✓ DocStringExtensions
    714.6 ms  ✓ OrderedCollections
    727.7 ms  ✓ InlineStrings
    404.1 ms  ✓ PackageExtensionCompat
    429.4 ms  ✓ TableTraits
    587.3 ms  ✓ ArgCheck
    688.2 ms  ✓ CompositionsBase
    705.4 ms  ✓ Indexing
   1381.2 ms  ✓ FillArrays
    822.3 ms  ✓ StaticArraysCore
    798.3 ms  ✓ TupleTools
    770.3 ms  ✓ SerializedElementArrays
    734.3 ms  ✓ Requires
    725.9 ms  ✓ Zeros
    904.9 ms  ✓ BitIntegers
    771.3 ms  ✓ Compat
    749.1 ms  ✓ Preferences
    961.9 ms  ✓ InitialValues
   1142.9 ms  ✓ Baselet
    586.7 ms  ✓ InverseFunctions → InverseFunctionsDatesExt
    432.7 ms  ✓ ConstructionBase → ConstructionBaseLinearAlgebraExt
    439.9 ms  ✓ CompositionsBase → CompositionsBaseInverseFunctionsExt
    443.0 ms  ✓ Compat → CompatLinearAlgebraExt
    720.4 ms  ✓ StridedViews
    692.2 ms  ✓ Adapt
    754.8 ms  ✓ InverseFunctions → InverseFunctionsTestExt
    749.2 ms  ✓ FillArrays → FillArraysSparseArraysExt
    663.7 ms  ✓ PrecompileTools
    867.9 ms  ✓ ThreadedScans
    952.7 ms  ✓ Tables
   1165.9 ms  ✓ Dictionaries
   1045.8 ms  ✓ Functors
    970.7 ms  ✓ Referenceables
    977.5 ms  ✓ Strided
    975.9 ms  ✓ Adapt → AdaptSparseArraysExt
    972.9 ms  ✓ ArrayInterface
   2210.4 ms  ✓ TimerOutputs
    986.7 ms  ✓ Static
   2273.1 ms  ✓ MacroTools
   1273.2 ms  ✓ ChainRulesCore
    881.8 ms  ✓ SplitApplyCombine
    407.1 ms  ✓ ArrayInterface → ArrayInterfaceStaticArraysCoreExt
    443.5 ms  ✓ ArrayInterface → ArrayInterfaceChainRulesCoreExt
    579.1 ms  ✓ ArrayInterface → ArrayInterfaceSparseArraysExt
    605.5 ms  ✓ ChainRulesCore → ChainRulesCoreSparseArraysExt
    866.8 ms  ✓ SimpleTraits
   1274.7 ms  ✓ Setfield
   1328.5 ms  ✓ StaticArrayInterface
    477.6 ms  ✓ EllipsisNotation
   1096.6 ms  ✓ TypeParameterAccessors
   2108.8 ms  ✓ Accessors
   1028.5 ms  ✓ SplittablesBase
    443.0 ms  ✓ TypeParameterAccessors → TypeParameterAccessorsStridedViewsExt
    488.7 ms  ✓ TypeParameterAccessors → TypeParameterAccessorsFillArraysExt
    551.2 ms  ✓ Accessors → LinearAlgebraExt
    637.1 ms  ✓ Accessors → TestExt
    825.6 ms  ✓ BangBang
    560.7 ms  ✓ BangBang → BangBangChainRulesCoreExt
    554.4 ms  ✓ BangBang → BangBangTablesExt
    851.0 ms  ✓ MicroCollections
   6284.1 ms  ✓ StaticArrays
    731.0 ms  ✓ Adapt → AdaptStaticArraysExt
    758.4 ms  ✓ ConstructionBase → ConstructionBaseStaticArraysExt
    767.6 ms  ✓ StaticArrays → StaticArraysChainRulesCoreExt
   1021.3 ms  ✓ BangBang → BangBangStaticArraysExt
   1038.6 ms  ✓ StaticArrayInterface → StaticArrayInterfaceStaticArraysExt
   1033.2 ms  ✓ Accessors → StaticArraysExt
   2655.6 ms  ✓ Transducers
    697.1 ms  ✓ Transducers → TransducersAdaptExt
    694.7 ms  ✓ Transducers → TransducersReferenceablesExt
  10931.3 ms  ✓ IsApprox
   3018.2 ms  ✓ Folds
  10984.3 ms  ✓ ArrayLayouts
   1060.4 ms  ✓ ArrayLayouts → ArrayLayoutsSparseArraysExt
   1803.8 ms  ✓ BlockArrays
   1010.7 ms  ✓ BlockArrays → BlockArraysAdaptExt
   1391.8 ms  ✓ Transducers → TransducersBlockArraysExt
   3649.8 ms  ✓ NDTensors
   6313.5 ms  ✓ ITensors
   2360.2 ms  ✓ ITensors → ITensorsVectorInterfaceExt
  92 dependencies successfully precompiled in 36 seconds. 30 already precompiled.
Precompiling ITensorMPS...
   1530.5 ms  ✓ KrylovKit
    736.8 ms  ✓ KrylovKit → KrylovKitChainRulesCoreExt
   4963.2 ms  ✓ ITensorMPS
   2850.2 ms  ✓ ITensorMPS → ITensorMPSChainRulesCoreExt
  4 dependencies successfully precompiled in 10 seconds. 122 already precompiled.
Generating random tensor of size 2^27
Number of threads: 64
rand wtime:   0.969872 seconds (119.86 k allocations: 1.006 GiB, 15.33% gc time, 12.10% compilation time)
calculate TT-SVD of rank 35
tt-svd wtime: 285.602408 seconds (402.67 M allocations: 74.302 GiB, 3.42% gc time, 77.14% compilation time)
tt-svd wtime:  64.122764 seconds (15.04 k allocations: 54.854 GiB, 10.40% gc time)
Generating random tensor of size 2^27
Number of threads: 64
rand wtime:   0.826458 seconds (119.87 k allocations: 1.006 GiB, 4.79% gc time, 10.14% compilation time)
calculate TT-SVD of rank 36
tt-svd wtime: 286.941315 seconds (402.67 M allocations: 74.583 GiB, 3.43% gc time, 77.15% compilation time)
tt-svd wtime:  64.427014 seconds (15.04 k allocations: 55.136 GiB, 10.43% gc time)
┌ Warning: Module Accessors with build ID fafbfcfd-2612-d350-43ec-680801526b48 is missing from the cache.
│ This may mean Accessors [7d9f7c33-5ae7-4f3b-8dc6-eff91059b697] does not support precompilation but is imported by a module that does.
└ @ Base loading.jl:2541
┌ Warning: Module ConstructionBase with build ID fafbfcfd-d402-60df-f6d3-9863f53b343a is missing from the cache.
│ This may mean ConstructionBase [187b0558-2788-49d3-abe0-74a17ed4e7c9] does not support precompilation but is imported by a module that does.
└ @ Base loading.jl:2541
┌ Warning: Module ConstructionBase with build ID fafbfcfd-d402-60df-f6d3-9863f53b343a is missing from the cache.
│ This may mean ConstructionBase [187b0558-2788-49d3-abe0-74a17ed4e7c9] does not support precompilation but is imported by a module that does.
└ @ Base loading.jl:2541
┌ Warning: Module ConstructionBase with build ID fafbfcfd-d402-60df-f6d3-9863f53b343a is missing from the cache.
│ This may mean ConstructionBase [187b0558-2788-49d3-abe0-74a17ed4e7c9] does not support precompilation but is imported by a module that does.
└ @ Base loading.jl:2541
┌ Warning: Module ConstructionBase with build ID fafbfcfd-d402-60df-f6d3-9863f53b343a is missing from the cache.
│ This may mean ConstructionBase [187b0558-2788-49d3-abe0-74a17ed4e7c9] does not support precompilation but is imported by a module that does.
└ @ Base loading.jl:2541
┌ Warning: Module Accessors with build ID ffffffff-ffff-ffff-c8c9-298a8295017e is missing from the cache.
│ This may mean Accessors [7d9f7c33-5ae7-4f3b-8dc6-eff91059b697] does not support precompilation but is imported by a module that does.
└ @ Base loading.jl:2541
┌ Warning: Module ConstructionBase with build ID fafbfcfd-d402-60df-f6d3-9863f53b343a is missing from the cache.
│ This may mean ConstructionBase [187b0558-2788-49d3-abe0-74a17ed4e7c9] does not support precompilation but is imported by a module that does.
└ @ Base loading.jl:2541
┌ Warning: Module BangBang with build ID ffffffff-ffff-ffff-d18a-8ba45d40f933 is missing from the cache.
│ This may mean BangBang [198e06fe-97b7-11e9-32a5-e1d131e6ad66] does not support precompilation but is imported by a module that does.
└ @ Base loading.jl:2541
Precompiling ITensors...
   2367.7 ms  ✓ DataValueInterfaces
   1692.4 ms  ✓ IteratorInterfaceExtensions
   1701.9 ms  ✓ IfElse
   2488.2 ms  ✓ ExternalDocstrings
   1495.8 ms  ✓ CommonWorldInvalidations
   1745.4 ms  ✓ ExprTools
   2614.6 ms  ✓ DefineSingletons
   1492.3 ms  ✓ DataAPI
   2451.2 ms  ✓ HalfIntegers
   2227.1 ms  ✓ InverseFunctions
   1796.5 ms  ✓ ConstructionBase
   2062.2 ms  ✓ DocStringExtensions
   2294.4 ms  ✓ VectorInterface
   2663.7 ms  ✓ OrderedCollections
   2192.1 ms  ✓ InlineStrings
    401.9 ms  ✓ PackageExtensionCompat
    403.7 ms  ✓ TableTraits
    458.5 ms  ✓ ArgCheck
    552.7 ms  ✓ Indexing
    524.6 ms  ✓ SerializedElementArrays
   3009.0 ms  ✓ FillArrays
    568.1 ms  ✓ TupleTools
    531.0 ms  ✓ Requires
    543.8 ms  ✓ Zeros
    702.6 ms  ✓ BitIntegers
    613.1 ms  ✓ Compat
    402.8 ms  ✓ CompositionsBase
    450.7 ms  ✓ StaticArraysCore
    948.8 ms  ✓ InitialValues
    770.5 ms  ✓ Preferences
    439.0 ms  ✓ ConstructionBase → ConstructionBaseLinearAlgebraExt
    627.2 ms  ✓ InverseFunctions → InverseFunctionsDatesExt
    499.0 ms  ✓ StridedViews
    609.8 ms  ✓ InverseFunctions → InverseFunctionsTestExt
   1220.9 ms  ✓ Baselet
    459.7 ms  ✓ CompositionsBase → CompositionsBaseInverseFunctionsExt
    520.0 ms  ✓ Compat → CompatLinearAlgebraExt
    686.3 ms  ✓ FillArrays → FillArraysSparseArraysExt
    546.6 ms  ✓ Adapt
    ChainRulesCore Being precompiled by another machine (hostname: be-amd01, pid: 1265733, pidfile: /home/zoel_ml/.julia/compiled/v1.11/ChainRulesCore/G6ax7_BPjBk.ji.pidfile)
    507.4 ms  ✓ PrecompileTools
    StaticArrays Being precompiled by another machine (hostname: be-amd01, pid: 1265735, pidfile: /home/zoel_ml/.julia/compiled/v1.11/StaticArrays/yY9vm_BPjBk.ji.pidfile)
    Static Being precompiled by another machine (hostname: be-amd01, pid: 1265769, pidfile: /home/zoel_ml/.julia/compiled/v1.11/Static/4nGFz_BPjBk.ji.pidfile)
    892.4 ms  ✓ ThreadedScans
    844.0 ms  ✓ Tables
   1074.4 ms  ✓ Dictionaries
    IsApprox Being precompiled by another machine (hostname: be-amd01, pid: 1260264, pidfile: /home/zoel_ml/.julia/compiled/v1.11/IsApprox/OVBjC_BPjBk.ji.pidfile)
    663.6 ms  ✓ Strided
    466.0 ms  ✓ Referenceables
   1965.3 ms  ✓ TimerOutputs
    560.8 ms  ✓ ArrayInterface
    594.3 ms  ✓ Adapt → AdaptSparseArraysExt
   2138.5 ms  ✓ MacroTools
    Accessors Being precompiled by another machine (hostname: be-amd01, pid: 1265741, pidfile: /home/zoel_ml/.julia/compiled/v1.11/Accessors/XelUh_BPjBk.ji.pidfile)
    388.3 ms  ✓ ArrayInterface → ArrayInterfaceStaticArraysCoreExt
    696.8 ms  ✓ SplitApplyCombine
    561.9 ms  ✓ ArrayInterface → ArrayInterfaceSparseArraysExt
    701.9 ms  ✓ SimpleTraits
   1609.3 ms  ✓ Functors
    860.9 ms  ✓ TypeParameterAccessors
    412.0 ms  ✓ TypeParameterAccessors → TypeParameterAccessorsStridedViewsExt
    456.7 ms  ✓ TypeParameterAccessors → TypeParameterAccessorsFillArraysExt
  11284.1 ms  ✓ Static
  12727.5 ms  ✓ ChainRulesCore
    465.0 ms  ✓ ArrayInterface → ArrayInterfaceChainRulesCoreExt
    623.6 ms  ✓ ChainRulesCore → ChainRulesCoreSparseArraysExt
Setfield Waiting for background task / IO / timer.
[pid 219907] waiting for IO to finish:
 Handle type        uv_handle_t->data
 fs_event           0x3af06350->0x7006ae406800
 timer              0x3ad615b0->0x7006ae406830
This means that a package has started a background task or event source that has not finished running. For precompilation to complete successfully, the event source needs to be closed explicitly. See the developer documentation on fixing precompilation hangs for more help.
   3407.9 ms  ✓ StaticArrayInterface
    497.0 ms  ✓ EllipsisNotation
  20218.0 ms  ✓ IsApprox
  20753.4 ms  ✓ Setfield
  26667.1 ms  ✓ Accessors
    581.9 ms  ✓ Accessors → LinearAlgebraExt
    BangBang Being precompiled by another machine (hostname: be-amd01, pid: 1265749, pidfile: /home/zoel_ml/.julia/compiled/v1.11/BangBang/Ovsha_BPjBk.ji.pidfile)
    665.8 ms  ✓ Accessors → TestExt
  17599.7 ms  ✓ BangBang
    790.0 ms  ✓ BangBang → BangBangChainRulesCoreExt
    765.1 ms  ✓ MicroCollections
  47975.0 ms  ✓ StaticArrays
    838.6 ms  ✓ ConstructionBase → ConstructionBaseStaticArraysExt
    938.9 ms  ✓ StaticArrays → StaticArraysChainRulesCoreExt
    746.5 ms  ✓ Adapt → AdaptStaticArraysExt
    734.3 ms  ✓ Accessors → StaticArraysExt
    747.4 ms  ✓ BangBang → BangBangStaticArraysExt
   3759.3 ms  ✓ BangBang → BangBangTablesExt
   2975.9 ms  ✓ StaticArrayInterface → StaticArrayInterfaceStaticArraysExt
SplittablesBase Waiting for background task / IO / timer.
[pid 220572] waiting for IO to finish:
 Handle type        uv_handle_t->data
 fs_event           0xda4ba40->0x735df39f9cc0
 timer              0xdb0bc30->0x735df39f9cf0
This means that a package has started a background task or event source that has not finished running. For precompilation to complete successfully, the event source needs to be closed explicitly. See the developer documentation on fixing precompilation hangs for more help.
  12097.9 ms  ✓ ArrayLayouts
    ArrayLayoutsSparseArraysExt Being precompiled by another machine (hostname: be-amd01, pid: 1260264, pidfile: /home/zoel_ml/.julia/compiled/v1.11/ArrayLayoutsSparseArraysExt/S7LmV_BPjBk.ji.pidfile)
    BlockArrays Being precompiled by another machine (hostname: be-amd01, pid: 1268687, pidfile: /home/zoel_ml/.julia/compiled/v1.11/BlockArrays/Ebz77_BPjBk.ji.pidfile)
  42113.4 ms  ✓ SplittablesBase
   4345.6 ms  ✓ Transducers
    TransducersAdaptExt Being precompiled by another machine (hostname: be-amd01, pid: 1260264, pidfile: /home/zoel_ml/.julia/compiled/v1.11/TransducersAdaptExt/H2bhQ_BPjBk.ji.pidfile)
   1868.2 ms  ✓ Transducers → TransducersReferenceablesExt
  50039.8 ms  ✓ ArrayLayouts → ArrayLayoutsSparseArraysExt
  72695.3 ms  ✓ Transducers → TransducersAdaptExt
    Folds Being precompiled by another machine (hostname: be-amd01, pid: 1272478, pidfile: /home/zoel_ml/.julia/compiled/v1.11/Folds/08uCW_BPjBk.ji.pidfile)
 100935.7 ms  ✓ BlockArrays
  18446.1 ms  ? BlockArrays → BlockArraysAdaptExt
  57919.9 ms  ✓ Folds
  59136.0 ms  ? Transducers → TransducersBlockArraysExt
    NDTensors Being precompiled by another machine (hostname: be-amd01, pid: 1275510, pidfile: /home/zoel_ml/.julia/compiled/v1.11/NDTensors/MfkwS_BPjBk.ji.pidfile)
  77669.7 ms  ✓ NDTensors
    ITensors Being precompiled by another machine (hostname: be-amd01, pid: 1260264, pidfile: /home/zoel_ml/.julia/compiled/v1.11/ITensors/P3pqL_BPjBk.ji.pidfile)
Info Given ITensors was explicitly requested, output will be shown live [0K
[0K┌ Warning: The call to compilecache failed to create a usable precompiled cache file for Folds [41a02a25-b8f0-4f67-bc48-60067656b558]
[0K│   exception = Required dependency Base.PkgId(Base.UUID("1914dd2f-81c6-5fcd-8719-6d5c9610ff09"), "MacroTools") failed to load from a cache file.
[0K└ @ Base loading.jl:2596
  65668.1 ms  ✓ ITensors
  11579.2 ms  ? ITensors → ITensorsVectorInterfaceExt
  89 dependencies successfully precompiled in 380 seconds. 30 already precompiled.
  3 dependencies failed but may be precompilable after restarting julia
  8 dependencies had output during precompilation:
┌ SplittablesBase
│  [pid 220572] waiting for IO to finish:
│   Handle type        uv_handle_t->data
│   fs_event           0xda4ba40->0x735df39f9cc0
│   timer              0xdb0bc30->0x735df39f9cf0
│  This means that a package has started a background task or event source that has not finished running. For precompilation to complete successfully, the event source needs to be closed explicitly. See the developer documentation on fixing precompilation hangs for more help.
└  
┌ BlockArrays → BlockArraysAdaptExt
│  ┌ Warning: The call to compilecache failed to create a usable precompiled cache file for ArrayLayouts [4c555306-a7a7-4459-81d9-ec55ddd5c99a]
│  │   exception = Required dependency Base.PkgId(Base.UUID("21216c6a-2e73-6563-6e65-726566657250"), "Preferences") failed to load from a cache file.
│  └ @ Base loading.jl:2596
└  
┌ NDTensors
│  ┌ Warning: Module Adapt with build ID fafbfcfd-6051-a389-f6ee-1b9c2d43cec4 is missing from the cache.
│  │ This may mean Adapt [79e6a3ab-5dfb-504d-930d-738a2a938a0e] does not support precompilation but is imported by a module that does.
│  └ @ Base loading.jl:2541
└  
┌ ITensors → ITensorsVectorInterfaceExt
│  ┌ Warning: Module Adapt with build ID fafbfcfd-7cc6-8927-b2e7-6c6c9603163d is missing from the cache.
│  │ This may mean Adapt [79e6a3ab-5dfb-504d-930d-738a2a938a0e] does not support precompilation but is imported by a module that does.
│  └ @ Base loading.jl:2541
└  
┌ ITensors
│  [Output was shown above]
└  
┌ Transducers → TransducersBlockArraysExt
│  ┌ Warning: The call to compilecache failed to create a usable precompiled cache file for ArrayLayouts [4c555306-a7a7-4459-81d9-ec55ddd5c99a]
│  │   exception = Required dependency Base.PkgId(Base.UUID("21216c6a-2e73-6563-6e65-726566657250"), "Preferences") failed to load from a cache file.
│  └ @ Base loading.jl:2596
└  
┌ Setfield
│  ┌ Warning: Module ConstructionBase with build ID fafbfcfd-bbe7-6fec-97e0-8797ae1a7b57 is missing from the cache.
│  │ This may mean ConstructionBase [187b0558-2788-49d3-abe0-74a17ed4e7c9] does not support precompilation but is imported by a module that does.
│  └ @ Base loading.jl:2541
│  ┌ Error: Error during loading of extension ConstructionBaseLinearAlgebraExt of ConstructionBase, use `Base.retry_load_extensions()` to retry.
│  │   exception =
│  │    1-element ExceptionStack:
│  │    Error when precompiling module, potentially caused by a __precompile__(false) declaration in the module.
│  │    Stacktrace:
│  │      [1] _require(pkg::Base.PkgId, env::Nothing)
│  │        @ Base ./loading.jl:2603
│  │      [2] __require_prelocked(uuidkey::Base.PkgId, env::Nothing)
│  │        @ Base ./loading.jl:2388
│  │      [3] #invoke_in_world#3
│  │        @ ./essentials.jl:1089 [inlined]
│  │      [4] invoke_in_world
│  │        @ ./essentials.jl:1086 [inlined]
│  │      [5] _require_prelocked
│  │        @ ./loading.jl:2375 [inlined]
│  │      [6] _require_prelocked
│  │        @ ./loading.jl:2374 [inlined]
│  │      [7] run_extension_callbacks(extid::Base.ExtensionId)
│  │        @ Base ./loading.jl:1544
│  │      [8] run_extension_callbacks(pkgid::Base.PkgId)
│  │        @ Base ./loading.jl:1576
│  │      [9] run_package_callbacks(modkey::Base.PkgId)
│  │        @ Base ./loading.jl:1396
│  │     [10] __require_prelocked(uuidkey::Base.PkgId, env::String)
│  │        @ Base ./loading.jl:2399
│  │     [11] #invoke_in_world#3
│  │        @ ./essentials.jl:1089 [inlined]
│  │     [12] invoke_in_world
│  │        @ ./essentials.jl:1086 [inlined]
│  │     [13] _require_prelocked(uuidkey::Base.PkgId, env::String)
│  │        @ Base ./loading.jl:2375
│  │     [14] macro expansion
│  │        @ ./loading.jl:2314 [inlined]
│  │     [15] macro expansion
│  │        @ ./lock.jl:273 [inlined]
│  │     [16] __require(into::Module, mod::Symbol)
│  │        @ Base ./loading.jl:2271
│  │     [17] #invoke_in_world#3
│  │        @ ./essentials.jl:1089 [inlined]
│  │     [18] invoke_in_world
│  │        @ ./essentials.jl:1086 [inlined]
│  │     [19] require(into::Module, mod::Symbol)
│  │        @ Base ./loading.jl:2260
│  │     [20] include(mod::Module, _path::String)
│  │        @ Base ./Base.jl:562
│  │     [21] include(x::String)
│  │        @ Setfield ~/.julia/packages/Setfield/ZezIj/src/Setfield.jl:2
│  │     [22] top-level scope
│  │        @ ~/.julia/packages/Setfield/ZezIj/src/Setfield.jl:12
│  │     [23] include
│  │        @ ./Base.jl:562 [inlined]
│  │     [24] include_package_for_output(pkg::Base.PkgId, input::String, depot_path::Vector{String}, dl_load_path::Vector{String}, load_path::Vector{String}, concrete_deps::Vector{Pair{Base.PkgId, UInt128}}, source::Nothing)
│  │        @ Base ./loading.jl:2881
│  │     [25] top-level scope
│  │        @ stdin:6
│  │     [26] eval
│  │        @ ./boot.jl:430 [inlined]
│  │     [27] include_string(mapexpr::typeof(identity), mod::Module, code::String, filename::String)
│  │        @ Base ./loading.jl:2734
│  │     [28] include_string
│  │        @ ./loading.jl:2744 [inlined]
│  │     [29] exec_options(opts::Base.JLOptions)
│  │        @ Base ./client.jl:321
│  │     [30] _start()
│  │        @ Base ./client.jl:531
│  └ @ Base loading.jl:1550
│  
│  [pid 219907] waiting for IO to finish:
│   Handle type        uv_handle_t->data
│   fs_event           0x3af06350->0x7006ae406800
│   timer              0x3ad615b0->0x7006ae406830
│  This means that a package has started a background task or event source that has not finished running. For precompilation to complete successfully, the event source needs to be closed explicitly. See the developer documentation on fixing precompilation hangs for more help.
└  
┌ ArrayLayouts → ArrayLayoutsSparseArraysExt
│  ┌ Warning: The call to compilecache failed to create a usable precompiled cache file for ArrayLayouts [4c555306-a7a7-4459-81d9-ec55ddd5c99a]
│  │   exception = Required dependency Base.PkgId(Base.UUID("1e83bf80-4336-4d27-bf5d-d5a4f845583c"), "StaticArraysCore") failed to load from a cache file.
│  └ @ Base loading.jl:2596
└  
Precompiling NDTensors...
    372.4 ms  ✓ IfElse
    360.8 ms  ✓ PackageExtensionCompat
    414.3 ms  ✓ ExternalDocstrings
    395.2 ms  ✓ CommonWorldInvalidations
    503.3 ms  ✓ HalfIntegers
    594.5 ms  ✓ ExprTools
    558.3 ms  ✓ StaticArraysCore
    610.3 ms  ✓ InverseFunctions
    677.5 ms  ✓ VectorInterface
    627.5 ms  ✓ TupleTools
    623.2 ms  ✓ Requires
    696.5 ms  ✓ InlineStrings
    739.2 ms  ✓ SplitApplyCombine
    487.1 ms  ✓ StridedViews
    861.3 ms  ✓ ThreadedScans
    988.2 ms  ✓ FillArrays
    425.2 ms  ✓ CompositionsBase → CompositionsBaseInverseFunctionsExt
    453.4 ms  ✓ InverseFunctions → InverseFunctionsDatesExt
    452.0 ms  ✓ Referenceables
    557.9 ms  ✓ ArrayInterface
    589.7 ms  ✓ InverseFunctions → InverseFunctionsTestExt
    830.4 ms  ✓ Static
    576.2 ms  ✓ Adapt → AdaptSparseArraysExt
    617.1 ms  ✓ Strided
    621.1 ms  ✓ FillArrays → FillArraysSparseArraysExt
    380.8 ms  ✓ ArrayInterface → ArrayInterfaceStaticArraysCoreExt
    548.9 ms  ✓ ArrayInterface → ArrayInterfaceSparseArraysExt
   2036.6 ms  ✓ MacroTools
   1874.5 ms  ✓ TimerOutputs
   1231.7 ms  ✓ StaticArrayInterface
    716.1 ms  ✓ SimpleTraits
    450.7 ms  ✓ EllipsisNotation
   1084.0 ms  ✓ Setfield
    917.8 ms  ✓ TypeParameterAccessors
    834.7 ms  ✓ SplittablesBase
    426.7 ms  ✓ TypeParameterAccessors → TypeParameterAccessorsStridedViewsExt
    459.6 ms  ✓ TypeParameterAccessors → TypeParameterAccessorsFillArraysExt
   3216.8 ms  ✓ Accessors
    499.2 ms  ✓ Accessors → LinearAlgebraExt
    659.9 ms  ✓ Accessors → TestExt
    806.4 ms  ✓ BangBang
   6048.7 ms  ✓ StaticArrays
    516.5 ms  ✓ BangBang → BangBangTablesExt
    680.4 ms  ✓ MicroCollections
    632.9 ms  ✓ Adapt → AdaptStaticArraysExt
    668.0 ms  ✓ ConstructionBase → ConstructionBaseStaticArraysExt
    657.6 ms  ✓ StaticArrayInterface → StaticArrayInterfaceStaticArraysExt
    701.3 ms  ✓ BangBang → BangBangStaticArraysExt
    713.4 ms  ✓ Accessors → StaticArraysExt
   2830.9 ms  ✓ Transducers
    TransducersReferenceablesExt Being precompiled by another machine (hostname: be-amd01, pid: 1260264, pidfile: /home/zoel_ml/.julia/compiled/v1.11/TransducersReferenceablesExt/jN4bn_BPjBk.ji.pidfile)
    641.1 ms  ✓ Transducers → TransducersAdaptExt
  10794.7 ms  ✓ ArrayLayouts
  13717.2 ms  ✓ Transducers → TransducersReferenceablesExt
   1053.7 ms  ? Folds
  19172.7 ms  ✓ BlockArrays
   1058.6 ms  ✓ BlockArrays → BlockArraysAdaptExt
   3559.8 ms  ? Transducers → TransducersBlockArraysExt
ArrayLayoutsSparseArraysExt Waiting for background task / IO / timer.
[pid 228241] waiting for IO to finish:
 Handle type        uv_handle_t->data
 fs_event           0x3125d290->0x7cf39e45ada0
 timer              0x31256c10->0x7cf39e45add0
This means that a package has started a background task or event source that has not finished running. For precompilation to complete successfully, the event source needs to be closed explicitly. See the developer documentation on fixing precompilation hangs for more help.
  35577.8 ms  ✓ ArrayLayouts → ArrayLayoutsSparseArraysExt
Info Given NDTensors was explicitly requested, output will be shown live [0K
[0K┌ Warning: Module ConstructionBase with build ID fafbfcfd-d402-60df-f6d3-9863f53b343a is missing from the cache.
[0K│ This may mean ConstructionBase [187b0558-2788-49d3-abe0-74a17ed4e7c9] does not support precompilation but is imported by a module that does.
[0K└ @ Base loading.jl:2541
   3873.2 ms  ? NDTensors
  56 dependencies successfully precompiled in 57 seconds. 36 already precompiled.
  3 dependencies failed but may be precompilable after restarting julia
  5 dependencies had output during precompilation:
┌ NDTensors
│  [Output was shown above]
└  
┌ Transducers → TransducersReferenceablesExt
│  ┌ Warning: Module ConstructionBase with build ID fafbfcfd-d402-60df-f6d3-9863f53b343a is missing from the cache.
│  │ This may mean ConstructionBase [187b0558-2788-49d3-abe0-74a17ed4e7c9] does not support precompilation but is imported by a module that does.
│  └ @ Base loading.jl:2541
└  
┌ Transducers → TransducersBlockArraysExt
│  ┌ Warning: Module ConstructionBase with build ID fafbfcfd-d402-60df-f6d3-9863f53b343a is missing from the cache.
│  │ This may mean ConstructionBase [187b0558-2788-49d3-abe0-74a17ed4e7c9] does not support precompilation but is imported by a module that does.
│  └ @ Base loading.jl:2541
└  
┌ Folds
│  ┌ Warning: Module ConstructionBase with build ID fafbfcfd-d402-60df-f6d3-9863f53b343a is missing from the cache.
│  │ This may mean ConstructionBase [187b0558-2788-49d3-abe0-74a17ed4e7c9] does not support precompilation but is imported by a module that does.
│  └ @ Base loading.jl:2541
└  
┌ ArrayLayouts → ArrayLayoutsSparseArraysExt
│  [pid 228241] waiting for IO to finish:
│   Handle type        uv_handle_t->data
│   fs_event           0x3125d290->0x7cf39e45ada0
│   timer              0x31256c10->0x7cf39e45add0
│  This means that a package has started a background task or event source that has not finished running. For precompilation to complete successfully, the event source needs to be closed explicitly. See the developer documentation on fixing precompilation hangs for more help.
└  
Precompiling Folds...
    379.6 ms  ✓ DataValueInterfaces
    412.8 ms  ✓ DefineSingletons
    387.0 ms  ✓ IteratorInterfaceExtensions
    550.3 ms  ✓ DataAPI
    528.8 ms  ✓ CompositionsBase
    626.1 ms  ✓ ConstructionBase
    648.2 ms  ✓ OrderedCollections
    588.4 ms  ✓ ArgCheck
    528.4 ms  ✓ InverseFunctions → InverseFunctionsDatesExt
    591.0 ms  ✓ InverseFunctions → InverseFunctionsTestExt
    383.6 ms  ✓ TableTraits
    916.2 ms  ✓ InitialValues
    414.1 ms  ✓ CompositionsBase → CompositionsBaseInverseFunctionsExt
   1091.5 ms  ✓ Baselet
    706.0 ms  ? Setfield
    847.5 ms  ✓ ThreadedScans
    791.8 ms  ✓ Tables
    699.0 ms  ? Accessors
    899.1 ms  ? SplittablesBase
    856.8 ms  ? Accessors → LinearAlgebraExt
    617.1 ms  ? BangBang
    868.3 ms  ? BangBang → BangBangTablesExt
    948.7 ms  ? MicroCollections
  11002.5 ms  ? Accessors → TestExt
   1506.8 ms  ? Transducers
   3073.1 ms  ? Transducers → TransducersReferenceablesExt
  11237.8 ms  ? Transducers → TransducersAdaptExt
Info Given Folds was explicitly requested, output will be shown live [0K
[0K┌ Warning: Module ConstructionBase with build ID fafbfcfd-d402-60df-f6d3-9863f53b343a is missing from the cache.
[0K│ This may mean ConstructionBase [187b0558-2788-49d3-abe0-74a17ed4e7c9] does not support precompilation but is imported by a module that does.
[0K└ @ Base loading.jl:2541
   1094.1 ms  ? Folds
  16 dependencies successfully precompiled in 27 seconds. 20 already precompiled.
  1 dependency precompiled but a different version is currently loaded. Restart julia to access the new version. Otherwise, loading dependents of this package may trigger further precompilation to work with the unexpected version.
  12 dependencies failed but may be precompilable after restarting julia
  12 dependencies had output during precompilation:
┌ SplittablesBase
│  ┌ Warning: Module ConstructionBase with build ID fafbfcfd-d402-60df-f6d3-9863f53b343a is missing from the cache.
│  │ This may mean ConstructionBase [187b0558-2788-49d3-abe0-74a17ed4e7c9] does not support precompilation but is imported by a module that does.
│  └ @ Base loading.jl:2541
└  
┌ BangBang → BangBangTablesExt
│  ┌ Warning: Module ConstructionBase with build ID fafbfcfd-d402-60df-f6d3-9863f53b343a is missing from the cache.
│  │ This may mean ConstructionBase [187b0558-2788-49d3-abe0-74a17ed4e7c9] does not support precompilation but is imported by a module that does.
│  └ @ Base loading.jl:2541
└  
┌ Transducers → TransducersReferenceablesExt
│  ┌ Warning: Module ConstructionBase with build ID fafbfcfd-d402-60df-f6d3-9863f53b343a is missing from the cache.
│  │ This may mean ConstructionBase [187b0558-2788-49d3-abe0-74a17ed4e7c9] does not support precompilation but is imported by a module that does.
│  └ @ Base loading.jl:2541
└  
┌ Transducers → TransducersAdaptExt
│  ┌ Warning: Module ConstructionBase with build ID fafbfcfd-d402-60df-f6d3-9863f53b343a is missing from the cache.
│  │ This may mean ConstructionBase [187b0558-2788-49d3-abe0-74a17ed4e7c9] does not support precompilation but is imported by a module that does.
│  └ @ Base loading.jl:2541
└  
┌ Transducers
│  ┌ Warning: Module ConstructionBase with build ID fafbfcfd-d402-60df-f6d3-9863f53b343a is missing from the cache.
│  │ This may mean ConstructionBase [187b0558-2788-49d3-abe0-74a17ed4e7c9] does not support precompilation but is imported by a module that does.
│  └ @ Base loading.jl:2541
└  
┌ MicroCollections
│  ┌ Warning: Module ConstructionBase with build ID fafbfcfd-d402-60df-f6d3-9863f53b343a is missing from the cache.
│  │ This may mean ConstructionBase [187b0558-2788-49d3-abe0-74a17ed4e7c9] does not support precompilation but is imported by a module that does.
│  └ @ Base loading.jl:2541
└  
┌ Accessors → LinearAlgebraExt
│  ┌ Warning: Module ConstructionBase with build ID fafbfcfd-d402-60df-f6d3-9863f53b343a is missing from the cache.
│  │ This may mean ConstructionBase [187b0558-2788-49d3-abe0-74a17ed4e7c9] does not support precompilation but is imported by a module that does.
│  └ @ Base loading.jl:2541
└  
┌ Accessors
│  ┌ Warning: Module ConstructionBase with build ID fafbfcfd-d402-60df-f6d3-9863f53b343a is missing from the cache.
│  │ This may mean ConstructionBase [187b0558-2788-49d3-abe0-74a17ed4e7c9] does not support precompilation but is imported by a module that does.
│  └ @ Base loading.jl:2541
└  
┌ Setfield
│  ┌ Warning: Module ConstructionBase with build ID fafbfcfd-d402-60df-f6d3-9863f53b343a is missing from the cache.
│  │ This may mean ConstructionBase [187b0558-2788-49d3-abe0-74a17ed4e7c9] does not support precompilation but is imported by a module that does.
│  └ @ Base loading.jl:2541
└  
┌ BangBang
│  ┌ Warning: Module ConstructionBase with build ID fafbfcfd-d402-60df-f6d3-9863f53b343a is missing from the cache.
│  │ This may mean ConstructionBase [187b0558-2788-49d3-abe0-74a17ed4e7c9] does not support precompilation but is imported by a module that does.
│  └ @ Base loading.jl:2541
└  
┌ Accessors → TestExt
│  ┌ Warning: Module ConstructionBase with build ID fafbfcfd-d402-60df-f6d3-9863f53b343a is missing from the cache.
│  │ This may mean ConstructionBase [187b0558-2788-49d3-abe0-74a17ed4e7c9] does not support precompilation but is imported by a module that does.
│  └ @ Base loading.jl:2541
└  
┌ Folds
│  [Output was shown above]
└  
Precompiling Transducers...
    613.8 ms  ✓ DefineSingletons
    573.8 ms  ✓ CompositionsBase
    685.7 ms  ✓ ConstructionBase
    482.8 ms  ✓ InverseFunctions → InverseFunctionsDatesExt
    576.7 ms  ✓ InverseFunctions → InverseFunctionsTestExt
    408.7 ms  ✓ CompositionsBase → CompositionsBaseInverseFunctionsExt
    958.5 ms  ✓ InitialValues
   1090.1 ms  ✓ Baselet
    695.8 ms  ? Accessors
   1166.2 ms  ? Setfield
   2738.4 ms  ? Accessors → LinearAlgebraExt
    607.3 ms  ? BangBang
    868.2 ms  ? BangBang → BangBangTablesExt
    916.2 ms  ? MicroCollections
  10994.0 ms  ? Accessors → TestExt
  10985.9 ms  ? SplittablesBase
Info Given Transducers was explicitly requested, output will be shown live [0K
[0K┌ Warning: Module ConstructionBase with build ID fafbfcfd-d402-60df-f6d3-9863f53b343a is missing from the cache.
[0K│ This may mean ConstructionBase [187b0558-2788-49d3-abe0-74a17ed4e7c9] does not support precompilation but is imported by a module that does.
[0K└ @ Base loading.jl:2541
    857.1 ms  ? Transducers
  8 dependencies successfully precompiled in 14 seconds. 22 already precompiled.
  1 dependency precompiled but a different version is currently loaded. Restart julia to access the new version. Otherwise, loading dependents of this package may trigger further precompilation to work with the unexpected version.
  9 dependencies failed but may be precompilable after restarting julia
  9 dependencies had output during precompilation:
┌ MicroCollections
│  ┌ Warning: Module ConstructionBase with build ID fafbfcfd-d402-60df-f6d3-9863f53b343a is missing from the cache.
│  │ This may mean ConstructionBase [187b0558-2788-49d3-abe0-74a17ed4e7c9] does not support precompilation but is imported by a module that does.
│  └ @ Base loading.jl:2541
└  
┌ SplittablesBase
│  ┌ Warning: Module ConstructionBase with build ID fafbfcfd-d402-60df-f6d3-9863f53b343a is missing from the cache.
│  │ This may mean ConstructionBase [187b0558-2788-49d3-abe0-74a17ed4e7c9] does not support precompilation but is imported by a module that does.
│  └ @ Base loading.jl:2541
└  
┌ BangBang → BangBangTablesExt
│  ┌ Warning: Module ConstructionBase with build ID fafbfcfd-d402-60df-f6d3-9863f53b343a is missing from the cache.
│  │ This may mean ConstructionBase [187b0558-2788-49d3-abe0-74a17ed4e7c9] does not support precompilation but is imported by a module that does.
│  └ @ Base loading.jl:2541
└  
┌ Accessors → LinearAlgebraExt
│  ┌ Warning: Module ConstructionBase with build ID fafbfcfd-d402-60df-f6d3-9863f53b343a is missing from the cache.
│  │ This may mean ConstructionBase [187b0558-2788-49d3-abe0-74a17ed4e7c9] does not support precompilation but is imported by a module that does.
│  └ @ Base loading.jl:2541
└  
┌ Setfield
│  ┌ Warning: Module ConstructionBase with build ID fafbfcfd-d402-60df-f6d3-9863f53b343a is missing from the cache.
│  │ This may mean ConstructionBase [187b0558-2788-49d3-abe0-74a17ed4e7c9] does not support precompilation but is imported by a module that does.
│  └ @ Base loading.jl:2541
└  
┌ Accessors
│  ┌ Warning: Module ConstructionBase with build ID fafbfcfd-d402-60df-f6d3-9863f53b343a is missing from the cache.
│  │ This may mean ConstructionBase [187b0558-2788-49d3-abe0-74a17ed4e7c9] does not support precompilation but is imported by a module that does.
│  └ @ Base loading.jl:2541
└  
┌ BangBang
│  ┌ Warning: Module ConstructionBase with build ID fafbfcfd-d402-60df-f6d3-9863f53b343a is missing from the cache.
│  │ This may mean ConstructionBase [187b0558-2788-49d3-abe0-74a17ed4e7c9] does not support precompilation but is imported by a module that does.
│  └ @ Base loading.jl:2541
└  
┌ Accessors → TestExt
│  ┌ Warning: Module ConstructionBase with build ID fafbfcfd-d402-60df-f6d3-9863f53b343a is missing from the cache.
│  │ This may mean ConstructionBase [187b0558-2788-49d3-abe0-74a17ed4e7c9] does not support precompilation but is imported by a module that does.
│  └ @ Base loading.jl:2541
└  
┌ Transducers
│  [Output was shown above]
└  
Precompiling Accessors...
Info Given Accessors was explicitly requested, output will be shown live [0K
[0K┌ Warning: Module ConstructionBase with build ID fafbfcfd-d402-60df-f6d3-9863f53b343a is missing from the cache.
[0K│ This may mean ConstructionBase [187b0558-2788-49d3-abe0-74a17ed4e7c9] does not support precompilation but is imported by a module that does.
[0K└ @ Base loading.jl:2541
    649.0 ms  ? Accessors
    838.3 ms  ? Accessors → LinearAlgebraExt
Precompiling LinearAlgebraExt...
    691.2 ms  ? Accessors
Info Given LinearAlgebraExt was explicitly requested, output will be shown live [0K
[0K┌ Warning: Module Accessors with build ID ffffffff-ffff-ffff-c8c9-298a8295017e is missing from the cache.
[0K│ This may mean Accessors [7d9f7c33-5ae7-4f3b-8dc6-eff91059b697] does not support precompilation but is imported by a module that does.
[0K└ @ Base loading.jl:2541
    654.0 ms  ? Accessors → LinearAlgebraExt
Precompiling BangBang...
    650.7 ms  ? Accessors
    608.7 ms  ? Accessors → LinearAlgebraExt
Info Given BangBang was explicitly requested, output will be shown live [0K
[0K┌ Warning: Module ConstructionBase with build ID fafbfcfd-d402-60df-f6d3-9863f53b343a is missing from the cache.
[0K│ This may mean ConstructionBase [187b0558-2788-49d3-abe0-74a17ed4e7c9] does not support precompilation but is imported by a module that does.
[0K└ @ Base loading.jl:2541
    657.3 ms  ? BangBang
Precompiling BangBangTablesExt...
    651.2 ms  ? Accessors
    640.1 ms  ? Accessors → LinearAlgebraExt
    621.6 ms  ? BangBang
Info Given BangBangTablesExt was explicitly requested, output will be shown live [0K
[0K┌ Warning: Module BangBang with build ID ffffffff-ffff-ffff-d18a-8ba45d40f933 is missing from the cache.
[0K│ This may mean BangBang [198e06fe-97b7-11e9-32a5-e1d131e6ad66] does not support precompilation but is imported by a module that does.
[0K└ @ Base loading.jl:2541
    619.9 ms  ? BangBang → BangBangTablesExt
Precompiling MicroCollections...
    514.8 ms  ✓ ConstructionBase
   1811.3 ms  ✓ MacroTools
    632.4 ms  ? Accessors
    636.5 ms  ? Accessors → LinearAlgebraExt
    619.4 ms  ? BangBang
Info Given MicroCollections was explicitly requested, output will be shown live [0K
[0K┌ Warning: Module Accessors with build ID ffffffff-ffff-ffff-c8c9-298a8295017e is missing from the cache.
[0K│ This may mean Accessors [7d9f7c33-5ae7-4f3b-8dc6-eff91059b697] does not support precompilation but is imported by a module that does.
[0K└ @ Base loading.jl:2541
    662.4 ms  ? MicroCollections
┌ Warning: Module Accessors with build ID ffffffff-ffff-ffff-c8c9-298a8295017e is missing from the cache.
│ This may mean Accessors [7d9f7c33-5ae7-4f3b-8dc6-eff91059b697] does not support precompilation but is imported by a module that does.
└ @ Base loading.jl:2541
┌ Warning: Module MacroTools with build ID fafbfcfd-2c27-bb02-054c-118aa2fe2032 is missing from the cache.
│ This may mean MacroTools [1914dd2f-81c6-5fcd-8719-6d5c9610ff09] does not support precompilation but is imported by a module that does.
└ @ Base loading.jl:2541
┌ Warning: Module MacroTools with build ID fafbfcfd-2c27-bb02-054c-118aa2fe2032 is missing from the cache.
│ This may mean MacroTools [1914dd2f-81c6-5fcd-8719-6d5c9610ff09] does not support precompilation but is imported by a module that does.
└ @ Base loading.jl:2541
┌ Warning: Module Accessors with build ID ffffffff-ffff-ffff-c8c9-298a8295017e is missing from the cache.
│ This may mean Accessors [7d9f7c33-5ae7-4f3b-8dc6-eff91059b697] does not support precompilation but is imported by a module that does.
└ @ Base loading.jl:2541
┌ Warning: Module Transducers with build ID ffffffff-ffff-ffff-2970-92427bef8d30 is missing from the cache.
│ This may mean Transducers [28d57a85-8fef-5791-bfe6-a80928e7c999] does not support precompilation but is imported by a module that does.
└ @ Base loading.jl:2541
┌ Warning: Module Transducers with build ID ffffffff-ffff-ffff-2970-92427bef8d30 is missing from the cache.
│ This may mean Transducers [28d57a85-8fef-5791-bfe6-a80928e7c999] does not support precompilation but is imported by a module that does.
└ @ Base loading.jl:2541
┌ Warning: Module Adapt with build ID fafbfcfd-87ad-3643-8fca-5e100ecc07a5 is missing from the cache.
│ This may mean Adapt [79e6a3ab-5dfb-504d-930d-738a2a938a0e] does not support precompilation but is imported by a module that does.
└ @ Base loading.jl:2541
┌ Warning: Module ConstructionBase with build ID fafbfcfd-d402-60df-f6d3-9863f53b343a is missing from the cache.
│ This may mean ConstructionBase [187b0558-2788-49d3-abe0-74a17ed4e7c9] does not support precompilation but is imported by a module that does.
└ @ Base loading.jl:2541
┌ Warning: Module StaticArrays with build ID fafbfcfd-4e63-5a4a-041b-0fcde6ae7270 is missing from the cache.
│ This may mean StaticArrays [90137ffa-7385-5640-81b9-e52037218182] does not support precompilation but is imported by a module that does.
└ @ Base loading.jl:2541
┌ Warning: Module BangBang with build ID ffffffff-ffff-ffff-d18a-8ba45d40f933 is missing from the cache.
│ This may mean BangBang [198e06fe-97b7-11e9-32a5-e1d131e6ad66] does not support precompilation but is imported by a module that does.
└ @ Base loading.jl:2541
┌ Warning: Module MacroTools with build ID fafbfcfd-2c27-bb02-054c-118aa2fe2032 is missing from the cache.
│ This may mean MacroTools [1914dd2f-81c6-5fcd-8719-6d5c9610ff09] does not support precompilation but is imported by a module that does.
└ @ Base loading.jl:2541
┌ Warning: Module SimpleTraits with build ID ffffffff-ffff-ffff-eb45-8d6bdec4f706 is missing from the cache.
│ This may mean SimpleTraits [699a6c99-e7fa-54fc-8d76-47d257e15c1d] does not support precompilation but is imported by a module that does.
└ @ Base loading.jl:2541
┌ Warning: Module TypeParameterAccessors with build ID ffffffff-ffff-ffff-fc39-69f2844af952 is missing from the cache.
│ This may mean TypeParameterAccessors [7e5a90cf-f82e-492e-a09b-e3e26432c138] does not support precompilation but is imported by a module that does.
└ @ Base loading.jl:2541
┌ Warning: Module BangBang with build ID ffffffff-ffff-ffff-d18a-8ba45d40f933 is missing from the cache.
│ This may mean BangBang [198e06fe-97b7-11e9-32a5-e1d131e6ad66] does not support precompilation but is imported by a module that does.
└ @ Base loading.jl:2541
┌ Warning: Module StaticArrays with build ID fafbfcfd-4e63-5a4a-041b-0fcde6ae7270 is missing from the cache.
│ This may mean StaticArrays [90137ffa-7385-5640-81b9-e52037218182] does not support precompilation but is imported by a module that does.
└ @ Base loading.jl:2541
  2 dependencies successfully precompiled in 4 seconds. 9 already precompiled.
  5 dependencies precompiled but different versions are currently loaded. Restart julia to access the new versions. Otherwise, loading dependents of these packages may trigger further precompilation to work with the unexpected versions.
  4 dependencies failed but may be precompilable after restarting julia
  4 dependencies had output during precompilation:
┌ MicroCollections
│  [Output was shown above]
└  
┌ Accessors → LinearAlgebraExt
│  ┌ Warning: Module Accessors with build ID ffffffff-ffff-ffff-c8c9-298a8295017e is missing from the cache.
│  │ This may mean Accessors [7d9f7c33-5ae7-4f3b-8dc6-eff91059b697] does not support precompilation but is imported by a module that does.
│  └ @ Base loading.jl:2541
└  
┌ Accessors
│  ┌ Warning: Module MacroTools with build ID fafbfcfd-2c27-bb02-054c-118aa2fe2032 is missing from the cache.
│  │ This may mean MacroTools [1914dd2f-81c6-5fcd-8719-6d5c9610ff09] does not support precompilation but is imported by a module that does.
│  └ @ Base loading.jl:2541
└  
┌ BangBang
│  ┌ Warning: Module ConstructionBase with build ID fafbfcfd-d402-60df-f6d3-9863f53b343a is missing from the cache.
│  │ This may mean ConstructionBase [187b0558-2788-49d3-abe0-74a17ed4e7c9] does not support precompilation but is imported by a module that does.
│  └ @ Base loading.jl:2541
└  
Precompiling SplittablesBase...
    394.4 ms  ✓ StaticArraysCore
    435.6 ms  ✓ ConstructionBase
   1821.6 ms  ✓ MacroTools
    607.6 ms  ? Setfield
Info Given SplittablesBase was explicitly requested, output will be shown live [0K
[0K┌ Warning: Module MacroTools with build ID fafbfcfd-2c27-bb02-054c-118aa2fe2032 is missing from the cache.
[0K│ This may mean MacroTools [1914dd2f-81c6-5fcd-8719-6d5c9610ff09] does not support precompilation but is imported by a module that does.
[0K└ @ Base loading.jl:2541
    822.4 ms  ? SplittablesBase
  3 dependencies successfully precompiled in 3 seconds. 8 already precompiled.
  2 dependencies precompiled but different versions are currently loaded. Restart julia to access the new versions. Otherwise, loading dependents of these packages may trigger further precompilation to work with the unexpected versions.
  2 dependencies failed but may be precompilable after restarting julia
  2 dependencies had output during precompilation:
┌ SplittablesBase
│  [Output was shown above]
└  
┌ Setfield
│  ┌ Warning: Module MacroTools with build ID fafbfcfd-2c27-bb02-054c-118aa2fe2032 is missing from the cache.
│  │ This may mean MacroTools [1914dd2f-81c6-5fcd-8719-6d5c9610ff09] does not support precompilation but is imported by a module that does.
│  └ @ Base loading.jl:2541
└  
Precompiling Setfield...
    421.4 ms  ✓ StaticArraysCore
    438.1 ms  ✓ ConstructionBase
Info Given Setfield was explicitly requested, output will be shown live [0K
[0K┌ Warning: Module MacroTools with build ID fafbfcfd-2c27-bb02-054c-118aa2fe2032 is missing from the cache.
[0K│ This may mean MacroTools [1914dd2f-81c6-5fcd-8719-6d5c9610ff09] does not support precompilation but is imported by a module that does.
[0K└ @ Base loading.jl:2541
    656.0 ms  ? Setfield
  2 dependencies successfully precompiled in 1 seconds. 3 already precompiled.
  1 dependency precompiled but a different version is currently loaded. Restart julia to access the new version. Otherwise, loading dependents of this package may trigger further precompilation to work with the unexpected version.
  1 dependencies failed but may be precompilable after restarting julia
  1 dependency had output during precompilation:
┌ Setfield
│  [Output was shown above]
└  
Precompiling TestExt...
    378.9 ms  ✓ CompositionsBase
    796.0 ms  ✓ InverseFunctions
   1829.4 ms  ✓ MacroTools
    652.1 ms  ? Accessors
Info Given TestExt was explicitly requested, output will be shown live [0K
[0K┌ Warning: Module Accessors with build ID ffffffff-ffff-ffff-c8c9-298a8295017e is missing from the cache.
[0K│ This may mean Accessors [7d9f7c33-5ae7-4f3b-8dc6-eff91059b697] does not support precompilation but is imported by a module that does.
[0K└ @ Base loading.jl:2541
    633.4 ms  ? Accessors → LinearAlgebraExt
    627.8 ms  ? Accessors → TestExt
  3 dependencies successfully precompiled in 4 seconds. 14 already precompiled.
  5 dependencies precompiled but different versions are currently loaded. Restart julia to access the new versions. Otherwise, loading dependents of these packages may trigger further precompilation to work with the unexpected versions.
  3 dependencies failed but may be precompilable after restarting julia
  3 dependencies had output during precompilation:
┌ Accessors → LinearAlgebraExt
│  ┌ Warning: Module Accessors with build ID ffffffff-ffff-ffff-c8c9-298a8295017e is missing from the cache.
│  │ This may mean Accessors [7d9f7c33-5ae7-4f3b-8dc6-eff91059b697] does not support precompilation but is imported by a module that does.
│  └ @ Base loading.jl:2541
└  
┌ Accessors
│  ┌ Warning: Module MacroTools with build ID fafbfcfd-2c27-bb02-054c-118aa2fe2032 is missing from the cache.
│  │ This may mean MacroTools [1914dd2f-81c6-5fcd-8719-6d5c9610ff09] does not support precompilation but is imported by a module that does.
│  └ @ Base loading.jl:2541
└  
┌ Accessors → TestExt
│  [Output was shown above]
└  
Precompiling TransducersAdaptExt...
    374.7 ms  ✓ DataValueInterfaces
    377.9 ms  ✓ IteratorInterfaceExtensions
    419.8 ms  ✓ DefineSingletons
    419.4 ms  ✓ DataAPI
    446.6 ms  ✓ ArgCheck
    502.3 ms  ✓ Requires
    598.5 ms  ✓ OrderedCollections
    690.6 ms  ? Setfield
    693.2 ms  ? Accessors
    900.9 ms  ✓ InitialValues
    460.5 ms  ✓ Adapt
   1190.6 ms  ✓ Baselet
    669.7 ms  ? Accessors → LinearAlgebraExt
    683.4 ms  ? SplittablesBase
    672.7 ms  ? Accessors → TestExt
    620.1 ms  ? BangBang
    632.2 ms  ? BangBang → BangBangTablesExt
    665.2 ms  ? MicroCollections
    610.8 ms  ? Transducers
Info Given TransducersAdaptExt was explicitly requested, output will be shown live [0K
[0K┌ Warning: Module Transducers with build ID ffffffff-ffff-ffff-2970-92427bef8d30 is missing from the cache.
[0K│ This may mean Transducers [28d57a85-8fef-5791-bfe6-a80928e7c999] does not support precompilation but is imported by a module that does.
[0K└ @ Base loading.jl:2541
    610.1 ms  ? Transducers → TransducersAdaptExt
  10 dependencies successfully precompiled in 4 seconds. 23 already precompiled.
  18 dependencies precompiled but different versions are currently loaded. Restart julia to access the new versions. Otherwise, loading dependents of these packages may trigger further precompilation to work with the unexpected versions.
  10 dependencies failed but may be precompilable after restarting julia
  10 dependencies had output during precompilation:
┌ SplittablesBase
│  ┌ Warning: Module Setfield with build ID ffffffff-ffff-ffff-ee4b-12cdcb1e8791 is missing from the cache.
│  │ This may mean Setfield [efcf1570-3423-57d1-acb7-fd33fddbac46] does not support precompilation but is imported by a module that does.
│  └ @ Base loading.jl:2541
└  
┌ MicroCollections
│  ┌ Warning: Module Accessors with build ID ffffffff-ffff-ffff-c8c9-298a8295017e is missing from the cache.
│  │ This may mean Accessors [7d9f7c33-5ae7-4f3b-8dc6-eff91059b697] does not support precompilation but is imported by a module that does.
│  └ @ Base loading.jl:2541
└  
┌ BangBang → BangBangTablesExt
│  ┌ Warning: Module BangBang with build ID ffffffff-ffff-ffff-d18a-8ba45d40f933 is missing from the cache.
│  │ This may mean BangBang [198e06fe-97b7-11e9-32a5-e1d131e6ad66] does not support precompilation but is imported by a module that does.
│  └ @ Base loading.jl:2541
└  
┌ Accessors → LinearAlgebraExt
│  ┌ Warning: Module Accessors with build ID ffffffff-ffff-ffff-c8c9-298a8295017e is missing from the cache.
│  │ This may mean Accessors [7d9f7c33-5ae7-4f3b-8dc6-eff91059b697] does not support precompilation but is imported by a module that does.
│  └ @ Base loading.jl:2541
└  
┌ Setfield
│  ┌ Warning: Module MacroTools with build ID fafbfcfd-2c27-bb02-054c-118aa2fe2032 is missing from the cache.
│  │ This may mean MacroTools [1914dd2f-81c6-5fcd-8719-6d5c9610ff09] does not support precompilation but is imported by a module that does.
│  └ @ Base loading.jl:2541
└  
┌ Accessors
│  ┌ Warning: Module MacroTools with build ID fafbfcfd-2c27-bb02-054c-118aa2fe2032 is missing from the cache.
│  │ This may mean MacroTools [1914dd2f-81c6-5fcd-8719-6d5c9610ff09] does not support precompilation but is imported by a module that does.
│  └ @ Base loading.jl:2541
└  
┌ Accessors → TestExt
│  ┌ Warning: Module Accessors with build ID ffffffff-ffff-ffff-c8c9-298a8295017e is missing from the cache.
│  │ This may mean Accessors [7d9f7c33-5ae7-4f3b-8dc6-eff91059b697] does not support precompilation but is imported by a module that does.
│  └ @ Base loading.jl:2541
└  
┌ BangBang
│  ┌ Warning: Module ConstructionBase with build ID fafbfcfd-d402-60df-f6d3-9863f53b343a is missing from the cache.
│  │ This may mean ConstructionBase [187b0558-2788-49d3-abe0-74a17ed4e7c9] does not support precompilation but is imported by a module that does.
│  └ @ Base loading.jl:2541
└  
┌ Transducers
│  ┌ Warning: Module Accessors with build ID ffffffff-ffff-ffff-c8c9-298a8295017e is missing from the cache.
│  │ This may mean Accessors [7d9f7c33-5ae7-4f3b-8dc6-eff91059b697] does not support precompilation but is imported by a module that does.
│  └ @ Base loading.jl:2541
└  
┌ Transducers → TransducersAdaptExt
│  [Output was shown above]
└  
Precompiling TransducersReferenceablesExt...
    635.6 ms  ? Setfield
    651.7 ms  ? Accessors
    680.2 ms  ? SplittablesBase
    648.5 ms  ? Accessors → LinearAlgebraExt
    669.0 ms  ? Accessors → TestExt
    614.4 ms  ? BangBang
    641.0 ms  ? BangBang → BangBangTablesExt
    678.3 ms  ? MicroCollections
    613.3 ms  ? Transducers
Info Given TransducersReferenceablesExt was explicitly requested, output will be shown live [0K
[0K┌ Warning: Module Transducers with build ID ffffffff-ffff-ffff-2970-92427bef8d30 is missing from the cache.
[0K│ This may mean Transducers [28d57a85-8fef-5791-bfe6-a80928e7c999] does not support precompilation but is imported by a module that does.
[0K└ @ Base loading.jl:2541
    629.5 ms  ? Transducers → TransducersAdaptExt
    628.4 ms  ? Transducers → TransducersReferenceablesExt
Precompiling StaticArrays...
   5595.9 ms  ✓ StaticArrays
  1 dependency successfully precompiled in 6 seconds. 7 already precompiled.
Precompiling AdaptStaticArraysExt...
Info Given AdaptStaticArraysExt was explicitly requested, output will be shown live [0K
[0K┌ Warning: Module Adapt with build ID fafbfcfd-87ad-3643-8fca-5e100ecc07a5 is missing from the cache.
[0K│ This may mean Adapt [79e6a3ab-5dfb-504d-930d-738a2a938a0e] does not support precompilation but is imported by a module that does.
[0K└ @ Base loading.jl:2541
    619.6 ms  ? Adapt → AdaptStaticArraysExt
Precompiling ConstructionBaseStaticArraysExt...
Info Given ConstructionBaseStaticArraysExt was explicitly requested, output will be shown live [0K
[0K┌ Warning: Module ConstructionBase with build ID fafbfcfd-d402-60df-f6d3-9863f53b343a is missing from the cache.
[0K│ This may mean ConstructionBase [187b0558-2788-49d3-abe0-74a17ed4e7c9] does not support precompilation but is imported by a module that does.
[0K└ @ Base loading.jl:2541
    615.5 ms  ? ConstructionBase → ConstructionBaseStaticArraysExt
Precompiling StaticArraysExt...
    631.4 ms  ? Accessors
    653.0 ms  ? ConstructionBase → ConstructionBaseStaticArraysExt
    635.1 ms  ? Accessors → LinearAlgebraExt
Info Given StaticArraysExt was explicitly requested, output will be shown live [0K
[0K┌ Warning: Module StaticArrays with build ID fafbfcfd-4e63-5a4a-041b-0fcde6ae7270 is missing from the cache.
[0K│ This may mean StaticArrays [90137ffa-7385-5640-81b9-e52037218182] does not support precompilation but is imported by a module that does.
[0K└ @ Base loading.jl:2541
    678.9 ms  ? Accessors → StaticArraysExt
Precompiling BangBangStaticArraysExt...
    377.5 ms  ✓ CompositionsBase
    457.0 ms  ✓ InverseFunctions
    473.9 ms  ✓ ConstructionBase
    431.7 ms  ✓ StaticArraysCore
    906.3 ms  ✓ InitialValues
    652.5 ms  ? Accessors
    689.0 ms  ? ConstructionBase → ConstructionBaseStaticArraysExt
    647.9 ms  ? Accessors → LinearAlgebraExt
    676.2 ms  ? Accessors → StaticArraysExt
    626.8 ms  ? BangBang
Info Given BangBangStaticArraysExt was explicitly requested, output will be shown live [0K
[0K┌ Warning: Module BangBang with build ID ffffffff-ffff-ffff-d18a-8ba45d40f933 is missing from the cache.
[0K│ This may mean BangBang [198e06fe-97b7-11e9-32a5-e1d131e6ad66] does not support precompilation but is imported by a module that does.
[0K└ @ Base loading.jl:2541
    622.4 ms  ? BangBang → BangBangStaticArraysExt
  5 dependencies successfully precompiled in 3 seconds. 11 already precompiled.
  10 dependencies precompiled but different versions are currently loaded. Restart julia to access the new versions. Otherwise, loading dependents of these packages may trigger further precompilation to work with the unexpected versions.
  6 dependencies failed but may be precompilable after restarting julia
  6 dependencies had output during precompilation:
┌ BangBang → BangBangStaticArraysExt
│  [Output was shown above]
└  
┌ Accessors → LinearAlgebraExt
│  ┌ Warning: Module Accessors with build ID ffffffff-ffff-ffff-c8c9-298a8295017e is missing from the cache.
│  │ This may mean Accessors [7d9f7c33-5ae7-4f3b-8dc6-eff91059b697] does not support precompilation but is imported by a module that does.
│  └ @ Base loading.jl:2541
└  
┌ Accessors → StaticArraysExt
│  ┌ Warning: Module StaticArrays with build ID fafbfcfd-4e63-5a4a-041b-0fcde6ae7270 is missing from the cache.
│  │ This may mean StaticArrays [90137ffa-7385-5640-81b9-e52037218182] does not support precompilation but is imported by a module that does.
│  └ @ Base loading.jl:2541
└  
┌ Accessors
│  ┌ Warning: Module MacroTools with build ID fafbfcfd-2c27-bb02-054c-118aa2fe2032 is missing from the cache.
│  │ This may mean MacroTools [1914dd2f-81c6-5fcd-8719-6d5c9610ff09] does not support precompilation but is imported by a module that does.
│  └ @ Base loading.jl:2541
└  
┌ BangBang
│  ┌ Warning: Module ConstructionBase with build ID fafbfcfd-d402-60df-f6d3-9863f53b343a is missing from the cache.
│  │ This may mean ConstructionBase [187b0558-2788-49d3-abe0-74a17ed4e7c9] does not support precompilation but is imported by a module that does.
│  └ @ Base loading.jl:2541
└  
┌ ConstructionBase → ConstructionBaseStaticArraysExt
│  ┌ Warning: Module ConstructionBase with build ID fafbfcfd-d402-60df-f6d3-9863f53b343a is missing from the cache.
│  │ This may mean ConstructionBase [187b0558-2788-49d3-abe0-74a17ed4e7c9] does not support precompilation but is imported by a module that does.
│  └ @ Base loading.jl:2541
└  
Precompiling SimpleTraits...
   1788.2 ms  ✓ MacroTools
Info Given SimpleTraits was explicitly requested, output will be shown live [0K
[0K┌ Warning: Module MacroTools with build ID fafbfcfd-2c27-bb02-054c-118aa2fe2032 is missing from the cache.
[0K│ This may mean MacroTools [1914dd2f-81c6-5fcd-8719-6d5c9610ff09] does not support precompilation but is imported by a module that does.
[0K└ @ Base loading.jl:2541
    612.9 ms  ? SimpleTraits
  1 dependency successfully precompiled in 2 seconds. 3 already precompiled.
  1 dependency precompiled but a different version is currently loaded. Restart julia to access the new version. Otherwise, loading dependents of this package may trigger further precompilation to work with the unexpected version.
  1 dependencies failed but may be precompilable after restarting julia
  1 dependency had output during precompilation:
┌ SimpleTraits
│  [Output was shown above]
└  
Precompiling TypeParameterAccessors...
    630.4 ms  ? SimpleTraits
Info Given TypeParameterAccessors was explicitly requested, output will be shown live [0K
[0K┌ Warning: Module SimpleTraits with build ID ffffffff-ffff-ffff-eb45-8d6bdec4f706 is missing from the cache.
[0K│ This may mean SimpleTraits [699a6c99-e7fa-54fc-8d76-47d257e15c1d] does not support precompilation but is imported by a module that does.
[0K└ @ Base loading.jl:2541
    636.1 ms  ? TypeParameterAccessors
Precompiling TypeParameterAccessorsStridedViewsExt...
    636.9 ms  ? SimpleTraits
    618.7 ms  ? TypeParameterAccessors
Info Given TypeParameterAccessorsStridedViewsExt was explicitly requested, output will be shown live [0K
[0K┌ Warning: Module TypeParameterAccessors with build ID ffffffff-ffff-ffff-fc39-69f2844af952 is missing from the cache.
[0K│ This may mean TypeParameterAccessors [7e5a90cf-f82e-492e-a09b-e3e26432c138] does not support precompilation but is imported by a module that does.
[0K└ @ Base loading.jl:2541
    668.0 ms  ? TypeParameterAccessors → TypeParameterAccessorsStridedViewsExt
Precompiling SerializedElementArrays...
    436.8 ms  ✓ SerializedElementArrays
  1 dependency successfully precompiled in 0 seconds. 1 already precompiled.
Precompiling Zeros...
    490.9 ms  ✓ Zeros
  1 dependency successfully precompiled in 1 seconds. 6 already precompiled.
Precompiling ChainRulesCore...
   1140.7 ms  ✓ ChainRulesCore
  1 dependency successfully precompiled in 1 seconds. 7 already precompiled.
Precompiling BangBangChainRulesCoreExt...
    619.5 ms  ? Accessors
    618.3 ms  ? Accessors → LinearAlgebraExt
    657.4 ms  ? BangBang
Info Given BangBangChainRulesCoreExt was explicitly requested, output will be shown live [0K
[0K┌ Warning: Module BangBang with build ID ffffffff-ffff-ffff-d18a-8ba45d40f933 is missing from the cache.
[0K│ This may mean BangBang [198e06fe-97b7-11e9-32a5-e1d131e6ad66] does not support precompilation but is imported by a module that does.
[0K└ @ Base loading.jl:2541
    632.6 ms  ? BangBang → BangBangChainRulesCoreExt
Precompiling StaticArraysChainRulesCoreExt...
    395.6 ms  ✓ StaticArraysCore
    698.8 ms  ✓ Preferences
Info Given StaticArraysChainRulesCoreExt was explicitly requested, output will be shown live [0K
[0K┌ Warning: Module StaticArrays with build ID fafbfcfd-4e63-5a4a-041b-0fcde6ae7270 is missing from the cache.
[0K│ This may mean StaticArrays [90137ffa-7385-5640-81b9-e52037218182] does not support precompilation but is imported by a module that does.
[0K└ @ Base loading.jl:2541
    681.4 ms  ? StaticArrays → StaticArraysChainRulesCoreExt
  2 dependencies successfully precompiled in 2 seconds. 10 already precompiled.
  2 dependencies precompiled but different versions are currently loaded. Restart julia to access the new versions. Otherwise, loading dependents of these packages may trigger further precompilation to work with the unexpected versions.
  1 dependencies failed but may be precompilable after restarting julia
  1 dependency had output during precompilation:
┌ StaticArrays → StaticArraysChainRulesCoreExt
│  [Output was shown above]
└  
Precompiling ChainRulesCoreSparseArraysExt...
    579.6 ms  ✓ ChainRulesCore → ChainRulesCoreSparseArraysExt
  1 dependency successfully precompiled in 1 seconds. 11 already precompiled.
Precompiling ITensorMPS...
    451.3 ms  ✓ IteratorInterfaceExtensions
    531.9 ms  ✓ DataValueInterfaces
    608.6 ms  ✓ DefineSingletons
    464.0 ms  ✓ DataAPI
    590.8 ms  ✓ ExternalDocstrings
    483.6 ms  ✓ ArgCheck
    465.5 ms  ✓ StaticArraysCore
    583.1 ms  ✓ ConstructionBase
    531.6 ms  ✓ Requires
    774.4 ms  ✓ OrderedCollections
    766.1 ms  ✓ InlineStrings
    732.9 ms  ? SimpleTraits
    734.7 ms  ✓ Preferences
    509.1 ms  ✓ Adapt
    874.8 ms  ? Accessors
    861.0 ms  ? Setfield
   1330.2 ms  ✓ Baselet
    708.0 ms  ? TypeParameterAccessors
   1690.5 ms  ✓ KrylovKit
    739.4 ms  ? StaticArrays → StaticArraysChainRulesCoreExt
    722.7 ms  ? ConstructionBase → ConstructionBaseStaticArraysExt
    620.5 ms  ✓ ArrayInterface → ArrayInterfaceChainRulesCoreExt
    777.4 ms  ? ArrayLayouts
    726.9 ms  ? Adapt → AdaptStaticArraysExt
    739.7 ms  ? ArrayInterface → ArrayInterfaceStaticArraysCoreExt
    717.1 ms  ? Accessors → LinearAlgebraExt
    727.9 ms  ? Accessors → TestExt
    714.5 ms  ? SplittablesBase
    732.2 ms  ? Accessors → StaticArraysExt
    720.0 ms  ? TypeParameterAccessors → TypeParameterAccessorsFillArraysExt
    730.5 ms  ? TypeParameterAccessors → TypeParameterAccessorsStridedViewsExt
    958.2 ms  ? StaticArrayInterface → StaticArrayInterfaceStaticArraysExt
    635.7 ms  ✓ KrylovKit → KrylovKitChainRulesCoreExt
    670.6 ms  ? BangBang
    942.8 ms  ? ArrayLayouts → ArrayLayoutsSparseArraysExt
    676.3 ms  ? BangBang → BangBangChainRulesCoreExt
    676.0 ms  ? BangBang → BangBangStaticArraysExt
    670.3 ms  ? BangBang → BangBangTablesExt
    683.4 ms  ? MicroCollections
    613.7 ms  ? Transducers
    634.7 ms  ? Transducers → TransducersReferenceablesExt
    667.9 ms  ? Transducers → TransducersAdaptExt
    615.4 ms  ? Folds
  11023.7 ms  ? BlockArrays
    683.8 ms  ? BlockArrays → BlockArraysAdaptExt
    684.0 ms  ? Transducers → TransducersBlockArraysExt
    626.3 ms  ? NDTensors
    625.9 ms  ? ITensors
    627.4 ms  ? ITensors → ITensorsVectorInterfaceExt
Info Given ITensorMPS was explicitly requested, output will be shown live [0K
[0K┌ Warning: Module ITensors with build ID ffffffff-ffff-ffff-01b0-33b8c820beb0 is missing from the cache.
[0K│ This may mean ITensors [9136182c-28ba-11e9-034c-db9fb085ebd5] does not support precompilation but is imported by a module that does.
[0K└ @ Base loading.jl:2541
    621.5 ms  ? ITensorMPS
    661.0 ms  ? ITensorMPS → ITensorMPSChainRulesCoreExt
┌ Warning: Module ITensors with build ID ffffffff-ffff-ffff-01b0-33b8c820beb0 is missing from the cache.
│ This may mean ITensors [9136182c-28ba-11e9-034c-db9fb085ebd5] does not support precompilation but is imported by a module that does.
└ @ Base loading.jl:2541
┌ Warning: Module ITensors with build ID ffffffff-ffff-ffff-01b0-33b8c820beb0 is missing from the cache.
│ This may mean ITensors [9136182c-28ba-11e9-034c-db9fb085ebd5] does not support precompilation but is imported by a module that does.
└ @ Base loading.jl:2541
  17 dependencies successfully precompiled in 17 seconds. 75 already precompiled.
  37 dependencies precompiled but different versions are currently loaded. Restart julia to access the new versions. Otherwise, loading dependents of these packages may trigger further precompilation to work with the unexpected versions.
  34 dependencies failed but may be precompilable after restarting julia
  34 dependencies had output during precompilation:
┌ Folds
│  ┌ Warning: Module Transducers with build ID ffffffff-ffff-ffff-2970-92427bef8d30 is missing from the cache.
│  │ This may mean Transducers [28d57a85-8fef-5791-bfe6-a80928e7c999] does not support precompilation but is imported by a module that does.
│  └ @ Base loading.jl:2541
└  
┌ SplittablesBase
│  ┌ Warning: Module Setfield with build ID ffffffff-ffff-ffff-ee4b-12cdcb1e8791 is missing from the cache.
│  │ This may mean Setfield [efcf1570-3423-57d1-acb7-fd33fddbac46] does not support precompilation but is imported by a module that does.
│  └ @ Base loading.jl:2541
└  
┌ TypeParameterAccessors → TypeParameterAccessorsStridedViewsExt
│  ┌ Warning: Module TypeParameterAccessors with build ID ffffffff-ffff-ffff-fc39-69f2844af952 is missing from the cache.
│  │ This may mean TypeParameterAccessors [7e5a90cf-f82e-492e-a09b-e3e26432c138] does not support precompilation but is imported by a module that does.
│  └ @ Base loading.jl:2541
└  
┌ BangBang → BangBangStaticArraysExt
│  ┌ Warning: Module BangBang with build ID ffffffff-ffff-ffff-d18a-8ba45d40f933 is missing from the cache.
│  │ This may mean BangBang [198e06fe-97b7-11e9-32a5-e1d131e6ad66] does not support precompilation but is imported by a module that does.
│  └ @ Base loading.jl:2541
└  
┌ BangBang → BangBangTablesExt
│  ┌ Warning: Module BangBang with build ID ffffffff-ffff-ffff-d18a-8ba45d40f933 is missing from the cache.
│  │ This may mean BangBang [198e06fe-97b7-11e9-32a5-e1d131e6ad66] does not support precompilation but is imported by a module that does.
│  └ @ Base loading.jl:2541
└  
┌ ITensors → ITensorsVectorInterfaceExt
│  ┌ Warning: Module ITensors with build ID ffffffff-ffff-ffff-01b0-33b8c820beb0 is missing from the cache.
│  │ This may mean ITensors [9136182c-28ba-11e9-034c-db9fb085ebd5] does not support precompilation but is imported by a module that does.
│  └ @ Base loading.jl:2541
└  
┌ ArrayLayouts
│  ┌ Warning: Module StaticArrays with build ID fafbfcfd-4e63-5a4a-041b-0fcde6ae7270 is missing from the cache.
│  │ This may mean StaticArrays [90137ffa-7385-5640-81b9-e52037218182] does not support precompilation but is imported by a module that does.
│  └ @ Base loading.jl:2541
└  
┌ Transducers → TransducersReferenceablesExt
│  ┌ Warning: Module Transducers with build ID ffffffff-ffff-ffff-2970-92427bef8d30 is missing from the cache.
│  │ This may mean Transducers [28d57a85-8fef-5791-bfe6-a80928e7c999] does not support precompilation but is imported by a module that does.
│  └ @ Base loading.jl:2541
└  
┌ Transducers → TransducersAdaptExt
│  ┌ Warning: Module Transducers with build ID ffffffff-ffff-ffff-2970-92427bef8d30 is missing from the cache.
│  │ This may mean Transducers [28d57a85-8fef-5791-bfe6-a80928e7c999] does not support precompilation but is imported by a module that does.
│  └ @ Base loading.jl:2541
└  
┌ Transducers
│  ┌ Warning: Module Accessors with build ID ffffffff-ffff-ffff-c8c9-298a8295017e is missing from the cache.
│  │ This may mean Accessors [7d9f7c33-5ae7-4f3b-8dc6-eff91059b697] does not support precompilation but is imported by a module that does.
│  └ @ Base loading.jl:2541
└  
┌ ArrayLayouts → ArrayLayoutsSparseArraysExt
│  ┌ Warning: Module StaticArrays with build ID fafbfcfd-4e63-5a4a-041b-0fcde6ae7270 is missing from the cache.
│  │ This may mean StaticArrays [90137ffa-7385-5640-81b9-e52037218182] does not support precompilation but is imported by a module that does.
│  └ @ Base loading.jl:2541
└  
┌ MicroCollections
│  ┌ Warning: Module Accessors with build ID ffffffff-ffff-ffff-c8c9-298a8295017e is missing from the cache.
│  │ This may mean Accessors [7d9f7c33-5ae7-4f3b-8dc6-eff91059b697] does not support precompilation but is imported by a module that does.
│  └ @ Base loading.jl:2541
└  
┌ NDTensors
│  ┌ Warning: Module Adapt with build ID fafbfcfd-87ad-3643-8fca-5e100ecc07a5 is missing from the cache.
│  │ This may mean Adapt [79e6a3ab-5dfb-504d-930d-738a2a938a0e] does not support precompilation but is imported by a module that does.
│  └ @ Base loading.jl:2541
└  
┌ Accessors → LinearAlgebraExt
│  ┌ Warning: Module Accessors with build ID ffffffff-ffff-ffff-c8c9-298a8295017e is missing from the cache.
│  │ This may mean Accessors [7d9f7c33-5ae7-4f3b-8dc6-eff91059b697] does not support precompilation but is imported by a module that does.
│  └ @ Base loading.jl:2541
└  
┌ ITensors
│  ┌ Warning: Module Adapt with build ID fafbfcfd-87ad-3643-8fca-5e100ecc07a5 is missing from the cache.
│  │ This may mean Adapt [79e6a3ab-5dfb-504d-930d-738a2a938a0e] does not support precompilation but is imported by a module that does.
│  └ @ Base loading.jl:2541
└  
┌ ITensorMPS → ITensorMPSChainRulesCoreExt
│  ┌ Warning: Module ITensors with build ID ffffffff-ffff-ffff-01b0-33b8c820beb0 is missing from the cache.
│  │ This may mean ITensors [9136182c-28ba-11e9-034c-db9fb085ebd5] does not support precompilation but is imported by a module that does.
│  └ @ Base loading.jl:2541
└  
┌ Adapt → AdaptStaticArraysExt
│  ┌ Warning: Module Adapt with build ID fafbfcfd-87ad-3643-8fca-5e100ecc07a5 is missing from the cache.
│  │ This may mean Adapt [79e6a3ab-5dfb-504d-930d-738a2a938a0e] does not support precompilation but is imported by a module that does.
│  └ @ Base loading.jl:2541
└  
┌ Accessors
│  ┌ Warning: Module MacroTools with build ID fafbfcfd-2c27-bb02-054c-118aa2fe2032 is missing from the cache.
│  │ This may mean MacroTools [1914dd2f-81c6-5fcd-8719-6d5c9610ff09] does not support precompilation but is imported by a module that does.
│  └ @ Base loading.jl:2541
└  
┌ ArrayInterface → ArrayInterfaceStaticArraysCoreExt
│  ┌ Warning: Module StaticArraysCore with build ID fafbfcfd-b8b6-5eff-3394-be8cccf96dc7 is missing from the cache.
│  │ This may mean StaticArraysCore [1e83bf80-4336-4d27-bf5d-d5a4f845583c] does not support precompilation but is imported by a module that does.
│  └ @ Base loading.jl:2541
└  
┌ TypeParameterAccessors → TypeParameterAccessorsFillArraysExt
│  ┌ Warning: Module TypeParameterAccessors with build ID ffffffff-ffff-ffff-fc39-69f2844af952 is missing from the cache.
│  │ This may mean TypeParameterAccessors [7e5a90cf-f82e-492e-a09b-e3e26432c138] does not support precompilation but is imported by a module that does.
│  └ @ Base loading.jl:2541
└  
┌ StaticArrays → StaticArraysChainRulesCoreExt
│  ┌ Warning: Module StaticArrays with build ID fafbfcfd-4e63-5a4a-041b-0fcde6ae7270 is missing from the cache.
│  │ This may mean StaticArrays [90137ffa-7385-5640-81b9-e52037218182] does not support precompilation but is imported by a module that does.
│  └ @ Base loading.jl:2541
└  
┌ BlockArrays
│  ┌ Warning: Module StaticArrays with build ID fafbfcfd-4e63-5a4a-041b-0fcde6ae7270 is missing from the cache.
│  │ This may mean StaticArrays [90137ffa-7385-5640-81b9-e52037218182] does not support precompilation but is imported by a module that does.
│  └ @ Base loading.jl:2541
└  
┌ SimpleTraits
│  ┌ Warning: Module MacroTools with build ID fafbfcfd-2c27-bb02-054c-118aa2fe2032 is missing from the cache.
│  │ This may mean MacroTools [1914dd2f-81c6-5fcd-8719-6d5c9610ff09] does not support precompilation but is imported by a module that does.
│  └ @ Base loading.jl:2541
└  
┌ TypeParameterAccessors
│  ┌ Warning: Module SimpleTraits with build ID ffffffff-ffff-ffff-eb45-8d6bdec4f706 is missing from the cache.
│  │ This may mean SimpleTraits [699a6c99-e7fa-54fc-8d76-47d257e15c1d] does not support precompilation but is imported by a module that does.
│  └ @ Base loading.jl:2541
└  
┌ Transducers → TransducersBlockArraysExt
│  ┌ Warning: Module Transducers with build ID ffffffff-ffff-ffff-2970-92427bef8d30 is missing from the cache.
│  │ This may mean Transducers [28d57a85-8fef-5791-bfe6-a80928e7c999] does not support precompilation but is imported by a module that does.
│  └ @ Base loading.jl:2541
└  
┌ ITensorMPS
│  [Output was shown above]
└  
┌ Setfield
│  ┌ Warning: Module MacroTools with build ID fafbfcfd-2c27-bb02-054c-118aa2fe2032 is missing from the cache.
│  │ This may mean MacroTools [1914dd2f-81c6-5fcd-8719-6d5c9610ff09] does not support precompilation but is imported by a module that does.
│  └ @ Base loading.jl:2541
└  
┌ ConstructionBase → ConstructionBaseStaticArraysExt
│  ┌ Warning: Module ConstructionBase with build ID fafbfcfd-d402-60df-f6d3-9863f53b343a is missing from the cache.
│  │ This may mean ConstructionBase [187b0558-2788-49d3-abe0-74a17ed4e7c9] does not support precompilation but is imported by a module that does.
│  └ @ Base loading.jl:2541
└  
┌ BlockArrays → BlockArraysAdaptExt
│  ┌ Warning: Module Adapt with build ID fafbfcfd-87ad-3643-8fca-5e100ecc07a5 is missing from the cache.
│  │ This may mean Adapt [79e6a3ab-5dfb-504d-930d-738a2a938a0e] does not support precompilation but is imported by a module that does.
│  └ @ Base loading.jl:2541
└  
┌ Accessors → StaticArraysExt
│  ┌ Warning: Module StaticArrays with build ID fafbfcfd-4e63-5a4a-041b-0fcde6ae7270 is missing from the cache.
│  │ This may mean StaticArrays [90137ffa-7385-5640-81b9-e52037218182] does not support precompilation but is imported by a module that does.
│  └ @ Base loading.jl:2541
└  
┌ Accessors → TestExt
│  ┌ Warning: Module Accessors with build ID ffffffff-ffff-ffff-c8c9-298a8295017e is missing from the cache.
│  │ This may mean Accessors [7d9f7c33-5ae7-4f3b-8dc6-eff91059b697] does not support precompilation but is imported by a module that does.
│  └ @ Base loading.jl:2541
└  
┌ BangBang
│  ┌ Warning: Module ConstructionBase with build ID fafbfcfd-d402-60df-f6d3-9863f53b343a is missing from the cache.
│  │ This may mean ConstructionBase [187b0558-2788-49d3-abe0-74a17ed4e7c9] does not support precompilation but is imported by a module that does.
│  └ @ Base loading.jl:2541
└  
┌ StaticArrayInterface → StaticArrayInterfaceStaticArraysExt
│  ┌ Warning: Module PrecompileTools with build ID fafbfcfd-a5cd-7402-e065-183a07a321b0 is missing from the cache.
│  │ This may mean PrecompileTools [aea7be01-6a6a-4083-8856-8a6e6704d82a] does not support precompilation but is imported by a module that does.
│  └ @ Base loading.jl:2541
└  
┌ BangBang → BangBangChainRulesCoreExt
│  ┌ Warning: Module BangBang with build ID ffffffff-ffff-ffff-d18a-8ba45d40f933 is missing from the cache.
│  │ This may mean BangBang [198e06fe-97b7-11e9-32a5-e1d131e6ad66] does not support precompilation but is imported by a module that does.
│  └ @ Base loading.jl:2541
└  
Precompiling ITensorsVectorInterfaceExt...
    383.1 ms  ✓ PackageExtensionCompat
    452.7 ms  ✓ ExprTools
    434.4 ms  ✓ CompositionsBase
    524.2 ms  ✓ InverseFunctions
    439.3 ms  ✓ Indexing
    526.0 ms  ✓ ConstructionBase
    447.7 ms  ✓ StaticArraysCore
    481.9 ms  ✓ TupleTools
    731.9 ms  ✓ Preferences
    935.9 ms  ✓ InitialValues
    692.4 ms  ? TimerOutputs
    793.0 ms  ? StridedViews
    706.5 ms  ? ArrayInterface → ArrayInterfaceStaticArraysCoreExt
    711.3 ms  ? StaticArrays → StaticArraysChainRulesCoreExt
    702.4 ms  ? Adapt → AdaptStaticArraysExt
    695.7 ms  ? ConstructionBase → ConstructionBaseStaticArraysExt
    773.7 ms  ? ArrayLayouts
    682.3 ms  ? Strided
    957.7 ms  ? StaticArrayInterface → StaticArrayInterfaceStaticArraysExt
   2040.2 ms  ✓ MacroTools
    945.4 ms  ? BlockArrays
    671.2 ms  ? SimpleTraits
    677.0 ms  ? Setfield
    683.3 ms  ? Accessors
    711.7 ms  ? BlockArrays → BlockArraysAdaptExt
    685.6 ms  ? TypeParameterAccessors
    TypeParameterAccessorsStridedViewsExt Being precompiled by another machine (hostname: be-amd01, pid: 1260264, pidfile: /home/zoel_ml/.julia/compiled/v1.11/TypeParameterAccessorsStridedViewsExt/HFgBA_BPjBk.ji.pidfile)
    695.8 ms  ? SplittablesBase
    687.1 ms  ? Accessors → LinearAlgebraExt
    681.8 ms  ? Accessors → TestExt
    692.9 ms  ? Accessors → StaticArraysExt
    648.5 ms  ? TypeParameterAccessors → TypeParameterAccessorsFillArraysExt
    693.3 ms  ? BangBang
    681.9 ms  ? BangBang → BangBangChainRulesCoreExt
    675.2 ms  ? BangBang → BangBangStaticArraysExt
    686.0 ms  ? BangBang → BangBangTablesExt
    712.8 ms  ? MicroCollections
    619.1 ms  ? Transducers
    662.2 ms  ? Transducers → TransducersBlockArraysExt
    656.2 ms  ? Transducers → TransducersAdaptExt
    679.8 ms  ? Transducers → TransducersReferenceablesExt
    622.0 ms  ? Folds
  11047.7 ms  ? ArrayLayouts → ArrayLayoutsSparseArraysExt
  10685.0 ms  ✓ TypeParameterAccessors → TypeParameterAccessorsStridedViewsExt
    628.1 ms  ? NDTensors
    661.8 ms  ? ITensors
Info Given ITensorsVectorInterfaceExt was explicitly requested, output will be shown live [0K
[0K┌ Warning: Module ITensors with build ID ffffffff-ffff-ffff-01b0-33b8c820beb0 is missing from the cache.
[0K│ This may mean ITensors [9136182c-28ba-11e9-034c-db9fb085ebd5] does not support precompilation but is imported by a module that does.
[0K└ @ Base loading.jl:2541
    667.4 ms  ? ITensors → ITensorsVectorInterfaceExt
  12 dependencies successfully precompiled in 16 seconds. 76 already precompiled.
  37 dependencies precompiled but different versions are currently loaded. Restart julia to access the new versions. Otherwise, loading dependents of these packages may trigger further precompilation to work with the unexpected versions.
  34 dependencies failed but may be precompilable after restarting julia
  35 dependencies had output during precompilation:
┌ Folds
│  ┌ Warning: Module Transducers with build ID ffffffff-ffff-ffff-2970-92427bef8d30 is missing from the cache.
│  │ This may mean Transducers [28d57a85-8fef-5791-bfe6-a80928e7c999] does not support precompilation but is imported by a module that does.
│  └ @ Base loading.jl:2541
└  
┌ SplittablesBase
│  ┌ Warning: Module Setfield with build ID ffffffff-ffff-ffff-ee4b-12cdcb1e8791 is missing from the cache.
│  │ This may mean Setfield [efcf1570-3423-57d1-acb7-fd33fddbac46] does not support precompilation but is imported by a module that does.
│  └ @ Base loading.jl:2541
└  
┌ BangBang → BangBangStaticArraysExt
│  ┌ Warning: Module BangBang with build ID ffffffff-ffff-ffff-d18a-8ba45d40f933 is missing from the cache.
│  │ This may mean BangBang [198e06fe-97b7-11e9-32a5-e1d131e6ad66] does not support precompilation but is imported by a module that does.
│  └ @ Base loading.jl:2541
└  
┌ Strided
│  ┌ Warning: Module TupleTools with build ID fafbfcfd-804e-565b-3c52-1e68d8bf2755 is missing from the cache.
│  │ This may mean TupleTools [9d95972d-f1c8-5527-a6e0-b4b365fa01f6] does not support precompilation but is imported by a module that does.
│  └ @ Base loading.jl:2541
└  
┌ BangBang → BangBangTablesExt
│  ┌ Warning: Module BangBang with build ID ffffffff-ffff-ffff-d18a-8ba45d40f933 is missing from the cache.
│  │ This may mean BangBang [198e06fe-97b7-11e9-32a5-e1d131e6ad66] does not support precompilation but is imported by a module that does.
│  └ @ Base loading.jl:2541
└  
┌ TypeParameterAccessors → TypeParameterAccessorsStridedViewsExt
│  ┌ Warning: Module StridedViews with build ID fafbfcfd-190a-2359-c9b0-78c09bb4fd35 is missing from the cache.
│  │ This may mean StridedViews [4db3bf67-4bd7-4b4e-b153-31dc3fb37143] does not support precompilation but is imported by a module that does.
│  └ @ Base loading.jl:2541
└  
┌ ITensors → ITensorsVectorInterfaceExt
│  [Output was shown above]
└  
┌ ArrayLayouts
│  ┌ Warning: Module StaticArrays with build ID fafbfcfd-4e63-5a4a-041b-0fcde6ae7270 is missing from the cache.
│  │ This may mean StaticArrays [90137ffa-7385-5640-81b9-e52037218182] does not support precompilation but is imported by a module that does.
│  └ @ Base loading.jl:2541
└  
┌ Transducers → TransducersReferenceablesExt
│  ┌ Warning: Module Transducers with build ID ffffffff-ffff-ffff-2970-92427bef8d30 is missing from the cache.
│  │ This may mean Transducers [28d57a85-8fef-5791-bfe6-a80928e7c999] does not support precompilation but is imported by a module that does.
│  └ @ Base loading.jl:2541
└  
┌ Transducers → TransducersAdaptExt
│  ┌ Warning: Module Transducers with build ID ffffffff-ffff-ffff-2970-92427bef8d30 is missing from the cache.
│  │ This may mean Transducers [28d57a85-8fef-5791-bfe6-a80928e7c999] does not support precompilation but is imported by a module that does.
│  └ @ Base loading.jl:2541
└  
┌ Transducers
│  ┌ Warning: Module Accessors with build ID ffffffff-ffff-ffff-c8c9-298a8295017e is missing from the cache.
│  │ This may mean Accessors [7d9f7c33-5ae7-4f3b-8dc6-eff91059b697] does not support precompilation but is imported by a module that does.
│  └ @ Base loading.jl:2541
└  
┌ ArrayLayouts → ArrayLayoutsSparseArraysExt
│  ┌ Warning: Module StaticArrays with build ID fafbfcfd-4e63-5a4a-041b-0fcde6ae7270 is missing from the cache.
│  │ This may mean StaticArrays [90137ffa-7385-5640-81b9-e52037218182] does not support precompilation but is imported by a module that does.
│  └ @ Base loading.jl:2541
└  
┌ MicroCollections
│  ┌ Warning: Module Accessors with build ID ffffffff-ffff-ffff-c8c9-298a8295017e is missing from the cache.
│  │ This may mean Accessors [7d9f7c33-5ae7-4f3b-8dc6-eff91059b697] does not support precompilation but is imported by a module that does.
│  └ @ Base loading.jl:2541
└  
┌ NDTensors
│  ┌ Warning: Module Adapt with build ID fafbfcfd-87ad-3643-8fca-5e100ecc07a5 is missing from the cache.
│  │ This may mean Adapt [79e6a3ab-5dfb-504d-930d-738a2a938a0e] does not support precompilation but is imported by a module that does.
│  └ @ Base loading.jl:2541
└  
┌ Accessors → LinearAlgebraExt
│  ┌ Warning: Module Accessors with build ID ffffffff-ffff-ffff-c8c9-298a8295017e is missing from the cache.
│  │ This may mean Accessors [7d9f7c33-5ae7-4f3b-8dc6-eff91059b697] does not support precompilation but is imported by a module that does.
│  └ @ Base loading.jl:2541
└  
┌ ITensors
│  ┌ Warning: Module Adapt with build ID fafbfcfd-87ad-3643-8fca-5e100ecc07a5 is missing from the cache.
│  │ This may mean Adapt [79e6a3ab-5dfb-504d-930d-738a2a938a0e] does not support precompilation but is imported by a module that does.
│  └ @ Base loading.jl:2541
└  
┌ StridedViews
│  ┌ Warning: Module PackageExtensionCompat with build ID fafbfcfd-194b-f27f-222e-3d09eee82157 is missing from the cache.
│  │ This may mean PackageExtensionCompat [65ce6f38-6b18-4e1d-a461-8949797d7930] does not support precompilation but is imported by a module that does.
│  └ @ Base loading.jl:2541
└  
┌ Adapt → AdaptStaticArraysExt
│  ┌ Warning: Module Adapt with build ID fafbfcfd-87ad-3643-8fca-5e100ecc07a5 is missing from the cache.
│  │ This may mean Adapt [79e6a3ab-5dfb-504d-930d-738a2a938a0e] does not support precompilation but is imported by a module that does.
│  └ @ Base loading.jl:2541
└  
┌ Accessors
│  ┌ Warning: Module MacroTools with build ID fafbfcfd-2c27-bb02-054c-118aa2fe2032 is missing from the cache.
│  │ This may mean MacroTools [1914dd2f-81c6-5fcd-8719-6d5c9610ff09] does not support precompilation but is imported by a module that does.
│  └ @ Base loading.jl:2541
└  
┌ ArrayInterface → ArrayInterfaceStaticArraysCoreExt
│  ┌ Warning: Module StaticArraysCore with build ID fafbfcfd-b8b6-5eff-3394-be8cccf96dc7 is missing from the cache.
│  │ This may mean StaticArraysCore [1e83bf80-4336-4d27-bf5d-d5a4f845583c] does not support precompilation but is imported by a module that does.
│  └ @ Base loading.jl:2541
└  
┌ TypeParameterAccessors → TypeParameterAccessorsFillArraysExt
│  ┌ Warning: Module TypeParameterAccessors with build ID ffffffff-ffff-ffff-fc39-69f2844af952 is missing from the cache.
│  │ This may mean TypeParameterAccessors [7e5a90cf-f82e-492e-a09b-e3e26432c138] does not support precompilation but is imported by a module that does.
│  └ @ Base loading.jl:2541
└  
┌ StaticArrays → StaticArraysChainRulesCoreExt
│  ┌ Warning: Module StaticArrays with build ID fafbfcfd-4e63-5a4a-041b-0fcde6ae7270 is missing from the cache.
│  │ This may mean StaticArrays [90137ffa-7385-5640-81b9-e52037218182] does not support precompilation but is imported by a module that does.
│  └ @ Base loading.jl:2541
└  
┌ BlockArrays
│  ┌ Warning: Module StaticArrays with build ID fafbfcfd-4e63-5a4a-041b-0fcde6ae7270 is missing from the cache.
│  │ This may mean StaticArrays [90137ffa-7385-5640-81b9-e52037218182] does not support precompilation but is imported by a module that does.
│  └ @ Base loading.jl:2541
└  
┌ SimpleTraits
│  ┌ Warning: Module MacroTools with build ID fafbfcfd-2c27-bb02-054c-118aa2fe2032 is missing from the cache.
│  │ This may mean MacroTools [1914dd2f-81c6-5fcd-8719-6d5c9610ff09] does not support precompilation but is imported by a module that does.
│  └ @ Base loading.jl:2541
└  
┌ TypeParameterAccessors
│  ┌ Warning: Module SimpleTraits with build ID ffffffff-ffff-ffff-eb45-8d6bdec4f706 is missing from the cache.
│  │ This may mean SimpleTraits [699a6c99-e7fa-54fc-8d76-47d257e15c1d] does not support precompilation but is imported by a module that does.
│  └ @ Base loading.jl:2541
└  
┌ Transducers → TransducersBlockArraysExt
│  ┌ Warning: Module Transducers with build ID ffffffff-ffff-ffff-2970-92427bef8d30 is missing from the cache.
│  │ This may mean Transducers [28d57a85-8fef-5791-bfe6-a80928e7c999] does not support precompilation but is imported by a module that does.
│  └ @ Base loading.jl:2541
└  
┌ Setfield
│  ┌ Warning: Module MacroTools with build ID fafbfcfd-2c27-bb02-054c-118aa2fe2032 is missing from the cache.
│  │ This may mean MacroTools [1914dd2f-81c6-5fcd-8719-6d5c9610ff09] does not support precompilation but is imported by a module that does.
│  └ @ Base loading.jl:2541
└  
┌ ConstructionBase → ConstructionBaseStaticArraysExt
│  ┌ Warning: Module ConstructionBase with build ID fafbfcfd-d402-60df-f6d3-9863f53b343a is missing from the cache.
│  │ This may mean ConstructionBase [187b0558-2788-49d3-abe0-74a17ed4e7c9] does not support precompilation but is imported by a module that does.
│  └ @ Base loading.jl:2541
└  
┌ BlockArrays → BlockArraysAdaptExt
│  ┌ Warning: Module Adapt with build ID fafbfcfd-87ad-3643-8fca-5e100ecc07a5 is missing from the cache.
│  │ This may mean Adapt [79e6a3ab-5dfb-504d-930d-738a2a938a0e] does not support precompilation but is imported by a module that does.
│  └ @ Base loading.jl:2541
└  
┌ Accessors → StaticArraysExt
│  ┌ Warning: Module StaticArrays with build ID fafbfcfd-4e63-5a4a-041b-0fcde6ae7270 is missing from the cache.
│  │ This may mean StaticArrays [90137ffa-7385-5640-81b9-e52037218182] does not support precompilation but is imported by a module that does.
│  └ @ Base loading.jl:2541
└  
┌ TimerOutputs
│  ┌ Warning: Module ExprTools with build ID fafbfcfd-9233-b7c3-b29f-07140f150da7 is missing from the cache.
│  │ This may mean ExprTools [e2ba6199-217a-4e67-a87a-7c52f15ade04] does not support precompilation but is imported by a module that does.
│  └ @ Base loading.jl:2541
└  
┌ Accessors → TestExt
│  ┌ Warning: Module Accessors with build ID ffffffff-ffff-ffff-c8c9-298a8295017e is missing from the cache.
│  │ This may mean Accessors [7d9f7c33-5ae7-4f3b-8dc6-eff91059b697] does not support precompilation but is imported by a module that does.
│  └ @ Base loading.jl:2541
└  
┌ BangBang
│  ┌ Warning: Module ConstructionBase with build ID fafbfcfd-d402-60df-f6d3-9863f53b343a is missing from the cache.
│  │ This may mean ConstructionBase [187b0558-2788-49d3-abe0-74a17ed4e7c9] does not support precompilation but is imported by a module that does.
│  └ @ Base loading.jl:2541
└  
┌ StaticArrayInterface → StaticArrayInterfaceStaticArraysExt
│  ┌ Warning: Module PrecompileTools with build ID fafbfcfd-a5cd-7402-e065-183a07a321b0 is missing from the cache.
│  │ This may mean PrecompileTools [aea7be01-6a6a-4083-8856-8a6e6704d82a] does not support precompilation but is imported by a module that does.
│  └ @ Base loading.jl:2541
└  
┌ BangBang → BangBangChainRulesCoreExt
│  ┌ Warning: Module BangBang with build ID ffffffff-ffff-ffff-d18a-8ba45d40f933 is missing from the cache.
│  │ This may mean BangBang [198e06fe-97b7-11e9-32a5-e1d131e6ad66] does not support precompilation but is imported by a module that does.
│  └ @ Base loading.jl:2541
└  
Precompiling ITensorMPSChainRulesCoreExt...
    979.2 ms  ✓ PackageExtensionCompat
    878.7 ms  ✓ CompositionsBase
    499.8 ms  ✓ SerializedElementArrays
   1072.5 ms  ✓ ConstructionBase
   1232.2 ms  ✓ InverseFunctions
    553.2 ms  ✓ Requires
   1274.3 ms  ? TimerOutputs
    543.8 ms  ✓ Zeros
    614.2 ms  ✓ Compat
   1107.7 ms  ✓ InitialValues
    469.6 ms  ✓ Adapt
    756.7 ms  ? ArrayLayouts
    697.2 ms  ? ConstructionBase → ConstructionBaseStaticArraysExt
    789.0 ms  ? StridedViews
    736.5 ms  ? StaticArrays → StaticArraysChainRulesCoreExt
    697.7 ms  ? Adapt → AdaptStaticArraysExt
    703.7 ms  ? ArrayInterface → ArrayInterfaceStaticArraysCoreExt
    685.2 ms  ? Strided
   2486.5 ms  ✓ MacroTools
    961.6 ms  ? StaticArrayInterface → StaticArrayInterfaceStaticArraysExt
   1003.2 ms  ? ArrayLayouts → ArrayLayoutsSparseArraysExt
    650.7 ms  ? SimpleTraits
    657.8 ms  ? Setfield
    653.7 ms  ? Accessors
    674.1 ms  ? TypeParameterAccessors
    682.8 ms  ? SplittablesBase
    681.7 ms  ? Accessors → TestExt
    694.0 ms  ? Accessors → LinearAlgebraExt
    705.6 ms  ? Accessors → StaticArraysExt
    664.3 ms  ? TypeParameterAccessors → TypeParameterAccessorsFillArraysExt
    662.0 ms  ? TypeParameterAccessors → TypeParameterAccessorsStridedViewsExt
    659.3 ms  ? BangBang
    680.5 ms  ? BangBang → BangBangTablesExt
    689.5 ms  ? BangBang → BangBangStaticArraysExt
    714.2 ms  ? BangBang → BangBangChainRulesCoreExt
    707.6 ms  ? MicroCollections
    622.7 ms  ? Transducers
    650.9 ms  ? Transducers → TransducersAdaptExt
    672.1 ms  ? Transducers → TransducersReferenceablesExt
    622.4 ms  ? Folds
  11274.4 ms  ? BlockArrays
    673.8 ms  ? BlockArrays → BlockArraysAdaptExt
    666.7 ms  ? Transducers → TransducersBlockArraysExt
    646.8 ms  ? NDTensors
    626.4 ms  ? ITensors
    621.7 ms  ? ITensors → ITensorsVectorInterfaceExt
    655.1 ms  ? ITensorMPS
Info Given ITensorMPSChainRulesCoreExt was explicitly requested, output will be shown live [0K
[0K┌ Warning: Module ChainRulesCore with build ID fafbfcfd-776f-0a81-cb0f-5a36f85485a5 is missing from the cache.
[0K│ This may mean ChainRulesCore [d360d2e6-b24c-11e9-a2a3-2a2ae2dbcce4] does not support precompilation but is imported by a module that does.
[0K└ @ Base loading.jl:2541
    640.2 ms  ? ITensorMPS → ITensorMPSChainRulesCoreExt
┌ Warning: Module ChainRulesCore with build ID fafbfcfd-776f-0a81-cb0f-5a36f85485a5 is missing from the cache.
│ This may mean ChainRulesCore [d360d2e6-b24c-11e9-a2a3-2a2ae2dbcce4] does not support precompilation but is imported by a module that does.
└ @ Base loading.jl:2541
  11 dependencies successfully precompiled in 17 seconds. 78 already precompiled.
  39 dependencies precompiled but different versions are currently loaded. Restart julia to access the new versions. Otherwise, loading dependents of these packages may trigger further precompilation to work with the unexpected versions.
  37 dependencies failed but may be precompilable after restarting julia
  37 dependencies had output during precompilation:
┌ Folds
│  ┌ Warning: Module Transducers with build ID ffffffff-ffff-ffff-2970-92427bef8d30 is missing from the cache.
│  │ This may mean Transducers [28d57a85-8fef-5791-bfe6-a80928e7c999] does not support precompilation but is imported by a module that does.
│  └ @ Base loading.jl:2541
└  
┌ SplittablesBase
│  ┌ Warning: Module Setfield with build ID ffffffff-ffff-ffff-ee4b-12cdcb1e8791 is missing from the cache.
│  │ This may mean Setfield [efcf1570-3423-57d1-acb7-fd33fddbac46] does not support precompilation but is imported by a module that does.
│  └ @ Base loading.jl:2541
└  
┌ TypeParameterAccessors → TypeParameterAccessorsStridedViewsExt
│  ┌ Warning: Module StridedViews with build ID fafbfcfd-190a-2359-c9b0-78c09bb4fd35 is missing from the cache.
│  │ This may mean StridedViews [4db3bf67-4bd7-4b4e-b153-31dc3fb37143] does not support precompilation but is imported by a module that does.
│  └ @ Base loading.jl:2541
└  
┌ Strided
│  ┌ Warning: Module TupleTools with build ID fafbfcfd-804e-565b-3c52-1e68d8bf2755 is missing from the cache.
│  │ This may mean TupleTools [9d95972d-f1c8-5527-a6e0-b4b365fa01f6] does not support precompilation but is imported by a module that does.
│  └ @ Base loading.jl:2541
└  
┌ BangBang → BangBangTablesExt
│  ┌ Warning: Module BangBang with build ID ffffffff-ffff-ffff-d18a-8ba45d40f933 is missing from the cache.
│  │ This may mean BangBang [198e06fe-97b7-11e9-32a5-e1d131e6ad66] does not support precompilation but is imported by a module that does.
│  └ @ Base loading.jl:2541
└  
┌ BangBang → BangBangStaticArraysExt
│  ┌ Warning: Module BangBang with build ID ffffffff-ffff-ffff-d18a-8ba45d40f933 is missing from the cache.
│  │ This may mean BangBang [198e06fe-97b7-11e9-32a5-e1d131e6ad66] does not support precompilation but is imported by a module that does.
│  └ @ Base loading.jl:2541
└  
┌ ITensors → ITensorsVectorInterfaceExt
│  ┌ Warning: Module ITensors with build ID ffffffff-ffff-ffff-01b0-33b8c820beb0 is missing from the cache.
│  │ This may mean ITensors [9136182c-28ba-11e9-034c-db9fb085ebd5] does not support precompilation but is imported by a module that does.
│  └ @ Base loading.jl:2541
└  
┌ ArrayLayouts
│  ┌ Warning: Module StaticArrays with build ID fafbfcfd-4e63-5a4a-041b-0fcde6ae7270 is missing from the cache.
│  │ This may mean StaticArrays [90137ffa-7385-5640-81b9-e52037218182] does not support precompilation but is imported by a module that does.
│  └ @ Base loading.jl:2541
└  
┌ Transducers → TransducersReferenceablesExt
│  ┌ Warning: Module Transducers with build ID ffffffff-ffff-ffff-2970-92427bef8d30 is missing from the cache.
│  │ This may mean Transducers [28d57a85-8fef-5791-bfe6-a80928e7c999] does not support precompilation but is imported by a module that does.
│  └ @ Base loading.jl:2541
└  
┌ Transducers → TransducersAdaptExt
│  ┌ Warning: Module Transducers with build ID ffffffff-ffff-ffff-2970-92427bef8d30 is missing from the cache.
│  │ This may mean Transducers [28d57a85-8fef-5791-bfe6-a80928e7c999] does not support precompilation but is imported by a module that does.
│  └ @ Base loading.jl:2541
└  
┌ Transducers
│  ┌ Warning: Module Accessors with build ID ffffffff-ffff-ffff-c8c9-298a8295017e is missing from the cache.
│  │ This may mean Accessors [7d9f7c33-5ae7-4f3b-8dc6-eff91059b697] does not support precompilation but is imported by a module that does.
│  └ @ Base loading.jl:2541
└  
┌ ArrayLayouts → ArrayLayoutsSparseArraysExt
│  ┌ Warning: Module StaticArrays with build ID fafbfcfd-4e63-5a4a-041b-0fcde6ae7270 is missing from the cache.
│  │ This may mean StaticArrays [90137ffa-7385-5640-81b9-e52037218182] does not support precompilation but is imported by a module that does.
│  └ @ Base loading.jl:2541
└  
┌ MicroCollections
│  ┌ Warning: Module Accessors with build ID ffffffff-ffff-ffff-c8c9-298a8295017e is missing from the cache.
│  │ This may mean Accessors [7d9f7c33-5ae7-4f3b-8dc6-eff91059b697] does not support precompilation but is imported by a module that does.
│  └ @ Base loading.jl:2541
└  
┌ NDTensors
│  ┌ Warning: Module Adapt with build ID fafbfcfd-87ad-3643-8fca-5e100ecc07a5 is missing from the cache.
│  │ This may mean Adapt [79e6a3ab-5dfb-504d-930d-738a2a938a0e] does not support precompilation but is imported by a module that does.
│  └ @ Base loading.jl:2541
└  
┌ Accessors → LinearAlgebraExt
│  ┌ Warning: Module Accessors with build ID ffffffff-ffff-ffff-c8c9-298a8295017e is missing from the cache.
│  │ This may mean Accessors [7d9f7c33-5ae7-4f3b-8dc6-eff91059b697] does not support precompilation but is imported by a module that does.
│  └ @ Base loading.jl:2541
└  
┌ ITensors
│  ┌ Warning: Module Adapt with build ID fafbfcfd-87ad-3643-8fca-5e100ecc07a5 is missing from the cache.
│  │ This may mean Adapt [79e6a3ab-5dfb-504d-930d-738a2a938a0e] does not support precompilation but is imported by a module that does.
│  └ @ Base loading.jl:2541
└  
┌ ITensorMPS → ITensorMPSChainRulesCoreExt
│  [Output was shown above]
└  
┌ StridedViews
│  ┌ Warning: Module PackageExtensionCompat with build ID fafbfcfd-194b-f27f-222e-3d09eee82157 is missing from the cache.
│  │ This may mean PackageExtensionCompat [65ce6f38-6b18-4e1d-a461-8949797d7930] does not support precompilation but is imported by a module that does.
│  └ @ Base loading.jl:2541
└  
┌ Adapt → AdaptStaticArraysExt
│  ┌ Warning: Module Adapt with build ID fafbfcfd-87ad-3643-8fca-5e100ecc07a5 is missing from the cache.
│  │ This may mean Adapt [79e6a3ab-5dfb-504d-930d-738a2a938a0e] does not support precompilation but is imported by a module that does.
│  └ @ Base loading.jl:2541
└  
┌ Accessors
│  ┌ Warning: Module MacroTools with build ID fafbfcfd-2c27-bb02-054c-118aa2fe2032 is missing from the cache.
│  │ This may mean MacroTools [1914dd2f-81c6-5fcd-8719-6d5c9610ff09] does not support precompilation but is imported by a module that does.
│  └ @ Base loading.jl:2541
└  
┌ ArrayInterface → ArrayInterfaceStaticArraysCoreExt
│  ┌ Warning: Module StaticArraysCore with build ID fafbfcfd-b8b6-5eff-3394-be8cccf96dc7 is missing from the cache.
│  │ This may mean StaticArraysCore [1e83bf80-4336-4d27-bf5d-d5a4f845583c] does not support precompilation but is imported by a module that does.
│  └ @ Base loading.jl:2541
└  
┌ TypeParameterAccessors → TypeParameterAccessorsFillArraysExt
│  ┌ Warning: Module TypeParameterAccessors with build ID ffffffff-ffff-ffff-fc39-69f2844af952 is missing from the cache.
│  │ This may mean TypeParameterAccessors [7e5a90cf-f82e-492e-a09b-e3e26432c138] does not support precompilation but is imported by a module that does.
│  └ @ Base loading.jl:2541
└  
┌ StaticArrays → StaticArraysChainRulesCoreExt
│  ┌ Warning: Module StaticArrays with build ID fafbfcfd-4e63-5a4a-041b-0fcde6ae7270 is missing from the cache.
│  │ This may mean StaticArrays [90137ffa-7385-5640-81b9-e52037218182] does not support precompilation but is imported by a module that does.
│  └ @ Base loading.jl:2541
└  
┌ BlockArrays
│  ┌ Warning: Module StaticArrays with build ID fafbfcfd-4e63-5a4a-041b-0fcde6ae7270 is missing from the cache.
│  │ This may mean StaticArrays [90137ffa-7385-5640-81b9-e52037218182] does not support precompilation but is imported by a module that does.
│  └ @ Base loading.jl:2541
└  
┌ SimpleTraits
│  ┌ Warning: Module MacroTools with build ID fafbfcfd-2c27-bb02-054c-118aa2fe2032 is missing from the cache.
│  │ This may mean MacroTools [1914dd2f-81c6-5fcd-8719-6d5c9610ff09] does not support precompilation but is imported by a module that does.
│  └ @ Base loading.jl:2541
└  
┌ TypeParameterAccessors
│  ┌ Warning: Module SimpleTraits with build ID ffffffff-ffff-ffff-eb45-8d6bdec4f706 is missing from the cache.
│  │ This may mean SimpleTraits [699a6c99-e7fa-54fc-8d76-47d257e15c1d] does not support precompilation but is imported by a module that does.
│  └ @ Base loading.jl:2541
└  
┌ Transducers → TransducersBlockArraysExt
│  ┌ Warning: Module Transducers with build ID ffffffff-ffff-ffff-2970-92427bef8d30 is missing from the cache.
│  │ This may mean Transducers [28d57a85-8fef-5791-bfe6-a80928e7c999] does not support precompilation but is imported by a module that does.
│  └ @ Base loading.jl:2541
└  
┌ ITensorMPS
│  ┌ Warning: Module ITensors with build ID ffffffff-ffff-ffff-01b0-33b8c820beb0 is missing from the cache.
│  │ This may mean ITensors [9136182c-28ba-11e9-034c-db9fb085ebd5] does not support precompilation but is imported by a module that does.
│  └ @ Base loading.jl:2541
└  
┌ Setfield
│  ┌ Warning: Module MacroTools with build ID fafbfcfd-2c27-bb02-054c-118aa2fe2032 is missing from the cache.
│  │ This may mean MacroTools [1914dd2f-81c6-5fcd-8719-6d5c9610ff09] does not support precompilation but is imported by a module that does.
│  └ @ Base loading.jl:2541
└  
┌ ConstructionBase → ConstructionBaseStaticArraysExt
│  ┌ Warning: Module ConstructionBase with build ID fafbfcfd-d402-60df-f6d3-9863f53b343a is missing from the cache.
│  │ This may mean ConstructionBase [187b0558-2788-49d3-abe0-74a17ed4e7c9] does not support precompilation but is imported by a module that does.
│  └ @ Base loading.jl:2541
└  
┌ BlockArrays → BlockArraysAdaptExt
│  ┌ Warning: Module Adapt with build ID fafbfcfd-87ad-3643-8fca-5e100ecc07a5 is missing from the cache.
│  │ This may mean Adapt [79e6a3ab-5dfb-504d-930d-738a2a938a0e] does not support precompilation but is imported by a module that does.
│  └ @ Base loading.jl:2541
└  
┌ Accessors → StaticArraysExt
│  ┌ Warning: Module StaticArrays with build ID fafbfcfd-4e63-5a4a-041b-0fcde6ae7270 is missing from the cache.
│  │ This may mean StaticArrays [90137ffa-7385-5640-81b9-e52037218182] does not support precompilation but is imported by a module that does.
│  └ @ Base loading.jl:2541
└  
┌ TimerOutputs
│  ┌ Warning: Module ExprTools with build ID fafbfcfd-9233-b7c3-b29f-07140f150da7 is missing from the cache.
│  │ This may mean ExprTools [e2ba6199-217a-4e67-a87a-7c52f15ade04] does not support precompilation but is imported by a module that does.
│  └ @ Base loading.jl:2541
└  
┌ Accessors → TestExt
│  ┌ Warning: Module Accessors with build ID ffffffff-ffff-ffff-c8c9-298a8295017e is missing from the cache.
│  │ This may mean Accessors [7d9f7c33-5ae7-4f3b-8dc6-eff91059b697] does not support precompilation but is imported by a module that does.
│  └ @ Base loading.jl:2541
└  
┌ BangBang
│  ┌ Warning: Module ConstructionBase with build ID fafbfcfd-d402-60df-f6d3-9863f53b343a is missing from the cache.
│  │ This may mean ConstructionBase [187b0558-2788-49d3-abe0-74a17ed4e7c9] does not support precompilation but is imported by a module that does.
│  └ @ Base loading.jl:2541
└  
┌ StaticArrayInterface → StaticArrayInterfaceStaticArraysExt
│  ┌ Warning: Module PrecompileTools with build ID fafbfcfd-a5cd-7402-e065-183a07a321b0 is missing from the cache.
│  │ This may mean PrecompileTools [aea7be01-6a6a-4083-8856-8a6e6704d82a] does not support precompilation but is imported by a module that does.
│  └ @ Base loading.jl:2541
└  
┌ BangBang → BangBangChainRulesCoreExt
│  ┌ Warning: Module BangBang with build ID ffffffff-ffff-ffff-d18a-8ba45d40f933 is missing from the cache.
│  │ This may mean BangBang [198e06fe-97b7-11e9-32a5-e1d131e6ad66] does not support precompilation but is imported by a module that does.
│  └ @ Base loading.jl:2541
└  
Generating random tensor of size 2^27
Number of threads: 64
rand wtime:   0.896755 seconds (119.85 k allocations: 1.006 GiB, 0.96% gc time, 12.89% compilation time)
calculate TT-SVD of rank 37
tt-svd wtime: 287.347138 seconds (401.55 M allocations: 74.808 GiB, 3.52% gc time, 76.88% compilation time)
tt-svd wtime:  65.595338 seconds (15.04 k allocations: 55.417 GiB, 10.52% gc time)
Precompiling ITensors...
    497.1 ms  ✓ DataValueInterfaces
    443.8 ms  ✓ IteratorInterfaceExtensions
    454.0 ms  ✓ IfElse
    427.9 ms  ✓ CommonWorldInvalidations
    545.2 ms  ✓ ExternalDocstrings
    613.0 ms  ✓ DefineSingletons
    485.0 ms  ✓ DataAPI
    530.2 ms  ✓ ExprTools
    562.8 ms  ✓ ConstructionBase
    639.5 ms  ✓ HalfIntegers
    610.8 ms  ✓ InverseFunctions
    851.5 ms  ✓ InlineStrings
    928.4 ms  ✓ OrderedCollections
    873.6 ms  ✓ VectorInterface
    862.1 ms  ✓ DocStringExtensions
    371.8 ms  ✓ PackageExtensionCompat
    417.8 ms  ✓ TableTraits
    404.2 ms  ✓ CompositionsBase
    443.8 ms  ✓ ArgCheck
    470.5 ms  ✓ StaticArraysCore
   1137.3 ms  ✓ FillArrays
    584.0 ms  ✓ TupleTools
    688.5 ms  ✓ BitIntegers
    585.8 ms  ✓ ConstructionBase → ConstructionBaseLinearAlgebraExt
    427.8 ms  ✓ Indexing
    531.4 ms  ✓ Requires
    527.7 ms  ✓ Zeros
    500.0 ms  ✓ InverseFunctions → InverseFunctionsDatesExt
    596.5 ms  ✓ Compat
   1007.9 ms  ✓ InitialValues
    516.6 ms  ✓ StridedViews
    756.3 ms  ✓ Preferences
    610.0 ms  ✓ InverseFunctions → InverseFunctionsTestExt
    451.9 ms  ✓ CompositionsBase → CompositionsBaseInverseFunctionsExt
    477.6 ms  ✓ SerializedElementArrays
    844.0 ms  ✓ Tables
    487.5 ms  ✓ Adapt
   1153.8 ms  ✓ Baselet
    449.6 ms  ✓ Compat → CompatLinearAlgebraExt
    663.0 ms  ✓ FillArrays → FillArraysSparseArraysExt
    858.7 ms  ✓ ThreadedScans
    476.2 ms  ✓ PrecompileTools
    635.3 ms  ✓ Strided
    449.1 ms  ✓ Referenceables
   1004.9 ms  ✓ Dictionaries
    581.0 ms  ✓ ArrayInterface
    592.0 ms  ✓ Adapt → AdaptSparseArraysExt
    722.7 ms  ✓ Functors
   2189.5 ms  ✓ MacroTools
    423.9 ms  ✓ ArrayInterface → ArrayInterfaceStaticArraysCoreExt
   2025.0 ms  ✓ TimerOutputs
    853.7 ms  ✓ Static
    633.6 ms  ✓ ArrayInterface → ArrayInterfaceSparseArraysExt
    725.1 ms  ✓ SplitApplyCombine
   1237.0 ms  ✓ ChainRulesCore
    758.6 ms  ✓ SimpleTraits
    439.2 ms  ✓ ArrayInterface → ArrayInterfaceChainRulesCoreExt
    613.0 ms  ✓ ChainRulesCore → ChainRulesCoreSparseArraysExt
   1170.3 ms  ✓ Setfield
   1223.9 ms  ✓ StaticArrayInterface
    946.2 ms  ✓ TypeParameterAccessors
   1872.8 ms  ✓ Accessors
    476.7 ms  ✓ EllipsisNotation
    882.2 ms  ✓ SplittablesBase
    452.5 ms  ✓ TypeParameterAccessors → TypeParameterAccessorsStridedViewsExt
    486.2 ms  ✓ TypeParameterAccessors → TypeParameterAccessorsFillArraysExt
    538.8 ms  ✓ Accessors → LinearAlgebraExt
    598.8 ms  ✓ Accessors → TestExt
    763.7 ms  ✓ BangBang
    548.2 ms  ✓ BangBang → BangBangChainRulesCoreExt
    548.9 ms  ✓ BangBang → BangBangTablesExt
    708.8 ms  ✓ MicroCollections
   6184.9 ms  ✓ StaticArrays
    654.6 ms  ✓ ConstructionBase → ConstructionBaseStaticArraysExt
    665.4 ms  ✓ StaticArrays → StaticArraysChainRulesCoreExt
    628.3 ms  ✓ Adapt → AdaptStaticArraysExt
    682.4 ms  ✓ StaticArrayInterface → StaticArrayInterfaceStaticArraysExt
    725.6 ms  ✓ Accessors → StaticArraysExt
   2407.6 ms  ✓ Transducers
    720.2 ms  ✓ BangBang → BangBangStaticArraysExt
    666.9 ms  ✓ Transducers → TransducersReferenceablesExt
    676.5 ms  ✓ Transducers → TransducersAdaptExt
   2909.0 ms  ✓ Folds
  10846.0 ms  ✓ IsApprox
  11088.7 ms  ✓ ArrayLayouts
   1068.4 ms  ✓ ArrayLayouts → ArrayLayoutsSparseArraysExt
   1776.6 ms  ✓ BlockArrays
   1027.0 ms  ✓ BlockArrays → BlockArraysAdaptExt
   1403.6 ms  ✓ Transducers → TransducersBlockArraysExt
   3345.5 ms  ✓ NDTensors
   5750.8 ms  ✓ ITensors
   2036.5 ms  ✓ ITensors → ITensorsVectorInterfaceExt
  92 dependencies successfully precompiled in 34 seconds. 30 already precompiled.
Precompiling ITensorMPS...
   1517.9 ms  ✓ KrylovKit
    634.2 ms  ✓ KrylovKit → KrylovKitChainRulesCoreExt
   4877.4 ms  ✓ ITensorMPS
   2712.2 ms  ✓ ITensorMPS → ITensorMPSChainRulesCoreExt
  4 dependencies successfully precompiled in 10 seconds. 122 already precompiled.
Generating random tensor of size 2^27
Number of threads: 64
rand wtime:   0.981588 seconds (119.86 k allocations: 1.006 GiB, 14.89% gc time, 11.47% compilation time)
calculate TT-SVD of rank 38
tt-svd wtime: 287.929698 seconds (402.70 M allocations: 75.148 GiB, 3.50% gc time, 76.60% compilation time)
tt-svd wtime:  66.143196 seconds (15.04 k allocations: 55.699 GiB, 10.01% gc time)
Generating random tensor of size 2^27
Number of threads: 64
rand wtime:   0.833783 seconds (119.87 k allocations: 1.006 GiB, 4.67% gc time, 9.93% compilation time)
calculate TT-SVD of rank 39
tt-svd wtime: 287.996873 seconds (402.70 M allocations: 75.430 GiB, 3.42% gc time, 76.16% compilation time)
tt-svd wtime:  67.517578 seconds (15.04 k allocations: 55.980 GiB, 9.99% gc time)
Generating random tensor of size 2^27
Number of threads: 64
rand wtime:   0.827335 seconds (119.87 k allocations: 1.006 GiB, 4.73% gc time, 10.11% compilation time)
calculate TT-SVD of rank 40
tt-svd wtime: 291.231735 seconds (402.70 M allocations: 75.711 GiB, 3.38% gc time, 76.12% compilation time)
tt-svd wtime:  68.806413 seconds (15.04 k allocations: 56.261 GiB, 9.96% gc time)
Precompiling ITensors...
    427.2 ms  ✓ IteratorInterfaceExtensions
    518.0 ms  ✓ DataValueInterfaces
    448.9 ms  ✓ IfElse
    628.6 ms  ✓ DefineSingletons
    581.9 ms  ✓ ExternalDocstrings
    448.4 ms  ✓ CommonWorldInvalidations
    441.4 ms  ✓ DataAPI
    552.2 ms  ✓ ExprTools
    649.0 ms  ✓ HalfIntegers
    626.6 ms  ✓ InverseFunctions
    584.2 ms  ✓ ConstructionBase
    687.9 ms  ✓ VectorInterface
    686.0 ms  ✓ DocStringExtensions
    775.4 ms  ✓ OrderedCollections
    769.6 ms  ✓ InlineStrings
    386.1 ms  ✓ PackageExtensionCompat
    421.5 ms  ✓ TableTraits
    412.4 ms  ✓ CompositionsBase
    451.2 ms  ✓ ArgCheck
    543.0 ms  ✓ Indexing
    526.1 ms  ✓ TupleTools
    512.4 ms  ✓ SerializedElementArrays
   1188.5 ms  ✓ FillArrays
    575.8 ms  ✓ StaticArraysCore
    560.3 ms  ✓ Requires
    545.2 ms  ✓ Zeros
    611.2 ms  ✓ Compat
    599.8 ms  ✓ CompositionsBase → CompositionsBaseInverseFunctionsExt
    920.8 ms  ✓ Preferences
   1141.1 ms  ✓ InitialValues
    611.5 ms  ✓ ConstructionBase → ConstructionBaseLinearAlgebraExt
    761.7 ms  ✓ InverseFunctions → InverseFunctionsDatesExt
    584.1 ms  ✓ StridedViews
    841.5 ms  ✓ BitIntegers
    496.3 ms  ✓ Adapt
   1233.7 ms  ✓ Baselet
    680.0 ms  ✓ InverseFunctions → InverseFunctionsTestExt
    682.3 ms  ✓ FillArrays → FillArraysSparseArraysExt
    978.8 ms  ✓ Tables
    456.9 ms  ✓ Compat → CompatLinearAlgebraExt
    993.6 ms  ✓ ThreadedScans
    742.7 ms  ✓ Referenceables
    934.4 ms  ✓ PrecompileTools
   1423.8 ms  ✓ Dictionaries
    904.1 ms  ✓ Adapt → AdaptSparseArraysExt
    919.0 ms  ✓ Strided
    895.4 ms  ✓ ArrayInterface
   2205.4 ms  ✓ MacroTools
   2065.7 ms  ✓ TimerOutputs
    698.0 ms  ✓ Functors
    408.3 ms  ✓ ArrayInterface → ArrayInterfaceStaticArraysCoreExt
    584.4 ms  ✓ ArrayInterface → ArrayInterfaceSparseArraysExt
    683.6 ms  ✓ SplitApplyCombine
    743.0 ms  ✓ SimpleTraits
    834.2 ms  ✓ Static
   1274.2 ms  ✓ ChainRulesCore
   1286.7 ms  ✓ Setfield
    469.7 ms  ✓ ArrayInterface → ArrayInterfaceChainRulesCoreExt
    735.5 ms  ✓ ChainRulesCore → ChainRulesCoreSparseArraysExt
    959.3 ms  ✓ TypeParameterAccessors
   2046.2 ms  ✓ Accessors
   1337.7 ms  ✓ StaticArrayInterface
    450.7 ms  ✓ TypeParameterAccessors → TypeParameterAccessorsStridedViewsExt
    637.0 ms  ✓ TypeParameterAccessors → TypeParameterAccessorsFillArraysExt
   1047.8 ms  ✓ SplittablesBase
    470.7 ms  ✓ EllipsisNotation
    677.0 ms  ✓ Accessors → LinearAlgebraExt
    694.2 ms  ✓ Accessors → TestExt
    926.4 ms  ✓ BangBang
    668.2 ms  ✓ BangBang → BangBangTablesExt
    678.7 ms  ✓ BangBang → BangBangChainRulesCoreExt
    709.5 ms  ✓ MicroCollections
   6174.7 ms  ✓ StaticArrays
    631.6 ms  ✓ Adapt → AdaptStaticArraysExt
    659.3 ms  ✓ ConstructionBase → ConstructionBaseStaticArraysExt
    815.2 ms  ✓ StaticArrays → StaticArraysChainRulesCoreExt
   1045.2 ms  ✓ Accessors → StaticArraysExt
   2777.8 ms  ✓ Transducers
   1039.7 ms  ✓ StaticArrayInterface → StaticArrayInterfaceStaticArraysExt
   1033.1 ms  ✓ BangBang → BangBangStaticArraysExt
    989.9 ms  ✓ Transducers → TransducersAdaptExt
    980.9 ms  ✓ Transducers → TransducersReferenceablesExt
  10817.5 ms  ✓ IsApprox
   2912.0 ms  ✓ Folds
  11008.4 ms  ✓ ArrayLayouts
   1121.3 ms  ✓ ArrayLayouts → ArrayLayoutsSparseArraysExt
   1844.3 ms  ✓ BlockArrays
   1035.2 ms  ✓ BlockArrays → BlockArraysAdaptExt
   1395.1 ms  ✓ Transducers → TransducersBlockArraysExt
   3514.6 ms  ✓ NDTensors
   6086.1 ms  ✓ ITensors
   2380.4 ms  ✓ ITensors → ITensorsVectorInterfaceExt
  92 dependencies successfully precompiled in 36 seconds. 30 already precompiled.
Precompiling ITensorMPS...
   1640.4 ms  ✓ KrylovKit
    644.2 ms  ✓ KrylovKit → KrylovKitChainRulesCoreExt
   5000.6 ms  ✓ ITensorMPS
   2868.0 ms  ✓ ITensorMPS → ITensorMPSChainRulesCoreExt
  4 dependencies successfully precompiled in 10 seconds. 122 already precompiled.
Generating random tensor of size 2^27
Number of threads: 64
rand wtime:   1.008662 seconds (119.86 k allocations: 1.006 GiB, 14.41% gc time, 11.12% compilation time)
calculate TT-SVD of rank 41
tt-svd wtime: 290.094929 seconds (402.67 M allocations: 75.991 GiB, 3.33% gc time, 75.65% compilation time)
tt-svd wtime:  69.333656 seconds (15.04 k allocations: 56.543 GiB, 9.61% gc time)
Generating random tensor of size 2^27
Number of threads: 64
rand wtime:   0.823204 seconds (119.87 k allocations: 1.006 GiB, 4.72% gc time, 10.04% compilation time)
calculate TT-SVD of rank 42
tt-svd wtime: 290.855460 seconds (402.67 M allocations: 76.272 GiB, 3.49% gc time, 75.57% compilation time)
tt-svd wtime:  70.138425 seconds (15.04 k allocations: 56.824 GiB, 9.77% gc time)
Generating random tensor of size 2^27
Number of threads: 64
rand wtime:   0.822588 seconds (119.87 k allocations: 1.006 GiB, 4.69% gc time, 10.03% compilation time)
calculate TT-SVD of rank 43
tt-svd wtime: 292.015363 seconds (402.67 M allocations: 76.553 GiB, 3.45% gc time, 75.26% compilation time)
tt-svd wtime:  71.433810 seconds (15.04 k allocations: 57.106 GiB, 9.85% gc time)
Precompiling ITensors...
    459.8 ms  ✓ IfElse
    450.6 ms  ✓ IteratorInterfaceExtensions
    537.2 ms  ✓ DataValueInterfaces
    568.3 ms  ✓ ExternalDocstrings
    425.3 ms  ✓ CommonWorldInvalidations
    682.5 ms  ✓ DefineSingletons
    471.2 ms  ✓ DataAPI
    541.6 ms  ✓ ExprTools
    651.3 ms  ✓ HalfIntegers
    624.3 ms  ✓ InverseFunctions
    592.1 ms  ✓ ConstructionBase
    696.1 ms  ✓ VectorInterface
    696.2 ms  ✓ DocStringExtensions
    783.0 ms  ✓ OrderedCollections
    771.5 ms  ✓ InlineStrings
    403.5 ms  ✓ PackageExtensionCompat
    450.5 ms  ✓ ArgCheck
    439.0 ms  ✓ TableTraits
    421.2 ms  ✓ CompositionsBase
    593.9 ms  ✓ StaticArraysCore
    572.8 ms  ✓ TupleTools
    548.1 ms  ✓ SerializedElementArrays
   1232.7 ms  ✓ FillArrays
    541.9 ms  ✓ Requires
    712.8 ms  ✓ BitIntegers
    546.4 ms  ✓ Zeros
    608.2 ms  ✓ Compat
    434.6 ms  ✓ Indexing
    967.4 ms  ✓ InitialValues
    752.0 ms  ✓ Preferences
    788.4 ms  ✓ InverseFunctions → InverseFunctionsDatesExt
    593.1 ms  ✓ ConstructionBase → ConstructionBaseLinearAlgebraExt
    754.5 ms  ✓ StridedViews
    850.6 ms  ✓ Adapt
    782.3 ms  ✓ Compat → CompatLinearAlgebraExt
   1493.4 ms  ✓ Baselet
    880.6 ms  ✓ CompositionsBase → CompositionsBaseInverseFunctionsExt
    994.6 ms  ✓ InverseFunctions → InverseFunctionsTestExt
   1248.4 ms  ✓ ThreadedScans
    977.3 ms  ✓ FillArrays → FillArraysSparseArraysExt
   1064.7 ms  ✓ Tables
    730.1 ms  ✓ PrecompileTools
   1148.5 ms  ✓ Dictionaries
    667.9 ms  ✓ Referenceables
   2342.2 ms  ✓ MacroTools
    734.5 ms  ✓ Strided
    714.9 ms  ✓ Adapt → AdaptSparseArraysExt
    708.4 ms  ✓ ArrayInterface
    712.5 ms  ✓ Functors
   2053.8 ms  ✓ TimerOutputs
    857.6 ms  ✓ Static
    770.9 ms  ✓ SplitApplyCombine
    406.1 ms  ✓ ArrayInterface → ArrayInterfaceStaticArraysCoreExt
    575.5 ms  ✓ ArrayInterface → ArrayInterfaceSparseArraysExt
   1310.4 ms  ✓ ChainRulesCore
    737.6 ms  ✓ SimpleTraits
    445.6 ms  ✓ ArrayInterface → ArrayInterfaceChainRulesCoreExt
   1282.0 ms  ✓ Setfield
    650.7 ms  ✓ ChainRulesCore → ChainRulesCoreSparseArraysExt
   1241.5 ms  ✓ StaticArrayInterface
    956.1 ms  ✓ TypeParameterAccessors
   1919.5 ms  ✓ Accessors
    476.9 ms  ✓ EllipsisNotation
    589.7 ms  ✓ TypeParameterAccessors → TypeParameterAccessorsStridedViewsExt
    622.7 ms  ✓ TypeParameterAccessors → TypeParameterAccessorsFillArraysExt
   1027.8 ms  ✓ SplittablesBase
    537.2 ms  ✓ Accessors → LinearAlgebraExt
    591.2 ms  ✓ Accessors → TestExt
    797.1 ms  ✓ BangBang
    669.7 ms  ✓ BangBang → BangBangChainRulesCoreExt
    662.2 ms  ✓ BangBang → BangBangTablesExt
    712.7 ms  ✓ MicroCollections
   6309.6 ms  ✓ StaticArrays
    647.4 ms  ✓ ConstructionBase → ConstructionBaseStaticArraysExt
    636.6 ms  ✓ Adapt → AdaptStaticArraysExt
    804.2 ms  ✓ StaticArrays → StaticArraysChainRulesCoreExt
    948.7 ms  ✓ StaticArrayInterface → StaticArrayInterfaceStaticArraysExt
    950.4 ms  ✓ Accessors → StaticArraysExt
    941.0 ms  ✓ BangBang → BangBangStaticArraysExt
   2674.6 ms  ✓ Transducers
    681.2 ms  ✓ Transducers → TransducersReferenceablesExt
    697.5 ms  ✓ Transducers → TransducersAdaptExt
   3100.5 ms  ✓ Folds
  10863.2 ms  ✓ IsApprox
  10983.8 ms  ✓ ArrayLayouts
   1103.3 ms  ✓ ArrayLayouts → ArrayLayoutsSparseArraysExt
   1860.0 ms  ✓ BlockArrays
   1039.7 ms  ✓ BlockArrays → BlockArraysAdaptExt
   1391.7 ms  ✓ Transducers → TransducersBlockArraysExt
   3432.5 ms  ✓ NDTensors
   5985.2 ms  ✓ ITensors
   2320.9 ms  ✓ ITensors → ITensorsVectorInterfaceExt
  92 dependencies successfully precompiled in 35 seconds. 30 already precompiled.
Precompiling ITensorMPS...
   1647.7 ms  ✓ KrylovKit
    759.6 ms  ✓ KrylovKit → KrylovKitChainRulesCoreExt
   5049.2 ms  ✓ ITensorMPS
   2803.2 ms  ✓ ITensorMPS → ITensorMPSChainRulesCoreExt
  4 dependencies successfully precompiled in 10 seconds. 122 already precompiled.
Generating random tensor of size 2^27
Number of threads: 64
rand wtime:   1.034768 seconds (119.86 k allocations: 1.006 GiB, 16.53% gc time, 10.92% compilation time)
calculate TT-SVD of rank 44
tt-svd wtime: 293.955282 seconds (402.66 M allocations: 76.835 GiB, 3.41% gc time, 75.08% compilation time)
tt-svd wtime:  72.250528 seconds (15.04 k allocations: 57.387 GiB, 9.77% gc time)
Generating random tensor of size 2^27
Number of threads: 64
rand wtime:   0.895950 seconds (119.87 k allocations: 1.006 GiB, 4.91% gc time, 12.46% compilation time)
calculate TT-SVD of rank 45
tt-svd wtime: 294.090565 seconds (402.66 M allocations: 77.116 GiB, 3.44% gc time, 74.51% compilation time)
tt-svd wtime:  73.362714 seconds (15.04 k allocations: 57.669 GiB, 9.64% gc time)
Generating random tensor of size 2^27
Number of threads: 64
rand wtime:   0.822186 seconds (119.87 k allocations: 1.006 GiB, 4.71% gc time, 10.13% compilation time)
calculate TT-SVD of rank 46
tt-svd wtime: 295.474788 seconds (402.66 M allocations: 77.398 GiB, 3.31% gc time, 74.74% compilation time)
tt-svd wtime:  73.530135 seconds (15.04 k allocations: 57.950 GiB, 9.53% gc time)
Precompiling ITensors...
    498.2 ms  ✓ DataValueInterfaces
    537.9 ms  ✓ ExternalDocstrings
    605.4 ms  ✓ DefineSingletons
    450.9 ms  ✓ IfElse
    408.6 ms  ✓ CommonWorldInvalidations
    443.3 ms  ✓ IteratorInterfaceExtensions
    428.4 ms  ✓ DataAPI
    513.6 ms  ✓ ExprTools
    539.9 ms  ✓ ConstructionBase
    626.1 ms  ✓ HalfIntegers
    600.9 ms  ✓ InverseFunctions
    776.3 ms  ✓ InlineStrings
    859.3 ms  ✓ OrderedCollections
    799.8 ms  ✓ VectorInterface
    787.2 ms  ✓ DocStringExtensions
    372.0 ms  ✓ PackageExtensionCompat
    421.3 ms  ✓ CompositionsBase
    447.6 ms  ✓ ArgCheck
    435.6 ms  ✓ Indexing
    457.8 ms  ✓ StaticArraysCore
   1072.9 ms  ✓ FillArrays
    530.3 ms  ✓ TupleTools
    588.7 ms  ✓ ConstructionBase → ConstructionBaseLinearAlgebraExt
    828.6 ms  ✓ BitIntegers
    604.4 ms  ✓ SerializedElementArrays
    579.0 ms  ✓ Zeros
    587.7 ms  ✓ Requires
    509.5 ms  ✓ TableTraits
    600.8 ms  ✓ CompositionsBase → CompositionsBaseInverseFunctionsExt
    742.5 ms  ✓ Compat
    617.7 ms  ✓ InverseFunctions → InverseFunctionsDatesExt
    552.4 ms  ✓ StridedViews
    776.1 ms  ✓ Preferences
   1052.7 ms  ✓ InitialValues
    628.5 ms  ✓ InverseFunctions → InverseFunctionsTestExt
    581.7 ms  ✓ Adapt
    501.7 ms  ✓ Compat → CompatLinearAlgebraExt
    731.9 ms  ✓ FillArrays → FillArraysSparseArraysExt
    911.8 ms  ✓ ThreadedScans
    634.1 ms  ✓ PrecompileTools
   1038.1 ms  ✓ Tables
   1314.0 ms  ✓ Baselet
    839.5 ms  ✓ Strided
    502.7 ms  ✓ Referenceables
   1140.6 ms  ✓ Dictionaries
    654.7 ms  ✓ ArrayInterface
    784.3 ms  ✓ Adapt → AdaptSparseArraysExt
   2236.6 ms  ✓ MacroTools
    747.9 ms  ✓ Functors
   2130.3 ms  ✓ TimerOutputs
    875.8 ms  ✓ Static
    440.9 ms  ✓ ArrayInterface → ArrayInterfaceStaticArraysCoreExt
    866.6 ms  ✓ SplitApplyCombine
    688.7 ms  ✓ ArrayInterface → ArrayInterfaceSparseArraysExt
   1471.5 ms  ✓ ChainRulesCore
    791.2 ms  ✓ SimpleTraits
   1284.7 ms  ✓ Setfield
    547.5 ms  ✓ ArrayInterface → ArrayInterfaceChainRulesCoreExt
    758.1 ms  ✓ ChainRulesCore → ChainRulesCoreSparseArraysExt
   1246.1 ms  ✓ StaticArrayInterface
    966.3 ms  ✓ TypeParameterAccessors
   1935.4 ms  ✓ Accessors
    489.7 ms  ✓ EllipsisNotation
   1033.7 ms  ✓ SplittablesBase
    559.7 ms  ✓ TypeParameterAccessors → TypeParameterAccessorsStridedViewsExt
    592.1 ms  ✓ TypeParameterAccessors → TypeParameterAccessorsFillArraysExt
    549.6 ms  ✓ Accessors → LinearAlgebraExt
    607.6 ms  ✓ Accessors → TestExt
    795.0 ms  ✓ BangBang
    564.2 ms  ✓ BangBang → BangBangChainRulesCoreExt
    571.6 ms  ✓ BangBang → BangBangTablesExt
    708.8 ms  ✓ MicroCollections
   6385.7 ms  ✓ StaticArrays
    648.9 ms  ✓ ConstructionBase → ConstructionBaseStaticArraysExt
    940.9 ms  ✓ StaticArrays → StaticArraysChainRulesCoreExt
    920.0 ms  ✓ Adapt → AdaptStaticArraysExt
   2786.4 ms  ✓ Transducers
    925.6 ms  ✓ StaticArrayInterface → StaticArrayInterfaceStaticArraysExt
    919.6 ms  ✓ Accessors → StaticArraysExt
    914.8 ms  ✓ BangBang → BangBangStaticArraysExt
    860.8 ms  ✓ Transducers → TransducersAdaptExt
    880.9 ms  ✓ Transducers → TransducersReferenceablesExt
  10783.2 ms  ✓ IsApprox
   3030.7 ms  ✓ Folds
  10982.5 ms  ✓ ArrayLayouts
   1055.2 ms  ✓ ArrayLayouts → ArrayLayoutsSparseArraysExt
   1853.8 ms  ✓ BlockArrays
   1051.1 ms  ✓ BlockArrays → BlockArraysAdaptExt
   1409.5 ms  ✓ Transducers → TransducersBlockArraysExt
   3598.5 ms  ✓ NDTensors
   6031.1 ms  ✓ ITensors
   2416.5 ms  ✓ ITensors → ITensorsVectorInterfaceExt
  92 dependencies successfully precompiled in 36 seconds. 30 already precompiled.
Precompiling ITensorMPS...
   1510.0 ms  ✓ KrylovKit
    745.2 ms  ✓ KrylovKit → KrylovKitChainRulesCoreExt
   4980.6 ms  ✓ ITensorMPS
   2886.3 ms  ✓ ITensorMPS → ITensorMPSChainRulesCoreExt
  4 dependencies successfully precompiled in 10 seconds. 122 already precompiled.
Generating random tensor of size 2^27
Number of threads: 64
rand wtime:   0.913497 seconds (119.86 k allocations: 1.006 GiB, 13.30% gc time, 9.31% compilation time)
calculate TT-SVD of rank 47
tt-svd wtime: 298.659341 seconds (402.70 M allocations: 77.680 GiB, 3.40% gc time, 74.19% compilation time)
tt-svd wtime:  76.282215 seconds (15.04 k allocations: 58.232 GiB, 9.24% gc time)
Generating random tensor of size 2^27
Number of threads: 64
rand wtime:   0.822348 seconds (119.87 k allocations: 1.006 GiB, 4.74% gc time, 10.09% compilation time)
calculate TT-SVD of rank 48
tt-svd wtime: 297.432793 seconds (402.70 M allocations: 77.962 GiB, 3.35% gc time, 74.17% compilation time)
tt-svd wtime:  76.051616 seconds (15.04 k allocations: 58.513 GiB, 9.27% gc time)
Generating random tensor of size 2^27
Number of threads: 64
rand wtime:   0.821372 seconds (119.87 k allocations: 1.006 GiB, 4.73% gc time, 10.05% compilation time)
calculate TT-SVD of rank 49
tt-svd wtime: 298.177451 seconds (402.70 M allocations: 78.243 GiB, 3.35% gc time, 73.70% compilation time)
tt-svd wtime:  77.192494 seconds (15.04 k allocations: 58.795 GiB, 9.11% gc time)
Precompiling ITensors...
    432.8 ms  ✓ IteratorInterfaceExtensions
    451.7 ms  ✓ IfElse
    516.0 ms  ✓ DataValueInterfaces
    546.0 ms  ✓ ExternalDocstrings
    416.0 ms  ✓ CommonWorldInvalidations
    623.6 ms  ✓ DefineSingletons
    469.1 ms  ✓ DataAPI
    526.7 ms  ✓ ExprTools
    552.5 ms  ✓ ConstructionBase
    637.3 ms  ✓ HalfIntegers
    607.7 ms  ✓ InverseFunctions
    837.5 ms  ✓ OrderedCollections
    795.5 ms  ✓ VectorInterface
    774.8 ms  ✓ InlineStrings
    791.9 ms  ✓ DocStringExtensions
    398.0 ms  ✓ PackageExtensionCompat
    425.8 ms  ✓ TableTraits
    402.2 ms  ✓ CompositionsBase
    458.0 ms  ✓ ArgCheck
    452.2 ms  ✓ StaticArraysCore
   1107.1 ms  ✓ FillArrays
    524.2 ms  ✓ TupleTools
    588.8 ms  ✓ ConstructionBase → ConstructionBaseLinearAlgebraExt
    690.5 ms  ✓ BitIntegers
    434.1 ms  ✓ Indexing
    553.3 ms  ✓ Requires
    545.3 ms  ✓ Zeros
    603.6 ms  ✓ Compat
    479.6 ms  ✓ InverseFunctions → InverseFunctionsDatesExt
    966.1 ms  ✓ InitialValues
    763.5 ms  ✓ Preferences
    470.2 ms  ✓ SerializedElementArrays
    519.5 ms  ✓ StridedViews
    609.3 ms  ✓ InverseFunctions → InverseFunctionsTestExt
    445.7 ms  ✓ CompositionsBase → CompositionsBaseInverseFunctionsExt
    848.0 ms  ✓ Tables
    479.1 ms  ✓ Adapt
    538.3 ms  ✓ Compat → CompatLinearAlgebraExt
   1229.2 ms  ✓ Baselet
    669.0 ms  ✓ FillArrays → FillArraysSparseArraysExt
    872.6 ms  ✓ ThreadedScans
    491.7 ms  ✓ PrecompileTools
    631.9 ms  ✓ Strided
    454.8 ms  ✓ Referenceables
   1038.5 ms  ✓ Dictionaries
    581.5 ms  ✓ ArrayInterface
    591.6 ms  ✓ Adapt → AdaptSparseArraysExt
    779.6 ms  ✓ Functors
   2215.4 ms  ✓ MacroTools
    854.3 ms  ✓ Static
   2062.6 ms  ✓ TimerOutputs
    494.2 ms  ✓ ArrayInterface → ArrayInterfaceStaticArraysCoreExt
    766.3 ms  ✓ SplitApplyCombine
    663.7 ms  ✓ ArrayInterface → ArrayInterfaceSparseArraysExt
   1319.9 ms  ✓ ChainRulesCore
    739.6 ms  ✓ SimpleTraits
    446.4 ms  ✓ ArrayInterface → ArrayInterfaceChainRulesCoreExt
    617.1 ms  ✓ ChainRulesCore → ChainRulesCoreSparseArraysExt
   1139.0 ms  ✓ Setfield
   1247.2 ms  ✓ StaticArrayInterface
    957.8 ms  ✓ TypeParameterAccessors
    490.4 ms  ✓ EllipsisNotation
   1920.0 ms  ✓ Accessors
    909.1 ms  ✓ SplittablesBase
    461.5 ms  ✓ TypeParameterAccessors → TypeParameterAccessorsStridedViewsExt
    487.4 ms  ✓ TypeParameterAccessors → TypeParameterAccessorsFillArraysExt
    545.8 ms  ✓ Accessors → LinearAlgebraExt
    603.9 ms  ✓ Accessors → TestExt
    789.9 ms  ✓ BangBang
    545.3 ms  ✓ BangBang → BangBangTablesExt
    552.2 ms  ✓ BangBang → BangBangChainRulesCoreExt
    724.5 ms  ✓ MicroCollections
   6193.0 ms  ✓ StaticArrays
    652.5 ms  ✓ ConstructionBase → ConstructionBaseStaticArraysExt
    638.3 ms  ✓ Adapt → AdaptStaticArraysExt
    662.1 ms  ✓ StaticArrays → StaticArraysChainRulesCoreExt
    693.8 ms  ✓ StaticArrayInterface → StaticArrayInterfaceStaticArraysExt
    719.3 ms  ✓ Accessors → StaticArraysExt
    739.7 ms  ✓ BangBang → BangBangStaticArraysExt
   2442.0 ms  ✓ Transducers
    685.8 ms  ✓ Transducers → TransducersReferenceablesExt
    697.6 ms  ✓ Transducers → TransducersAdaptExt
   2984.3 ms  ✓ Folds
  10693.2 ms  ✓ IsApprox
  10962.6 ms  ✓ ArrayLayouts
   1076.2 ms  ✓ ArrayLayouts → ArrayLayoutsSparseArraysExt
   1870.7 ms  ✓ BlockArrays
   1093.9 ms  ✓ BlockArrays → BlockArraysAdaptExt
   1424.1 ms  ✓ Transducers → TransducersBlockArraysExt
   3480.8 ms  ✓ NDTensors
   5844.8 ms  ✓ ITensors
   2200.6 ms  ✓ ITensors → ITensorsVectorInterfaceExt
  92 dependencies successfully precompiled in 35 seconds. 30 already precompiled.
Precompiling ITensorMPS...
   1525.6 ms  ✓ KrylovKit
    585.8 ms  ✓ KrylovKit → KrylovKitChainRulesCoreExt
   4885.0 ms  ✓ ITensorMPS
   2777.7 ms  ✓ ITensorMPS → ITensorMPSChainRulesCoreExt
  4 dependencies successfully precompiled in 10 seconds. 122 already precompiled.
Generating random tensor of size 2^27
Number of threads: 64
rand wtime:   0.910142 seconds (119.86 k allocations: 1.006 GiB, 13.32% gc time, 9.25% compilation time)
calculate TT-SVD of rank 50
tt-svd wtime: 301.489423 seconds (402.69 M allocations: 78.525 GiB, 3.42% gc time, 73.53% compilation time)
tt-svd wtime:  78.703618 seconds (15.04 k allocations: 59.077 GiB, 9.04% gc time)
