[1;34m[pthread wrapper] 
[0m[1;34m[pthread wrapper] MAIN -> 64
[0m[1;34m[pthread wrapper] PIN_MASK: [0m[1;34m0->65  [0m[1;34m1->66  [0m[1;34m2->67  [0m[1;34m3->68  [0m[1;34m4->69  [0m[1;34m5->70  [0m[1;34m6->71  [0m[1;34m7->72  [0m[1;34m8->73  [0m[1;34m9->74  [0m[1;34m10->75  [0m[1;34m11->76  [0m[1;34m12->77  [0m[1;34m13->78  [0m[1;34m14->79  [0m[1;34m15->80  [0m[1;34m16->81  [0m[1;34m17->82  [0m[1;34m18->83  [0m[1;34m19->84  [0m[1;34m20->85  [0m[1;34m21->86  [0m[1;34m22->87  [0m[1;34m23->88  [0m[1;34m24->89  [0m[1;34m25->90  [0m[1;34m26->91  [0m[1;34m27->92  [0m[1;34m28->93  [0m[1;34m29->94  [0m[1;34m30->95  [0m[1;34m31->96  [0m[1;34m32->97  [0m[1;34m33->98  [0m[1;34m34->99  [0m[1;34m35->100  [0m[1;34m36->101  [0m[1;34m37->102  [0m[1;34m38->103  [0m[1;34m39->104  [0m[1;34m40->105  [0m[1;34m41->106  [0m[1;34m42->107  [0m[1;34m43->108  [0m[1;34m44->109  [0m[1;34m45->110  [0m[1;34m46->111  [0m[1;34m47->112  [0m[1;34m48->113  [0m[1;34m49->114  [0m[1;34m50->115  [0m[1;34m51->116  [0m[1;34m52->117  [0m[1;34m53->118  [0m[1;34m54->119  [0m[1;34m55->120  [0m[1;34m56->121  [0m[1;34m57->122  [0m[1;34m58->123  [0m[1;34m59->124  [0m[1;34m60->125  [0m[1;34m61->126  [0m[1;34m62->127  [0m[1;34m
[pthread wrapper] SKIP MASK: 0x0
[0m[1;34m	threadid 133595094034240 -> hwthread 65 - OK[0m[1;34m
[0m[1;34m	threadid 133595085637568 -> hwthread 66 - OK[0m[1;34m
[0m[1;34m	threadid 133595077240896 -> hwthread 67 - OK[0m[1;34m
[0m[1;34m	threadid 133595068844224 -> hwthread 68 - OK[0m[1;34m
[0m[1;34m	threadid 133595060447552 -> hwthread 69 - OK[0m[1;34m
[0m[1;34m	threadid 133595052050880 -> hwthread 70 - OK[0m[1;34m
[0m[1;34m	threadid 133595043654208 -> hwthread 71 - OK[0m[1;34m
[0m[1;34m	threadid 133595035257536 -> hwthread 72 - OK[0m[1;34m
[0m[1;34m	threadid 133594555083584 -> hwthread 73 - OK[0m[1;34m
[0m[1;34m	threadid 133594546686912 -> hwthread 74 - OK[0m[1;34m
[0m[1;34m	threadid 133594538290240 -> hwthread 75 - OK[0m[1;34m
[0m[1;34m	threadid 133594529893568 -> hwthread 76 - OK[0m[1;34m
[0m[1;34m	threadid 133594521496896 -> hwthread 77 - OK[0m[1;34m
[0m[1;34m	threadid 133594513100224 -> hwthread 78 - OK[0m[1;34m
[0m[1;34m	threadid 133594504703552 -> hwthread 79 - OK[0m[1;34m
[0m[1;34m	threadid 133593951104704 -> hwthread 80 - OK[0m[1;34m
[0m[1;34m	threadid 133593942708032 -> hwthread 81 - OK[0m[1;34m
[0m[1;34m	threadid 133593934311360 -> hwthread 82 - OK[0m[1;34m
[0m[1;34m	threadid 133593925914688 -> hwthread 83 - OK[0m[1;34m
[0m[1;34m	threadid 133593917518016 -> hwthread 84 - OK[0m[1;34m
[0m[1;34m	threadid 133593909121344 -> hwthread 85 - OK[0m[1;34m
[0m[1;34m	threadid 133593900724672 -> hwthread 86 - OK[0m[1;34m
[0m[1;34m	threadid 133593414234688 -> hwthread 87 - OK[0m[1;34m
[0m[1;34m	threadid 133593405838016 -> hwthread 88 - OK[0m[1;34m
[0m[1;34m	threadid 133593397441344 -> hwthread 89 - OK[0m[1;34m
[0m[1;34m	threadid 133593389044672 -> hwthread 90 - OK[0m[1;34m
[0m[1;34m	threadid 133593380648000 -> hwthread 91 - OK[0m[1;34m
[0m[1;34m	threadid 133593372251328 -> hwthread 92 - OK[0m[1;34m
[0m[1;34m	threadid 133593363854656 -> hwthread 93 - OK[0m[1;34m
[0m[1;34m	threadid 133592877364672 -> hwthread 94 - OK[0m[1;34m
[0m[1;34m	threadid 133592868968000 -> hwthread 95 - OK[0m[1;34m
[0m[1;34m	threadid 133592860571328 -> hwthread 96 - OK[0m[1;34m
[0m[1;34m	threadid 133592852170560 -> hwthread 97 - OK[0m[1;34m
[0m[1;34m	threadid 133592843769792 -> hwthread 98 - OK[0m[1;34m
[0m[1;34m	threadid 133592835369024 -> hwthread 99 - OK[0m[1;34m
[0m[1;34m	threadid 133592826968256 -> hwthread 100 - OK[0m[1;34m
[0m[1;34m	threadid 133592340490560 -> hwthread 101 - OK[0m[1;34m
[0m[1;34m	threadid 133592332089792 -> hwthread 102 - OK[0m[1;34m
[0m[1;34m	threadid 133592323689024 -> hwthread 103 - OK[0m[1;34m
[0m[1;34m	threadid 133592315288256 -> hwthread 104 - OK[0m[1;34m
[0m[1;34m	threadid 133592306887488 -> hwthread 105 - OK[0m[1;34m
[0m[1;34m	threadid 133592298486720 -> hwthread 106 - OK[0m[1;34m
[0m[1;34m	threadid 133592290085952 -> hwthread 107 - OK[0m[1;34m
[0m[1;34m	threadid 133591803620544 -> hwthread 108 - OK[0m[1;34m
[0m[1;34m	threadid 133591795219776 -> hwthread 109 - OK[0m[1;34m
[0m[1;34m	threadid 133591786819008 -> hwthread 110 - OK[0m[1;34m
[0m[1;34m	threadid 133591778418240 -> hwthread 111 - OK[0m[1;34m
[0m[1;34m	threadid 133591770017472 -> hwthread 112 - OK[0m[1;34m
[0m[1;34m	threadid 133591761616704 -> hwthread 113 - OK[0m[1;34m
[0m[1;34m	threadid 133591753215936 -> hwthread 114 - OK[0m[1;34m
[0m[1;34m	threadid 133591266750528 -> hwthread 115 - OK[0m[1;34m
[0m[1;34m	threadid 133591258349760 -> hwthread 116 - OK[0m[1;34m
[0m[1;34m	threadid 133591249948992 -> hwthread 117 - OK[0m[1;34m
[0m[1;34m	threadid 133591241548224 -> hwthread 118 - OK[0m[1;34m
[0m[1;34m	threadid 133591233147456 -> hwthread 119 - OK[0m[1;34m
[0m[1;34m	threadid 133591224746688 -> hwthread 120 - OK[0m[1;34m
[0m[1;34m	threadid 133591216345920 -> hwthread 121 - OK[0m[1;34m
[0m[1;34m	threadid 133590729880512 -> hwthread 122 - OK[0m[1;34m
[0m[1;34m	threadid 133590721479744 -> hwthread 123 - OK[0m[1;34m
[0m[1;34m	threadid 133590713078976 -> hwthread 124 - OK[0m[1;34m
[0m[1;34m	threadid 133590704678208 -> hwthread 125 - OK[0m[1;34m
[0m[1;34m	threadid 133590696277440 -> hwthread 126 - OK[0m[1;34m
[0m[1;34m	threadid 133590687876672 -> hwthread 127 - OK[0m[1;34m
[0mrandom wtime: 6.3156765140010975
tt_from_dense wtime: 59.700716673003626
tt_from_dense wtime: 58.49379584900453
INFO: You are running LIKWID in a cpuset with 64 CPUs. Taking given IDs as logical ID in cpuset
[1;34m[pthread wrapper] 
[0m[1;34m[pthread wrapper] MAIN -> 64
[0m[1;34m[pthread wrapper] PIN_MASK: [0m[1;34m0->65  [0m[1;34m1->66  [0m[1;34m2->67  [0m[1;34m3->68  [0m[1;34m4->69  [0m[1;34m5->70  [0m[1;34m6->71  [0m[1;34m7->72  [0m[1;34m8->73  [0m[1;34m9->74  [0m[1;34m10->75  [0m[1;34m11->76  [0m[1;34m12->77  [0m[1;34m13->78  [0m[1;34m14->79  [0m[1;34m15->80  [0m[1;34m16->81  [0m[1;34m17->82  [0m[1;34m18->83  [0m[1;34m19->84  [0m[1;34m20->85  [0m[1;34m21->86  [0m[1;34m22->87  [0m[1;34m23->88  [0m[1;34m24->89  [0m[1;34m25->90  [0m[1;34m26->91  [0m[1;34m27->92  [0m[1;34m28->93  [0m[1;34m29->94  [0m[1;34m30->95  [0m[1;34m31->96  [0m[1;34m32->97  [0m[1;34m33->98  [0m[1;34m34->99  [0m[1;34m35->100  [0m[1;34m36->101  [0m[1;34m37->102  [0m[1;34m38->103  [0m[1;34m39->104  [0m[1;34m40->105  [0m[1;34m41->106  [0m[1;34m42->107  [0m[1;34m43->108  [0m[1;34m44->109  [0m[1;34m45->110  [0m[1;34m46->111  [0m[1;34m47->112  [0m[1;34m48->113  [0m[1;34m49->114  [0m[1;34m50->115  [0m[1;34m51->116  [0m[1;34m52->117  [0m[1;34m53->118  [0m[1;34m54->119  [0m[1;34m55->120  [0m[1;34m56->121  [0m[1;34m57->122  [0m[1;34m58->123  [0m[1;34m59->124  [0m[1;34m60->125  [0m[1;34m61->126  [0m[1;34m62->127  [0m[1;34m
[pthread wrapper] SKIP MASK: 0x0
[0m[1;34m	threadid 131764981839680 -> hwthread 65 - OK[0m[1;34m
[0m[1;34m	threadid 131764899014592 -> hwthread 66 - OK[0m[1;34m
[0m[1;34m	threadid 131764890617920 -> hwthread 67 - OK[0m[1;34m
[0m[1;34m	threadid 131764882221248 -> hwthread 68 - OK[0m[1;34m
[0m[1;34m	threadid 131764873824576 -> hwthread 69 - OK[0m[1;34m
[0m[1;34m	threadid 131764865427904 -> hwthread 70 - OK[0m[1;34m
[0m[1;34m	threadid 131764857031232 -> hwthread 71 - OK[0m[1;34m
[0m[1;34m	threadid 131764848634560 -> hwthread 72 - OK[0m[1;34m
[0m[1;34m	threadid 131764362144576 -> hwthread 73 - OK[0m[1;34m
[0m[1;34m	threadid 131764353747904 -> hwthread 74 - OK[0m[1;34m
[0m[1;34m	threadid 131764345351232 -> hwthread 75 - OK[0m[1;34m
[0m[1;34m	threadid 131764336954560 -> hwthread 76 - OK[0m[1;34m
[0m[1;34m	threadid 131764328557888 -> hwthread 77 - OK[0m[1;34m
[0m[1;34m	threadid 131764320161216 -> hwthread 78 - OK[0m[1;34m
[0m[1;34m	threadid 131764311764544 -> hwthread 79 - OK[0m[1;34m
[0m[1;34m	threadid 131763825274560 -> hwthread 80 - OK[0m[1;34m
[0m[1;34m	threadid 131763816877888 -> hwthread 81 - OK[0m[1;34m
[0m[1;34m	threadid 131763808481216 -> hwthread 82 - OK[0m[1;34m
[0m[1;34m	threadid 131763800084544 -> hwthread 83 - OK[0m[1;34m
[0m[1;34m	threadid 131763791687872 -> hwthread 84 - OK[0m[1;34m
[0m[1;34m	threadid 131763783291200 -> hwthread 85 - OK[0m[1;34m
[0m[1;34m	threadid 131763774894528 -> hwthread 86 - OK[0m[1;34m
[0m[1;34m	threadid 131763288404544 -> hwthread 87 - OK[0m[1;34m
[0m[1;34m	threadid 131763280007872 -> hwthread 88 - OK[0m[1;34m
[0m[1;34m	threadid 131763271611200 -> hwthread 89 - OK[0m[1;34m
[0m[1;34m	threadid 131763263214528 -> hwthread 90 - OK[0m[1;34m
[0m[1;34m	threadid 131763254817856 -> hwthread 91 - OK[0m[1;34m
[0m[1;34m	threadid 131763246421184 -> hwthread 92 - OK[0m[1;34m
[0m[1;34m	threadid 131763238024512 -> hwthread 93 - OK[0m[1;34m
[0m[1;34m	threadid 131762751534528 -> hwthread 94 - OK[0m[1;34m
[0m[1;34m	threadid 131762743137856 -> hwthread 95 - OK[0m[1;34m
[0m[1;34m	threadid 131762734741184 -> hwthread 96 - OK[0m[1;34m
[0m[1;34m	threadid 131762726340416 -> hwthread 97 - OK[0m[1;34m
[0m[1;34m	threadid 131762717939648 -> hwthread 98 - OK[0m[1;34m
[0m[1;34m	threadid 131762709538880 -> hwthread 99 - OK[0m[1;34m
[0m[1;34m	threadid 131762701138112 -> hwthread 100 - OK[0m[1;34m
[0m[1;34m	threadid 131762214660416 -> hwthread 101 - OK[0m[1;34m
[0m[1;34m	threadid 131762206259648 -> hwthread 102 - OK[0m[1;34m
[0m[1;34m	threadid 131762197858880 -> hwthread 103 - OK[0m[1;34m
[0m[1;34m	threadid 131762189458112 -> hwthread 104 - OK[0m[1;34m
[0m[1;34m	threadid 131762181057344 -> hwthread 105 - OK[0m[1;34m
[0m[1;34m	threadid 131762172656576 -> hwthread 106 - OK[0m[1;34m
[0m[1;34m	threadid 131762164255808 -> hwthread 107 - OK[0m[1;34m
[0m[1;34m	threadid 131761677790400 -> hwthread 108 - OK[0m[1;34m
[0m[1;34m	threadid 131761669389632 -> hwthread 109 - OK[0m[1;34m
[0m[1;34m	threadid 131761660988864 -> hwthread 110 - OK[0m[1;34m
[0m[1;34m	threadid 131761652588096 -> hwthread 111 - OK[0m[1;34m
[0m[1;34m	threadid 131761644187328 -> hwthread 112 - OK[0m[1;34m
[0m[1;34m	threadid 131761635786560 -> hwthread 113 - OK[0m[1;34m
[0m[1;34m	threadid 131761627385792 -> hwthread 114 - OK[0m[1;34m
[0m[1;34m	threadid 131761140920384 -> hwthread 115 - OK[0m[1;34m
[0m[1;34m	threadid 131761132519616 -> hwthread 116 - OK[0m[1;34m
[0m[1;34m	threadid 131761124118848 -> hwthread 117 - OK[0m[1;34m
[0m[1;34m	threadid 131761115718080 -> hwthread 118 - OK[0m[1;34m
[0m[1;34m	threadid 131761107317312 -> hwthread 119 - OK[0m[1;34m
[0m[1;34m	threadid 131761098916544 -> hwthread 120 - OK[0m[1;34m
[0m[1;34m	threadid 131761090515776 -> hwthread 121 - OK[0m[1;34m
[0m[1;34m	threadid 131760604050368 -> hwthread 122 - OK[0m[1;34m
[0m[1;34m	threadid 131760595649600 -> hwthread 123 - OK[0m[1;34m
[0m[1;34m	threadid 131760587248832 -> hwthread 124 - OK[0m[1;34m
[0m[1;34m	threadid 131760578848064 -> hwthread 125 - OK[0m[1;34m
[0m[1;34m	threadid 131760570447296 -> hwthread 126 - OK[0m[1;34m
[0m[1;34m	threadid 131760562046528 -> hwthread 127 - OK[0m[1;34m
[0mrandom wtime: 6.3148308230011025
tt_from_dense wtime: 96.59402265299286
tt_from_dense wtime: 94.53700070700143
INFO: You are running LIKWID in a cpuset with 64 CPUs. Taking given IDs as logical ID in cpuset
[1;34m[pthread wrapper] 
[0m[1;34m[pthread wrapper] MAIN -> 64
[0m[1;34m[pthread wrapper] PIN_MASK: [0m[1;34m0->65  [0m[1;34m1->66  [0m[1;34m2->67  [0m[1;34m3->68  [0m[1;34m4->69  [0m[1;34m5->70  [0m[1;34m6->71  [0m[1;34m7->72  [0m[1;34m8->73  [0m[1;34m9->74  [0m[1;34m10->75  [0m[1;34m11->76  [0m[1;34m12->77  [0m[1;34m13->78  [0m[1;34m14->79  [0m[1;34m15->80  [0m[1;34m16->81  [0m[1;34m17->82  [0m[1;34m18->83  [0m[1;34m19->84  [0m[1;34m20->85  [0m[1;34m21->86  [0m[1;34m22->87  [0m[1;34m23->88  [0m[1;34m24->89  [0m[1;34m25->90  [0m[1;34m26->91  [0m[1;34m27->92  [0m[1;34m28->93  [0m[1;34m29->94  [0m[1;34m30->95  [0m[1;34m31->96  [0m[1;34m32->97  [0m[1;34m33->98  [0m[1;34m34->99  [0m[1;34m35->100  [0m[1;34m36->101  [0m[1;34m37->102  [0m[1;34m38->103  [0m[1;34m39->104  [0m[1;34m40->105  [0m[1;34m41->106  [0m[1;34m42->107  [0m[1;34m43->108  [0m[1;34m44->109  [0m[1;34m45->110  [0m[1;34m46->111  [0m[1;34m47->112  [0m[1;34m48->113  [0m[1;34m49->114  [0m[1;34m50->115  [0m[1;34m51->116  [0m[1;34m52->117  [0m[1;34m53->118  [0m[1;34m54->119  [0m[1;34m55->120  [0m[1;34m56->121  [0m[1;34m57->122  [0m[1;34m58->123  [0m[1;34m59->124  [0m[1;34m60->125  [0m[1;34m61->126  [0m[1;34m62->127  [0m[1;34m
[pthread wrapper] SKIP MASK: 0x0
[0m[1;34m	threadid 130826987611968 -> hwthread 65 - OK[0m[1;34m
[0m[1;34m	threadid 130826979215296 -> hwthread 66 - OK[0m[1;34m
[0m[1;34m	threadid 130826970818624 -> hwthread 67 - OK[0m[1;34m
[0m[1;34m	threadid 130826962421952 -> hwthread 68 - OK[0m[1;34m
[0m[1;34m	threadid 130826954025280 -> hwthread 69 - OK[0m[1;34m
[0m[1;34m	threadid 130826945628608 -> hwthread 70 - OK[0m[1;34m
[0m[1;34m	threadid 130826937231936 -> hwthread 71 - OK[0m[1;34m
[0m[1;34m	threadid 130826928835264 -> hwthread 72 - OK[0m[1;34m
[0m[1;34m	threadid 130826448661312 -> hwthread 73 - OK[0m[1;34m
[0m[1;34m	threadid 130826440264640 -> hwthread 74 - OK[0m[1;34m
[0m[1;34m	threadid 130826431867968 -> hwthread 75 - OK[0m[1;34m
[0m[1;34m	threadid 130826423471296 -> hwthread 76 - OK[0m[1;34m
[0m[1;34m	threadid 130826415074624 -> hwthread 77 - OK[0m[1;34m
[0m[1;34m	threadid 130826406677952 -> hwthread 78 - OK[0m[1;34m
[0m[1;34m	threadid 130826398281280 -> hwthread 79 - OK[0m[1;34m
[0m[1;34m	threadid 130825844682432 -> hwthread 80 - OK[0m[1;34m
[0m[1;34m	threadid 130825836285760 -> hwthread 81 - OK[0m[1;34m
[0m[1;34m	threadid 130825827889088 -> hwthread 82 - OK[0m[1;34m
[0m[1;34m	threadid 130825819492416 -> hwthread 83 - OK[0m[1;34m
[0m[1;34m	threadid 130825811095744 -> hwthread 84 - OK[0m[1;34m
[0m[1;34m	threadid 130825802699072 -> hwthread 85 - OK[0m[1;34m
[0m[1;34m	threadid 130825794302400 -> hwthread 86 - OK[0m[1;34m
[0m[1;34m	threadid 130825307812416 -> hwthread 87 - OK[0m[1;34m
[0m[1;34m	threadid 130825299415744 -> hwthread 88 - OK[0m[1;34m
[0m[1;34m	threadid 130825291019072 -> hwthread 89 - OK[0m[1;34m
[0m[1;34m	threadid 130825282622400 -> hwthread 90 - OK[0m[1;34m
[0m[1;34m	threadid 130825274225728 -> hwthread 91 - OK[0m[1;34m
[0m[1;34m	threadid 130825265829056 -> hwthread 92 - OK[0m[1;34m
[0m[1;34m	threadid 130825257432384 -> hwthread 93 - OK[0m[1;34m
[0m[1;34m	threadid 130824770942400 -> hwthread 94 - OK[0m[1;34m
[0m[1;34m	threadid 130824762545728 -> hwthread 95 - OK[0m[1;34m
[0m[1;34m	threadid 130824754149056 -> hwthread 96 - OK[0m[1;34m
[0m[1;34m	threadid 130824745748288 -> hwthread 97 - OK[0m[1;34m
[0m[1;34m	threadid 130824737347520 -> hwthread 98 - OK[0m[1;34m
[0m[1;34m	threadid 130824728946752 -> hwthread 99 - OK[0m[1;34m
[0m[1;34m	threadid 130824720545984 -> hwthread 100 - OK[0m[1;34m
[0m[1;34m	threadid 130824234068288 -> hwthread 101 - OK[0m[1;34m
[0m[1;34m	threadid 130824225667520 -> hwthread 102 - OK[0m[1;34m
[0m[1;34m	threadid 130824217266752 -> hwthread 103 - OK[0m[1;34m
[0m[1;34m	threadid 130824208865984 -> hwthread 104 - OK[0m[1;34m
[0m[1;34m	threadid 130824200465216 -> hwthread 105 - OK[0m[1;34m
[0m[1;34m	threadid 130824192064448 -> hwthread 106 - OK[0m[1;34m
[0m[1;34m	threadid 130824183663680 -> hwthread 107 - OK[0m[1;34m
[0m[1;34m	threadid 130823697198272 -> hwthread 108 - OK[0m[1;34m
[0m[1;34m	threadid 130823688797504 -> hwthread 109 - OK[0m[1;34m
[0m[1;34m	threadid 130823680396736 -> hwthread 110 - OK[0m[1;34m
[0m[1;34m	threadid 130823671995968 -> hwthread 111 - OK[0m[1;34m
[0m[1;34m	threadid 130823663595200 -> hwthread 112 - OK[0m[1;34m
[0m[1;34m	threadid 130823655194432 -> hwthread 113 - OK[0m[1;34m
[0m[1;34m	threadid 130823646793664 -> hwthread 114 - OK[0m[1;34m
[0m[1;34m	threadid 130823160328256 -> hwthread 115 - OK[0m[1;34m
[0m[1;34m	threadid 130823151927488 -> hwthread 116 - OK[0m[1;34m
[0m[1;34m	threadid 130823143526720 -> hwthread 117 - OK[0m[1;34m
[0m[1;34m	threadid 130823135125952 -> hwthread 118 - OK[0m[1;34m
[0m[1;34m	threadid 130823126725184 -> hwthread 119 - OK[0m[1;34m
[0m[1;34m	threadid 130823118324416 -> hwthread 120 - OK[0m[1;34m
[0m[1;34m	threadid 130823109923648 -> hwthread 121 - OK[0m[1;34m
[0m[1;34m	threadid 130822623458240 -> hwthread 122 - OK[0m[1;34m
[0m[1;34m	threadid 130822615057472 -> hwthread 123 - OK[0m[1;34m
[0m[1;34m	threadid 130822606656704 -> hwthread 124 - OK[0m[1;34m
[0m[1;34m	threadid 130822598255936 -> hwthread 125 - OK[0m[1;34m
[0m[1;34m	threadid 130822589855168 -> hwthread 126 - OK[0m[1;34m
[0m[1;34m	threadid 130822581454400 -> hwthread 127 - OK[0m[1;34m
[0mrandom wtime: 6.327042203003657
tt_from_dense wtime: 118.29663209799037
tt_from_dense wtime: 115.83445290398959
INFO: You are running LIKWID in a cpuset with 64 CPUs. Taking given IDs as logical ID in cpuset
[1;34m[pthread wrapper] 
[0m[1;34m[pthread wrapper] MAIN -> 64
[0m[1;34m[pthread wrapper] PIN_MASK: [0m[1;34m0->65  [0m[1;34m1->66  [0m[1;34m2->67  [0m[1;34m3->68  [0m[1;34m4->69  [0m[1;34m5->70  [0m[1;34m6->71  [0m[1;34m7->72  [0m[1;34m8->73  [0m[1;34m9->74  [0m[1;34m10->75  [0m[1;34m11->76  [0m[1;34m12->77  [0m[1;34m13->78  [0m[1;34m14->79  [0m[1;34m15->80  [0m[1;34m16->81  [0m[1;34m17->82  [0m[1;34m18->83  [0m[1;34m19->84  [0m[1;34m20->85  [0m[1;34m21->86  [0m[1;34m22->87  [0m[1;34m23->88  [0m[1;34m24->89  [0m[1;34m25->90  [0m[1;34m26->91  [0m[1;34m27->92  [0m[1;34m28->93  [0m[1;34m29->94  [0m[1;34m30->95  [0m[1;34m31->96  [0m[1;34m32->97  [0m[1;34m33->98  [0m[1;34m34->99  [0m[1;34m35->100  [0m[1;34m36->101  [0m[1;34m37->102  [0m[1;34m38->103  [0m[1;34m39->104  [0m[1;34m40->105  [0m[1;34m41->106  [0m[1;34m42->107  [0m[1;34m43->108  [0m[1;34m44->109  [0m[1;34m45->110  [0m[1;34m46->111  [0m[1;34m47->112  [0m[1;34m48->113  [0m[1;34m49->114  [0m[1;34m50->115  [0m[1;34m51->116  [0m[1;34m52->117  [0m[1;34m53->118  [0m[1;34m54->119  [0m[1;34m55->120  [0m[1;34m56->121  [0m[1;34m57->122  [0m[1;34m58->123  [0m[1;34m59->124  [0m[1;34m60->125  [0m[1;34m61->126  [0m[1;34m62->127  [0m[1;34m
[pthread wrapper] SKIP MASK: 0x0
[0m[1;34m	threadid 133485077440320 -> hwthread 65 - OK[0m[1;34m
[0m[1;34m	threadid 133485069043648 -> hwthread 66 - OK[0m[1;34m
[0m[1;34m	threadid 133485060646976 -> hwthread 67 - OK[0m[1;34m
[0m[1;34m	threadid 133485052250304 -> hwthread 68 - OK[0m[1;34m
[0m[1;34m	threadid 133485043853632 -> hwthread 69 - OK[0m[1;34m
[0m[1;34m	threadid 133484697872832 -> hwthread 70 - OK[0m[1;34m
[0m[1;34m	threadid 133484689476160 -> hwthread 71 - OK[0m[1;34m
[0m[1;34m	threadid 133484681079488 -> hwthread 72 - OK[0m[1;34m
[0m[1;34m	threadid 133484672682816 -> hwthread 73 - OK[0m[1;34m
[0m[1;34m	threadid 133484664286144 -> hwthread 74 - OK[0m[1;34m
[0m[1;34m	threadid 133484655889472 -> hwthread 75 - OK[0m[1;34m
[0m[1;34m	threadid 133484647492800 -> hwthread 76 - OK[0m[1;34m
[0m[1;34m	threadid 133484161002816 -> hwthread 77 - OK[0m[1;34m
[0m[1;34m	threadid 133484152606144 -> hwthread 78 - OK[0m[1;34m
[0m[1;34m	threadid 133484144209472 -> hwthread 79 - OK[0m[1;34m
[0m[1;34m	threadid 133484135812800 -> hwthread 80 - OK[0m[1;34m
[0m[1;34m	threadid 133484127416128 -> hwthread 81 - OK[0m[1;34m
[0m[1;34m	threadid 133484119019456 -> hwthread 82 - OK[0m[1;34m
[0m[1;34m	threadid 133484110622784 -> hwthread 83 - OK[0m[1;34m
[0m[1;34m	threadid 133483624132800 -> hwthread 84 - OK[0m[1;34m
[0m[1;34m	threadid 133483615736128 -> hwthread 85 - OK[0m[1;34m
[0m[1;34m	threadid 133483607339456 -> hwthread 86 - OK[0m[1;34m
[0m[1;34m	threadid 133483598942784 -> hwthread 87 - OK[0m[1;34m
[0m[1;34m	threadid 133483590546112 -> hwthread 88 - OK[0m[1;34m
[0m[1;34m	threadid 133483582149440 -> hwthread 89 - OK[0m[1;34m
[0m[1;34m	threadid 133483573752768 -> hwthread 90 - OK[0m[1;34m
[0m[1;34m	threadid 133483087262784 -> hwthread 91 - OK[0m[1;34m
[0m[1;34m	threadid 133483078866112 -> hwthread 92 - OK[0m[1;34m
[0m[1;34m	threadid 133483070469440 -> hwthread 93 - OK[0m[1;34m
[0m[1;34m	threadid 133483062072768 -> hwthread 94 - OK[0m[1;34m
[0m[1;34m	threadid 133483053676096 -> hwthread 95 - OK[0m[1;34m
[0m[1;34m	threadid 133483045279424 -> hwthread 96 - OK[0m[1;34m
[0m[1;34m	threadid 133483036878656 -> hwthread 97 - OK[0m[1;34m
[0m[1;34m	threadid 133482550388672 -> hwthread 98 - OK[0m[1;34m
[0m[1;34m	threadid 133482541987904 -> hwthread 99 - OK[0m[1;34m
[0m[1;34m	threadid 133482533587136 -> hwthread 100 - OK[0m[1;34m
[0m[1;34m	threadid 133482525186368 -> hwthread 101 - OK[0m[1;34m
[0m[1;34m	threadid 133482516785600 -> hwthread 102 - OK[0m[1;34m
[0m[1;34m	threadid 133482508384832 -> hwthread 103 - OK[0m[1;34m
[0m[1;34m	threadid 133482499984064 -> hwthread 104 - OK[0m[1;34m
[0m[1;34m	threadid 133482013518656 -> hwthread 105 - OK[0m[1;34m
[0m[1;34m	threadid 133482005117888 -> hwthread 106 - OK[0m[1;34m
[0m[1;34m	threadid 133481996717120 -> hwthread 107 - OK[0m[1;34m
[0m[1;34m	threadid 133481988316352 -> hwthread 108 - OK[0m[1;34m
[0m[1;34m	threadid 133481979915584 -> hwthread 109 - OK[0m[1;34m
[0m[1;34m	threadid 133481971514816 -> hwthread 110 - OK[0m[1;34m
[0m[1;34m	threadid 133481963114048 -> hwthread 111 - OK[0m[1;34m
[0m[1;34m	threadid 133481476648640 -> hwthread 112 - OK[0m[1;34m
[0m[1;34m	threadid 133481468247872 -> hwthread 113 - OK[0m[1;34m
[0m[1;34m	threadid 133481459847104 -> hwthread 114 - OK[0m[1;34m
[0m[1;34m	threadid 133481451446336 -> hwthread 115 - OK[0m[1;34m
[0m[1;34m	threadid 133481443045568 -> hwthread 116 - OK[0m[1;34m
[0m[1;34m	threadid 133481434644800 -> hwthread 117 - OK[0m[1;34m
[0m[1;34m	threadid 133481426244032 -> hwthread 118 - OK[0m[1;34m
[0m[1;34m	threadid 133480939778624 -> hwthread 119 - OK[0m[1;34m
[0m[1;34m	threadid 133480931377856 -> hwthread 120 - OK[0m[1;34m
[0m[1;34m	threadid 133480922977088 -> hwthread 121 - OK[0m[1;34m
[0m[1;34m	threadid 133480914576320 -> hwthread 122 - OK[0m[1;34m
[0m[1;34m	threadid 133480906175552 -> hwthread 123 - OK[0m[1;34m
[0m[1;34m	threadid 133480897774784 -> hwthread 124 - OK[0m[1;34m
[0m[1;34m	threadid 133480889374016 -> hwthread 125 - OK[0m[1;34m
[0m[1;34m	threadid 133480402908608 -> hwthread 126 - OK[0m[1;34m
[0m[1;34m	threadid 133480394507840 -> hwthread 127 - OK[0m[1;34m
[0mrandom wtime: 6.372184784995625
tt_from_dense wtime: 153.97691830500844
tt_from_dense wtime: 150.11261947899766
INFO: You are running LIKWID in a cpuset with 64 CPUs. Taking given IDs as logical ID in cpuset
[1;34m[pthread wrapper] 
[0m[1;34m[pthread wrapper] MAIN -> 64
[0m[1;34m[pthread wrapper] PIN_MASK: [0m[1;34m0->65  [0m[1;34m1->66  [0m[1;34m2->67  [0m[1;34m3->68  [0m[1;34m4->69  [0m[1;34m5->70  [0m[1;34m6->71  [0m[1;34m7->72  [0m[1;34m8->73  [0m[1;34m9->74  [0m[1;34m10->75  [0m[1;34m11->76  [0m[1;34m12->77  [0m[1;34m13->78  [0m[1;34m14->79  [0m[1;34m15->80  [0m[1;34m16->81  [0m[1;34m17->82  [0m[1;34m18->83  [0m[1;34m19->84  [0m[1;34m20->85  [0m[1;34m21->86  [0m[1;34m22->87  [0m[1;34m23->88  [0m[1;34m24->89  [0m[1;34m25->90  [0m[1;34m26->91  [0m[1;34m27->92  [0m[1;34m28->93  [0m[1;34m29->94  [0m[1;34m30->95  [0m[1;34m31->96  [0m[1;34m32->97  [0m[1;34m33->98  [0m[1;34m34->99  [0m[1;34m35->100  [0m[1;34m36->101  [0m[1;34m37->102  [0m[1;34m38->103  [0m[1;34m39->104  [0m[1;34m40->105  [0m[1;34m41->106  [0m[1;34m42->107  [0m[1;34m43->108  [0m[1;34m44->109  [0m[1;34m45->110  [0m[1;34m46->111  [0m[1;34m47->112  [0m[1;34m48->113  [0m[1;34m49->114  [0m[1;34m50->115  [0m[1;34m51->116  [0m[1;34m52->117  [0m[1;34m53->118  [0m[1;34m54->119  [0m[1;34m55->120  [0m[1;34m56->121  [0m[1;34m57->122  [0m[1;34m58->123  [0m[1;34m59->124  [0m[1;34m60->125  [0m[1;34m61->126  [0m[1;34m62->127  [0m[1;34m
[pthread wrapper] SKIP MASK: 0x0
[0m[1;34m	threadid 127267009177408 -> hwthread 65 - OK[0m[1;34m
[0m[1;34m	threadid 127266927404992 -> hwthread 66 - OK[0m[1;34m
[0m[1;34m	threadid 127266919008320 -> hwthread 67 - OK[0m[1;34m
[0m[1;34m	threadid 127266910611648 -> hwthread 68 - OK[0m[1;34m
[0m[1;34m	threadid 127266902214976 -> hwthread 69 - OK[0m[1;34m
[0m[1;34m	threadid 127266893818304 -> hwthread 70 - OK[0m[1;34m
[0m[1;34m	threadid 127266885421632 -> hwthread 71 - OK[0m[1;34m
[0m[1;34m	threadid 127266877024960 -> hwthread 72 - OK[0m[1;34m
[0m[1;34m	threadid 127266390534976 -> hwthread 73 - OK[0m[1;34m
[0m[1;34m	threadid 127266382138304 -> hwthread 74 - OK[0m[1;34m
[0m[1;34m	threadid 127266373741632 -> hwthread 75 - OK[0m[1;34m
[0m[1;34m	threadid 127266365344960 -> hwthread 76 - OK[0m[1;34m
[0m[1;34m	threadid 127266356948288 -> hwthread 77 - OK[0m[1;34m
[0m[1;34m	threadid 127266348551616 -> hwthread 78 - OK[0m[1;34m
[0m[1;34m	threadid 127266340154944 -> hwthread 79 - OK[0m[1;34m
[0m[1;34m	threadid 127265853664960 -> hwthread 80 - OK[0m[1;34m
[0m[1;34m	threadid 127265845268288 -> hwthread 81 - OK[0m[1;34m
[0m[1;34m	threadid 127265836871616 -> hwthread 82 - OK[0m[1;34m
[0m[1;34m	threadid 127265828474944 -> hwthread 83 - OK[0m[1;34m
[0m[1;34m	threadid 127265820078272 -> hwthread 84 - OK[0m[1;34m
[0m[1;34m	threadid 127265811681600 -> hwthread 85 - OK[0m[1;34m
[0m[1;34m	threadid 127265803284928 -> hwthread 86 - OK[0m[1;34m
[0m[1;34m	threadid 127265316794944 -> hwthread 87 - OK[0m[1;34m
[0m[1;34m	threadid 127265308398272 -> hwthread 88 - OK[0m[1;34m
[0m[1;34m	threadid 127265300001600 -> hwthread 89 - OK[0m[1;34m
[0m[1;34m	threadid 127265291604928 -> hwthread 90 - OK[0m[1;34m
[0m[1;34m	threadid 127265283208256 -> hwthread 91 - OK[0m[1;34m
[0m[1;34m	threadid 127265274811584 -> hwthread 92 - OK[0m[1;34m
[0m[1;34m	threadid 127265266414912 -> hwthread 93 - OK[0m[1;34m
[0m[1;34m	threadid 127264779924928 -> hwthread 94 - OK[0m[1;34m
[0m[1;34m	threadid 127264771528256 -> hwthread 95 - OK[0m[1;34m
[0m[1;34m	threadid 127264763131584 -> hwthread 96 - OK[0m[1;34m
[0m[1;34m	threadid 127264754730816 -> hwthread 97 - OK[0m[1;34m
[0m[1;34m	threadid 127264746330048 -> hwthread 98 - OK[0m[1;34m
[0m[1;34m	threadid 127264737929280 -> hwthread 99 - OK[0m[1;34m
[0m[1;34m	threadid 127264729528512 -> hwthread 100 - OK[0m[1;34m
[0m[1;34m	threadid 127264243050816 -> hwthread 101 - OK[0m[1;34m
[0m[1;34m	threadid 127264234650048 -> hwthread 102 - OK[0m[1;34m
[0m[1;34m	threadid 127264226249280 -> hwthread 103 - OK[0m[1;34m
[0m[1;34m	threadid 127264217848512 -> hwthread 104 - OK[0m[1;34m
[0m[1;34m	threadid 127264209447744 -> hwthread 105 - OK[0m[1;34m
[0m[1;34m	threadid 127264201046976 -> hwthread 106 - OK[0m[1;34m
[0m[1;34m	threadid 127264192646208 -> hwthread 107 - OK[0m[1;34m
[0m[1;34m	threadid 127263706180800 -> hwthread 108 - OK[0m[1;34m
[0m[1;34m	threadid 127263697780032 -> hwthread 109 - OK[0m[1;34m
[0m[1;34m	threadid 127263689379264 -> hwthread 110 - OK[0m[1;34m
[0m[1;34m	threadid 127263680978496 -> hwthread 111 - OK[0m[1;34m
[0m[1;34m	threadid 127263672577728 -> hwthread 112 - OK[0m[1;34m
[0m[1;34m	threadid 127263664176960 -> hwthread 113 - OK[0m[1;34m
[0m[1;34m	threadid 127263655776192 -> hwthread 114 - OK[0m[1;34m
[0m[1;34m	threadid 127263169310784 -> hwthread 115 - OK[0m[1;34m
[0m[1;34m	threadid 127263160910016 -> hwthread 116 - OK[0m[1;34m
[0m[1;34m	threadid 127263152509248 -> hwthread 117 - OK[0m[1;34m
[0m[1;34m	threadid 127263144108480 -> hwthread 118 - OK[0m[1;34m
[0m[1;34m	threadid 127263135707712 -> hwthread 119 - OK[0m[1;34m
[0m[1;34m	threadid 127263127306944 -> hwthread 120 - OK[0m[1;34m
[0m[1;34m	threadid 127263118906176 -> hwthread 121 - OK[0m[1;34m
[0m[1;34m	threadid 127262632440768 -> hwthread 122 - OK[0m[1;34m
[0m[1;34m	threadid 127262624040000 -> hwthread 123 - OK[0m[1;34m
[0m[1;34m	threadid 127262615639232 -> hwthread 124 - OK[0m[1;34m
[0m[1;34m	threadid 127262607238464 -> hwthread 125 - OK[0m[1;34m
[0m[1;34m	threadid 127262598837696 -> hwthread 126 - OK[0m[1;34m
[0m[1;34m	threadid 127262590436928 -> hwthread 127 - OK[0m[1;34m
[0mrandom wtime: 6.341468276004889
tt_from_dense wtime: 173.693459823
tt_from_dense wtime: 169.7173298370035
INFO: You are running LIKWID in a cpuset with 64 CPUs. Taking given IDs as logical ID in cpuset
[1;34m[pthread wrapper] 
[0m[1;34m[pthread wrapper] MAIN -> 64
[0m[1;34m[pthread wrapper] PIN_MASK: [0m[1;34m0->65  [0m[1;34m1->66  [0m[1;34m2->67  [0m[1;34m3->68  [0m[1;34m4->69  [0m[1;34m5->70  [0m[1;34m6->71  [0m[1;34m7->72  [0m[1;34m8->73  [0m[1;34m9->74  [0m[1;34m10->75  [0m[1;34m11->76  [0m[1;34m12->77  [0m[1;34m13->78  [0m[1;34m14->79  [0m[1;34m15->80  [0m[1;34m16->81  [0m[1;34m17->82  [0m[1;34m18->83  [0m[1;34m19->84  [0m[1;34m20->85  [0m[1;34m21->86  [0m[1;34m22->87  [0m[1;34m23->88  [0m[1;34m24->89  [0m[1;34m25->90  [0m[1;34m26->91  [0m[1;34m27->92  [0m[1;34m28->93  [0m[1;34m29->94  [0m[1;34m30->95  [0m[1;34m31->96  [0m[1;34m32->97  [0m[1;34m33->98  [0m[1;34m34->99  [0m[1;34m35->100  [0m[1;34m36->101  [0m[1;34m37->102  [0m[1;34m38->103  [0m[1;34m39->104  [0m[1;34m40->105  [0m[1;34m41->106  [0m[1;34m42->107  [0m[1;34m43->108  [0m[1;34m44->109  [0m[1;34m45->110  [0m[1;34m46->111  [0m[1;34m47->112  [0m[1;34m48->113  [0m[1;34m49->114  [0m[1;34m50->115  [0m[1;34m51->116  [0m[1;34m52->117  [0m[1;34m53->118  [0m[1;34m54->119  [0m[1;34m55->120  [0m[1;34m56->121  [0m[1;34m57->122  [0m[1;34m58->123  [0m[1;34m59->124  [0m[1;34m60->125  [0m[1;34m61->126  [0m[1;34m62->127  [0m[1;34m
[pthread wrapper] SKIP MASK: 0x0
[0m[1;34m	threadid 134829712582464 -> hwthread 65 - OK[0m[1;34m
[0m[1;34m	threadid 134829704185792 -> hwthread 66 - OK[0m[1;34m
[0m[1;34m	threadid 134829626615872 -> hwthread 67 - OK[0m[1;34m
[0m[1;34m	threadid 134829618219200 -> hwthread 68 - OK[0m[1;34m
[0m[1;34m	threadid 134829609822528 -> hwthread 69 - OK[0m[1;34m
[0m[1;34m	threadid 134829601425856 -> hwthread 70 - OK[0m[1;34m
[0m[1;34m	threadid 134829593029184 -> hwthread 71 - OK[0m[1;34m
[0m[1;34m	threadid 134829584632512 -> hwthread 72 - OK[0m[1;34m
[0m[1;34m	threadid 134829576235840 -> hwthread 73 - OK[0m[1;34m
[0m[1;34m	threadid 134829022636992 -> hwthread 74 - OK[0m[1;34m
[0m[1;34m	threadid 134829014240320 -> hwthread 75 - OK[0m[1;34m
[0m[1;34m	threadid 134829005843648 -> hwthread 76 - OK[0m[1;34m
[0m[1;34m	threadid 134828997446976 -> hwthread 77 - OK[0m[1;34m
[0m[1;34m	threadid 134828989050304 -> hwthread 78 - OK[0m[1;34m
[0m[1;34m	threadid 134828980653632 -> hwthread 79 - OK[0m[1;34m
[0m[1;34m	threadid 134828972256960 -> hwthread 80 - OK[0m[1;34m
[0m[1;34m	threadid 134828485766976 -> hwthread 81 - OK[0m[1;34m
[0m[1;34m	threadid 134828477370304 -> hwthread 82 - OK[0m[1;34m
[0m[1;34m	threadid 134828468973632 -> hwthread 83 - OK[0m[1;34m
[0m[1;34m	threadid 134828460576960 -> hwthread 84 - OK[0m[1;34m
[0m[1;34m	threadid 134828452180288 -> hwthread 85 - OK[0m[1;34m
[0m[1;34m	threadid 134828443783616 -> hwthread 86 - OK[0m[1;34m
[0m[1;34m	threadid 134828435386944 -> hwthread 87 - OK[0m[1;34m
[0m[1;34m	threadid 134827948896960 -> hwthread 88 - OK[0m[1;34m
[0m[1;34m	threadid 134827940500288 -> hwthread 89 - OK[0m[1;34m
[0m[1;34m	threadid 134827932103616 -> hwthread 90 - OK[0m[1;34m
[0m[1;34m	threadid 134827923706944 -> hwthread 91 - OK[0m[1;34m
[0m[1;34m	threadid 134827915310272 -> hwthread 92 - OK[0m[1;34m
[0m[1;34m	threadid 134827906913600 -> hwthread 93 - OK[0m[1;34m
[0m[1;34m	threadid 134827898516928 -> hwthread 94 - OK[0m[1;34m
[0m[1;34m	threadid 134827412026944 -> hwthread 95 - OK[0m[1;34m
[0m[1;34m	threadid 134827403630272 -> hwthread 96 - OK[0m[1;34m
[0m[1;34m	threadid 134827395229504 -> hwthread 97 - OK[0m[1;34m
[0m[1;34m	threadid 134827386828736 -> hwthread 98 - OK[0m[1;34m
[0m[1;34m	threadid 134827378427968 -> hwthread 99 - OK[0m[1;34m
[0m[1;34m	threadid 134827370027200 -> hwthread 100 - OK[0m[1;34m
[0m[1;34m	threadid 134827361626432 -> hwthread 101 - OK[0m[1;34m
[0m[1;34m	threadid 134826875152832 -> hwthread 102 - OK[0m[1;34m
[0m[1;34m	threadid 134826866752064 -> hwthread 103 - OK[0m[1;34m
[0m[1;34m	threadid 134826858351296 -> hwthread 104 - OK[0m[1;34m
[0m[1;34m	threadid 134826849950528 -> hwthread 105 - OK[0m[1;34m
[0m[1;34m	threadid 134826841549760 -> hwthread 106 - OK[0m[1;34m
[0m[1;34m	threadid 134826833148992 -> hwthread 107 - OK[0m[1;34m
[0m[1;34m	threadid 134826824748224 -> hwthread 108 - OK[0m[1;34m
[0m[1;34m	threadid 134826338282816 -> hwthread 109 - OK[0m[1;34m
[0m[1;34m	threadid 134826329882048 -> hwthread 110 - OK[0m[1;34m
[0m[1;34m	threadid 134826321481280 -> hwthread 111 - OK[0m[1;34m
[0m[1;34m	threadid 134826313080512 -> hwthread 112 - OK[0m[1;34m
[0m[1;34m	threadid 134826304679744 -> hwthread 113 - OK[0m[1;34m
[0m[1;34m	threadid 134826296278976 -> hwthread 114 - OK[0m[1;34m
[0m[1;34m	threadid 134826287878208 -> hwthread 115 - OK[0m[1;34m
[0m[1;34m	threadid 134825801412800 -> hwthread 116 - OK[0m[1;34m
[0m[1;34m	threadid 134825793012032 -> hwthread 117 - OK[0m[1;34m
[0m[1;34m	threadid 134825784611264 -> hwthread 118 - OK[0m[1;34m
[0m[1;34m	threadid 134825776210496 -> hwthread 119 - OK[0m[1;34m
[0m[1;34m	threadid 134825767809728 -> hwthread 120 - OK[0m[1;34m
[0m[1;34m	threadid 134825759408960 -> hwthread 121 - OK[0m[1;34m
[0m[1;34m	threadid 134825751008192 -> hwthread 122 - OK[0m[1;34m
[0m[1;34m	threadid 134825264542784 -> hwthread 123 - OK[0m[1;34m
[0m[1;34m	threadid 134825256142016 -> hwthread 124 - OK[0m[1;34m
[0m[1;34m	threadid 134825247741248 -> hwthread 125 - OK[0m[1;34m
[0m[1;34m	threadid 134825239340480 -> hwthread 126 - OK[0m[1;34m
[0m[1;34m	threadid 134825230939712 -> hwthread 127 - OK[0m[1;34m
[0mrandom wtime: 6.369629954991979
tt_from_dense wtime: 192.99385609899764
tt_from_dense wtime: 187.62920745598967
INFO: You are running LIKWID in a cpuset with 64 CPUs. Taking given IDs as logical ID in cpuset
[1;34m[pthread wrapper] 
[0m[1;34m[pthread wrapper] MAIN -> 64
[0m[1;34m[pthread wrapper] PIN_MASK: [0m[1;34m0->65  [0m[1;34m1->66  [0m[1;34m2->67  [0m[1;34m3->68  [0m[1;34m4->69  [0m[1;34m5->70  [0m[1;34m6->71  [0m[1;34m7->72  [0m[1;34m8->73  [0m[1;34m9->74  [0m[1;34m10->75  [0m[1;34m11->76  [0m[1;34m12->77  [0m[1;34m13->78  [0m[1;34m14->79  [0m[1;34m15->80  [0m[1;34m16->81  [0m[1;34m17->82  [0m[1;34m18->83  [0m[1;34m19->84  [0m[1;34m20->85  [0m[1;34m21->86  [0m[1;34m22->87  [0m[1;34m23->88  [0m[1;34m24->89  [0m[1;34m25->90  [0m[1;34m26->91  [0m[1;34m27->92  [0m[1;34m28->93  [0m[1;34m29->94  [0m[1;34m30->95  [0m[1;34m31->96  [0m[1;34m32->97  [0m[1;34m33->98  [0m[1;34m34->99  [0m[1;34m35->100  [0m[1;34m36->101  [0m[1;34m37->102  [0m[1;34m38->103  [0m[1;34m39->104  [0m[1;34m40->105  [0m[1;34m41->106  [0m[1;34m42->107  [0m[1;34m43->108  [0m[1;34m44->109  [0m[1;34m45->110  [0m[1;34m46->111  [0m[1;34m47->112  [0m[1;34m48->113  [0m[1;34m49->114  [0m[1;34m50->115  [0m[1;34m51->116  [0m[1;34m52->117  [0m[1;34m53->118  [0m[1;34m54->119  [0m[1;34m55->120  [0m[1;34m56->121  [0m[1;34m57->122  [0m[1;34m58->123  [0m[1;34m59->124  [0m[1;34m60->125  [0m[1;34m61->126  [0m[1;34m62->127  [0m[1;34m
[pthread wrapper] SKIP MASK: 0x0
[0m[1;34m	threadid 124624903841600 -> hwthread 65 - OK[0m[1;34m
[0m[1;34m	threadid 124624895444928 -> hwthread 66 - OK[0m[1;34m
[0m[1;34m	threadid 124624887048256 -> hwthread 67 - OK[0m[1;34m
[0m[1;34m	threadid 124624878651584 -> hwthread 68 - OK[0m[1;34m
[0m[1;34m	threadid 124624870254912 -> hwthread 69 - OK[0m[1;34m
[0m[1;34m	threadid 124624861858240 -> hwthread 70 - OK[0m[1;34m
[0m[1;34m	threadid 124624515885632 -> hwthread 71 - OK[0m[1;34m
[0m[1;34m	threadid 124624507488960 -> hwthread 72 - OK[0m[1;34m
[0m[1;34m	threadid 124624499092288 -> hwthread 73 - OK[0m[1;34m
[0m[1;34m	threadid 124624490695616 -> hwthread 74 - OK[0m[1;34m
[0m[1;34m	threadid 124624482298944 -> hwthread 75 - OK[0m[1;34m
[0m[1;34m	threadid 124624473902272 -> hwthread 76 - OK[0m[1;34m
[0m[1;34m	threadid 124624465505600 -> hwthread 77 - OK[0m[1;34m
[0m[1;34m	threadid 124623911906752 -> hwthread 78 - OK[0m[1;34m
[0m[1;34m	threadid 124623903510080 -> hwthread 79 - OK[0m[1;34m
[0m[1;34m	threadid 124623895113408 -> hwthread 80 - OK[0m[1;34m
[0m[1;34m	threadid 124623886716736 -> hwthread 81 - OK[0m[1;34m
[0m[1;34m	threadid 124623878320064 -> hwthread 82 - OK[0m[1;34m
[0m[1;34m	threadid 124623869923392 -> hwthread 83 - OK[0m[1;34m
[0m[1;34m	threadid 124623861526720 -> hwthread 84 - OK[0m[1;34m
[0m[1;34m	threadid 124623375036736 -> hwthread 85 - OK[0m[1;34m
[0m[1;34m	threadid 124623366640064 -> hwthread 86 - OK[0m[1;34m
[0m[1;34m	threadid 124623358243392 -> hwthread 87 - OK[0m[1;34m
[0m[1;34m	threadid 124623349846720 -> hwthread 88 - OK[0m[1;34m
[0m[1;34m	threadid 124623341450048 -> hwthread 89 - OK[0m[1;34m
[0m[1;34m	threadid 124623333053376 -> hwthread 90 - OK[0m[1;34m
[0m[1;34m	threadid 124623324656704 -> hwthread 91 - OK[0m[1;34m
[0m[1;34m	threadid 124622838166720 -> hwthread 92 - OK[0m[1;34m
[0m[1;34m	threadid 124622829770048 -> hwthread 93 - OK[0m[1;34m
[0m[1;34m	threadid 124622821373376 -> hwthread 94 - OK[0m[1;34m
[0m[1;34m	threadid 124622812976704 -> hwthread 95 - OK[0m[1;34m
[0m[1;34m	threadid 124622804580032 -> hwthread 96 - OK[0m[1;34m
[0m[1;34m	threadid 124622796179264 -> hwthread 97 - OK[0m[1;34m
[0m[1;34m	threadid 124622787778496 -> hwthread 98 - OK[0m[1;34m
[0m[1;34m	threadid 124622301292608 -> hwthread 99 - OK[0m[1;34m
[0m[1;34m	threadid 124622292891840 -> hwthread 100 - OK[0m[1;34m
[0m[1;34m	threadid 124622284491072 -> hwthread 101 - OK[0m[1;34m
[0m[1;34m	threadid 124622276090304 -> hwthread 102 - OK[0m[1;34m
[0m[1;34m	threadid 124622267689536 -> hwthread 103 - OK[0m[1;34m
[0m[1;34m	threadid 124622259288768 -> hwthread 104 - OK[0m[1;34m
[0m[1;34m	threadid 124622250888000 -> hwthread 105 - OK[0m[1;34m
[0m[1;34m	threadid 124621764422592 -> hwthread 106 - OK[0m[1;34m
[0m[1;34m	threadid 124621756021824 -> hwthread 107 - OK[0m[1;34m
[0m[1;34m	threadid 124621747621056 -> hwthread 108 - OK[0m[1;34m
[0m[1;34m	threadid 124621739220288 -> hwthread 109 - OK[0m[1;34m
[0m[1;34m	threadid 124621730819520 -> hwthread 110 - OK[0m[1;34m
[0m[1;34m	threadid 124621722418752 -> hwthread 111 - OK[0m[1;34m
[0m[1;34m	threadid 124621714017984 -> hwthread 112 - OK[0m[1;34m
[0m[1;34m	threadid 124621227552576 -> hwthread 113 - OK[0m[1;34m
[0m[1;34m	threadid 124621219151808 -> hwthread 114 - OK[0m[1;34m
[0m[1;34m	threadid 124621210751040 -> hwthread 115 - OK[0m[1;34m
[0m[1;34m	threadid 124621202350272 -> hwthread 116 - OK[0m[1;34m
[0m[1;34m	threadid 124621193949504 -> hwthread 117 - OK[0m[1;34m
[0m[1;34m	threadid 124621185548736 -> hwthread 118 - OK[0m[1;34m
[0m[1;34m	threadid 124621177147968 -> hwthread 119 - OK[0m[1;34m
[0m[1;34m	threadid 124620690682560 -> hwthread 120 - OK[0m[1;34m
[0m[1;34m	threadid 124620682281792 -> hwthread 121 - OK[0m[1;34m
[0m[1;34m	threadid 124620673881024 -> hwthread 122 - OK[0m[1;34m
[0m[1;34m	threadid 124620665480256 -> hwthread 123 - OK[0m[1;34m
[0m[1;34m	threadid 124620657079488 -> hwthread 124 - OK[0m[1;34m
[0m[1;34m	threadid 124620648678720 -> hwthread 125 - OK[0m[1;34m
[0m[1;34m	threadid 124620640277952 -> hwthread 126 - OK[0m[1;34m
[0m[1;34m	threadid 124620153812544 -> hwthread 127 - OK[0m[1;34m
[0mrandom wtime: 6.362217753994628
tt_from_dense wtime: 219.66250756000227
tt_from_dense wtime: 217.599548623999
INFO: You are running LIKWID in a cpuset with 64 CPUs. Taking given IDs as logical ID in cpuset
[1;34m[pthread wrapper] 
[0m[1;34m[pthread wrapper] MAIN -> 64
[0m[1;34m[pthread wrapper] PIN_MASK: [0m[1;34m0->65  [0m[1;34m1->66  [0m[1;34m2->67  [0m[1;34m3->68  [0m[1;34m4->69  [0m[1;34m5->70  [0m[1;34m6->71  [0m[1;34m7->72  [0m[1;34m8->73  [0m[1;34m9->74  [0m[1;34m10->75  [0m[1;34m11->76  [0m[1;34m12->77  [0m[1;34m13->78  [0m[1;34m14->79  [0m[1;34m15->80  [0m[1;34m16->81  [0m[1;34m17->82  [0m[1;34m18->83  [0m[1;34m19->84  [0m[1;34m20->85  [0m[1;34m21->86  [0m[1;34m22->87  [0m[1;34m23->88  [0m[1;34m24->89  [0m[1;34m25->90  [0m[1;34m26->91  [0m[1;34m27->92  [0m[1;34m28->93  [0m[1;34m29->94  [0m[1;34m30->95  [0m[1;34m31->96  [0m[1;34m32->97  [0m[1;34m33->98  [0m[1;34m34->99  [0m[1;34m35->100  [0m[1;34m36->101  [0m[1;34m37->102  [0m[1;34m38->103  [0m[1;34m39->104  [0m[1;34m40->105  [0m[1;34m41->106  [0m[1;34m42->107  [0m[1;34m43->108  [0m[1;34m44->109  [0m[1;34m45->110  [0m[1;34m46->111  [0m[1;34m47->112  [0m[1;34m48->113  [0m[1;34m49->114  [0m[1;34m50->115  [0m[1;34m51->116  [0m[1;34m52->117  [0m[1;34m53->118  [0m[1;34m54->119  [0m[1;34m55->120  [0m[1;34m56->121  [0m[1;34m57->122  [0m[1;34m58->123  [0m[1;34m59->124  [0m[1;34m60->125  [0m[1;34m61->126  [0m[1;34m62->127  [0m[1;34m
[pthread wrapper] SKIP MASK: 0x0
[0m[1;34m	threadid 138129946158912 -> hwthread 65 - OK[0m[1;34m
[0m[1;34m	threadid 138129937762240 -> hwthread 66 - OK[0m[1;34m
[0m[1;34m	threadid 138129929365568 -> hwthread 67 - OK[0m[1;34m
[0m[1;34m	threadid 138129920968896 -> hwthread 68 - OK[0m[1;34m
[0m[1;34m	threadid 138129705003328 -> hwthread 69 - OK[0m[1;34m
[0m[1;34m	threadid 138129696606656 -> hwthread 70 - OK[0m[1;34m
[0m[1;34m	threadid 138129688209984 -> hwthread 71 - OK[0m[1;34m
[0m[1;34m	threadid 138129679813312 -> hwthread 72 - OK[0m[1;34m
[0m[1;34m	threadid 138129671416640 -> hwthread 73 - OK[0m[1;34m
[0m[1;34m	threadid 138129663019968 -> hwthread 74 - OK[0m[1;34m
[0m[1;34m	threadid 138129654623296 -> hwthread 75 - OK[0m[1;34m
[0m[1;34m	threadid 138129101024448 -> hwthread 76 - OK[0m[1;34m
[0m[1;34m	threadid 138129092627776 -> hwthread 77 - OK[0m[1;34m
[0m[1;34m	threadid 138129084231104 -> hwthread 78 - OK[0m[1;34m
[0m[1;34m	threadid 138129075834432 -> hwthread 79 - OK[0m[1;34m
[0m[1;34m	threadid 138129067437760 -> hwthread 80 - OK[0m[1;34m
[0m[1;34m	threadid 138129059041088 -> hwthread 81 - OK[0m[1;34m
[0m[1;34m	threadid 138129050644416 -> hwthread 82 - OK[0m[1;34m
[0m[1;34m	threadid 138128564154432 -> hwthread 83 - OK[0m[1;34m
[0m[1;34m	threadid 138128555757760 -> hwthread 84 - OK[0m[1;34m
[0m[1;34m	threadid 138128547361088 -> hwthread 85 - OK[0m[1;34m
[0m[1;34m	threadid 138128538964416 -> hwthread 86 - OK[0m[1;34m
[0m[1;34m	threadid 138128530567744 -> hwthread 87 - OK[0m[1;34m
[0m[1;34m	threadid 138128522171072 -> hwthread 88 - OK[0m[1;34m
[0m[1;34m	threadid 138128513774400 -> hwthread 89 - OK[0m[1;34m
[0m[1;34m	threadid 138128027284416 -> hwthread 90 - OK[0m[1;34m
[0m[1;34m	threadid 138128018887744 -> hwthread 91 - OK[0m[1;34m
[0m[1;34m	threadid 138128010491072 -> hwthread 92 - OK[0m[1;34m
[0m[1;34m	threadid 138128002094400 -> hwthread 93 - OK[0m[1;34m
[0m[1;34m	threadid 138127993697728 -> hwthread 94 - OK[0m[1;34m
[0m[1;34m	threadid 138127985301056 -> hwthread 95 - OK[0m[1;34m
[0m[1;34m	threadid 138127976904384 -> hwthread 96 - OK[0m[1;34m
[0m[1;34m	threadid 138127490410304 -> hwthread 97 - OK[0m[1;34m
[0m[1;34m	threadid 138127482009536 -> hwthread 98 - OK[0m[1;34m
[0m[1;34m	threadid 138127473608768 -> hwthread 99 - OK[0m[1;34m
[0m[1;34m	threadid 138127465208000 -> hwthread 100 - OK[0m[1;34m
[0m[1;34m	threadid 138127456807232 -> hwthread 101 - OK[0m[1;34m
[0m[1;34m	threadid 138127448406464 -> hwthread 102 - OK[0m[1;34m
[0m[1;34m	threadid 138127440005696 -> hwthread 103 - OK[0m[1;34m
[0m[1;34m	threadid 138126953540288 -> hwthread 104 - OK[0m[1;34m
[0m[1;34m	threadid 138126945139520 -> hwthread 105 - OK[0m[1;34m
[0m[1;34m	threadid 138126936738752 -> hwthread 106 - OK[0m[1;34m
[0m[1;34m	threadid 138126928337984 -> hwthread 107 - OK[0m[1;34m
[0m[1;34m	threadid 138126919937216 -> hwthread 108 - OK[0m[1;34m
[0m[1;34m	threadid 138126911536448 -> hwthread 109 - OK[0m[1;34m
[0m[1;34m	threadid 138126903135680 -> hwthread 110 - OK[0m[1;34m
[0m[1;34m	threadid 138126416670272 -> hwthread 111 - OK[0m[1;34m
[0m[1;34m	threadid 138126408269504 -> hwthread 112 - OK[0m[1;34m
[0m[1;34m	threadid 138126399868736 -> hwthread 113 - OK[0m[1;34m
[0m[1;34m	threadid 138126391467968 -> hwthread 114 - OK[0m[1;34m
[0m[1;34m	threadid 138126383067200 -> hwthread 115 - OK[0m[1;34m
[0m[1;34m	threadid 138126374666432 -> hwthread 116 - OK[0m[1;34m
[0m[1;34m	threadid 138126366265664 -> hwthread 117 - OK[0m[1;34m
[0m[1;34m	threadid 138125879800256 -> hwthread 118 - OK[0m[1;34m
[0m[1;34m	threadid 138125871399488 -> hwthread 119 - OK[0m[1;34m
[0m[1;34m	threadid 138125862998720 -> hwthread 120 - OK[0m[1;34m
[0m[1;34m	threadid 138125854597952 -> hwthread 121 - OK[0m[1;34m
[0m[1;34m	threadid 138125846197184 -> hwthread 122 - OK[0m[1;34m
[0m[1;34m	threadid 138125837796416 -> hwthread 123 - OK[0m[1;34m
[0m[1;34m	threadid 138125829395648 -> hwthread 124 - OK[0m[1;34m
[0m[1;34m	threadid 138125342930240 -> hwthread 125 - OK[0m[1;34m
[0m[1;34m	threadid 138125334529472 -> hwthread 126 - OK[0m[1;34m
[0m[1;34m	threadid 138125326128704 -> hwthread 127 - OK[0m[1;34m
[0mrandom wtime: 6.358033815005911
tt_from_dense wtime: 243.06725354299124
tt_from_dense wtime: 238.2188674170029
INFO: You are running LIKWID in a cpuset with 64 CPUs. Taking given IDs as logical ID in cpuset
[1;34m[pthread wrapper] 
[0m[1;34m[pthread wrapper] MAIN -> 64
[0m[1;34m[pthread wrapper] PIN_MASK: [0m[1;34m0->65  [0m[1;34m1->66  [0m[1;34m2->67  [0m[1;34m3->68  [0m[1;34m4->69  [0m[1;34m5->70  [0m[1;34m6->71  [0m[1;34m7->72  [0m[1;34m8->73  [0m[1;34m9->74  [0m[1;34m10->75  [0m[1;34m11->76  [0m[1;34m12->77  [0m[1;34m13->78  [0m[1;34m14->79  [0m[1;34m15->80  [0m[1;34m16->81  [0m[1;34m17->82  [0m[1;34m18->83  [0m[1;34m19->84  [0m[1;34m20->85  [0m[1;34m21->86  [0m[1;34m22->87  [0m[1;34m23->88  [0m[1;34m24->89  [0m[1;34m25->90  [0m[1;34m26->91  [0m[1;34m27->92  [0m[1;34m28->93  [0m[1;34m29->94  [0m[1;34m30->95  [0m[1;34m31->96  [0m[1;34m32->97  [0m[1;34m33->98  [0m[1;34m34->99  [0m[1;34m35->100  [0m[1;34m36->101  [0m[1;34m37->102  [0m[1;34m38->103  [0m[1;34m39->104  [0m[1;34m40->105  [0m[1;34m41->106  [0m[1;34m42->107  [0m[1;34m43->108  [0m[1;34m44->109  [0m[1;34m45->110  [0m[1;34m46->111  [0m[1;34m47->112  [0m[1;34m48->113  [0m[1;34m49->114  [0m[1;34m50->115  [0m[1;34m51->116  [0m[1;34m52->117  [0m[1;34m53->118  [0m[1;34m54->119  [0m[1;34m55->120  [0m[1;34m56->121  [0m[1;34m57->122  [0m[1;34m58->123  [0m[1;34m59->124  [0m[1;34m60->125  [0m[1;34m61->126  [0m[1;34m62->127  [0m[1;34m
[pthread wrapper] SKIP MASK: 0x0
[0m[1;34m	threadid 134288392566592 -> hwthread 65 - OK[0m[1;34m
[0m[1;34m	threadid 134288384169920 -> hwthread 66 - OK[0m[1;34m
[0m[1;34m	threadid 134288375773248 -> hwthread 67 - OK[0m[1;34m
[0m[1;34m	threadid 134288367376576 -> hwthread 68 - OK[0m[1;34m
[0m[1;34m	threadid 134288358979904 -> hwthread 69 - OK[0m[1;34m
[0m[1;34m	threadid 134288350583232 -> hwthread 70 - OK[0m[1;34m
[0m[1;34m	threadid 134288342186560 -> hwthread 71 - OK[0m[1;34m
[0m[1;34m	threadid 134287856757440 -> hwthread 72 - OK[0m[1;34m
[0m[1;34m	threadid 134287848360768 -> hwthread 73 - OK[0m[1;34m
[0m[1;34m	threadid 134287839964096 -> hwthread 74 - OK[0m[1;34m
[0m[1;34m	threadid 134287831567424 -> hwthread 75 - OK[0m[1;34m
[0m[1;34m	threadid 134287823170752 -> hwthread 76 - OK[0m[1;34m
[0m[1;34m	threadid 134287814774080 -> hwthread 77 - OK[0m[1;34m
[0m[1;34m	threadid 134287806377408 -> hwthread 78 - OK[0m[1;34m
[0m[1;34m	threadid 134287319887424 -> hwthread 79 - OK[0m[1;34m
[0m[1;34m	threadid 134287311490752 -> hwthread 80 - OK[0m[1;34m
[0m[1;34m	threadid 134287303094080 -> hwthread 81 - OK[0m[1;34m
[0m[1;34m	threadid 134287294697408 -> hwthread 82 - OK[0m[1;34m
[0m[1;34m	threadid 134287286300736 -> hwthread 83 - OK[0m[1;34m
[0m[1;34m	threadid 134287277904064 -> hwthread 84 - OK[0m[1;34m
[0m[1;34m	threadid 134287269507392 -> hwthread 85 - OK[0m[1;34m
[0m[1;34m	threadid 134286783017408 -> hwthread 86 - OK[0m[1;34m
[0m[1;34m	threadid 134286774620736 -> hwthread 87 - OK[0m[1;34m
[0m[1;34m	threadid 134286766224064 -> hwthread 88 - OK[0m[1;34m
[0m[1;34m	threadid 134286757827392 -> hwthread 89 - OK[0m[1;34m
[0m[1;34m	threadid 134286749430720 -> hwthread 90 - OK[0m[1;34m
[0m[1;34m	threadid 134286741034048 -> hwthread 91 - OK[0m[1;34m
[0m[1;34m	threadid 134286732637376 -> hwthread 92 - OK[0m[1;34m
[0m[1;34m	threadid 134286246147392 -> hwthread 93 - OK[0m[1;34m
[0m[1;34m	threadid 134286237750720 -> hwthread 94 - OK[0m[1;34m
[0m[1;34m	threadid 134286229354048 -> hwthread 95 - OK[0m[1;34m
[0m[1;34m	threadid 134286220957376 -> hwthread 96 - OK[0m[1;34m
[0m[1;34m	threadid 134286212556608 -> hwthread 97 - OK[0m[1;34m
[0m[1;34m	threadid 134286204155840 -> hwthread 98 - OK[0m[1;34m
[0m[1;34m	threadid 134286195755072 -> hwthread 99 - OK[0m[1;34m
[0m[1;34m	threadid 134285709273280 -> hwthread 100 - OK[0m[1;34m
[0m[1;34m	threadid 134285700872512 -> hwthread 101 - OK[0m[1;34m
[0m[1;34m	threadid 134285692471744 -> hwthread 102 - OK[0m[1;34m
[0m[1;34m	threadid 134285684070976 -> hwthread 103 - OK[0m[1;34m
[0m[1;34m	threadid 134285675670208 -> hwthread 104 - OK[0m[1;34m
[0m[1;34m	threadid 134285667269440 -> hwthread 105 - OK[0m[1;34m
[0m[1;34m	threadid 134285658868672 -> hwthread 106 - OK[0m[1;34m
[0m[1;34m	threadid 134285172403264 -> hwthread 107 - OK[0m[1;34m
[0m[1;34m	threadid 134285164002496 -> hwthread 108 - OK[0m[1;34m
[0m[1;34m	threadid 134285155601728 -> hwthread 109 - OK[0m[1;34m
[0m[1;34m	threadid 134285147200960 -> hwthread 110 - OK[0m[1;34m
[0m[1;34m	threadid 134285138800192 -> hwthread 111 - OK[0m[1;34m
[0m[1;34m	threadid 134285130399424 -> hwthread 112 - OK[0m[1;34m
[0m[1;34m	threadid 134285121998656 -> hwthread 113 - OK[0m[1;34m
[0m[1;34m	threadid 134284635533248 -> hwthread 114 - OK[0m[1;34m
[0m[1;34m	threadid 134284627132480 -> hwthread 115 - OK[0m[1;34m
[0m[1;34m	threadid 134284618731712 -> hwthread 116 - OK[0m[1;34m
[0m[1;34m	threadid 134284610330944 -> hwthread 117 - OK[0m[1;34m
[0m[1;34m	threadid 134284601930176 -> hwthread 118 - OK[0m[1;34m
[0m[1;34m	threadid 134284593529408 -> hwthread 119 - OK[0m[1;34m
[0m[1;34m	threadid 134284585128640 -> hwthread 120 - OK[0m[1;34m
[0m[1;34m	threadid 134284098663232 -> hwthread 121 - OK[0m[1;34m
[0m[1;34m	threadid 134284090262464 -> hwthread 122 - OK[0m[1;34m
[0m[1;34m	threadid 134284081861696 -> hwthread 123 - OK[0m[1;34m
[0m[1;34m	threadid 134284073460928 -> hwthread 124 - OK[0m[1;34m
[0m[1;34m	threadid 134284065060160 -> hwthread 125 - OK[0m[1;34m
[0m[1;34m	threadid 134284056659392 -> hwthread 126 - OK[0m[1;34m
[0m[1;34m	threadid 134284048258624 -> hwthread 127 - OK[0m[1;34m
[0mrandom wtime: 6.400394668002264
tt_from_dense wtime: 257.5627537120017
tt_from_dense wtime: 253.6886990310013
INFO: You are running LIKWID in a cpuset with 64 CPUs. Taking given IDs as logical ID in cpuset
[1;34m[pthread wrapper] 
[0m[1;34m[pthread wrapper] MAIN -> 64
[0m[1;34m[pthread wrapper] PIN_MASK: [0m[1;34m0->65  [0m[1;34m1->66  [0m[1;34m2->67  [0m[1;34m3->68  [0m[1;34m4->69  [0m[1;34m5->70  [0m[1;34m6->71  [0m[1;34m7->72  [0m[1;34m8->73  [0m[1;34m9->74  [0m[1;34m10->75  [0m[1;34m11->76  [0m[1;34m12->77  [0m[1;34m13->78  [0m[1;34m14->79  [0m[1;34m15->80  [0m[1;34m16->81  [0m[1;34m17->82  [0m[1;34m18->83  [0m[1;34m19->84  [0m[1;34m20->85  [0m[1;34m21->86  [0m[1;34m22->87  [0m[1;34m23->88  [0m[1;34m24->89  [0m[1;34m25->90  [0m[1;34m26->91  [0m[1;34m27->92  [0m[1;34m28->93  [0m[1;34m29->94  [0m[1;34m30->95  [0m[1;34m31->96  [0m[1;34m32->97  [0m[1;34m33->98  [0m[1;34m34->99  [0m[1;34m35->100  [0m[1;34m36->101  [0m[1;34m37->102  [0m[1;34m38->103  [0m[1;34m39->104  [0m[1;34m40->105  [0m[1;34m41->106  [0m[1;34m42->107  [0m[1;34m43->108  [0m[1;34m44->109  [0m[1;34m45->110  [0m[1;34m46->111  [0m[1;34m47->112  [0m[1;34m48->113  [0m[1;34m49->114  [0m[1;34m50->115  [0m[1;34m51->116  [0m[1;34m52->117  [0m[1;34m53->118  [0m[1;34m54->119  [0m[1;34m55->120  [0m[1;34m56->121  [0m[1;34m57->122  [0m[1;34m58->123  [0m[1;34m59->124  [0m[1;34m60->125  [0m[1;34m61->126  [0m[1;34m62->127  [0m[1;34m
[pthread wrapper] SKIP MASK: 0x0
[0m[1;34m	threadid 128378962163520 -> hwthread 65 - OK[0m[1;34m
[0m[1;34m	threadid 128378953766848 -> hwthread 66 - OK[0m[1;34m
[0m[1;34m	threadid 128378945370176 -> hwthread 67 - OK[0m[1;34m
[0m[1;34m	threadid 128378936973504 -> hwthread 68 - OK[0m[1;34m
[0m[1;34m	threadid 128378719955264 -> hwthread 69 - OK[0m[1;34m
[0m[1;34m	threadid 128378711558592 -> hwthread 70 - OK[0m[1;34m
[0m[1;34m	threadid 128378703161920 -> hwthread 71 - OK[0m[1;34m
[0m[1;34m	threadid 128378694765248 -> hwthread 72 - OK[0m[1;34m
[0m[1;34m	threadid 128378686368576 -> hwthread 73 - OK[0m[1;34m
[0m[1;34m	threadid 128378677971904 -> hwthread 74 - OK[0m[1;34m
[0m[1;34m	threadid 128378669575232 -> hwthread 75 - OK[0m[1;34m
[0m[1;34m	threadid 128378115976384 -> hwthread 76 - OK[0m[1;34m
[0m[1;34m	threadid 128378107579712 -> hwthread 77 - OK[0m[1;34m
[0m[1;34m	threadid 128378099183040 -> hwthread 78 - OK[0m[1;34m
[0m[1;34m	threadid 128378090786368 -> hwthread 79 - OK[0m[1;34m
[0m[1;34m	threadid 128378082389696 -> hwthread 80 - OK[0m[1;34m
[0m[1;34m	threadid 128378073993024 -> hwthread 81 - OK[0m[1;34m
[0m[1;34m	threadid 128378065596352 -> hwthread 82 - OK[0m[1;34m
[0m[1;34m	threadid 128377579106368 -> hwthread 83 - OK[0m[1;34m
[0m[1;34m	threadid 128377570709696 -> hwthread 84 - OK[0m[1;34m
[0m[1;34m	threadid 128377562313024 -> hwthread 85 - OK[0m[1;34m
[0m[1;34m	threadid 128377553916352 -> hwthread 86 - OK[0m[1;34m
[0m[1;34m	threadid 128377545519680 -> hwthread 87 - OK[0m[1;34m
[0m[1;34m	threadid 128377537123008 -> hwthread 88 - OK[0m[1;34m
[0m[1;34m	threadid 128377528726336 -> hwthread 89 - OK[0m[1;34m
[0m[1;34m	threadid 128377042236352 -> hwthread 90 - OK[0m[1;34m
[0m[1;34m	threadid 128377033839680 -> hwthread 91 - OK[0m[1;34m
[0m[1;34m	threadid 128377025443008 -> hwthread 92 - OK[0m[1;34m
[0m[1;34m	threadid 128377017046336 -> hwthread 93 - OK[0m[1;34m
[0m[1;34m	threadid 128377008649664 -> hwthread 94 - OK[0m[1;34m
[0m[1;34m	threadid 128377000252992 -> hwthread 95 - OK[0m[1;34m
[0m[1;34m	threadid 128376991856320 -> hwthread 96 - OK[0m[1;34m
[0m[1;34m	threadid 128376505362240 -> hwthread 97 - OK[0m[1;34m
[0m[1;34m	threadid 128376496961472 -> hwthread 98 - OK[0m[1;34m
[0m[1;34m	threadid 128376488560704 -> hwthread 99 - OK[0m[1;34m
[0m[1;34m	threadid 128376480159936 -> hwthread 100 - OK[0m[1;34m
[0m[1;34m	threadid 128376471759168 -> hwthread 101 - OK[0m[1;34m
[0m[1;34m	threadid 128376463358400 -> hwthread 102 - OK[0m[1;34m
[0m[1;34m	threadid 128376454957632 -> hwthread 103 - OK[0m[1;34m
[0m[1;34m	threadid 128375968492224 -> hwthread 104 - OK[0m[1;34m
[0m[1;34m	threadid 128375960091456 -> hwthread 105 - OK[0m[1;34m
[0m[1;34m	threadid 128375951690688 -> hwthread 106 - OK[0m[1;34m
[0m[1;34m	threadid 128375943289920 -> hwthread 107 - OK[0m[1;34m
[0m[1;34m	threadid 128375934889152 -> hwthread 108 - OK[0m[1;34m
[0m[1;34m	threadid 128375926488384 -> hwthread 109 - OK[0m[1;34m
[0m[1;34m	threadid 128375918087616 -> hwthread 110 - OK[0m[1;34m
[0m[1;34m	threadid 128375431622208 -> hwthread 111 - OK[0m[1;34m
[0m[1;34m	threadid 128375423221440 -> hwthread 112 - OK[0m[1;34m
[0m[1;34m	threadid 128375414820672 -> hwthread 113 - OK[0m[1;34m
[0m[1;34m	threadid 128375406419904 -> hwthread 114 - OK[0m[1;34m
[0m[1;34m	threadid 128375398019136 -> hwthread 115 - OK[0m[1;34m
[0m[1;34m	threadid 128375389618368 -> hwthread 116 - OK[0m[1;34m
[0m[1;34m	threadid 128375381217600 -> hwthread 117 - OK[0m[1;34m
[0m[1;34m	threadid 128374894752192 -> hwthread 118 - OK[0m[1;34m
[0m[1;34m	threadid 128374886351424 -> hwthread 119 - OK[0m[1;34m
[0m[1;34m	threadid 128374877950656 -> hwthread 120 - OK[0m[1;34m
[0m[1;34m	threadid 128374869549888 -> hwthread 121 - OK[0m[1;34m
[0m[1;34m	threadid 128374861149120 -> hwthread 122 - OK[0m[1;34m
[0m[1;34m	threadid 128374852748352 -> hwthread 123 - OK[0m[1;34m
[0m[1;34m	threadid 128374844347584 -> hwthread 124 - OK[0m[1;34m
[0m[1;34m	threadid 128374357882176 -> hwthread 125 - OK[0m[1;34m
[0m[1;34m	threadid 128374349481408 -> hwthread 126 - OK[0m[1;34m
[0m[1;34m	threadid 128374341080640 -> hwthread 127 - OK[0m[1;34m
[0mrandom wtime: 6.347828552999999
tt_from_dense wtime: 268.7704532140051
tt_from_dense wtime: 263.1611598830059
INFO: You are running LIKWID in a cpuset with 64 CPUs. Taking given IDs as logical ID in cpuset
[1;34m[pthread wrapper] 
[0m[1;34m[pthread wrapper] MAIN -> 64
[0m[1;34m[pthread wrapper] PIN_MASK: [0m[1;34m0->65  [0m[1;34m1->66  [0m[1;34m2->67  [0m[1;34m3->68  [0m[1;34m4->69  [0m[1;34m5->70  [0m[1;34m6->71  [0m[1;34m7->72  [0m[1;34m8->73  [0m[1;34m9->74  [0m[1;34m10->75  [0m[1;34m11->76  [0m[1;34m12->77  [0m[1;34m13->78  [0m[1;34m14->79  [0m[1;34m15->80  [0m[1;34m16->81  [0m[1;34m17->82  [0m[1;34m18->83  [0m[1;34m19->84  [0m[1;34m20->85  [0m[1;34m21->86  [0m[1;34m22->87  [0m[1;34m23->88  [0m[1;34m24->89  [0m[1;34m25->90  [0m[1;34m26->91  [0m[1;34m27->92  [0m[1;34m28->93  [0m[1;34m29->94  [0m[1;34m30->95  [0m[1;34m31->96  [0m[1;34m32->97  [0m[1;34m33->98  [0m[1;34m34->99  [0m[1;34m35->100  [0m[1;34m36->101  [0m[1;34m37->102  [0m[1;34m38->103  [0m[1;34m39->104  [0m[1;34m40->105  [0m[1;34m41->106  [0m[1;34m42->107  [0m[1;34m43->108  [0m[1;34m44->109  [0m[1;34m45->110  [0m[1;34m46->111  [0m[1;34m47->112  [0m[1;34m48->113  [0m[1;34m49->114  [0m[1;34m50->115  [0m[1;34m51->116  [0m[1;34m52->117  [0m[1;34m53->118  [0m[1;34m54->119  [0m[1;34m55->120  [0m[1;34m56->121  [0m[1;34m57->122  [0m[1;34m58->123  [0m[1;34m59->124  [0m[1;34m60->125  [0m[1;34m61->126  [0m[1;34m62->127  [0m[1;34m
[pthread wrapper] SKIP MASK: 0x0
[0m[1;34m	threadid 130500612040512 -> hwthread 65 - OK[0m[1;34m
[0m[1;34m	threadid 130500603643840 -> hwthread 66 - OK[0m[1;34m
[0m[1;34m	threadid 130500595247168 -> hwthread 67 - OK[0m[1;34m
[0m[1;34m	threadid 130500586850496 -> hwthread 68 - OK[0m[1;34m
[0m[1;34m	threadid 130500578453824 -> hwthread 69 - OK[0m[1;34m
[0m[1;34m	threadid 130500232473024 -> hwthread 70 - OK[0m[1;34m
[0m[1;34m	threadid 130500224076352 -> hwthread 71 - OK[0m[1;34m
[0m[1;34m	threadid 130500215679680 -> hwthread 72 - OK[0m[1;34m
[0m[1;34m	threadid 130500207283008 -> hwthread 73 - OK[0m[1;34m
[0m[1;34m	threadid 130500198886336 -> hwthread 74 - OK[0m[1;34m
[0m[1;34m	threadid 130500190489664 -> hwthread 75 - OK[0m[1;34m
[0m[1;34m	threadid 130500182092992 -> hwthread 76 - OK[0m[1;34m
[0m[1;34m	threadid 130499695603008 -> hwthread 77 - OK[0m[1;34m
[0m[1;34m	threadid 130499687206336 -> hwthread 78 - OK[0m[1;34m
[0m[1;34m	threadid 130499678809664 -> hwthread 79 - OK[0m[1;34m
[0m[1;34m	threadid 130499670412992 -> hwthread 80 - OK[0m[1;34m
[0m[1;34m	threadid 130499662016320 -> hwthread 81 - OK[0m[1;34m
[0m[1;34m	threadid 130499653619648 -> hwthread 82 - OK[0m[1;34m
[0m[1;34m	threadid 130499645222976 -> hwthread 83 - OK[0m[1;34m
[0m[1;34m	threadid 130499158732992 -> hwthread 84 - OK[0m[1;34m
[0m[1;34m	threadid 130499150336320 -> hwthread 85 - OK[0m[1;34m
[0m[1;34m	threadid 130499141939648 -> hwthread 86 - OK[0m[1;34m
[0m[1;34m	threadid 130499133542976 -> hwthread 87 - OK[0m[1;34m
[0m[1;34m	threadid 130499125146304 -> hwthread 88 - OK[0m[1;34m
[0m[1;34m	threadid 130499116749632 -> hwthread 89 - OK[0m[1;34m
[0m[1;34m	threadid 130499108352960 -> hwthread 90 - OK[0m[1;34m
[0m[1;34m	threadid 130498621862976 -> hwthread 91 - OK[0m[1;34m
[0m[1;34m	threadid 130498613466304 -> hwthread 92 - OK[0m[1;34m
[0m[1;34m	threadid 130498605069632 -> hwthread 93 - OK[0m[1;34m
[0m[1;34m	threadid 130498596672960 -> hwthread 94 - OK[0m[1;34m
[0m[1;34m	threadid 130498588276288 -> hwthread 95 - OK[0m[1;34m
[0m[1;34m	threadid 130498579879616 -> hwthread 96 - OK[0m[1;34m
[0m[1;34m	threadid 130498571478848 -> hwthread 97 - OK[0m[1;34m
[0m[1;34m	threadid 130498084988864 -> hwthread 98 - OK[0m[1;34m
[0m[1;34m	threadid 130498076588096 -> hwthread 99 - OK[0m[1;34m
[0m[1;34m	threadid 130498068187328 -> hwthread 100 - OK[0m[1;34m
[0m[1;34m	threadid 130498059786560 -> hwthread 101 - OK[0m[1;34m
[0m[1;34m	threadid 130498051385792 -> hwthread 102 - OK[0m[1;34m
[0m[1;34m	threadid 130498042985024 -> hwthread 103 - OK[0m[1;34m
[0m[1;34m	threadid 130498034584256 -> hwthread 104 - OK[0m[1;34m
[0m[1;34m	threadid 130497548118848 -> hwthread 105 - OK[0m[1;34m
[0m[1;34m	threadid 130497539718080 -> hwthread 106 - OK[0m[1;34m
[0m[1;34m	threadid 130497531317312 -> hwthread 107 - OK[0m[1;34m
[0m[1;34m	threadid 130497522916544 -> hwthread 108 - OK[0m[1;34m
[0m[1;34m	threadid 130497514515776 -> hwthread 109 - OK[0m[1;34m
[0m[1;34m	threadid 130497506115008 -> hwthread 110 - OK[0m[1;34m
[0m[1;34m	threadid 130497497714240 -> hwthread 111 - OK[0m[1;34m
[0m[1;34m	threadid 130497011248832 -> hwthread 112 - OK[0m[1;34m
[0m[1;34m	threadid 130497002848064 -> hwthread 113 - OK[0m[1;34m
[0m[1;34m	threadid 130496994447296 -> hwthread 114 - OK[0m[1;34m
[0m[1;34m	threadid 130496986046528 -> hwthread 115 - OK[0m[1;34m
[0m[1;34m	threadid 130496977645760 -> hwthread 116 - OK[0m[1;34m
[0m[1;34m	threadid 130496969244992 -> hwthread 117 - OK[0m[1;34m
[0m[1;34m	threadid 130496960844224 -> hwthread 118 - OK[0m[1;34m
[0m[1;34m	threadid 130496474378816 -> hwthread 119 - OK[0m[1;34m
[0m[1;34m	threadid 130496465978048 -> hwthread 120 - OK[0m[1;34m
[0m[1;34m	threadid 130496457577280 -> hwthread 121 - OK[0m[1;34m
[0m[1;34m	threadid 130496449176512 -> hwthread 122 - OK[0m[1;34m
[0m[1;34m	threadid 130496440775744 -> hwthread 123 - OK[0m[1;34m
[0m[1;34m	threadid 130496432374976 -> hwthread 124 - OK[0m[1;34m
[0m[1;34m	threadid 130496423974208 -> hwthread 125 - OK[0m[1;34m
[0m[1;34m	threadid 130495937508800 -> hwthread 126 - OK[0m[1;34m
[0m[1;34m	threadid 130495929108032 -> hwthread 127 - OK[0m[1;34m
[0mrandom wtime: 6.762149228990893
tt_from_dense wtime: 280.1857045790093
tt_from_dense wtime: 277.40627971300273
INFO: You are running LIKWID in a cpuset with 64 CPUs. Taking given IDs as logical ID in cpuset
[1;34m[pthread wrapper] 
[0m[1;34m[pthread wrapper] MAIN -> 64
[0m[1;34m[pthread wrapper] PIN_MASK: [0m[1;34m0->65  [0m[1;34m1->66  [0m[1;34m2->67  [0m[1;34m3->68  [0m[1;34m4->69  [0m[1;34m5->70  [0m[1;34m6->71  [0m[1;34m7->72  [0m[1;34m8->73  [0m[1;34m9->74  [0m[1;34m10->75  [0m[1;34m11->76  [0m[1;34m12->77  [0m[1;34m13->78  [0m[1;34m14->79  [0m[1;34m15->80  [0m[1;34m16->81  [0m[1;34m17->82  [0m[1;34m18->83  [0m[1;34m19->84  [0m[1;34m20->85  [0m[1;34m21->86  [0m[1;34m22->87  [0m[1;34m23->88  [0m[1;34m24->89  [0m[1;34m25->90  [0m[1;34m26->91  [0m[1;34m27->92  [0m[1;34m28->93  [0m[1;34m29->94  [0m[1;34m30->95  [0m[1;34m31->96  [0m[1;34m32->97  [0m[1;34m33->98  [0m[1;34m34->99  [0m[1;34m35->100  [0m[1;34m36->101  [0m[1;34m37->102  [0m[1;34m38->103  [0m[1;34m39->104  [0m[1;34m40->105  [0m[1;34m41->106  [0m[1;34m42->107  [0m[1;34m43->108  [0m[1;34m44->109  [0m[1;34m45->110  [0m[1;34m46->111  [0m[1;34m47->112  [0m[1;34m48->113  [0m[1;34m49->114  [0m[1;34m50->115  [0m[1;34m51->116  [0m[1;34m52->117  [0m[1;34m53->118  [0m[1;34m54->119  [0m[1;34m55->120  [0m[1;34m56->121  [0m[1;34m57->122  [0m[1;34m58->123  [0m[1;34m59->124  [0m[1;34m60->125  [0m[1;34m61->126  [0m[1;34m62->127  [0m[1;34m
[pthread wrapper] SKIP MASK: 0x0
[0m[1;34m	threadid 139217300596544 -> hwthread 65 - OK[0m[1;34m
[0m[1;34m	threadid 139217292199872 -> hwthread 66 - OK[0m[1;34m
[0m[1;34m	threadid 139217283803200 -> hwthread 67 - OK[0m[1;34m
[0m[1;34m	threadid 139217069926592 -> hwthread 68 - OK[0m[1;34m
[0m[1;34m	threadid 139217061529920 -> hwthread 69 - OK[0m[1;34m
[0m[1;34m	threadid 139217053133248 -> hwthread 70 - OK[0m[1;34m
[0m[1;34m	threadid 139217044736576 -> hwthread 71 - OK[0m[1;34m
[0m[1;34m	threadid 139217036339904 -> hwthread 72 - OK[0m[1;34m
[0m[1;34m	threadid 139217027943232 -> hwthread 73 - OK[0m[1;34m
[0m[1;34m	threadid 139217019546560 -> hwthread 74 - OK[0m[1;34m
[0m[1;34m	threadid 139216533056576 -> hwthread 75 - OK[0m[1;34m
[0m[1;34m	threadid 139216524659904 -> hwthread 76 - OK[0m[1;34m
[0m[1;34m	threadid 139216516263232 -> hwthread 77 - OK[0m[1;34m
[0m[1;34m	threadid 139216507866560 -> hwthread 78 - OK[0m[1;34m
[0m[1;34m	threadid 139216499469888 -> hwthread 79 - OK[0m[1;34m
[0m[1;34m	threadid 139216491073216 -> hwthread 80 - OK[0m[1;34m
[0m[1;34m	threadid 139216482676544 -> hwthread 81 - OK[0m[1;34m
[0m[1;34m	threadid 139215996186560 -> hwthread 82 - OK[0m[1;34m
[0m[1;34m	threadid 139215987789888 -> hwthread 83 - OK[0m[1;34m
[0m[1;34m	threadid 139215979393216 -> hwthread 84 - OK[0m[1;34m
[0m[1;34m	threadid 139215970996544 -> hwthread 85 - OK[0m[1;34m
[0m[1;34m	threadid 139215962599872 -> hwthread 86 - OK[0m[1;34m
[0m[1;34m	threadid 139215954203200 -> hwthread 87 - OK[0m[1;34m
[0m[1;34m	threadid 139215945806528 -> hwthread 88 - OK[0m[1;34m
[0m[1;34m	threadid 139215459316544 -> hwthread 89 - OK[0m[1;34m
[0m[1;34m	threadid 139215450919872 -> hwthread 90 - OK[0m[1;34m
[0m[1;34m	threadid 139215442523200 -> hwthread 91 - OK[0m[1;34m
[0m[1;34m	threadid 139215434126528 -> hwthread 92 - OK[0m[1;34m
[0m[1;34m	threadid 139215425729856 -> hwthread 93 - OK[0m[1;34m
[0m[1;34m	threadid 139215417333184 -> hwthread 94 - OK[0m[1;34m
[0m[1;34m	threadid 139215408936512 -> hwthread 95 - OK[0m[1;34m
[0m[1;34m	threadid 139214922446528 -> hwthread 96 - OK[0m[1;34m
[0m[1;34m	threadid 139214914045760 -> hwthread 97 - OK[0m[1;34m
[0m[1;34m	threadid 139214905644992 -> hwthread 98 - OK[0m[1;34m
[0m[1;34m	threadid 139214897244224 -> hwthread 99 - OK[0m[1;34m
[0m[1;34m	threadid 139214888843456 -> hwthread 100 - OK[0m[1;34m
[0m[1;34m	threadid 139214880442688 -> hwthread 101 - OK[0m[1;34m
[0m[1;34m	threadid 139214872041920 -> hwthread 102 - OK[0m[1;34m
[0m[1;34m	threadid 139214385572416 -> hwthread 103 - OK[0m[1;34m
[0m[1;34m	threadid 139214377171648 -> hwthread 104 - OK[0m[1;34m
[0m[1;34m	threadid 139214368770880 -> hwthread 105 - OK[0m[1;34m
[0m[1;34m	threadid 139214360370112 -> hwthread 106 - OK[0m[1;34m
[0m[1;34m	threadid 139214351969344 -> hwthread 107 - OK[0m[1;34m
[0m[1;34m	threadid 139214343568576 -> hwthread 108 - OK[0m[1;34m
[0m[1;34m	threadid 139214335167808 -> hwthread 109 - OK[0m[1;34m
[0m[1;34m	threadid 139213848702400 -> hwthread 110 - OK[0m[1;34m
[0m[1;34m	threadid 139213840301632 -> hwthread 111 - OK[0m[1;34m
[0m[1;34m	threadid 139213831900864 -> hwthread 112 - OK[0m[1;34m
[0m[1;34m	threadid 139213823500096 -> hwthread 113 - OK[0m[1;34m
[0m[1;34m	threadid 139213815099328 -> hwthread 114 - OK[0m[1;34m
[0m[1;34m	threadid 139213806698560 -> hwthread 115 - OK[0m[1;34m
[0m[1;34m	threadid 139213798297792 -> hwthread 116 - OK[0m[1;34m
[0m[1;34m	threadid 139213311832384 -> hwthread 117 - OK[0m[1;34m
[0m[1;34m	threadid 139213303431616 -> hwthread 118 - OK[0m[1;34m
[0m[1;34m	threadid 139213295030848 -> hwthread 119 - OK[0m[1;34m
[0m[1;34m	threadid 139213286630080 -> hwthread 120 - OK[0m[1;34m
[0m[1;34m	threadid 139213278229312 -> hwthread 121 - OK[0m[1;34m
[0m[1;34m	threadid 139213269828544 -> hwthread 122 - OK[0m[1;34m
[0m[1;34m	threadid 139213261427776 -> hwthread 123 - OK[0m[1;34m
[0m[1;34m	threadid 139212774962368 -> hwthread 124 - OK[0m[1;34m
[0m[1;34m	threadid 139212766561600 -> hwthread 125 - OK[0m[1;34m
[0m[1;34m	threadid 139212758160832 -> hwthread 126 - OK[0m[1;34m
[0m[1;34m	threadid 139212749760064 -> hwthread 127 - OK[0m[1;34m
[0mrandom wtime: 6.343631273994106
tt_from_dense wtime: 293.56648204098747
tt_from_dense wtime: 289.1676460350136
INFO: You are running LIKWID in a cpuset with 64 CPUs. Taking given IDs as logical ID in cpuset
[1;34m[pthread wrapper] 
[0m[1;34m[pthread wrapper] MAIN -> 64
[0m[1;34m[pthread wrapper] PIN_MASK: [0m[1;34m0->65  [0m[1;34m1->66  [0m[1;34m2->67  [0m[1;34m3->68  [0m[1;34m4->69  [0m[1;34m5->70  [0m[1;34m6->71  [0m[1;34m7->72  [0m[1;34m8->73  [0m[1;34m9->74  [0m[1;34m10->75  [0m[1;34m11->76  [0m[1;34m12->77  [0m[1;34m13->78  [0m[1;34m14->79  [0m[1;34m15->80  [0m[1;34m16->81  [0m[1;34m17->82  [0m[1;34m18->83  [0m[1;34m19->84  [0m[1;34m20->85  [0m[1;34m21->86  [0m[1;34m22->87  [0m[1;34m23->88  [0m[1;34m24->89  [0m[1;34m25->90  [0m[1;34m26->91  [0m[1;34m27->92  [0m[1;34m28->93  [0m[1;34m29->94  [0m[1;34m30->95  [0m[1;34m31->96  [0m[1;34m32->97  [0m[1;34m33->98  [0m[1;34m34->99  [0m[1;34m35->100  [0m[1;34m36->101  [0m[1;34m37->102  [0m[1;34m38->103  [0m[1;34m39->104  [0m[1;34m40->105  [0m[1;34m41->106  [0m[1;34m42->107  [0m[1;34m43->108  [0m[1;34m44->109  [0m[1;34m45->110  [0m[1;34m46->111  [0m[1;34m47->112  [0m[1;34m48->113  [0m[1;34m49->114  [0m[1;34m50->115  [0m[1;34m51->116  [0m[1;34m52->117  [0m[1;34m53->118  [0m[1;34m54->119  [0m[1;34m55->120  [0m[1;34m56->121  [0m[1;34m57->122  [0m[1;34m58->123  [0m[1;34m59->124  [0m[1;34m60->125  [0m[1;34m61->126  [0m[1;34m62->127  [0m[1;34m
[pthread wrapper] SKIP MASK: 0x0
[0m[1;34m	threadid 123598194845504 -> hwthread 65 - OK[0m[1;34m
[0m[1;34m	threadid 123598186448832 -> hwthread 66 - OK[0m[1;34m
[0m[1;34m	threadid 123598178052160 -> hwthread 67 - OK[0m[1;34m
[0m[1;34m	threadid 123598169655488 -> hwthread 68 - OK[0m[1;34m
[0m[1;34m	threadid 123597951592768 -> hwthread 69 - OK[0m[1;34m
[0m[1;34m	threadid 123597943196096 -> hwthread 70 - OK[0m[1;34m
[0m[1;34m	threadid 123597934799424 -> hwthread 71 - OK[0m[1;34m
[0m[1;34m	threadid 123597926402752 -> hwthread 72 - OK[0m[1;34m
[0m[1;34m	threadid 123597918006080 -> hwthread 73 - OK[0m[1;34m
[0m[1;34m	threadid 123597909609408 -> hwthread 74 - OK[0m[1;34m
[0m[1;34m	threadid 123597901212736 -> hwthread 75 - OK[0m[1;34m
[0m[1;34m	threadid 123597347613888 -> hwthread 76 - OK[0m[1;34m
[0m[1;34m	threadid 123597339217216 -> hwthread 77 - OK[0m[1;34m
[0m[1;34m	threadid 123597330820544 -> hwthread 78 - OK[0m[1;34m
[0m[1;34m	threadid 123597322423872 -> hwthread 79 - OK[0m[1;34m
[0m[1;34m	threadid 123597314027200 -> hwthread 80 - OK[0m[1;34m
[0m[1;34m	threadid 123597305630528 -> hwthread 81 - OK[0m[1;34m
[0m[1;34m	threadid 123597297233856 -> hwthread 82 - OK[0m[1;34m
[0m[1;34m	threadid 123596810743872 -> hwthread 83 - OK[0m[1;34m
[0m[1;34m	threadid 123596802347200 -> hwthread 84 - OK[0m[1;34m
[0m[1;34m	threadid 123596793950528 -> hwthread 85 - OK[0m[1;34m
[0m[1;34m	threadid 123596785553856 -> hwthread 86 - OK[0m[1;34m
[0m[1;34m	threadid 123596777157184 -> hwthread 87 - OK[0m[1;34m
[0m[1;34m	threadid 123596768760512 -> hwthread 88 - OK[0m[1;34m
[0m[1;34m	threadid 123596760363840 -> hwthread 89 - OK[0m[1;34m
[0m[1;34m	threadid 123596273873856 -> hwthread 90 - OK[0m[1;34m
[0m[1;34m	threadid 123596265477184 -> hwthread 91 - OK[0m[1;34m
[0m[1;34m	threadid 123596257080512 -> hwthread 92 - OK[0m[1;34m
[0m[1;34m	threadid 123596248683840 -> hwthread 93 - OK[0m[1;34m
[0m[1;34m	threadid 123596240287168 -> hwthread 94 - OK[0m[1;34m
[0m[1;34m	threadid 123596231890496 -> hwthread 95 - OK[0m[1;34m
[0m[1;34m	threadid 123596223493824 -> hwthread 96 - OK[0m[1;34m
[0m[1;34m	threadid 123595736999744 -> hwthread 97 - OK[0m[1;34m
[0m[1;34m	threadid 123595728598976 -> hwthread 98 - OK[0m[1;34m
[0m[1;34m	threadid 123595720198208 -> hwthread 99 - OK[0m[1;34m
[0m[1;34m	threadid 123595711797440 -> hwthread 100 - OK[0m[1;34m
[0m[1;34m	threadid 123595703396672 -> hwthread 101 - OK[0m[1;34m
[0m[1;34m	threadid 123595694995904 -> hwthread 102 - OK[0m[1;34m
[0m[1;34m	threadid 123595686595136 -> hwthread 103 - OK[0m[1;34m
[0m[1;34m	threadid 123595200129728 -> hwthread 104 - OK[0m[1;34m
[0m[1;34m	threadid 123595191728960 -> hwthread 105 - OK[0m[1;34m
[0m[1;34m	threadid 123595183328192 -> hwthread 106 - OK[0m[1;34m
[0m[1;34m	threadid 123595174927424 -> hwthread 107 - OK[0m[1;34m
[0m[1;34m	threadid 123595166526656 -> hwthread 108 - OK[0m[1;34m
[0m[1;34m	threadid 123595158125888 -> hwthread 109 - OK[0m[1;34m
[0m[1;34m	threadid 123595149725120 -> hwthread 110 - OK[0m[1;34m
[0m[1;34m	threadid 123594663259712 -> hwthread 111 - OK[0m[1;34m
[0m[1;34m	threadid 123594654858944 -> hwthread 112 - OK[0m[1;34m
[0m[1;34m	threadid 123594646458176 -> hwthread 113 - OK[0m[1;34m
[0m[1;34m	threadid 123594638057408 -> hwthread 114 - OK[0m[1;34m
[0m[1;34m	threadid 123594629656640 -> hwthread 115 - OK[0m[1;34m
[0m[1;34m	threadid 123594621255872 -> hwthread 116 - OK[0m[1;34m
[0m[1;34m	threadid 123594612855104 -> hwthread 117 - OK[0m[1;34m
[0m[1;34m	threadid 123594126389696 -> hwthread 118 - OK[0m[1;34m
[0m[1;34m	threadid 123594117988928 -> hwthread 119 - OK[0m[1;34m
[0m[1;34m	threadid 123594109588160 -> hwthread 120 - OK[0m[1;34m
[0m[1;34m	threadid 123594101187392 -> hwthread 121 - OK[0m[1;34m
[0m[1;34m	threadid 123594092786624 -> hwthread 122 - OK[0m[1;34m
[0m[1;34m	threadid 123594084385856 -> hwthread 123 - OK[0m[1;34m
[0m[1;34m	threadid 123594075985088 -> hwthread 124 - OK[0m[1;34m
[0m[1;34m	threadid 123593589519680 -> hwthread 125 - OK[0m[1;34m
[0m[1;34m	threadid 123593581118912 -> hwthread 126 - OK[0m[1;34m
[0m[1;34m	threadid 123593572718144 -> hwthread 127 - OK[0m[1;34m
[0mrandom wtime: 6.390222962989355
tt_from_dense wtime: 305.3668227300077
tt_from_dense wtime: 300.40313622300164
INFO: You are running LIKWID in a cpuset with 64 CPUs. Taking given IDs as logical ID in cpuset
[1;34m[pthread wrapper] 
[0m[1;34m[pthread wrapper] MAIN -> 64
[0m[1;34m[pthread wrapper] PIN_MASK: [0m[1;34m0->65  [0m[1;34m1->66  [0m[1;34m2->67  [0m[1;34m3->68  [0m[1;34m4->69  [0m[1;34m5->70  [0m[1;34m6->71  [0m[1;34m7->72  [0m[1;34m8->73  [0m[1;34m9->74  [0m[1;34m10->75  [0m[1;34m11->76  [0m[1;34m12->77  [0m[1;34m13->78  [0m[1;34m14->79  [0m[1;34m15->80  [0m[1;34m16->81  [0m[1;34m17->82  [0m[1;34m18->83  [0m[1;34m19->84  [0m[1;34m20->85  [0m[1;34m21->86  [0m[1;34m22->87  [0m[1;34m23->88  [0m[1;34m24->89  [0m[1;34m25->90  [0m[1;34m26->91  [0m[1;34m27->92  [0m[1;34m28->93  [0m[1;34m29->94  [0m[1;34m30->95  [0m[1;34m31->96  [0m[1;34m32->97  [0m[1;34m33->98  [0m[1;34m34->99  [0m[1;34m35->100  [0m[1;34m36->101  [0m[1;34m37->102  [0m[1;34m38->103  [0m[1;34m39->104  [0m[1;34m40->105  [0m[1;34m41->106  [0m[1;34m42->107  [0m[1;34m43->108  [0m[1;34m44->109  [0m[1;34m45->110  [0m[1;34m46->111  [0m[1;34m47->112  [0m[1;34m48->113  [0m[1;34m49->114  [0m[1;34m50->115  [0m[1;34m51->116  [0m[1;34m52->117  [0m[1;34m53->118  [0m[1;34m54->119  [0m[1;34m55->120  [0m[1;34m56->121  [0m[1;34m57->122  [0m[1;34m58->123  [0m[1;34m59->124  [0m[1;34m60->125  [0m[1;34m61->126  [0m[1;34m62->127  [0m[1;34m
[pthread wrapper] SKIP MASK: 0x0
[0m[1;34m	threadid 125865870468928 -> hwthread 65 - OK[0m[1;34m
[0m[1;34m	threadid 125865862072256 -> hwthread 66 - OK[0m[1;34m
[0m[1;34m	threadid 125865853675584 -> hwthread 67 - OK[0m[1;34m
[0m[1;34m	threadid 125865845278912 -> hwthread 68 - OK[0m[1;34m
[0m[1;34m	threadid 125865627216192 -> hwthread 69 - OK[0m[1;34m
[0m[1;34m	threadid 125865618819520 -> hwthread 70 - OK[0m[1;34m
[0m[1;34m	threadid 125865610422848 -> hwthread 71 - OK[0m[1;34m
[0m[1;34m	threadid 125865602026176 -> hwthread 72 - OK[0m[1;34m
[0m[1;34m	threadid 125865593629504 -> hwthread 73 - OK[0m[1;34m
[0m[1;34m	threadid 125865585232832 -> hwthread 74 - OK[0m[1;34m
[0m[1;34m	threadid 125865576836160 -> hwthread 75 - OK[0m[1;34m
[0m[1;34m	threadid 125865023237312 -> hwthread 76 - OK[0m[1;34m
[0m[1;34m	threadid 125865014840640 -> hwthread 77 - OK[0m[1;34m
[0m[1;34m	threadid 125865006443968 -> hwthread 78 - OK[0m[1;34m
[0m[1;34m	threadid 125864998047296 -> hwthread 79 - OK[0m[1;34m
[0m[1;34m	threadid 125864989650624 -> hwthread 80 - OK[0m[1;34m
[0m[1;34m	threadid 125864981253952 -> hwthread 81 - OK[0m[1;34m
[0m[1;34m	threadid 125864972857280 -> hwthread 82 - OK[0m[1;34m
[0m[1;34m	threadid 125864486367296 -> hwthread 83 - OK[0m[1;34m
[0m[1;34m	threadid 125864477970624 -> hwthread 84 - OK[0m[1;34m
[0m[1;34m	threadid 125864469573952 -> hwthread 85 - OK[0m[1;34m
[0m[1;34m	threadid 125864461177280 -> hwthread 86 - OK[0m[1;34m
[0m[1;34m	threadid 125864452780608 -> hwthread 87 - OK[0m[1;34m
[0m[1;34m	threadid 125864444383936 -> hwthread 88 - OK[0m[1;34m
[0m[1;34m	threadid 125864435987264 -> hwthread 89 - OK[0m[1;34m
[0m[1;34m	threadid 125863949497280 -> hwthread 90 - OK[0m[1;34m
[0m[1;34m	threadid 125863941100608 -> hwthread 91 - OK[0m[1;34m
[0m[1;34m	threadid 125863932703936 -> hwthread 92 - OK[0m[1;34m
[0m[1;34m	threadid 125863924307264 -> hwthread 93 - OK[0m[1;34m
[0m[1;34m	threadid 125863915910592 -> hwthread 94 - OK[0m[1;34m
[0m[1;34m	threadid 125863907513920 -> hwthread 95 - OK[0m[1;34m
[0m[1;34m	threadid 125863899117248 -> hwthread 96 - OK[0m[1;34m
[0m[1;34m	threadid 125863412623168 -> hwthread 97 - OK[0m[1;34m
[0m[1;34m	threadid 125863404222400 -> hwthread 98 - OK[0m[1;34m
[0m[1;34m	threadid 125863395821632 -> hwthread 99 - OK[0m[1;34m
[0m[1;34m	threadid 125863387420864 -> hwthread 100 - OK[0m[1;34m
[0m[1;34m	threadid 125863379020096 -> hwthread 101 - OK[0m[1;34m
[0m[1;34m	threadid 125863370619328 -> hwthread 102 - OK[0m[1;34m
[0m[1;34m	threadid 125863362218560 -> hwthread 103 - OK[0m[1;34m
[0m[1;34m	threadid 125862875753152 -> hwthread 104 - OK[0m[1;34m
[0m[1;34m	threadid 125862867352384 -> hwthread 105 - OK[0m[1;34m
[0m[1;34m	threadid 125862858951616 -> hwthread 106 - OK[0m[1;34m
[0m[1;34m	threadid 125862850550848 -> hwthread 107 - OK[0m[1;34m
[0m[1;34m	threadid 125862842150080 -> hwthread 108 - OK[0m[1;34m
[0m[1;34m	threadid 125862833749312 -> hwthread 109 - OK[0m[1;34m
[0m[1;34m	threadid 125862825348544 -> hwthread 110 - OK[0m[1;34m
[0m[1;34m	threadid 125862338883136 -> hwthread 111 - OK[0m[1;34m
[0m[1;34m	threadid 125862330482368 -> hwthread 112 - OK[0m[1;34m
[0m[1;34m	threadid 125862322081600 -> hwthread 113 - OK[0m[1;34m
[0m[1;34m	threadid 125862313680832 -> hwthread 114 - OK[0m[1;34m
[0m[1;34m	threadid 125862305280064 -> hwthread 115 - OK[0m[1;34m
[0m[1;34m	threadid 125862296879296 -> hwthread 116 - OK[0m[1;34m
[0m[1;34m	threadid 125862288478528 -> hwthread 117 - OK[0m[1;34m
[0m[1;34m	threadid 125861802013120 -> hwthread 118 - OK[0m[1;34m
[0m[1;34m	threadid 125861793612352 -> hwthread 119 - OK[0m[1;34m
[0m[1;34m	threadid 125861785211584 -> hwthread 120 - OK[0m[1;34m
[0m[1;34m	threadid 125861776810816 -> hwthread 121 - OK[0m[1;34m
[0m[1;34m	threadid 125861768410048 -> hwthread 122 - OK[0m[1;34m
[0m[1;34m	threadid 125861760009280 -> hwthread 123 - OK[0m[1;34m
[0m[1;34m	threadid 125861751608512 -> hwthread 124 - OK[0m[1;34m
[0m[1;34m	threadid 125861265143104 -> hwthread 125 - OK[0m[1;34m
[0m[1;34m	threadid 125861256742336 -> hwthread 126 - OK[0m[1;34m
[0m[1;34m	threadid 125861248341568 -> hwthread 127 - OK[0m[1;34m
[0mrandom wtime: 6.389328200995806
tt_from_dense wtime: 322.5301802699978
tt_from_dense wtime: 318.8229177010071
INFO: You are running LIKWID in a cpuset with 64 CPUs. Taking given IDs as logical ID in cpuset
[1;34m[pthread wrapper] 
[0m[1;34m[pthread wrapper] MAIN -> 64
[0m[1;34m[pthread wrapper] PIN_MASK: [0m[1;34m0->65  [0m[1;34m1->66  [0m[1;34m2->67  [0m[1;34m3->68  [0m[1;34m4->69  [0m[1;34m5->70  [0m[1;34m6->71  [0m[1;34m7->72  [0m[1;34m8->73  [0m[1;34m9->74  [0m[1;34m10->75  [0m[1;34m11->76  [0m[1;34m12->77  [0m[1;34m13->78  [0m[1;34m14->79  [0m[1;34m15->80  [0m[1;34m16->81  [0m[1;34m17->82  [0m[1;34m18->83  [0m[1;34m19->84  [0m[1;34m20->85  [0m[1;34m21->86  [0m[1;34m22->87  [0m[1;34m23->88  [0m[1;34m24->89  [0m[1;34m25->90  [0m[1;34m26->91  [0m[1;34m27->92  [0m[1;34m28->93  [0m[1;34m29->94  [0m[1;34m30->95  [0m[1;34m31->96  [0m[1;34m32->97  [0m[1;34m33->98  [0m[1;34m34->99  [0m[1;34m35->100  [0m[1;34m36->101  [0m[1;34m37->102  [0m[1;34m38->103  [0m[1;34m39->104  [0m[1;34m40->105  [0m[1;34m41->106  [0m[1;34m42->107  [0m[1;34m43->108  [0m[1;34m44->109  [0m[1;34m45->110  [0m[1;34m46->111  [0m[1;34m47->112  [0m[1;34m48->113  [0m[1;34m49->114  [0m[1;34m50->115  [0m[1;34m51->116  [0m[1;34m52->117  [0m[1;34m53->118  [0m[1;34m54->119  [0m[1;34m55->120  [0m[1;34m56->121  [0m[1;34m57->122  [0m[1;34m58->123  [0m[1;34m59->124  [0m[1;34m60->125  [0m[1;34m61->126  [0m[1;34m62->127  [0m[1;34m
[pthread wrapper] SKIP MASK: 0x0
[0m[1;34m	threadid 127705088505664 -> hwthread 65 - OK[0m[1;34m
[0m[1;34m	threadid 127705080108992 -> hwthread 66 - OK[0m[1;34m
[0m[1;34m	threadid 127705071712320 -> hwthread 67 - OK[0m[1;34m
[0m[1;34m	threadid 127705063315648 -> hwthread 68 - OK[0m[1;34m
[0m[1;34m	threadid 127705054918976 -> hwthread 69 - OK[0m[1;34m
[0m[1;34m	threadid 127705046522304 -> hwthread 70 - OK[0m[1;34m
[0m[1;34m	threadid 127705038125632 -> hwthread 71 - OK[0m[1;34m
[0m[1;34m	threadid 127705029728960 -> hwthread 72 - OK[0m[1;34m
[0m[1;34m	threadid 127704544308032 -> hwthread 73 - OK[0m[1;34m
[0m[1;34m	threadid 127704535911360 -> hwthread 74 - OK[0m[1;34m
[0m[1;34m	threadid 127704527514688 -> hwthread 75 - OK[0m[1;34m
[0m[1;34m	threadid 127704519118016 -> hwthread 76 - OK[0m[1;34m
[0m[1;34m	threadid 127704510721344 -> hwthread 77 - OK[0m[1;34m
[0m[1;34m	threadid 127704502324672 -> hwthread 78 - OK[0m[1;34m
[0m[1;34m	threadid 127704493928000 -> hwthread 79 - OK[0m[1;34m
[0m[1;34m	threadid 127703940329152 -> hwthread 80 - OK[0m[1;34m
[0m[1;34m	threadid 127703931932480 -> hwthread 81 - OK[0m[1;34m
[0m[1;34m	threadid 127703923535808 -> hwthread 82 - OK[0m[1;34m
[0m[1;34m	threadid 127703915139136 -> hwthread 83 - OK[0m[1;34m
[0m[1;34m	threadid 127703906742464 -> hwthread 84 - OK[0m[1;34m
[0m[1;34m	threadid 127703898345792 -> hwthread 85 - OK[0m[1;34m
[0m[1;34m	threadid 127703889949120 -> hwthread 86 - OK[0m[1;34m
[0m[1;34m	threadid 127703403459136 -> hwthread 87 - OK[0m[1;34m
[0m[1;34m	threadid 127703395062464 -> hwthread 88 - OK[0m[1;34m
[0m[1;34m	threadid 127703386665792 -> hwthread 89 - OK[0m[1;34m
[0m[1;34m	threadid 127703378269120 -> hwthread 90 - OK[0m[1;34m
[0m[1;34m	threadid 127703369872448 -> hwthread 91 - OK[0m[1;34m
[0m[1;34m	threadid 127703361475776 -> hwthread 92 - OK[0m[1;34m
[0m[1;34m	threadid 127703353079104 -> hwthread 93 - OK[0m[1;34m
[0m[1;34m	threadid 127702866589120 -> hwthread 94 - OK[0m[1;34m
[0m[1;34m	threadid 127702858192448 -> hwthread 95 - OK[0m[1;34m
[0m[1;34m	threadid 127702849795776 -> hwthread 96 - OK[0m[1;34m
[0m[1;34m	threadid 127702841395008 -> hwthread 97 - OK[0m[1;34m
[0m[1;34m	threadid 127702832994240 -> hwthread 98 - OK[0m[1;34m
[0m[1;34m	threadid 127702824593472 -> hwthread 99 - OK[0m[1;34m
[0m[1;34m	threadid 127702816192704 -> hwthread 100 - OK[0m[1;34m
[0m[1;34m	threadid 127702329715008 -> hwthread 101 - OK[0m[1;34m
[0m[1;34m	threadid 127702321314240 -> hwthread 102 - OK[0m[1;34m
[0m[1;34m	threadid 127702312913472 -> hwthread 103 - OK[0m[1;34m
[0m[1;34m	threadid 127702304512704 -> hwthread 104 - OK[0m[1;34m
[0m[1;34m	threadid 127702296111936 -> hwthread 105 - OK[0m[1;34m
[0m[1;34m	threadid 127702287711168 -> hwthread 106 - OK[0m[1;34m
[0m[1;34m	threadid 127702279310400 -> hwthread 107 - OK[0m[1;34m
[0m[1;34m	threadid 127701792844992 -> hwthread 108 - OK[0m[1;34m
[0m[1;34m	threadid 127701784444224 -> hwthread 109 - OK[0m[1;34m
[0m[1;34m	threadid 127701776043456 -> hwthread 110 - OK[0m[1;34m
[0m[1;34m	threadid 127701767642688 -> hwthread 111 - OK[0m[1;34m
[0m[1;34m	threadid 127701759241920 -> hwthread 112 - OK[0m[1;34m
[0m[1;34m	threadid 127701750841152 -> hwthread 113 - OK[0m[1;34m
[0m[1;34m	threadid 127701742440384 -> hwthread 114 - OK[0m[1;34m
[0m[1;34m	threadid 127701255974976 -> hwthread 115 - OK[0m[1;34m
[0m[1;34m	threadid 127701247574208 -> hwthread 116 - OK[0m[1;34m
[0m[1;34m	threadid 127701239173440 -> hwthread 117 - OK[0m[1;34m
[0m[1;34m	threadid 127701230772672 -> hwthread 118 - OK[0m[1;34m
[0m[1;34m	threadid 127701222371904 -> hwthread 119 - OK[0m[1;34m
[0m[1;34m	threadid 127701213971136 -> hwthread 120 - OK[0m[1;34m
[0m[1;34m	threadid 127701205570368 -> hwthread 121 - OK[0m[1;34m
[0m[1;34m	threadid 127700719104960 -> hwthread 122 - OK[0m[1;34m
[0m[1;34m	threadid 127700710704192 -> hwthread 123 - OK[0m[1;34m
[0m[1;34m	threadid 127700702303424 -> hwthread 124 - OK[0m[1;34m
[0m[1;34m	threadid 127700693902656 -> hwthread 125 - OK[0m[1;34m
[0m[1;34m	threadid 127700685501888 -> hwthread 126 - OK[0m[1;34m
[0m[1;34m	threadid 127700677101120 -> hwthread 127 - OK[0m[1;34m
[0mrandom wtime: 6.375941042002523
tt_from_dense wtime: 334.4248857559869
tt_from_dense wtime: 332.9682552209997
INFO: You are running LIKWID in a cpuset with 64 CPUs. Taking given IDs as logical ID in cpuset
[1;34m[pthread wrapper] 
[0m[1;34m[pthread wrapper] MAIN -> 64
[0m[1;34m[pthread wrapper] PIN_MASK: [0m[1;34m0->65  [0m[1;34m1->66  [0m[1;34m2->67  [0m[1;34m3->68  [0m[1;34m4->69  [0m[1;34m5->70  [0m[1;34m6->71  [0m[1;34m7->72  [0m[1;34m8->73  [0m[1;34m9->74  [0m[1;34m10->75  [0m[1;34m11->76  [0m[1;34m12->77  [0m[1;34m13->78  [0m[1;34m14->79  [0m[1;34m15->80  [0m[1;34m16->81  [0m[1;34m17->82  [0m[1;34m18->83  [0m[1;34m19->84  [0m[1;34m20->85  [0m[1;34m21->86  [0m[1;34m22->87  [0m[1;34m23->88  [0m[1;34m24->89  [0m[1;34m25->90  [0m[1;34m26->91  [0m[1;34m27->92  [0m[1;34m28->93  [0m[1;34m29->94  [0m[1;34m30->95  [0m[1;34m31->96  [0m[1;34m32->97  [0m[1;34m33->98  [0m[1;34m34->99  [0m[1;34m35->100  [0m[1;34m36->101  [0m[1;34m37->102  [0m[1;34m38->103  [0m[1;34m39->104  [0m[1;34m40->105  [0m[1;34m41->106  [0m[1;34m42->107  [0m[1;34m43->108  [0m[1;34m44->109  [0m[1;34m45->110  [0m[1;34m46->111  [0m[1;34m47->112  [0m[1;34m48->113  [0m[1;34m49->114  [0m[1;34m50->115  [0m[1;34m51->116  [0m[1;34m52->117  [0m[1;34m53->118  [0m[1;34m54->119  [0m[1;34m55->120  [0m[1;34m56->121  [0m[1;34m57->122  [0m[1;34m58->123  [0m[1;34m59->124  [0m[1;34m60->125  [0m[1;34m61->126  [0m[1;34m62->127  [0m[1;34m
[pthread wrapper] SKIP MASK: 0x0
[0m[1;34m	threadid 131102937163584 -> hwthread 65 - OK[0m[1;34m
[0m[1;34m	threadid 131102928766912 -> hwthread 66 - OK[0m[1;34m
[0m[1;34m	threadid 131102920370240 -> hwthread 67 - OK[0m[1;34m
[0m[1;34m	threadid 131102911973568 -> hwthread 68 - OK[0m[1;34m
[0m[1;34m	threadid 131102903576896 -> hwthread 69 - OK[0m[1;34m
[0m[1;34m	threadid 131102895180224 -> hwthread 70 - OK[0m[1;34m
[0m[1;34m	threadid 131102886783552 -> hwthread 71 - OK[0m[1;34m
[0m[1;34m	threadid 131102400309952 -> hwthread 72 - OK[0m[1;34m
[0m[1;34m	threadid 131102391913280 -> hwthread 73 - OK[0m[1;34m
[0m[1;34m	threadid 131102383516608 -> hwthread 74 - OK[0m[1;34m
[0m[1;34m	threadid 131102375119936 -> hwthread 75 - OK[0m[1;34m
[0m[1;34m	threadid 131102366723264 -> hwthread 76 - OK[0m[1;34m
[0m[1;34m	threadid 131102358326592 -> hwthread 77 - OK[0m[1;34m
[0m[1;34m	threadid 131102349929920 -> hwthread 78 - OK[0m[1;34m
[0m[1;34m	threadid 131101863439936 -> hwthread 79 - OK[0m[1;34m
[0m[1;34m	threadid 131101855043264 -> hwthread 80 - OK[0m[1;34m
[0m[1;34m	threadid 131101846646592 -> hwthread 81 - OK[0m[1;34m
[0m[1;34m	threadid 131101838249920 -> hwthread 82 - OK[0m[1;34m
[0m[1;34m	threadid 131101829853248 -> hwthread 83 - OK[0m[1;34m
[0m[1;34m	threadid 131101821456576 -> hwthread 84 - OK[0m[1;34m
[0m[1;34m	threadid 131101813059904 -> hwthread 85 - OK[0m[1;34m
[0m[1;34m	threadid 131101326569920 -> hwthread 86 - OK[0m[1;34m
[0m[1;34m	threadid 131101318173248 -> hwthread 87 - OK[0m[1;34m
[0m[1;34m	threadid 131101309776576 -> hwthread 88 - OK[0m[1;34m
[0m[1;34m	threadid 131101301379904 -> hwthread 89 - OK[0m[1;34m
[0m[1;34m	threadid 131101292983232 -> hwthread 90 - OK[0m[1;34m
[0m[1;34m	threadid 131101284586560 -> hwthread 91 - OK[0m[1;34m
[0m[1;34m	threadid 131101276189888 -> hwthread 92 - OK[0m[1;34m
[0m[1;34m	threadid 131100789699904 -> hwthread 93 - OK[0m[1;34m
[0m[1;34m	threadid 131100781303232 -> hwthread 94 - OK[0m[1;34m
[0m[1;34m	threadid 131100772906560 -> hwthread 95 - OK[0m[1;34m
[0m[1;34m	threadid 131100764509888 -> hwthread 96 - OK[0m[1;34m
[0m[1;34m	threadid 131100756109120 -> hwthread 97 - OK[0m[1;34m
[0m[1;34m	threadid 131100747708352 -> hwthread 98 - OK[0m[1;34m
[0m[1;34m	threadid 131100739307584 -> hwthread 99 - OK[0m[1;34m
[0m[1;34m	threadid 131100252825792 -> hwthread 100 - OK[0m[1;34m
[0m[1;34m	threadid 131100244425024 -> hwthread 101 - OK[0m[1;34m
[0m[1;34m	threadid 131100236024256 -> hwthread 102 - OK[0m[1;34m
[0m[1;34m	threadid 131100227623488 -> hwthread 103 - OK[0m[1;34m
[0m[1;34m	threadid 131100219222720 -> hwthread 104 - OK[0m[1;34m
[0m[1;34m	threadid 131100210821952 -> hwthread 105 - OK[0m[1;34m
[0m[1;34m	threadid 131100202421184 -> hwthread 106 - OK[0m[1;34m
[0m[1;34m	threadid 131099715955776 -> hwthread 107 - OK[0m[1;34m
[0m[1;34m	threadid 131099707555008 -> hwthread 108 - OK[0m[1;34m
[0m[1;34m	threadid 131099699154240 -> hwthread 109 - OK[0m[1;34m
[0m[1;34m	threadid 131099690753472 -> hwthread 110 - OK[0m[1;34m
[0m[1;34m	threadid 131099682352704 -> hwthread 111 - OK[0m[1;34m
[0m[1;34m	threadid 131099673951936 -> hwthread 112 - OK[0m[1;34m
[0m[1;34m	threadid 131099665551168 -> hwthread 113 - OK[0m[1;34m
[0m[1;34m	threadid 131099179085760 -> hwthread 114 - OK[0m[1;34m
[0m[1;34m	threadid 131099170684992 -> hwthread 115 - OK[0m[1;34m
[0m[1;34m	threadid 131099162284224 -> hwthread 116 - OK[0m[1;34m
[0m[1;34m	threadid 131099153883456 -> hwthread 117 - OK[0m[1;34m
[0m[1;34m	threadid 131099145482688 -> hwthread 118 - OK[0m[1;34m
[0m[1;34m	threadid 131099137081920 -> hwthread 119 - OK[0m[1;34m
[0m[1;34m	threadid 131099128681152 -> hwthread 120 - OK[0m[1;34m
[0m[1;34m	threadid 131098642215744 -> hwthread 121 - OK[0m[1;34m
[0m[1;34m	threadid 131098633814976 -> hwthread 122 - OK[0m[1;34m
[0m[1;34m	threadid 131098625414208 -> hwthread 123 - OK[0m[1;34m
[0m[1;34m	threadid 131098617013440 -> hwthread 124 - OK[0m[1;34m
[0m[1;34m	threadid 131098608612672 -> hwthread 125 - OK[0m[1;34m
[0m[1;34m	threadid 131098600211904 -> hwthread 126 - OK[0m[1;34m
[0m[1;34m	threadid 131098591811136 -> hwthread 127 - OK[0m[1;34m
[0mrandom wtime: 6.360582827008329
tt_from_dense wtime: 350.6484670630016
tt_from_dense wtime: 343.7559003589995
INFO: You are running LIKWID in a cpuset with 64 CPUs. Taking given IDs as logical ID in cpuset
[1;34m[pthread wrapper] 
[0m[1;34m[pthread wrapper] MAIN -> 64
[0m[1;34m[pthread wrapper] PIN_MASK: [0m[1;34m0->65  [0m[1;34m1->66  [0m[1;34m2->67  [0m[1;34m3->68  [0m[1;34m4->69  [0m[1;34m5->70  [0m[1;34m6->71  [0m[1;34m7->72  [0m[1;34m8->73  [0m[1;34m9->74  [0m[1;34m10->75  [0m[1;34m11->76  [0m[1;34m12->77  [0m[1;34m13->78  [0m[1;34m14->79  [0m[1;34m15->80  [0m[1;34m16->81  [0m[1;34m17->82  [0m[1;34m18->83  [0m[1;34m19->84  [0m[1;34m20->85  [0m[1;34m21->86  [0m[1;34m22->87  [0m[1;34m23->88  [0m[1;34m24->89  [0m[1;34m25->90  [0m[1;34m26->91  [0m[1;34m27->92  [0m[1;34m28->93  [0m[1;34m29->94  [0m[1;34m30->95  [0m[1;34m31->96  [0m[1;34m32->97  [0m[1;34m33->98  [0m[1;34m34->99  [0m[1;34m35->100  [0m[1;34m36->101  [0m[1;34m37->102  [0m[1;34m38->103  [0m[1;34m39->104  [0m[1;34m40->105  [0m[1;34m41->106  [0m[1;34m42->107  [0m[1;34m43->108  [0m[1;34m44->109  [0m[1;34m45->110  [0m[1;34m46->111  [0m[1;34m47->112  [0m[1;34m48->113  [0m[1;34m49->114  [0m[1;34m50->115  [0m[1;34m51->116  [0m[1;34m52->117  [0m[1;34m53->118  [0m[1;34m54->119  [0m[1;34m55->120  [0m[1;34m56->121  [0m[1;34m57->122  [0m[1;34m58->123  [0m[1;34m59->124  [0m[1;34m60->125  [0m[1;34m61->126  [0m[1;34m62->127  [0m[1;34m
[pthread wrapper] SKIP MASK: 0x0
[0m[1;34m	threadid 124337965213504 -> hwthread 65 - OK[0m[1;34m
[0m[1;34m	threadid 124337956816832 -> hwthread 66 - OK[0m[1;34m
[0m[1;34m	threadid 124337948420160 -> hwthread 67 - OK[0m[1;34m
[0m[1;34m	threadid 124337940023488 -> hwthread 68 - OK[0m[1;34m
[0m[1;34m	threadid 124337931626816 -> hwthread 69 - OK[0m[1;34m
[0m[1;34m	threadid 124337923230144 -> hwthread 70 - OK[0m[1;34m
[0m[1;34m	threadid 124337914833472 -> hwthread 71 - OK[0m[1;34m
[0m[1;34m	threadid 124337906436800 -> hwthread 72 - OK[0m[1;34m
[0m[1;34m	threadid 124337424165696 -> hwthread 73 - OK[0m[1;34m
[0m[1;34m	threadid 124337415769024 -> hwthread 74 - OK[0m[1;34m
[0m[1;34m	threadid 124337407372352 -> hwthread 75 - OK[0m[1;34m
[0m[1;34m	threadid 124337398975680 -> hwthread 76 - OK[0m[1;34m
[0m[1;34m	threadid 124337390579008 -> hwthread 77 - OK[0m[1;34m
[0m[1;34m	threadid 124337382182336 -> hwthread 78 - OK[0m[1;34m
[0m[1;34m	threadid 124337373785664 -> hwthread 79 - OK[0m[1;34m
[0m[1;34m	threadid 124336820186816 -> hwthread 80 - OK[0m[1;34m
[0m[1;34m	threadid 124336811790144 -> hwthread 81 - OK[0m[1;34m
[0m[1;34m	threadid 124336803393472 -> hwthread 82 - OK[0m[1;34m
[0m[1;34m	threadid 124336794996800 -> hwthread 83 - OK[0m[1;34m
[0m[1;34m	threadid 124336786600128 -> hwthread 84 - OK[0m[1;34m
[0m[1;34m	threadid 124336778203456 -> hwthread 85 - OK[0m[1;34m
[0m[1;34m	threadid 124336769806784 -> hwthread 86 - OK[0m[1;34m
[0m[1;34m	threadid 124336283316800 -> hwthread 87 - OK[0m[1;34m
[0m[1;34m	threadid 124336274920128 -> hwthread 88 - OK[0m[1;34m
[0m[1;34m	threadid 124336266523456 -> hwthread 89 - OK[0m[1;34m
[0m[1;34m	threadid 124336258126784 -> hwthread 90 - OK[0m[1;34m
[0m[1;34m	threadid 124336249730112 -> hwthread 91 - OK[0m[1;34m
[0m[1;34m	threadid 124336241333440 -> hwthread 92 - OK[0m[1;34m
[0m[1;34m	threadid 124336232936768 -> hwthread 93 - OK[0m[1;34m
[0m[1;34m	threadid 124335746446784 -> hwthread 94 - OK[0m[1;34m
[0m[1;34m	threadid 124335738050112 -> hwthread 95 - OK[0m[1;34m
[0m[1;34m	threadid 124335729653440 -> hwthread 96 - OK[0m[1;34m
[0m[1;34m	threadid 124335721252672 -> hwthread 97 - OK[0m[1;34m
[0m[1;34m	threadid 124335712851904 -> hwthread 98 - OK[0m[1;34m
[0m[1;34m	threadid 124335704451136 -> hwthread 99 - OK[0m[1;34m
[0m[1;34m	threadid 124335696050368 -> hwthread 100 - OK[0m[1;34m
[0m[1;34m	threadid 124335209572672 -> hwthread 101 - OK[0m[1;34m
[0m[1;34m	threadid 124335201171904 -> hwthread 102 - OK[0m[1;34m
[0m[1;34m	threadid 124335192771136 -> hwthread 103 - OK[0m[1;34m
[0m[1;34m	threadid 124335184370368 -> hwthread 104 - OK[0m[1;34m
[0m[1;34m	threadid 124335175969600 -> hwthread 105 - OK[0m[1;34m
[0m[1;34m	threadid 124335167568832 -> hwthread 106 - OK[0m[1;34m
[0m[1;34m	threadid 124335159168064 -> hwthread 107 - OK[0m[1;34m
[0m[1;34m	threadid 124334672702656 -> hwthread 108 - OK[0m[1;34m
[0m[1;34m	threadid 124334664301888 -> hwthread 109 - OK[0m[1;34m
[0m[1;34m	threadid 124334655901120 -> hwthread 110 - OK[0m[1;34m
[0m[1;34m	threadid 124334647500352 -> hwthread 111 - OK[0m[1;34m
[0m[1;34m	threadid 124334639099584 -> hwthread 112 - OK[0m[1;34m
[0m[1;34m	threadid 124334630698816 -> hwthread 113 - OK[0m[1;34m
[0m[1;34m	threadid 124334622298048 -> hwthread 114 - OK[0m[1;34m
[0m[1;34m	threadid 124334135832640 -> hwthread 115 - OK[0m[1;34m
[0m[1;34m	threadid 124334127431872 -> hwthread 116 - OK[0m[1;34m
[0m[1;34m	threadid 124334119031104 -> hwthread 117 - OK[0m[1;34m
[0m[1;34m	threadid 124334110630336 -> hwthread 118 - OK[0m[1;34m
[0m[1;34m	threadid 124334102229568 -> hwthread 119 - OK[0m[1;34m
[0m[1;34m	threadid 124334093828800 -> hwthread 120 - OK[0m[1;34m
[0m[1;34m	threadid 124334085428032 -> hwthread 121 - OK[0m[1;34m
[0m[1;34m	threadid 124333598962624 -> hwthread 122 - OK[0m[1;34m
[0m[1;34m	threadid 124333590561856 -> hwthread 123 - OK[0m[1;34m
[0m[1;34m	threadid 124333582161088 -> hwthread 124 - OK[0m[1;34m
[0m[1;34m	threadid 124333573760320 -> hwthread 125 - OK[0m[1;34m
[0m[1;34m	threadid 124333565359552 -> hwthread 126 - OK[0m[1;34m
[0m[1;34m	threadid 124333556958784 -> hwthread 127 - OK[0m[1;34m
[0mrandom wtime: 6.407734287000494
tt_from_dense wtime: 321.42827464100264
tt_from_dense wtime: 312.7872811440029
INFO: You are running LIKWID in a cpuset with 64 CPUs. Taking given IDs as logical ID in cpuset
[1;34m[pthread wrapper] 
[0m[1;34m[pthread wrapper] MAIN -> 64
[0m[1;34m[pthread wrapper] PIN_MASK: [0m[1;34m0->65  [0m[1;34m1->66  [0m[1;34m2->67  [0m[1;34m3->68  [0m[1;34m4->69  [0m[1;34m5->70  [0m[1;34m6->71  [0m[1;34m7->72  [0m[1;34m8->73  [0m[1;34m9->74  [0m[1;34m10->75  [0m[1;34m11->76  [0m[1;34m12->77  [0m[1;34m13->78  [0m[1;34m14->79  [0m[1;34m15->80  [0m[1;34m16->81  [0m[1;34m17->82  [0m[1;34m18->83  [0m[1;34m19->84  [0m[1;34m20->85  [0m[1;34m21->86  [0m[1;34m22->87  [0m[1;34m23->88  [0m[1;34m24->89  [0m[1;34m25->90  [0m[1;34m26->91  [0m[1;34m27->92  [0m[1;34m28->93  [0m[1;34m29->94  [0m[1;34m30->95  [0m[1;34m31->96  [0m[1;34m32->97  [0m[1;34m33->98  [0m[1;34m34->99  [0m[1;34m35->100  [0m[1;34m36->101  [0m[1;34m37->102  [0m[1;34m38->103  [0m[1;34m39->104  [0m[1;34m40->105  [0m[1;34m41->106  [0m[1;34m42->107  [0m[1;34m43->108  [0m[1;34m44->109  [0m[1;34m45->110  [0m[1;34m46->111  [0m[1;34m47->112  [0m[1;34m48->113  [0m[1;34m49->114  [0m[1;34m50->115  [0m[1;34m51->116  [0m[1;34m52->117  [0m[1;34m53->118  [0m[1;34m54->119  [0m[1;34m55->120  [0m[1;34m56->121  [0m[1;34m57->122  [0m[1;34m58->123  [0m[1;34m59->124  [0m[1;34m60->125  [0m[1;34m61->126  [0m[1;34m62->127  [0m[1;34m
[pthread wrapper] SKIP MASK: 0x0
[0m[1;34m	threadid 138451370354496 -> hwthread 65 - OK[0m[1;34m
[0m[1;34m	threadid 138451290679232 -> hwthread 66 - OK[0m[1;34m
[0m[1;34m	threadid 138451282282560 -> hwthread 67 - OK[0m[1;34m
[0m[1;34m	threadid 138451273885888 -> hwthread 68 - OK[0m[1;34m
[0m[1;34m	threadid 138451265489216 -> hwthread 69 - OK[0m[1;34m
[0m[1;34m	threadid 138451257092544 -> hwthread 70 - OK[0m[1;34m
[0m[1;34m	threadid 138451248695872 -> hwthread 71 - OK[0m[1;34m
[0m[1;34m	threadid 138451240299200 -> hwthread 72 - OK[0m[1;34m
[0m[1;34m	threadid 138450753809216 -> hwthread 73 - OK[0m[1;34m
[0m[1;34m	threadid 138450745412544 -> hwthread 74 - OK[0m[1;34m
[0m[1;34m	threadid 138450737015872 -> hwthread 75 - OK[0m[1;34m
[0m[1;34m	threadid 138450728619200 -> hwthread 76 - OK[0m[1;34m
[0m[1;34m	threadid 138450720222528 -> hwthread 77 - OK[0m[1;34m
[0m[1;34m	threadid 138450711825856 -> hwthread 78 - OK[0m[1;34m
[0m[1;34m	threadid 138450703429184 -> hwthread 79 - OK[0m[1;34m
[0m[1;34m	threadid 138450216939200 -> hwthread 80 - OK[0m[1;34m
[0m[1;34m	threadid 138450208542528 -> hwthread 81 - OK[0m[1;34m
[0m[1;34m	threadid 138450200145856 -> hwthread 82 - OK[0m[1;34m
[0m[1;34m	threadid 138450191749184 -> hwthread 83 - OK[0m[1;34m
[0m[1;34m	threadid 138450183352512 -> hwthread 84 - OK[0m[1;34m
[0m[1;34m	threadid 138450174955840 -> hwthread 85 - OK[0m[1;34m
[0m[1;34m	threadid 138450166559168 -> hwthread 86 - OK[0m[1;34m
[0m[1;34m	threadid 138449680069184 -> hwthread 87 - OK[0m[1;34m
[0m[1;34m	threadid 138449671672512 -> hwthread 88 - OK[0m[1;34m
[0m[1;34m	threadid 138449663275840 -> hwthread 89 - OK[0m[1;34m
[0m[1;34m	threadid 138449654879168 -> hwthread 90 - OK[0m[1;34m
[0m[1;34m	threadid 138449646482496 -> hwthread 91 - OK[0m[1;34m
[0m[1;34m	threadid 138449638085824 -> hwthread 92 - OK[0m[1;34m
[0m[1;34m	threadid 138449629689152 -> hwthread 93 - OK[0m[1;34m
[0m[1;34m	threadid 138449143199168 -> hwthread 94 - OK[0m[1;34m
[0m[1;34m	threadid 138449134802496 -> hwthread 95 - OK[0m[1;34m
[0m[1;34m	threadid 138449126405824 -> hwthread 96 - OK[0m[1;34m
[0m[1;34m	threadid 138449118005056 -> hwthread 97 - OK[0m[1;34m
[0m[1;34m	threadid 138449109604288 -> hwthread 98 - OK[0m[1;34m
[0m[1;34m	threadid 138449101203520 -> hwthread 99 - OK[0m[1;34m
[0m[1;34m	threadid 138449092802752 -> hwthread 100 - OK[0m[1;34m
[0m[1;34m	threadid 138448606325056 -> hwthread 101 - OK[0m[1;34m
[0m[1;34m	threadid 138448597924288 -> hwthread 102 - OK[0m[1;34m
[0m[1;34m	threadid 138448589523520 -> hwthread 103 - OK[0m[1;34m
[0m[1;34m	threadid 138448581122752 -> hwthread 104 - OK[0m[1;34m
[0m[1;34m	threadid 138448572721984 -> hwthread 105 - OK[0m[1;34m
[0m[1;34m	threadid 138448564321216 -> hwthread 106 - OK[0m[1;34m
[0m[1;34m	threadid 138448555920448 -> hwthread 107 - OK[0m[1;34m
[0m[1;34m	threadid 138448069455040 -> hwthread 108 - OK[0m[1;34m
[0m[1;34m	threadid 138448061054272 -> hwthread 109 - OK[0m[1;34m
[0m[1;34m	threadid 138448052653504 -> hwthread 110 - OK[0m[1;34m
[0m[1;34m	threadid 138448044252736 -> hwthread 111 - OK[0m[1;34m
[0m[1;34m	threadid 138448035851968 -> hwthread 112 - OK[0m[1;34m
[0m[1;34m	threadid 138448027451200 -> hwthread 113 - OK[0m[1;34m
[0m[1;34m	threadid 138448019050432 -> hwthread 114 - OK[0m[1;34m
[0m[1;34m	threadid 138447532585024 -> hwthread 115 - OK[0m[1;34m
[0m[1;34m	threadid 138447524184256 -> hwthread 116 - OK[0m[1;34m
[0m[1;34m	threadid 138447515783488 -> hwthread 117 - OK[0m[1;34m
[0m[1;34m	threadid 138447507382720 -> hwthread 118 - OK[0m[1;34m
[0m[1;34m	threadid 138447498981952 -> hwthread 119 - OK[0m[1;34m
[0m[1;34m	threadid 138447490581184 -> hwthread 120 - OK[0m[1;34m
[0m[1;34m	threadid 138447482180416 -> hwthread 121 - OK[0m[1;34m
[0m[1;34m	threadid 138446995715008 -> hwthread 122 - OK[0m[1;34m
[0m[1;34m	threadid 138446987314240 -> hwthread 123 - OK[0m[1;34m
[0m[1;34m	threadid 138446978913472 -> hwthread 124 - OK[0m[1;34m
[0m[1;34m	threadid 138446970512704 -> hwthread 125 - OK[0m[1;34m
[0m[1;34m	threadid 138446962111936 -> hwthread 126 - OK[0m[1;34m
[0m[1;34m	threadid 138446953711168 -> hwthread 127 - OK[0m[1;34m
[0mrandom wtime: 6.360386822008877
tt_from_dense wtime: 327.02264614900923
tt_from_dense wtime: 317.5952120439906
INFO: You are running LIKWID in a cpuset with 64 CPUs. Taking given IDs as logical ID in cpuset
[1;34m[pthread wrapper] 
[0m[1;34m[pthread wrapper] MAIN -> 64
[0m[1;34m[pthread wrapper] PIN_MASK: [0m[1;34m0->65  [0m[1;34m1->66  [0m[1;34m2->67  [0m[1;34m3->68  [0m[1;34m4->69  [0m[1;34m5->70  [0m[1;34m6->71  [0m[1;34m7->72  [0m[1;34m8->73  [0m[1;34m9->74  [0m[1;34m10->75  [0m[1;34m11->76  [0m[1;34m12->77  [0m[1;34m13->78  [0m[1;34m14->79  [0m[1;34m15->80  [0m[1;34m16->81  [0m[1;34m17->82  [0m[1;34m18->83  [0m[1;34m19->84  [0m[1;34m20->85  [0m[1;34m21->86  [0m[1;34m22->87  [0m[1;34m23->88  [0m[1;34m24->89  [0m[1;34m25->90  [0m[1;34m26->91  [0m[1;34m27->92  [0m[1;34m28->93  [0m[1;34m29->94  [0m[1;34m30->95  [0m[1;34m31->96  [0m[1;34m32->97  [0m[1;34m33->98  [0m[1;34m34->99  [0m[1;34m35->100  [0m[1;34m36->101  [0m[1;34m37->102  [0m[1;34m38->103  [0m[1;34m39->104  [0m[1;34m40->105  [0m[1;34m41->106  [0m[1;34m42->107  [0m[1;34m43->108  [0m[1;34m44->109  [0m[1;34m45->110  [0m[1;34m46->111  [0m[1;34m47->112  [0m[1;34m48->113  [0m[1;34m49->114  [0m[1;34m50->115  [0m[1;34m51->116  [0m[1;34m52->117  [0m[1;34m53->118  [0m[1;34m54->119  [0m[1;34m55->120  [0m[1;34m56->121  [0m[1;34m57->122  [0m[1;34m58->123  [0m[1;34m59->124  [0m[1;34m60->125  [0m[1;34m61->126  [0m[1;34m62->127  [0m[1;34m
[pthread wrapper] SKIP MASK: 0x0
[0m[1;34m	threadid 129560564709184 -> hwthread 65 - OK[0m[1;34m
[0m[1;34m	threadid 129560556312512 -> hwthread 66 - OK[0m[1;34m
[0m[1;34m	threadid 129560547915840 -> hwthread 67 - OK[0m[1;34m
[0m[1;34m	threadid 129560539519168 -> hwthread 68 - OK[0m[1;34m
[0m[1;34m	threadid 129560531122496 -> hwthread 69 - OK[0m[1;34m
[0m[1;34m	threadid 129560522725824 -> hwthread 70 - OK[0m[1;34m
[0m[1;34m	threadid 129560171506240 -> hwthread 71 - OK[0m[1;34m
[0m[1;34m	threadid 129560163109568 -> hwthread 72 - OK[0m[1;34m
[0m[1;34m	threadid 129560154712896 -> hwthread 73 - OK[0m[1;34m
[0m[1;34m	threadid 129560146316224 -> hwthread 74 - OK[0m[1;34m
[0m[1;34m	threadid 129560137919552 -> hwthread 75 - OK[0m[1;34m
[0m[1;34m	threadid 129560129522880 -> hwthread 76 - OK[0m[1;34m
[0m[1;34m	threadid 129560121126208 -> hwthread 77 - OK[0m[1;34m
[0m[1;34m	threadid 129559567527360 -> hwthread 78 - OK[0m[1;34m
[0m[1;34m	threadid 129559559130688 -> hwthread 79 - OK[0m[1;34m
[0m[1;34m	threadid 129559550734016 -> hwthread 80 - OK[0m[1;34m
[0m[1;34m	threadid 129559542337344 -> hwthread 81 - OK[0m[1;34m
[0m[1;34m	threadid 129559533940672 -> hwthread 82 - OK[0m[1;34m
[0m[1;34m	threadid 129559525544000 -> hwthread 83 - OK[0m[1;34m
[0m[1;34m	threadid 129559517147328 -> hwthread 84 - OK[0m[1;34m
[0m[1;34m	threadid 129559030657344 -> hwthread 85 - OK[0m[1;34m
[0m[1;34m	threadid 129559022260672 -> hwthread 86 - OK[0m[1;34m
[0m[1;34m	threadid 129559013864000 -> hwthread 87 - OK[0m[1;34m
[0m[1;34m	threadid 129559005467328 -> hwthread 88 - OK[0m[1;34m
[0m[1;34m	threadid 129558997070656 -> hwthread 89 - OK[0m[1;34m
[0m[1;34m	threadid 129558988673984 -> hwthread 90 - OK[0m[1;34m
[0m[1;34m	threadid 129558980277312 -> hwthread 91 - OK[0m[1;34m
[0m[1;34m	threadid 129558493787328 -> hwthread 92 - OK[0m[1;34m
[0m[1;34m	threadid 129558485390656 -> hwthread 93 - OK[0m[1;34m
[0m[1;34m	threadid 129558476993984 -> hwthread 94 - OK[0m[1;34m
[0m[1;34m	threadid 129558468597312 -> hwthread 95 - OK[0m[1;34m
[0m[1;34m	threadid 129558460200640 -> hwthread 96 - OK[0m[1;34m
[0m[1;34m	threadid 129558451799872 -> hwthread 97 - OK[0m[1;34m
[0m[1;34m	threadid 129558443399104 -> hwthread 98 - OK[0m[1;34m
[0m[1;34m	threadid 129557956913216 -> hwthread 99 - OK[0m[1;34m
[0m[1;34m	threadid 129557948512448 -> hwthread 100 - OK[0m[1;34m
[0m[1;34m	threadid 129557940111680 -> hwthread 101 - OK[0m[1;34m
[0m[1;34m	threadid 129557931710912 -> hwthread 102 - OK[0m[1;34m
[0m[1;34m	threadid 129557923310144 -> hwthread 103 - OK[0m[1;34m
[0m[1;34m	threadid 129557914909376 -> hwthread 104 - OK[0m[1;34m
[0m[1;34m	threadid 129557906508608 -> hwthread 105 - OK[0m[1;34m
[0m[1;34m	threadid 129557420043200 -> hwthread 106 - OK[0m[1;34m
[0m[1;34m	threadid 129557411642432 -> hwthread 107 - OK[0m[1;34m
[0m[1;34m	threadid 129557403241664 -> hwthread 108 - OK[0m[1;34m
[0m[1;34m	threadid 129557394840896 -> hwthread 109 - OK[0m[1;34m
[0m[1;34m	threadid 129557386440128 -> hwthread 110 - OK[0m[1;34m
[0m[1;34m	threadid 129557378039360 -> hwthread 111 - OK[0m[1;34m
[0m[1;34m	threadid 129557369638592 -> hwthread 112 - OK[0m[1;34m
[0m[1;34m	threadid 129556883173184 -> hwthread 113 - OK[0m[1;34m
[0m[1;34m	threadid 129556874772416 -> hwthread 114 - OK[0m[1;34m
[0m[1;34m	threadid 129556866371648 -> hwthread 115 - OK[0m[1;34m
[0m[1;34m	threadid 129556857970880 -> hwthread 116 - OK[0m[1;34m
[0m[1;34m	threadid 129556849570112 -> hwthread 117 - OK[0m[1;34m
[0m[1;34m	threadid 129556841169344 -> hwthread 118 - OK[0m[1;34m
[0m[1;34m	threadid 129556832768576 -> hwthread 119 - OK[0m[1;34m
[0m[1;34m	threadid 129556346303168 -> hwthread 120 - OK[0m[1;34m
[0m[1;34m	threadid 129556337902400 -> hwthread 121 - OK[0m[1;34m
[0m[1;34m	threadid 129556329501632 -> hwthread 122 - OK[0m[1;34m
[0m[1;34m	threadid 129556321100864 -> hwthread 123 - OK[0m[1;34m
[0m[1;34m	threadid 129556312700096 -> hwthread 124 - OK[0m[1;34m
[0m[1;34m	threadid 129556304299328 -> hwthread 125 - OK[0m[1;34m
[0m[1;34m	threadid 129556295898560 -> hwthread 126 - OK[0m[1;34m
[0m[1;34m	threadid 129555809433152 -> hwthread 127 - OK[0m[1;34m
[0mrandom wtime: 6.347957848003716
tt_from_dense wtime: 326.9326178890042
tt_from_dense wtime: 324.73869990000094
INFO: You are running LIKWID in a cpuset with 64 CPUs. Taking given IDs as logical ID in cpuset
[1;34m[pthread wrapper] 
[0m[1;34m[pthread wrapper] MAIN -> 64
[0m[1;34m[pthread wrapper] PIN_MASK: [0m[1;34m0->65  [0m[1;34m1->66  [0m[1;34m2->67  [0m[1;34m3->68  [0m[1;34m4->69  [0m[1;34m5->70  [0m[1;34m6->71  [0m[1;34m7->72  [0m[1;34m8->73  [0m[1;34m9->74  [0m[1;34m10->75  [0m[1;34m11->76  [0m[1;34m12->77  [0m[1;34m13->78  [0m[1;34m14->79  [0m[1;34m15->80  [0m[1;34m16->81  [0m[1;34m17->82  [0m[1;34m18->83  [0m[1;34m19->84  [0m[1;34m20->85  [0m[1;34m21->86  [0m[1;34m22->87  [0m[1;34m23->88  [0m[1;34m24->89  [0m[1;34m25->90  [0m[1;34m26->91  [0m[1;34m27->92  [0m[1;34m28->93  [0m[1;34m29->94  [0m[1;34m30->95  [0m[1;34m31->96  [0m[1;34m32->97  [0m[1;34m33->98  [0m[1;34m34->99  [0m[1;34m35->100  [0m[1;34m36->101  [0m[1;34m37->102  [0m[1;34m38->103  [0m[1;34m39->104  [0m[1;34m40->105  [0m[1;34m41->106  [0m[1;34m42->107  [0m[1;34m43->108  [0m[1;34m44->109  [0m[1;34m45->110  [0m[1;34m46->111  [0m[1;34m47->112  [0m[1;34m48->113  [0m[1;34m49->114  [0m[1;34m50->115  [0m[1;34m51->116  [0m[1;34m52->117  [0m[1;34m53->118  [0m[1;34m54->119  [0m[1;34m55->120  [0m[1;34m56->121  [0m[1;34m57->122  [0m[1;34m58->123  [0m[1;34m59->124  [0m[1;34m60->125  [0m[1;34m61->126  [0m[1;34m62->127  [0m[1;34m
[pthread wrapper] SKIP MASK: 0x0
[0m[1;34m	threadid 128784825034560 -> hwthread 65 - OK[0m[1;34m
[0m[1;34m	threadid 128784816637888 -> hwthread 66 - OK[0m[1;34m
[0m[1;34m	threadid 128784808241216 -> hwthread 67 - OK[0m[1;34m
[0m[1;34m	threadid 128784594364608 -> hwthread 68 - OK[0m[1;34m
[0m[1;34m	threadid 128784585967936 -> hwthread 69 - OK[0m[1;34m
[0m[1;34m	threadid 128784577571264 -> hwthread 70 - OK[0m[1;34m
[0m[1;34m	threadid 128784569174592 -> hwthread 71 - OK[0m[1;34m
[0m[1;34m	threadid 128784560777920 -> hwthread 72 - OK[0m[1;34m
[0m[1;34m	threadid 128784552381248 -> hwthread 73 - OK[0m[1;34m
[0m[1;34m	threadid 128784543984576 -> hwthread 74 - OK[0m[1;34m
[0m[1;34m	threadid 128784057494592 -> hwthread 75 - OK[0m[1;34m
[0m[1;34m	threadid 128784049097920 -> hwthread 76 - OK[0m[1;34m
[0m[1;34m	threadid 128784040701248 -> hwthread 77 - OK[0m[1;34m
[0m[1;34m	threadid 128784032304576 -> hwthread 78 - OK[0m[1;34m
[0m[1;34m	threadid 128784023907904 -> hwthread 79 - OK[0m[1;34m
[0m[1;34m	threadid 128784015511232 -> hwthread 80 - OK[0m[1;34m
[0m[1;34m	threadid 128784007114560 -> hwthread 81 - OK[0m[1;34m
[0m[1;34m	threadid 128783520624576 -> hwthread 82 - OK[0m[1;34m
[0m[1;34m	threadid 128783512227904 -> hwthread 83 - OK[0m[1;34m
[0m[1;34m	threadid 128783503831232 -> hwthread 84 - OK[0m[1;34m
[0m[1;34m	threadid 128783495434560 -> hwthread 85 - OK[0m[1;34m
[0m[1;34m	threadid 128783487037888 -> hwthread 86 - OK[0m[1;34m
[0m[1;34m	threadid 128783478641216 -> hwthread 87 - OK[0m[1;34m
[0m[1;34m	threadid 128783470244544 -> hwthread 88 - OK[0m[1;34m
[0m[1;34m	threadid 128782983754560 -> hwthread 89 - OK[0m[1;34m
[0m[1;34m	threadid 128782975357888 -> hwthread 90 - OK[0m[1;34m
[0m[1;34m	threadid 128782966961216 -> hwthread 91 - OK[0m[1;34m
[0m[1;34m	threadid 128782958564544 -> hwthread 92 - OK[0m[1;34m
[0m[1;34m	threadid 128782950167872 -> hwthread 93 - OK[0m[1;34m
[0m[1;34m	threadid 128782941771200 -> hwthread 94 - OK[0m[1;34m
[0m[1;34m	threadid 128782933374528 -> hwthread 95 - OK[0m[1;34m
[0m[1;34m	threadid 128782446884544 -> hwthread 96 - OK[0m[1;34m
[0m[1;34m	threadid 128782438483776 -> hwthread 97 - OK[0m[1;34m
[0m[1;34m	threadid 128782430083008 -> hwthread 98 - OK[0m[1;34m
[0m[1;34m	threadid 128782421682240 -> hwthread 99 - OK[0m[1;34m
[0m[1;34m	threadid 128782413281472 -> hwthread 100 - OK[0m[1;34m
[0m[1;34m	threadid 128782404880704 -> hwthread 101 - OK[0m[1;34m
[0m[1;34m	threadid 128782396479936 -> hwthread 102 - OK[0m[1;34m
[0m[1;34m	threadid 128781910010432 -> hwthread 103 - OK[0m[1;34m
[0m[1;34m	threadid 128781901609664 -> hwthread 104 - OK[0m[1;34m
[0m[1;34m	threadid 128781893208896 -> hwthread 105 - OK[0m[1;34m
[0m[1;34m	threadid 128781884808128 -> hwthread 106 - OK[0m[1;34m
[0m[1;34m	threadid 128781876407360 -> hwthread 107 - OK[0m[1;34m
[0m[1;34m	threadid 128781868006592 -> hwthread 108 - OK[0m[1;34m
[0m[1;34m	threadid 128781859605824 -> hwthread 109 - OK[0m[1;34m
[0m[1;34m	threadid 128781373140416 -> hwthread 110 - OK[0m[1;34m
[0m[1;34m	threadid 128781364739648 -> hwthread 111 - OK[0m[1;34m
[0m[1;34m	threadid 128781356338880 -> hwthread 112 - OK[0m[1;34m
[0m[1;34m	threadid 128781347938112 -> hwthread 113 - OK[0m[1;34m
[0m[1;34m	threadid 128781339537344 -> hwthread 114 - OK[0m[1;34m
[0m[1;34m	threadid 128781331136576 -> hwthread 115 - OK[0m[1;34m
[0m[1;34m	threadid 128781322735808 -> hwthread 116 - OK[0m[1;34m
[0m[1;34m	threadid 128780836270400 -> hwthread 117 - OK[0m[1;34m
[0m[1;34m	threadid 128780827869632 -> hwthread 118 - OK[0m[1;34m
[0m[1;34m	threadid 128780819468864 -> hwthread 119 - OK[0m[1;34m
[0m[1;34m	threadid 128780811068096 -> hwthread 120 - OK[0m[1;34m
[0m[1;34m	threadid 128780802667328 -> hwthread 121 - OK[0m[1;34m
[0m[1;34m	threadid 128780794266560 -> hwthread 122 - OK[0m[1;34m
[0m[1;34m	threadid 128780785865792 -> hwthread 123 - OK[0m[1;34m
[0m[1;34m	threadid 128780299400384 -> hwthread 124 - OK[0m[1;34m
[0m[1;34m	threadid 128780290999616 -> hwthread 125 - OK[0m[1;34m
[0m[1;34m	threadid 128780282598848 -> hwthread 126 - OK[0m[1;34m
[0m[1;34m	threadid 128780274198080 -> hwthread 127 - OK[0m[1;34m
[0mrandom wtime: 6.352162295006565
tt_from_dense wtime: 336.3513508629985
tt_from_dense wtime: 330.2722382540087
INFO: You are running LIKWID in a cpuset with 64 CPUs. Taking given IDs as logical ID in cpuset
[1;34m[pthread wrapper] 
[0m[1;34m[pthread wrapper] MAIN -> 64
[0m[1;34m[pthread wrapper] PIN_MASK: [0m[1;34m0->65  [0m[1;34m1->66  [0m[1;34m2->67  [0m[1;34m3->68  [0m[1;34m4->69  [0m[1;34m5->70  [0m[1;34m6->71  [0m[1;34m7->72  [0m[1;34m8->73  [0m[1;34m9->74  [0m[1;34m10->75  [0m[1;34m11->76  [0m[1;34m12->77  [0m[1;34m13->78  [0m[1;34m14->79  [0m[1;34m15->80  [0m[1;34m16->81  [0m[1;34m17->82  [0m[1;34m18->83  [0m[1;34m19->84  [0m[1;34m20->85  [0m[1;34m21->86  [0m[1;34m22->87  [0m[1;34m23->88  [0m[1;34m24->89  [0m[1;34m25->90  [0m[1;34m26->91  [0m[1;34m27->92  [0m[1;34m28->93  [0m[1;34m29->94  [0m[1;34m30->95  [0m[1;34m31->96  [0m[1;34m32->97  [0m[1;34m33->98  [0m[1;34m34->99  [0m[1;34m35->100  [0m[1;34m36->101  [0m[1;34m37->102  [0m[1;34m38->103  [0m[1;34m39->104  [0m[1;34m40->105  [0m[1;34m41->106  [0m[1;34m42->107  [0m[1;34m43->108  [0m[1;34m44->109  [0m[1;34m45->110  [0m[1;34m46->111  [0m[1;34m47->112  [0m[1;34m48->113  [0m[1;34m49->114  [0m[1;34m50->115  [0m[1;34m51->116  [0m[1;34m52->117  [0m[1;34m53->118  [0m[1;34m54->119  [0m[1;34m55->120  [0m[1;34m56->121  [0m[1;34m57->122  [0m[1;34m58->123  [0m[1;34m59->124  [0m[1;34m60->125  [0m[1;34m61->126  [0m[1;34m62->127  [0m[1;34m
[pthread wrapper] SKIP MASK: 0x0
[0m[1;34m	threadid 132297103746880 -> hwthread 65 - OK[0m[1;34m
[0m[1;34m	threadid 132297095350208 -> hwthread 66 - OK[0m[1;34m
[0m[1;34m	threadid 132297086953536 -> hwthread 67 - OK[0m[1;34m
[0m[1;34m	threadid 132296870979776 -> hwthread 68 - OK[0m[1;34m
[0m[1;34m	threadid 132296862583104 -> hwthread 69 - OK[0m[1;34m
[0m[1;34m	threadid 132296854186432 -> hwthread 70 - OK[0m[1;34m
[0m[1;34m	threadid 132296845789760 -> hwthread 71 - OK[0m[1;34m
[0m[1;34m	threadid 132296837393088 -> hwthread 72 - OK[0m[1;34m
[0m[1;34m	threadid 132296828996416 -> hwthread 73 - OK[0m[1;34m
[0m[1;34m	threadid 132296820599744 -> hwthread 74 - OK[0m[1;34m
[0m[1;34m	threadid 132296334109760 -> hwthread 75 - OK[0m[1;34m
[0m[1;34m	threadid 132296325713088 -> hwthread 76 - OK[0m[1;34m
[0m[1;34m	threadid 132296317316416 -> hwthread 77 - OK[0m[1;34m
[0m[1;34m	threadid 132296308919744 -> hwthread 78 - OK[0m[1;34m
[0m[1;34m	threadid 132296300523072 -> hwthread 79 - OK[0m[1;34m
[0m[1;34m	threadid 132296292126400 -> hwthread 80 - OK[0m[1;34m
[0m[1;34m	threadid 132296283729728 -> hwthread 81 - OK[0m[1;34m
[0m[1;34m	threadid 132295797239744 -> hwthread 82 - OK[0m[1;34m
[0m[1;34m	threadid 132295788843072 -> hwthread 83 - OK[0m[1;34m
[0m[1;34m	threadid 132295780446400 -> hwthread 84 - OK[0m[1;34m
[0m[1;34m	threadid 132295772049728 -> hwthread 85 - OK[0m[1;34m
[0m[1;34m	threadid 132295763653056 -> hwthread 86 - OK[0m[1;34m
[0m[1;34m	threadid 132295755256384 -> hwthread 87 - OK[0m[1;34m
[0m[1;34m	threadid 132295746859712 -> hwthread 88 - OK[0m[1;34m
[0m[1;34m	threadid 132295260369728 -> hwthread 89 - OK[0m[1;34m
[0m[1;34m	threadid 132295251973056 -> hwthread 90 - OK[0m[1;34m
[0m[1;34m	threadid 132295243576384 -> hwthread 91 - OK[0m[1;34m
[0m[1;34m	threadid 132295235179712 -> hwthread 92 - OK[0m[1;34m
[0m[1;34m	threadid 132295226783040 -> hwthread 93 - OK[0m[1;34m
[0m[1;34m	threadid 132295218386368 -> hwthread 94 - OK[0m[1;34m
[0m[1;34m	threadid 132295209989696 -> hwthread 95 - OK[0m[1;34m
[0m[1;34m	threadid 132294723499712 -> hwthread 96 - OK[0m[1;34m
[0m[1;34m	threadid 132294715098944 -> hwthread 97 - OK[0m[1;34m
[0m[1;34m	threadid 132294706698176 -> hwthread 98 - OK[0m[1;34m
[0m[1;34m	threadid 132294698297408 -> hwthread 99 - OK[0m[1;34m
[0m[1;34m	threadid 132294689896640 -> hwthread 100 - OK[0m[1;34m
[0m[1;34m	threadid 132294681495872 -> hwthread 101 - OK[0m[1;34m
[0m[1;34m	threadid 132294673095104 -> hwthread 102 - OK[0m[1;34m
[0m[1;34m	threadid 132294186625600 -> hwthread 103 - OK[0m[1;34m
[0m[1;34m	threadid 132294178224832 -> hwthread 104 - OK[0m[1;34m
[0m[1;34m	threadid 132294169824064 -> hwthread 105 - OK[0m[1;34m
[0m[1;34m	threadid 132294161423296 -> hwthread 106 - OK[0m[1;34m
[0m[1;34m	threadid 132294153022528 -> hwthread 107 - OK[0m[1;34m
[0m[1;34m	threadid 132294144621760 -> hwthread 108 - OK[0m[1;34m
[0m[1;34m	threadid 132294136220992 -> hwthread 109 - OK[0m[1;34m
[0m[1;34m	threadid 132293649755584 -> hwthread 110 - OK[0m[1;34m
[0m[1;34m	threadid 132293641354816 -> hwthread 111 - OK[0m[1;34m
[0m[1;34m	threadid 132293632954048 -> hwthread 112 - OK[0m[1;34m
[0m[1;34m	threadid 132293624553280 -> hwthread 113 - OK[0m[1;34m
[0m[1;34m	threadid 132293616152512 -> hwthread 114 - OK[0m[1;34m
[0m[1;34m	threadid 132293607751744 -> hwthread 115 - OK[0m[1;34m
[0m[1;34m	threadid 132293599350976 -> hwthread 116 - OK[0m[1;34m
[0m[1;34m	threadid 132293112885568 -> hwthread 117 - OK[0m[1;34m
[0m[1;34m	threadid 132293104484800 -> hwthread 118 - OK[0m[1;34m
[0m[1;34m	threadid 132293096084032 -> hwthread 119 - OK[0m[1;34m
[0m[1;34m	threadid 132293087683264 -> hwthread 120 - OK[0m[1;34m
[0m[1;34m	threadid 132293079282496 -> hwthread 121 - OK[0m[1;34m
[0m[1;34m	threadid 132293070881728 -> hwthread 122 - OK[0m[1;34m
[0m[1;34m	threadid 132293062480960 -> hwthread 123 - OK[0m[1;34m
[0m[1;34m	threadid 132292576015552 -> hwthread 124 - OK[0m[1;34m
[0m[1;34m	threadid 132292567614784 -> hwthread 125 - OK[0m[1;34m
[0m[1;34m	threadid 132292559214016 -> hwthread 126 - OK[0m[1;34m
[0m[1;34m	threadid 132292550813248 -> hwthread 127 - OK[0m[1;34m
[0mrandom wtime: 6.35769355201046
tt_from_dense wtime: 341.63240151299397
tt_from_dense wtime: 336.75454461299523
INFO: You are running LIKWID in a cpuset with 64 CPUs. Taking given IDs as logical ID in cpuset
[1;34m[pthread wrapper] 
[0m[1;34m[pthread wrapper] MAIN -> 64
[0m[1;34m[pthread wrapper] PIN_MASK: [0m[1;34m0->65  [0m[1;34m1->66  [0m[1;34m2->67  [0m[1;34m3->68  [0m[1;34m4->69  [0m[1;34m5->70  [0m[1;34m6->71  [0m[1;34m7->72  [0m[1;34m8->73  [0m[1;34m9->74  [0m[1;34m10->75  [0m[1;34m11->76  [0m[1;34m12->77  [0m[1;34m13->78  [0m[1;34m14->79  [0m[1;34m15->80  [0m[1;34m16->81  [0m[1;34m17->82  [0m[1;34m18->83  [0m[1;34m19->84  [0m[1;34m20->85  [0m[1;34m21->86  [0m[1;34m22->87  [0m[1;34m23->88  [0m[1;34m24->89  [0m[1;34m25->90  [0m[1;34m26->91  [0m[1;34m27->92  [0m[1;34m28->93  [0m[1;34m29->94  [0m[1;34m30->95  [0m[1;34m31->96  [0m[1;34m32->97  [0m[1;34m33->98  [0m[1;34m34->99  [0m[1;34m35->100  [0m[1;34m36->101  [0m[1;34m37->102  [0m[1;34m38->103  [0m[1;34m39->104  [0m[1;34m40->105  [0m[1;34m41->106  [0m[1;34m42->107  [0m[1;34m43->108  [0m[1;34m44->109  [0m[1;34m45->110  [0m[1;34m46->111  [0m[1;34m47->112  [0m[1;34m48->113  [0m[1;34m49->114  [0m[1;34m50->115  [0m[1;34m51->116  [0m[1;34m52->117  [0m[1;34m53->118  [0m[1;34m54->119  [0m[1;34m55->120  [0m[1;34m56->121  [0m[1;34m57->122  [0m[1;34m58->123  [0m[1;34m59->124  [0m[1;34m60->125  [0m[1;34m61->126  [0m[1;34m62->127  [0m[1;34m
[pthread wrapper] SKIP MASK: 0x0
[0m[1;34m	threadid 138790947497792 -> hwthread 65 - OK[0m[1;34m
[0m[1;34m	threadid 138790939101120 -> hwthread 66 - OK[0m[1;34m
[0m[1;34m	threadid 138790861531200 -> hwthread 67 - OK[0m[1;34m
[0m[1;34m	threadid 138790853134528 -> hwthread 68 - OK[0m[1;34m
[0m[1;34m	threadid 138790844737856 -> hwthread 69 - OK[0m[1;34m
[0m[1;34m	threadid 138790836341184 -> hwthread 70 - OK[0m[1;34m
[0m[1;34m	threadid 138790827944512 -> hwthread 71 - OK[0m[1;34m
[0m[1;34m	threadid 138790819547840 -> hwthread 72 - OK[0m[1;34m
[0m[1;34m	threadid 138790811151168 -> hwthread 73 - OK[0m[1;34m
[0m[1;34m	threadid 138790257552320 -> hwthread 74 - OK[0m[1;34m
[0m[1;34m	threadid 138790249155648 -> hwthread 75 - OK[0m[1;34m
[0m[1;34m	threadid 138790240758976 -> hwthread 76 - OK[0m[1;34m
[0m[1;34m	threadid 138790232362304 -> hwthread 77 - OK[0m[1;34m
[0m[1;34m	threadid 138790223965632 -> hwthread 78 - OK[0m[1;34m
[0m[1;34m	threadid 138790215568960 -> hwthread 79 - OK[0m[1;34m
[0m[1;34m	threadid 138790207172288 -> hwthread 80 - OK[0m[1;34m
[0m[1;34m	threadid 138789720682304 -> hwthread 81 - OK[0m[1;34m
[0m[1;34m	threadid 138789712285632 -> hwthread 82 - OK[0m[1;34m
[0m[1;34m	threadid 138789703888960 -> hwthread 83 - OK[0m[1;34m
[0m[1;34m	threadid 138789695492288 -> hwthread 84 - OK[0m[1;34m
[0m[1;34m	threadid 138789687095616 -> hwthread 85 - OK[0m[1;34m
[0m[1;34m	threadid 138789678698944 -> hwthread 86 - OK[0m[1;34m
[0m[1;34m	threadid 138789670302272 -> hwthread 87 - OK[0m[1;34m
[0m[1;34m	threadid 138789183812288 -> hwthread 88 - OK[0m[1;34m
[0m[1;34m	threadid 138789175415616 -> hwthread 89 - OK[0m[1;34m
[0m[1;34m	threadid 138789167018944 -> hwthread 90 - OK[0m[1;34m
[0m[1;34m	threadid 138789158622272 -> hwthread 91 - OK[0m[1;34m
[0m[1;34m	threadid 138789150225600 -> hwthread 92 - OK[0m[1;34m
[0m[1;34m	threadid 138789141828928 -> hwthread 93 - OK[0m[1;34m
[0m[1;34m	threadid 138789133432256 -> hwthread 94 - OK[0m[1;34m
[0m[1;34m	threadid 138788646942272 -> hwthread 95 - OK[0m[1;34m
[0m[1;34m	threadid 138788638545600 -> hwthread 96 - OK[0m[1;34m
[0m[1;34m	threadid 138788630144832 -> hwthread 97 - OK[0m[1;34m
[0m[1;34m	threadid 138788621744064 -> hwthread 98 - OK[0m[1;34m
[0m[1;34m	threadid 138788613343296 -> hwthread 99 - OK[0m[1;34m
[0m[1;34m	threadid 138788604942528 -> hwthread 100 - OK[0m[1;34m
[0m[1;34m	threadid 138788596541760 -> hwthread 101 - OK[0m[1;34m
[0m[1;34m	threadid 138788110068160 -> hwthread 102 - OK[0m[1;34m
[0m[1;34m	threadid 138788101667392 -> hwthread 103 - OK[0m[1;34m
[0m[1;34m	threadid 138788093266624 -> hwthread 104 - OK[0m[1;34m
[0m[1;34m	threadid 138788084865856 -> hwthread 105 - OK[0m[1;34m
[0m[1;34m	threadid 138788076465088 -> hwthread 106 - OK[0m[1;34m
[0m[1;34m	threadid 138788068064320 -> hwthread 107 - OK[0m[1;34m
[0m[1;34m	threadid 138788059663552 -> hwthread 108 - OK[0m[1;34m
[0m[1;34m	threadid 138787573198144 -> hwthread 109 - OK[0m[1;34m
[0m[1;34m	threadid 138787564797376 -> hwthread 110 - OK[0m[1;34m
[0m[1;34m	threadid 138787556396608 -> hwthread 111 - OK[0m[1;34m
[0m[1;34m	threadid 138787547995840 -> hwthread 112 - OK[0m[1;34m
[0m[1;34m	threadid 138787539595072 -> hwthread 113 - OK[0m[1;34m
[0m[1;34m	threadid 138787531194304 -> hwthread 114 - OK[0m[1;34m
[0m[1;34m	threadid 138787522793536 -> hwthread 115 - OK[0m[1;34m
[0m[1;34m	threadid 138787036328128 -> hwthread 116 - OK[0m[1;34m
[0m[1;34m	threadid 138787027927360 -> hwthread 117 - OK[0m[1;34m
[0m[1;34m	threadid 138787019526592 -> hwthread 118 - OK[0m[1;34m
[0m[1;34m	threadid 138787011125824 -> hwthread 119 - OK[0m[1;34m
[0m[1;34m	threadid 138787002725056 -> hwthread 120 - OK[0m[1;34m
[0m[1;34m	threadid 138786994324288 -> hwthread 121 - OK[0m[1;34m
[0m[1;34m	threadid 138786985923520 -> hwthread 122 - OK[0m[1;34m
[0m[1;34m	threadid 138786499458112 -> hwthread 123 - OK[0m[1;34m
[0m[1;34m	threadid 138786491057344 -> hwthread 124 - OK[0m[1;34m
[0m[1;34m	threadid 138786482656576 -> hwthread 125 - OK[0m[1;34m
[0m[1;34m	threadid 138786474255808 -> hwthread 126 - OK[0m[1;34m
[0m[1;34m	threadid 138786465855040 -> hwthread 127 - OK[0m[1;34m
[0mrandom wtime: 6.340949384990381
tt_from_dense wtime: 344.96414599400305
tt_from_dense wtime: 340.5063618099957
INFO: You are running LIKWID in a cpuset with 64 CPUs. Taking given IDs as logical ID in cpuset
[1;34m[pthread wrapper] 
[0m[1;34m[pthread wrapper] MAIN -> 64
[0m[1;34m[pthread wrapper] PIN_MASK: [0m[1;34m0->65  [0m[1;34m1->66  [0m[1;34m2->67  [0m[1;34m3->68  [0m[1;34m4->69  [0m[1;34m5->70  [0m[1;34m6->71  [0m[1;34m7->72  [0m[1;34m8->73  [0m[1;34m9->74  [0m[1;34m10->75  [0m[1;34m11->76  [0m[1;34m12->77  [0m[1;34m13->78  [0m[1;34m14->79  [0m[1;34m15->80  [0m[1;34m16->81  [0m[1;34m17->82  [0m[1;34m18->83  [0m[1;34m19->84  [0m[1;34m20->85  [0m[1;34m21->86  [0m[1;34m22->87  [0m[1;34m23->88  [0m[1;34m24->89  [0m[1;34m25->90  [0m[1;34m26->91  [0m[1;34m27->92  [0m[1;34m28->93  [0m[1;34m29->94  [0m[1;34m30->95  [0m[1;34m31->96  [0m[1;34m32->97  [0m[1;34m33->98  [0m[1;34m34->99  [0m[1;34m35->100  [0m[1;34m36->101  [0m[1;34m37->102  [0m[1;34m38->103  [0m[1;34m39->104  [0m[1;34m40->105  [0m[1;34m41->106  [0m[1;34m42->107  [0m[1;34m43->108  [0m[1;34m44->109  [0m[1;34m45->110  [0m[1;34m46->111  [0m[1;34m47->112  [0m[1;34m48->113  [0m[1;34m49->114  [0m[1;34m50->115  [0m[1;34m51->116  [0m[1;34m52->117  [0m[1;34m53->118  [0m[1;34m54->119  [0m[1;34m55->120  [0m[1;34m56->121  [0m[1;34m57->122  [0m[1;34m58->123  [0m[1;34m59->124  [0m[1;34m60->125  [0m[1;34m61->126  [0m[1;34m62->127  [0m[1;34m
[pthread wrapper] SKIP MASK: 0x0
[0m[1;34m	threadid 138629457360704 -> hwthread 65 - OK[0m[1;34m
[0m[1;34m	threadid 138629448964032 -> hwthread 66 - OK[0m[1;34m
[0m[1;34m	threadid 138629440567360 -> hwthread 67 - OK[0m[1;34m
[0m[1;34m	threadid 138629432170688 -> hwthread 68 - OK[0m[1;34m
[0m[1;34m	threadid 138629423774016 -> hwthread 69 - OK[0m[1;34m
[0m[1;34m	threadid 138629415377344 -> hwthread 70 - OK[0m[1;34m
[0m[1;34m	threadid 138629406980672 -> hwthread 71 - OK[0m[1;34m
[0m[1;34m	threadid 138628927843008 -> hwthread 72 - OK[0m[1;34m
[0m[1;34m	threadid 138628919446336 -> hwthread 73 - OK[0m[1;34m
[0m[1;34m	threadid 138628911049664 -> hwthread 74 - OK[0m[1;34m
[0m[1;34m	threadid 138628902652992 -> hwthread 75 - OK[0m[1;34m
[0m[1;34m	threadid 138628894256320 -> hwthread 76 - OK[0m[1;34m
[0m[1;34m	threadid 138628885859648 -> hwthread 77 - OK[0m[1;34m
[0m[1;34m	threadid 138628877462976 -> hwthread 78 - OK[0m[1;34m
[0m[1;34m	threadid 138628390972992 -> hwthread 79 - OK[0m[1;34m
[0m[1;34m	threadid 138628382576320 -> hwthread 80 - OK[0m[1;34m
[0m[1;34m	threadid 138628374179648 -> hwthread 81 - OK[0m[1;34m
[0m[1;34m	threadid 138628365782976 -> hwthread 82 - OK[0m[1;34m
[0m[1;34m	threadid 138628357386304 -> hwthread 83 - OK[0m[1;34m
[0m[1;34m	threadid 138628348989632 -> hwthread 84 - OK[0m[1;34m
[0m[1;34m	threadid 138628340592960 -> hwthread 85 - OK[0m[1;34m
[0m[1;34m	threadid 138627854102976 -> hwthread 86 - OK[0m[1;34m
[0m[1;34m	threadid 138627845706304 -> hwthread 87 - OK[0m[1;34m
[0m[1;34m	threadid 138627837309632 -> hwthread 88 - OK[0m[1;34m
[0m[1;34m	threadid 138627828912960 -> hwthread 89 - OK[0m[1;34m
[0m[1;34m	threadid 138627820516288 -> hwthread 90 - OK[0m[1;34m
[0m[1;34m	threadid 138627812119616 -> hwthread 91 - OK[0m[1;34m
[0m[1;34m	threadid 138627803722944 -> hwthread 92 - OK[0m[1;34m
[0m[1;34m	threadid 138627317232960 -> hwthread 93 - OK[0m[1;34m
[0m[1;34m	threadid 138627308836288 -> hwthread 94 - OK[0m[1;34m
[0m[1;34m	threadid 138627300439616 -> hwthread 95 - OK[0m[1;34m
[0m[1;34m	threadid 138627292042944 -> hwthread 96 - OK[0m[1;34m
[0m[1;34m	threadid 138627283642176 -> hwthread 97 - OK[0m[1;34m
[0m[1;34m	threadid 138627275241408 -> hwthread 98 - OK[0m[1;34m
[0m[1;34m	threadid 138627266840640 -> hwthread 99 - OK[0m[1;34m
[0m[1;34m	threadid 138626780358848 -> hwthread 100 - OK[0m[1;34m
[0m[1;34m	threadid 138626771958080 -> hwthread 101 - OK[0m[1;34m
[0m[1;34m	threadid 138626763557312 -> hwthread 102 - OK[0m[1;34m
[0m[1;34m	threadid 138626755156544 -> hwthread 103 - OK[0m[1;34m
[0m[1;34m	threadid 138626746755776 -> hwthread 104 - OK[0m[1;34m
[0m[1;34m	threadid 138626738355008 -> hwthread 105 - OK[0m[1;34m
[0m[1;34m	threadid 138626729954240 -> hwthread 106 - OK[0m[1;34m
[0m[1;34m	threadid 138626243488832 -> hwthread 107 - OK[0m[1;34m
[0m[1;34m	threadid 138626235088064 -> hwthread 108 - OK[0m[1;34m
[0m[1;34m	threadid 138626226687296 -> hwthread 109 - OK[0m[1;34m
[0m[1;34m	threadid 138626218286528 -> hwthread 110 - OK[0m[1;34m
[0m[1;34m	threadid 138626209885760 -> hwthread 111 - OK[0m[1;34m
[0m[1;34m	threadid 138626201484992 -> hwthread 112 - OK[0m[1;34m
[0m[1;34m	threadid 138626193084224 -> hwthread 113 - OK[0m[1;34m
[0m[1;34m	threadid 138625706618816 -> hwthread 114 - OK[0m[1;34m
[0m[1;34m	threadid 138625698218048 -> hwthread 115 - OK[0m[1;34m
[0m[1;34m	threadid 138625689817280 -> hwthread 116 - OK[0m[1;34m
[0m[1;34m	threadid 138625681416512 -> hwthread 117 - OK[0m[1;34m
[0m[1;34m	threadid 138625673015744 -> hwthread 118 - OK[0m[1;34m
[0m[1;34m	threadid 138625664614976 -> hwthread 119 - OK[0m[1;34m
[0m[1;34m	threadid 138625656214208 -> hwthread 120 - OK[0m[1;34m
[0m[1;34m	threadid 138625169748800 -> hwthread 121 - OK[0m[1;34m
[0m[1;34m	threadid 138625161348032 -> hwthread 122 - OK[0m[1;34m
[0m[1;34m	threadid 138625152947264 -> hwthread 123 - OK[0m[1;34m
[0m[1;34m	threadid 138625144546496 -> hwthread 124 - OK[0m[1;34m
[0m[1;34m	threadid 138625136145728 -> hwthread 125 - OK[0m[1;34m
[0m[1;34m	threadid 138625127744960 -> hwthread 126 - OK[0m[1;34m
[0m[1;34m	threadid 138625119344192 -> hwthread 127 - OK[0m[1;34m
[0mrandom wtime: 6.319273540007998
tt_from_dense wtime: 360.5380805419991
tt_from_dense wtime: 348.1169571500068
INFO: You are running LIKWID in a cpuset with 64 CPUs. Taking given IDs as logical ID in cpuset
[1;34m[pthread wrapper] 
[0m[1;34m[pthread wrapper] MAIN -> 64
[0m[1;34m[pthread wrapper] PIN_MASK: [0m[1;34m0->65  [0m[1;34m1->66  [0m[1;34m2->67  [0m[1;34m3->68  [0m[1;34m4->69  [0m[1;34m5->70  [0m[1;34m6->71  [0m[1;34m7->72  [0m[1;34m8->73  [0m[1;34m9->74  [0m[1;34m10->75  [0m[1;34m11->76  [0m[1;34m12->77  [0m[1;34m13->78  [0m[1;34m14->79  [0m[1;34m15->80  [0m[1;34m16->81  [0m[1;34m17->82  [0m[1;34m18->83  [0m[1;34m19->84  [0m[1;34m20->85  [0m[1;34m21->86  [0m[1;34m22->87  [0m[1;34m23->88  [0m[1;34m24->89  [0m[1;34m25->90  [0m[1;34m26->91  [0m[1;34m27->92  [0m[1;34m28->93  [0m[1;34m29->94  [0m[1;34m30->95  [0m[1;34m31->96  [0m[1;34m32->97  [0m[1;34m33->98  [0m[1;34m34->99  [0m[1;34m35->100  [0m[1;34m36->101  [0m[1;34m37->102  [0m[1;34m38->103  [0m[1;34m39->104  [0m[1;34m40->105  [0m[1;34m41->106  [0m[1;34m42->107  [0m[1;34m43->108  [0m[1;34m44->109  [0m[1;34m45->110  [0m[1;34m46->111  [0m[1;34m47->112  [0m[1;34m48->113  [0m[1;34m49->114  [0m[1;34m50->115  [0m[1;34m51->116  [0m[1;34m52->117  [0m[1;34m53->118  [0m[1;34m54->119  [0m[1;34m55->120  [0m[1;34m56->121  [0m[1;34m57->122  [0m[1;34m58->123  [0m[1;34m59->124  [0m[1;34m60->125  [0m[1;34m61->126  [0m[1;34m62->127  [0m[1;34m
[pthread wrapper] SKIP MASK: 0x0
[0m[1;34m	threadid 132363011995456 -> hwthread 65 - OK[0m[1;34m
[0m[1;34m	threadid 132363003598784 -> hwthread 66 - OK[0m[1;34m
[0m[1;34m	threadid 132362995202112 -> hwthread 67 - OK[0m[1;34m
[0m[1;34m	threadid 132362986805440 -> hwthread 68 - OK[0m[1;34m
[0m[1;34m	threadid 132362771884352 -> hwthread 69 - OK[0m[1;34m
[0m[1;34m	threadid 132362763487680 -> hwthread 70 - OK[0m[1;34m
[0m[1;34m	threadid 132362755091008 -> hwthread 71 - OK[0m[1;34m
[0m[1;34m	threadid 132362746694336 -> hwthread 72 - OK[0m[1;34m
[0m[1;34m	threadid 132362738297664 -> hwthread 73 - OK[0m[1;34m
[0m[1;34m	threadid 132362729900992 -> hwthread 74 - OK[0m[1;34m
[0m[1;34m	threadid 132362721504320 -> hwthread 75 - OK[0m[1;34m
[0m[1;34m	threadid 132362167905472 -> hwthread 76 - OK[0m[1;34m
[0m[1;34m	threadid 132362159508800 -> hwthread 77 - OK[0m[1;34m
[0m[1;34m	threadid 132362151112128 -> hwthread 78 - OK[0m[1;34m
[0m[1;34m	threadid 132362142715456 -> hwthread 79 - OK[0m[1;34m
[0m[1;34m	threadid 132362134318784 -> hwthread 80 - OK[0m[1;34m
[0m[1;34m	threadid 132362125922112 -> hwthread 81 - OK[0m[1;34m
[0m[1;34m	threadid 132362117525440 -> hwthread 82 - OK[0m[1;34m
[0m[1;34m	threadid 132361631035456 -> hwthread 83 - OK[0m[1;34m
[0m[1;34m	threadid 132361622638784 -> hwthread 84 - OK[0m[1;34m
[0m[1;34m	threadid 132361614242112 -> hwthread 85 - OK[0m[1;34m
[0m[1;34m	threadid 132361605845440 -> hwthread 86 - OK[0m[1;34m
[0m[1;34m	threadid 132361597448768 -> hwthread 87 - OK[0m[1;34m
[0m[1;34m	threadid 132361589052096 -> hwthread 88 - OK[0m[1;34m
[0m[1;34m	threadid 132361580655424 -> hwthread 89 - OK[0m[1;34m
[0m[1;34m	threadid 132361094165440 -> hwthread 90 - OK[0m[1;34m
[0m[1;34m	threadid 132361085768768 -> hwthread 91 - OK[0m[1;34m
[0m[1;34m	threadid 132361077372096 -> hwthread 92 - OK[0m[1;34m
[0m[1;34m	threadid 132361068975424 -> hwthread 93 - OK[0m[1;34m
[0m[1;34m	threadid 132361060578752 -> hwthread 94 - OK[0m[1;34m
[0m[1;34m	threadid 132361052182080 -> hwthread 95 - OK[0m[1;34m
[0m[1;34m	threadid 132361043785408 -> hwthread 96 - OK[0m[1;34m
[0m[1;34m	threadid 132360557291328 -> hwthread 97 - OK[0m[1;34m
[0m[1;34m	threadid 132360548890560 -> hwthread 98 - OK[0m[1;34m
[0m[1;34m	threadid 132360540489792 -> hwthread 99 - OK[0m[1;34m
[0m[1;34m	threadid 132360532089024 -> hwthread 100 - OK[0m[1;34m
[0m[1;34m	threadid 132360523688256 -> hwthread 101 - OK[0m[1;34m
[0m[1;34m	threadid 132360515287488 -> hwthread 102 - OK[0m[1;34m
[0m[1;34m	threadid 132360506886720 -> hwthread 103 - OK[0m[1;34m
[0m[1;34m	threadid 132360020421312 -> hwthread 104 - OK[0m[1;34m
[0m[1;34m	threadid 132360012020544 -> hwthread 105 - OK[0m[1;34m
[0m[1;34m	threadid 132360003619776 -> hwthread 106 - OK[0m[1;34m
[0m[1;34m	threadid 132359995219008 -> hwthread 107 - OK[0m[1;34m
[0m[1;34m	threadid 132359986818240 -> hwthread 108 - OK[0m[1;34m
[0m[1;34m	threadid 132359978417472 -> hwthread 109 - OK[0m[1;34m
[0m[1;34m	threadid 132359970016704 -> hwthread 110 - OK[0m[1;34m
[0m[1;34m	threadid 132359483551296 -> hwthread 111 - OK[0m[1;34m
[0m[1;34m	threadid 132359475150528 -> hwthread 112 - OK[0m[1;34m
[0m[1;34m	threadid 132359466749760 -> hwthread 113 - OK[0m[1;34m
[0m[1;34m	threadid 132359458348992 -> hwthread 114 - OK[0m[1;34m
[0m[1;34m	threadid 132359449948224 -> hwthread 115 - OK[0m[1;34m
[0m[1;34m	threadid 132359441547456 -> hwthread 116 - OK[0m[1;34m
[0m[1;34m	threadid 132359433146688 -> hwthread 117 - OK[0m[1;34m
[0m[1;34m	threadid 132358946681280 -> hwthread 118 - OK[0m[1;34m
[0m[1;34m	threadid 132358938280512 -> hwthread 119 - OK[0m[1;34m
[0m[1;34m	threadid 132358929879744 -> hwthread 120 - OK[0m[1;34m
[0m[1;34m	threadid 132358921478976 -> hwthread 121 - OK[0m[1;34m
[0m[1;34m	threadid 132358913078208 -> hwthread 122 - OK[0m[1;34m
[0m[1;34m	threadid 132358904677440 -> hwthread 123 - OK[0m[1;34m
[0m[1;34m	threadid 132358896276672 -> hwthread 124 - OK[0m[1;34m
[0m[1;34m	threadid 132358409811264 -> hwthread 125 - OK[0m[1;34m
[0m[1;34m	threadid 132358401410496 -> hwthread 126 - OK[0m[1;34m
[0m[1;34m	threadid 132358393009728 -> hwthread 127 - OK[0m[1;34m
[0mrandom wtime: 6.328725163999479
tt_from_dense wtime: 365.5520562650054
tt_from_dense wtime: 358.4658398550091
INFO: You are running LIKWID in a cpuset with 64 CPUs. Taking given IDs as logical ID in cpuset
[1;34m[pthread wrapper] 
[0m[1;34m[pthread wrapper] MAIN -> 64
[0m[1;34m[pthread wrapper] PIN_MASK: [0m[1;34m0->65  [0m[1;34m1->66  [0m[1;34m2->67  [0m[1;34m3->68  [0m[1;34m4->69  [0m[1;34m5->70  [0m[1;34m6->71  [0m[1;34m7->72  [0m[1;34m8->73  [0m[1;34m9->74  [0m[1;34m10->75  [0m[1;34m11->76  [0m[1;34m12->77  [0m[1;34m13->78  [0m[1;34m14->79  [0m[1;34m15->80  [0m[1;34m16->81  [0m[1;34m17->82  [0m[1;34m18->83  [0m[1;34m19->84  [0m[1;34m20->85  [0m[1;34m21->86  [0m[1;34m22->87  [0m[1;34m23->88  [0m[1;34m24->89  [0m[1;34m25->90  [0m[1;34m26->91  [0m[1;34m27->92  [0m[1;34m28->93  [0m[1;34m29->94  [0m[1;34m30->95  [0m[1;34m31->96  [0m[1;34m32->97  [0m[1;34m33->98  [0m[1;34m34->99  [0m[1;34m35->100  [0m[1;34m36->101  [0m[1;34m37->102  [0m[1;34m38->103  [0m[1;34m39->104  [0m[1;34m40->105  [0m[1;34m41->106  [0m[1;34m42->107  [0m[1;34m43->108  [0m[1;34m44->109  [0m[1;34m45->110  [0m[1;34m46->111  [0m[1;34m47->112  [0m[1;34m48->113  [0m[1;34m49->114  [0m[1;34m50->115  [0m[1;34m51->116  [0m[1;34m52->117  [0m[1;34m53->118  [0m[1;34m54->119  [0m[1;34m55->120  [0m[1;34m56->121  [0m[1;34m57->122  [0m[1;34m58->123  [0m[1;34m59->124  [0m[1;34m60->125  [0m[1;34m61->126  [0m[1;34m62->127  [0m[1;34m
[pthread wrapper] SKIP MASK: 0x0
[0m[1;34m	threadid 126302440892224 -> hwthread 65 - OK[0m[1;34m
[0m[1;34m	threadid 126302432495552 -> hwthread 66 - OK[0m[1;34m
[0m[1;34m	threadid 126302424098880 -> hwthread 67 - OK[0m[1;34m
[0m[1;34m	threadid 126302415702208 -> hwthread 68 - OK[0m[1;34m
[0m[1;34m	threadid 126302407305536 -> hwthread 69 - OK[0m[1;34m
[0m[1;34m	threadid 126302398908864 -> hwthread 70 - OK[0m[1;34m
[0m[1;34m	threadid 126302390512192 -> hwthread 71 - OK[0m[1;34m
[0m[1;34m	threadid 126302382115520 -> hwthread 72 - OK[0m[1;34m
[0m[1;34m	threadid 126301901941568 -> hwthread 73 - OK[0m[1;34m
[0m[1;34m	threadid 126301893544896 -> hwthread 74 - OK[0m[1;34m
[0m[1;34m	threadid 126301885148224 -> hwthread 75 - OK[0m[1;34m
[0m[1;34m	threadid 126301876751552 -> hwthread 76 - OK[0m[1;34m
[0m[1;34m	threadid 126301868354880 -> hwthread 77 - OK[0m[1;34m
[0m[1;34m	threadid 126301859958208 -> hwthread 78 - OK[0m[1;34m
[0m[1;34m	threadid 126301851561536 -> hwthread 79 - OK[0m[1;34m
[0m[1;34m	threadid 126301297962688 -> hwthread 80 - OK[0m[1;34m
[0m[1;34m	threadid 126301289566016 -> hwthread 81 - OK[0m[1;34m
[0m[1;34m	threadid 126301281169344 -> hwthread 82 - OK[0m[1;34m
[0m[1;34m	threadid 126301272772672 -> hwthread 83 - OK[0m[1;34m
[0m[1;34m	threadid 126301264376000 -> hwthread 84 - OK[0m[1;34m
[0m[1;34m	threadid 126301255979328 -> hwthread 85 - OK[0m[1;34m
[0m[1;34m	threadid 126301247582656 -> hwthread 86 - OK[0m[1;34m
[0m[1;34m	threadid 126300761092672 -> hwthread 87 - OK[0m[1;34m
[0m[1;34m	threadid 126300752696000 -> hwthread 88 - OK[0m[1;34m
[0m[1;34m	threadid 126300744299328 -> hwthread 89 - OK[0m[1;34m
[0m[1;34m	threadid 126300735902656 -> hwthread 90 - OK[0m[1;34m
[0m[1;34m	threadid 126300727505984 -> hwthread 91 - OK[0m[1;34m
[0m[1;34m	threadid 126300719109312 -> hwthread 92 - OK[0m[1;34m
[0m[1;34m	threadid 126300710712640 -> hwthread 93 - OK[0m[1;34m
[0m[1;34m	threadid 126300224222656 -> hwthread 94 - OK[0m[1;34m
[0m[1;34m	threadid 126300215825984 -> hwthread 95 - OK[0m[1;34m
[0m[1;34m	threadid 126300207429312 -> hwthread 96 - OK[0m[1;34m
[0m[1;34m	threadid 126300199028544 -> hwthread 97 - OK[0m[1;34m
[0m[1;34m	threadid 126300190627776 -> hwthread 98 - OK[0m[1;34m
[0m[1;34m	threadid 126300182227008 -> hwthread 99 - OK[0m[1;34m
[0m[1;34m	threadid 126300173826240 -> hwthread 100 - OK[0m[1;34m
[0m[1;34m	threadid 126299687348544 -> hwthread 101 - OK[0m[1;34m
[0m[1;34m	threadid 126299678947776 -> hwthread 102 - OK[0m[1;34m
[0m[1;34m	threadid 126299670547008 -> hwthread 103 - OK[0m[1;34m
[0m[1;34m	threadid 126299662146240 -> hwthread 104 - OK[0m[1;34m
[0m[1;34m	threadid 126299653745472 -> hwthread 105 - OK[0m[1;34m
[0m[1;34m	threadid 126299645344704 -> hwthread 106 - OK[0m[1;34m
[0m[1;34m	threadid 126299636943936 -> hwthread 107 - OK[0m[1;34m
[0m[1;34m	threadid 126299150478528 -> hwthread 108 - OK[0m[1;34m
[0m[1;34m	threadid 126299142077760 -> hwthread 109 - OK[0m[1;34m
[0m[1;34m	threadid 126299133676992 -> hwthread 110 - OK[0m[1;34m
[0m[1;34m	threadid 126299125276224 -> hwthread 111 - OK[0m[1;34m
[0m[1;34m	threadid 126299116875456 -> hwthread 112 - OK[0m[1;34m
[0m[1;34m	threadid 126299108474688 -> hwthread 113 - OK[0m[1;34m
[0m[1;34m	threadid 126299100073920 -> hwthread 114 - OK[0m[1;34m
[0m[1;34m	threadid 126298613608512 -> hwthread 115 - OK[0m[1;34m
[0m[1;34m	threadid 126298605207744 -> hwthread 116 - OK[0m[1;34m
[0m[1;34m	threadid 126298596806976 -> hwthread 117 - OK[0m[1;34m
[0m[1;34m	threadid 126298588406208 -> hwthread 118 - OK[0m[1;34m
[0m[1;34m	threadid 126298580005440 -> hwthread 119 - OK[0m[1;34m
[0m[1;34m	threadid 126298571604672 -> hwthread 120 - OK[0m[1;34m
[0m[1;34m	threadid 126298563203904 -> hwthread 121 - OK[0m[1;34m
[0m[1;34m	threadid 126298076738496 -> hwthread 122 - OK[0m[1;34m
[0m[1;34m	threadid 126298068337728 -> hwthread 123 - OK[0m[1;34m
[0m[1;34m	threadid 126298059936960 -> hwthread 124 - OK[0m[1;34m
[0m[1;34m	threadid 126298051536192 -> hwthread 125 - OK[0m[1;34m
[0m[1;34m	threadid 126298043135424 -> hwthread 126 - OK[0m[1;34m
[0m[1;34m	threadid 126298034734656 -> hwthread 127 - OK[0m[1;34m
[0mrandom wtime: 6.327031598993926
tt_from_dense wtime: 357.1905590509996
tt_from_dense wtime: 352.54544207100116
INFO: You are running LIKWID in a cpuset with 64 CPUs. Taking given IDs as logical ID in cpuset
[1;34m[pthread wrapper] 
[0m[1;34m[pthread wrapper] MAIN -> 64
[0m[1;34m[pthread wrapper] PIN_MASK: [0m[1;34m0->65  [0m[1;34m1->66  [0m[1;34m2->67  [0m[1;34m3->68  [0m[1;34m4->69  [0m[1;34m5->70  [0m[1;34m6->71  [0m[1;34m7->72  [0m[1;34m8->73  [0m[1;34m9->74  [0m[1;34m10->75  [0m[1;34m11->76  [0m[1;34m12->77  [0m[1;34m13->78  [0m[1;34m14->79  [0m[1;34m15->80  [0m[1;34m16->81  [0m[1;34m17->82  [0m[1;34m18->83  [0m[1;34m19->84  [0m[1;34m20->85  [0m[1;34m21->86  [0m[1;34m22->87  [0m[1;34m23->88  [0m[1;34m24->89  [0m[1;34m25->90  [0m[1;34m26->91  [0m[1;34m27->92  [0m[1;34m28->93  [0m[1;34m29->94  [0m[1;34m30->95  [0m[1;34m31->96  [0m[1;34m32->97  [0m[1;34m33->98  [0m[1;34m34->99  [0m[1;34m35->100  [0m[1;34m36->101  [0m[1;34m37->102  [0m[1;34m38->103  [0m[1;34m39->104  [0m[1;34m40->105  [0m[1;34m41->106  [0m[1;34m42->107  [0m[1;34m43->108  [0m[1;34m44->109  [0m[1;34m45->110  [0m[1;34m46->111  [0m[1;34m47->112  [0m[1;34m48->113  [0m[1;34m49->114  [0m[1;34m50->115  [0m[1;34m51->116  [0m[1;34m52->117  [0m[1;34m53->118  [0m[1;34m54->119  [0m[1;34m55->120  [0m[1;34m56->121  [0m[1;34m57->122  [0m[1;34m58->123  [0m[1;34m59->124  [0m[1;34m60->125  [0m[1;34m61->126  [0m[1;34m62->127  [0m[1;34m
[pthread wrapper] SKIP MASK: 0x0
[0m[1;34m	threadid 138928615040832 -> hwthread 65 - OK[0m[1;34m
[0m[1;34m	threadid 138928606644160 -> hwthread 66 - OK[0m[1;34m
[0m[1;34m	threadid 138928598247488 -> hwthread 67 - OK[0m[1;34m
[0m[1;34m	threadid 138928589850816 -> hwthread 68 - OK[0m[1;34m
[0m[1;34m	threadid 138928581454144 -> hwthread 69 - OK[0m[1;34m
[0m[1;34m	threadid 138928233376192 -> hwthread 70 - OK[0m[1;34m
[0m[1;34m	threadid 138928224979520 -> hwthread 71 - OK[0m[1;34m
[0m[1;34m	threadid 138928216582848 -> hwthread 72 - OK[0m[1;34m
[0m[1;34m	threadid 138928208186176 -> hwthread 73 - OK[0m[1;34m
[0m[1;34m	threadid 138928199789504 -> hwthread 74 - OK[0m[1;34m
[0m[1;34m	threadid 138928191392832 -> hwthread 75 - OK[0m[1;34m
[0m[1;34m	threadid 138928182996160 -> hwthread 76 - OK[0m[1;34m
[0m[1;34m	threadid 138927696506176 -> hwthread 77 - OK[0m[1;34m
[0m[1;34m	threadid 138927688109504 -> hwthread 78 - OK[0m[1;34m
[0m[1;34m	threadid 138927679712832 -> hwthread 79 - OK[0m[1;34m
[0m[1;34m	threadid 138927671316160 -> hwthread 80 - OK[0m[1;34m
[0m[1;34m	threadid 138927662919488 -> hwthread 81 - OK[0m[1;34m
[0m[1;34m	threadid 138927654522816 -> hwthread 82 - OK[0m[1;34m
[0m[1;34m	threadid 138927646126144 -> hwthread 83 - OK[0m[1;34m
[0m[1;34m	threadid 138927159636160 -> hwthread 84 - OK[0m[1;34m
[0m[1;34m	threadid 138927151239488 -> hwthread 85 - OK[0m[1;34m
[0m[1;34m	threadid 138927142842816 -> hwthread 86 - OK[0m[1;34m
[0m[1;34m	threadid 138927134446144 -> hwthread 87 - OK[0m[1;34m
[0m[1;34m	threadid 138927126049472 -> hwthread 88 - OK[0m[1;34m
[0m[1;34m	threadid 138927117652800 -> hwthread 89 - OK[0m[1;34m
[0m[1;34m	threadid 138927109256128 -> hwthread 90 - OK[0m[1;34m
[0m[1;34m	threadid 138926622766144 -> hwthread 91 - OK[0m[1;34m
[0m[1;34m	threadid 138926614369472 -> hwthread 92 - OK[0m[1;34m
[0m[1;34m	threadid 138926605972800 -> hwthread 93 - OK[0m[1;34m
[0m[1;34m	threadid 138926597576128 -> hwthread 94 - OK[0m[1;34m
[0m[1;34m	threadid 138926589179456 -> hwthread 95 - OK[0m[1;34m
[0m[1;34m	threadid 138926580782784 -> hwthread 96 - OK[0m[1;34m
[0m[1;34m	threadid 138926572382016 -> hwthread 97 - OK[0m[1;34m
[0m[1;34m	threadid 138926085892032 -> hwthread 98 - OK[0m[1;34m
[0m[1;34m	threadid 138926077491264 -> hwthread 99 - OK[0m[1;34m
[0m[1;34m	threadid 138926069090496 -> hwthread 100 - OK[0m[1;34m
[0m[1;34m	threadid 138926060689728 -> hwthread 101 - OK[0m[1;34m
[0m[1;34m	threadid 138926052288960 -> hwthread 102 - OK[0m[1;34m
[0m[1;34m	threadid 138926043888192 -> hwthread 103 - OK[0m[1;34m
[0m[1;34m	threadid 138926035487424 -> hwthread 104 - OK[0m[1;34m
[0m[1;34m	threadid 138925549022016 -> hwthread 105 - OK[0m[1;34m
[0m[1;34m	threadid 138925540621248 -> hwthread 106 - OK[0m[1;34m
[0m[1;34m	threadid 138925532220480 -> hwthread 107 - OK[0m[1;34m
[0m[1;34m	threadid 138925523819712 -> hwthread 108 - OK[0m[1;34m
[0m[1;34m	threadid 138925515418944 -> hwthread 109 - OK[0m[1;34m
[0m[1;34m	threadid 138925507018176 -> hwthread 110 - OK[0m[1;34m
[0m[1;34m	threadid 138925498617408 -> hwthread 111 - OK[0m[1;34m
[0m[1;34m	threadid 138925012152000 -> hwthread 112 - OK[0m[1;34m
[0m[1;34m	threadid 138925003751232 -> hwthread 113 - OK[0m[1;34m
[0m[1;34m	threadid 138924995350464 -> hwthread 114 - OK[0m[1;34m
[0m[1;34m	threadid 138924986949696 -> hwthread 115 - OK[0m[1;34m
[0m[1;34m	threadid 138924978548928 -> hwthread 116 - OK[0m[1;34m
[0m[1;34m	threadid 138924970148160 -> hwthread 117 - OK[0m[1;34m
[0m[1;34m	threadid 138924961747392 -> hwthread 118 - OK[0m[1;34m
[0m[1;34m	threadid 138924475281984 -> hwthread 119 - OK[0m[1;34m
[0m[1;34m	threadid 138924466881216 -> hwthread 120 - OK[0m[1;34m
[0m[1;34m	threadid 138924458480448 -> hwthread 121 - OK[0m[1;34m
[0m[1;34m	threadid 138924450079680 -> hwthread 122 - OK[0m[1;34m
[0m[1;34m	threadid 138924441678912 -> hwthread 123 - OK[0m[1;34m
[0m[1;34m	threadid 138924433278144 -> hwthread 124 - OK[0m[1;34m
[0m[1;34m	threadid 138924424877376 -> hwthread 125 - OK[0m[1;34m
[0m[1;34m	threadid 138923938411968 -> hwthread 126 - OK[0m[1;34m
[0m[1;34m	threadid 138923930011200 -> hwthread 127 - OK[0m[1;34m
[0mrandom wtime: 6.327632107990212
tt_from_dense wtime: 363.9221326750121
tt_from_dense wtime: 359.6090503260057
INFO: You are running LIKWID in a cpuset with 64 CPUs. Taking given IDs as logical ID in cpuset
[1;34m[pthread wrapper] 
[0m[1;34m[pthread wrapper] MAIN -> 64
[0m[1;34m[pthread wrapper] PIN_MASK: [0m[1;34m0->65  [0m[1;34m1->66  [0m[1;34m2->67  [0m[1;34m3->68  [0m[1;34m4->69  [0m[1;34m5->70  [0m[1;34m6->71  [0m[1;34m7->72  [0m[1;34m8->73  [0m[1;34m9->74  [0m[1;34m10->75  [0m[1;34m11->76  [0m[1;34m12->77  [0m[1;34m13->78  [0m[1;34m14->79  [0m[1;34m15->80  [0m[1;34m16->81  [0m[1;34m17->82  [0m[1;34m18->83  [0m[1;34m19->84  [0m[1;34m20->85  [0m[1;34m21->86  [0m[1;34m22->87  [0m[1;34m23->88  [0m[1;34m24->89  [0m[1;34m25->90  [0m[1;34m26->91  [0m[1;34m27->92  [0m[1;34m28->93  [0m[1;34m29->94  [0m[1;34m30->95  [0m[1;34m31->96  [0m[1;34m32->97  [0m[1;34m33->98  [0m[1;34m34->99  [0m[1;34m35->100  [0m[1;34m36->101  [0m[1;34m37->102  [0m[1;34m38->103  [0m[1;34m39->104  [0m[1;34m40->105  [0m[1;34m41->106  [0m[1;34m42->107  [0m[1;34m43->108  [0m[1;34m44->109  [0m[1;34m45->110  [0m[1;34m46->111  [0m[1;34m47->112  [0m[1;34m48->113  [0m[1;34m49->114  [0m[1;34m50->115  [0m[1;34m51->116  [0m[1;34m52->117  [0m[1;34m53->118  [0m[1;34m54->119  [0m[1;34m55->120  [0m[1;34m56->121  [0m[1;34m57->122  [0m[1;34m58->123  [0m[1;34m59->124  [0m[1;34m60->125  [0m[1;34m61->126  [0m[1;34m62->127  [0m[1;34m
[pthread wrapper] SKIP MASK: 0x0
[0m[1;34m	threadid 124375541983040 -> hwthread 65 - OK[0m[1;34m
[0m[1;34m	threadid 124375533586368 -> hwthread 66 - OK[0m[1;34m
[0m[1;34m	threadid 124375525189696 -> hwthread 67 - OK[0m[1;34m
[0m[1;34m	threadid 124375516793024 -> hwthread 68 - OK[0m[1;34m
[0m[1;34m	threadid 124375508396352 -> hwthread 69 - OK[0m[1;34m
[0m[1;34m	threadid 124375499999680 -> hwthread 70 - OK[0m[1;34m
[0m[1;34m	threadid 124375491603008 -> hwthread 71 - OK[0m[1;34m
[0m[1;34m	threadid 124375005129408 -> hwthread 72 - OK[0m[1;34m
[0m[1;34m	threadid 124374996732736 -> hwthread 73 - OK[0m[1;34m
[0m[1;34m	threadid 124374988336064 -> hwthread 74 - OK[0m[1;34m
[0m[1;34m	threadid 124374979939392 -> hwthread 75 - OK[0m[1;34m
[0m[1;34m	threadid 124374971542720 -> hwthread 76 - OK[0m[1;34m
[0m[1;34m	threadid 124374963146048 -> hwthread 77 - OK[0m[1;34m
[0m[1;34m	threadid 124374954749376 -> hwthread 78 - OK[0m[1;34m
[0m[1;34m	threadid 124374468259392 -> hwthread 79 - OK[0m[1;34m
[0m[1;34m	threadid 124374459862720 -> hwthread 80 - OK[0m[1;34m
[0m[1;34m	threadid 124374451466048 -> hwthread 81 - OK[0m[1;34m
[0m[1;34m	threadid 124374443069376 -> hwthread 82 - OK[0m[1;34m
[0m[1;34m	threadid 124374434672704 -> hwthread 83 - OK[0m[1;34m
[0m[1;34m	threadid 124374426276032 -> hwthread 84 - OK[0m[1;34m
[0m[1;34m	threadid 124374417879360 -> hwthread 85 - OK[0m[1;34m
[0m[1;34m	threadid 124373931389376 -> hwthread 86 - OK[0m[1;34m
[0m[1;34m	threadid 124373922992704 -> hwthread 87 - OK[0m[1;34m
[0m[1;34m	threadid 124373914596032 -> hwthread 88 - OK[0m[1;34m
[0m[1;34m	threadid 124373906199360 -> hwthread 89 - OK[0m[1;34m
[0m[1;34m	threadid 124373897802688 -> hwthread 90 - OK[0m[1;34m
[0m[1;34m	threadid 124373889406016 -> hwthread 91 - OK[0m[1;34m
[0m[1;34m	threadid 124373881009344 -> hwthread 92 - OK[0m[1;34m
[0m[1;34m	threadid 124373394519360 -> hwthread 93 - OK[0m[1;34m
[0m[1;34m	threadid 124373386122688 -> hwthread 94 - OK[0m[1;34m
[0m[1;34m	threadid 124373377726016 -> hwthread 95 - OK[0m[1;34m
[0m[1;34m	threadid 124373369329344 -> hwthread 96 - OK[0m[1;34m
[0m[1;34m	threadid 124373360928576 -> hwthread 97 - OK[0m[1;34m
[0m[1;34m	threadid 124373352527808 -> hwthread 98 - OK[0m[1;34m
[0m[1;34m	threadid 124373344127040 -> hwthread 99 - OK[0m[1;34m
[0m[1;34m	threadid 124372857645248 -> hwthread 100 - OK[0m[1;34m
[0m[1;34m	threadid 124372849244480 -> hwthread 101 - OK[0m[1;34m
[0m[1;34m	threadid 124372840843712 -> hwthread 102 - OK[0m[1;34m
[0m[1;34m	threadid 124372832442944 -> hwthread 103 - OK[0m[1;34m
[0m[1;34m	threadid 124372824042176 -> hwthread 104 - OK[0m[1;34m
[0m[1;34m	threadid 124372815641408 -> hwthread 105 - OK[0m[1;34m
[0m[1;34m	threadid 124372807240640 -> hwthread 106 - OK[0m[1;34m
[0m[1;34m	threadid 124372320775232 -> hwthread 107 - OK[0m[1;34m
[0m[1;34m	threadid 124372312374464 -> hwthread 108 - OK[0m[1;34m
[0m[1;34m	threadid 124372303973696 -> hwthread 109 - OK[0m[1;34m
[0m[1;34m	threadid 124372295572928 -> hwthread 110 - OK[0m[1;34m
[0m[1;34m	threadid 124372287172160 -> hwthread 111 - OK[0m[1;34m
[0m[1;34m	threadid 124372278771392 -> hwthread 112 - OK[0m[1;34m
[0m[1;34m	threadid 124372270370624 -> hwthread 113 - OK[0m[1;34m
[0m[1;34m	threadid 124371783905216 -> hwthread 114 - OK[0m[1;34m
[0m[1;34m	threadid 124371775504448 -> hwthread 115 - OK[0m[1;34m
[0m[1;34m	threadid 124371767103680 -> hwthread 116 - OK[0m[1;34m
[0m[1;34m	threadid 124371758702912 -> hwthread 117 - OK[0m[1;34m
[0m[1;34m	threadid 124371750302144 -> hwthread 118 - OK[0m[1;34m
[0m[1;34m	threadid 124371741901376 -> hwthread 119 - OK[0m[1;34m
[0m[1;34m	threadid 124371733500608 -> hwthread 120 - OK[0m[1;34m
[0m[1;34m	threadid 124371247035200 -> hwthread 121 - OK[0m[1;34m
[0m[1;34m	threadid 124371238634432 -> hwthread 122 - OK[0m[1;34m
[0m[1;34m	threadid 124371230233664 -> hwthread 123 - OK[0m[1;34m
[0m[1;34m	threadid 124371221832896 -> hwthread 124 - OK[0m[1;34m
[0m[1;34m	threadid 124371213432128 -> hwthread 125 - OK[0m[1;34m
[0m[1;34m	threadid 124371205031360 -> hwthread 126 - OK[0m[1;34m
[0m[1;34m	threadid 124371196630592 -> hwthread 127 - OK[0m[1;34m
[0mrandom wtime: 6.359600452997256
tt_from_dense wtime: 376.08818116200564
tt_from_dense wtime: 364.21400871299556
INFO: You are running LIKWID in a cpuset with 64 CPUs. Taking given IDs as logical ID in cpuset
[1;34m[pthread wrapper] 
[0m[1;34m[pthread wrapper] MAIN -> 64
[0m[1;34m[pthread wrapper] PIN_MASK: [0m[1;34m0->65  [0m[1;34m1->66  [0m[1;34m2->67  [0m[1;34m3->68  [0m[1;34m4->69  [0m[1;34m5->70  [0m[1;34m6->71  [0m[1;34m7->72  [0m[1;34m8->73  [0m[1;34m9->74  [0m[1;34m10->75  [0m[1;34m11->76  [0m[1;34m12->77  [0m[1;34m13->78  [0m[1;34m14->79  [0m[1;34m15->80  [0m[1;34m16->81  [0m[1;34m17->82  [0m[1;34m18->83  [0m[1;34m19->84  [0m[1;34m20->85  [0m[1;34m21->86  [0m[1;34m22->87  [0m[1;34m23->88  [0m[1;34m24->89  [0m[1;34m25->90  [0m[1;34m26->91  [0m[1;34m27->92  [0m[1;34m28->93  [0m[1;34m29->94  [0m[1;34m30->95  [0m[1;34m31->96  [0m[1;34m32->97  [0m[1;34m33->98  [0m[1;34m34->99  [0m[1;34m35->100  [0m[1;34m36->101  [0m[1;34m37->102  [0m[1;34m38->103  [0m[1;34m39->104  [0m[1;34m40->105  [0m[1;34m41->106  [0m[1;34m42->107  [0m[1;34m43->108  [0m[1;34m44->109  [0m[1;34m45->110  [0m[1;34m46->111  [0m[1;34m47->112  [0m[1;34m48->113  [0m[1;34m49->114  [0m[1;34m50->115  [0m[1;34m51->116  [0m[1;34m52->117  [0m[1;34m53->118  [0m[1;34m54->119  [0m[1;34m55->120  [0m[1;34m56->121  [0m[1;34m57->122  [0m[1;34m58->123  [0m[1;34m59->124  [0m[1;34m60->125  [0m[1;34m61->126  [0m[1;34m62->127  [0m[1;34m
[pthread wrapper] SKIP MASK: 0x0
[0m[1;34m	threadid 126337604892480 -> hwthread 65 - OK[0m[1;34m
[0m[1;34m	threadid 126337596495808 -> hwthread 66 - OK[0m[1;34m
[0m[1;34m	threadid 126337588099136 -> hwthread 67 - OK[0m[1;34m
[0m[1;34m	threadid 126337579702464 -> hwthread 68 - OK[0m[1;34m
[0m[1;34m	threadid 126337571305792 -> hwthread 69 - OK[0m[1;34m
[0m[1;34m	threadid 126337562909120 -> hwthread 70 - OK[0m[1;34m
[0m[1;34m	threadid 126337554512448 -> hwthread 71 - OK[0m[1;34m
[0m[1;34m	threadid 126337546115776 -> hwthread 72 - OK[0m[1;34m
[0m[1;34m	threadid 126337066986304 -> hwthread 73 - OK[0m[1;34m
[0m[1;34m	threadid 126337058589632 -> hwthread 74 - OK[0m[1;34m
[0m[1;34m	threadid 126337050192960 -> hwthread 75 - OK[0m[1;34m
[0m[1;34m	threadid 126337041796288 -> hwthread 76 - OK[0m[1;34m
[0m[1;34m	threadid 126337033399616 -> hwthread 77 - OK[0m[1;34m
[0m[1;34m	threadid 126337025002944 -> hwthread 78 - OK[0m[1;34m
[0m[1;34m	threadid 126337016606272 -> hwthread 79 - OK[0m[1;34m
[0m[1;34m	threadid 126336463007424 -> hwthread 80 - OK[0m[1;34m
[0m[1;34m	threadid 126336454610752 -> hwthread 81 - OK[0m[1;34m
[0m[1;34m	threadid 126336446214080 -> hwthread 82 - OK[0m[1;34m
[0m[1;34m	threadid 126336437817408 -> hwthread 83 - OK[0m[1;34m
[0m[1;34m	threadid 126336429420736 -> hwthread 84 - OK[0m[1;34m
[0m[1;34m	threadid 126336421024064 -> hwthread 85 - OK[0m[1;34m
[0m[1;34m	threadid 126336412627392 -> hwthread 86 - OK[0m[1;34m
[0m[1;34m	threadid 126335926137408 -> hwthread 87 - OK[0m[1;34m
[0m[1;34m	threadid 126335917740736 -> hwthread 88 - OK[0m[1;34m
[0m[1;34m	threadid 126335909344064 -> hwthread 89 - OK[0m[1;34m
[0m[1;34m	threadid 126335900947392 -> hwthread 90 - OK[0m[1;34m
[0m[1;34m	threadid 126335892550720 -> hwthread 91 - OK[0m[1;34m
[0m[1;34m	threadid 126335884154048 -> hwthread 92 - OK[0m[1;34m
[0m[1;34m	threadid 126335875757376 -> hwthread 93 - OK[0m[1;34m
[0m[1;34m	threadid 126335389267392 -> hwthread 94 - OK[0m[1;34m
[0m[1;34m	threadid 126335380870720 -> hwthread 95 - OK[0m[1;34m
[0m[1;34m	threadid 126335372474048 -> hwthread 96 - OK[0m[1;34m
[0m[1;34m	threadid 126335364073280 -> hwthread 97 - OK[0m[1;34m
[0m[1;34m	threadid 126335355672512 -> hwthread 98 - OK[0m[1;34m
[0m[1;34m	threadid 126335347271744 -> hwthread 99 - OK[0m[1;34m
[0m[1;34m	threadid 126335338870976 -> hwthread 100 - OK[0m[1;34m
[0m[1;34m	threadid 126334852393280 -> hwthread 101 - OK[0m[1;34m
[0m[1;34m	threadid 126334843992512 -> hwthread 102 - OK[0m[1;34m
[0m[1;34m	threadid 126334835591744 -> hwthread 103 - OK[0m[1;34m
[0m[1;34m	threadid 126334827190976 -> hwthread 104 - OK[0m[1;34m
[0m[1;34m	threadid 126334818790208 -> hwthread 105 - OK[0m[1;34m
[0m[1;34m	threadid 126334810389440 -> hwthread 106 - OK[0m[1;34m
[0m[1;34m	threadid 126334801988672 -> hwthread 107 - OK[0m[1;34m
[0m[1;34m	threadid 126334315523264 -> hwthread 108 - OK[0m[1;34m
[0m[1;34m	threadid 126334307122496 -> hwthread 109 - OK[0m[1;34m
[0m[1;34m	threadid 126334298721728 -> hwthread 110 - OK[0m[1;34m
[0m[1;34m	threadid 126334290320960 -> hwthread 111 - OK[0m[1;34m
[0m[1;34m	threadid 126334281920192 -> hwthread 112 - OK[0m[1;34m
[0m[1;34m	threadid 126334273519424 -> hwthread 113 - OK[0m[1;34m
[0m[1;34m	threadid 126334265118656 -> hwthread 114 - OK[0m[1;34m
[0m[1;34m	threadid 126333778653248 -> hwthread 115 - OK[0m[1;34m
[0m[1;34m	threadid 126333770252480 -> hwthread 116 - OK[0m[1;34m
[0m[1;34m	threadid 126333761851712 -> hwthread 117 - OK[0m[1;34m
[0m[1;34m	threadid 126333753450944 -> hwthread 118 - OK[0m[1;34m
[0m[1;34m	threadid 126333745050176 -> hwthread 119 - OK[0m[1;34m
[0m[1;34m	threadid 126333736649408 -> hwthread 120 - OK[0m[1;34m
[0m[1;34m	threadid 126333728248640 -> hwthread 121 - OK[0m[1;34m
[0m[1;34m	threadid 126333241783232 -> hwthread 122 - OK[0m[1;34m
[0m[1;34m	threadid 126333233382464 -> hwthread 123 - OK[0m[1;34m
[0m[1;34m	threadid 126333224981696 -> hwthread 124 - OK[0m[1;34m
[0m[1;34m	threadid 126333216580928 -> hwthread 125 - OK[0m[1;34m
[0m[1;34m	threadid 126333208180160 -> hwthread 126 - OK[0m[1;34m
[0m[1;34m	threadid 126333199779392 -> hwthread 127 - OK[0m[1;34m
[0mrandom wtime: 6.344895032001659
tt_from_dense wtime: 379.847267197998
tt_from_dense wtime: 371.5558373810054
INFO: You are running LIKWID in a cpuset with 64 CPUs. Taking given IDs as logical ID in cpuset
[1;34m[pthread wrapper] 
[0m[1;34m[pthread wrapper] MAIN -> 64
[0m[1;34m[pthread wrapper] PIN_MASK: [0m[1;34m0->65  [0m[1;34m1->66  [0m[1;34m2->67  [0m[1;34m3->68  [0m[1;34m4->69  [0m[1;34m5->70  [0m[1;34m6->71  [0m[1;34m7->72  [0m[1;34m8->73  [0m[1;34m9->74  [0m[1;34m10->75  [0m[1;34m11->76  [0m[1;34m12->77  [0m[1;34m13->78  [0m[1;34m14->79  [0m[1;34m15->80  [0m[1;34m16->81  [0m[1;34m17->82  [0m[1;34m18->83  [0m[1;34m19->84  [0m[1;34m20->85  [0m[1;34m21->86  [0m[1;34m22->87  [0m[1;34m23->88  [0m[1;34m24->89  [0m[1;34m25->90  [0m[1;34m26->91  [0m[1;34m27->92  [0m[1;34m28->93  [0m[1;34m29->94  [0m[1;34m30->95  [0m[1;34m31->96  [0m[1;34m32->97  [0m[1;34m33->98  [0m[1;34m34->99  [0m[1;34m35->100  [0m[1;34m36->101  [0m[1;34m37->102  [0m[1;34m38->103  [0m[1;34m39->104  [0m[1;34m40->105  [0m[1;34m41->106  [0m[1;34m42->107  [0m[1;34m43->108  [0m[1;34m44->109  [0m[1;34m45->110  [0m[1;34m46->111  [0m[1;34m47->112  [0m[1;34m48->113  [0m[1;34m49->114  [0m[1;34m50->115  [0m[1;34m51->116  [0m[1;34m52->117  [0m[1;34m53->118  [0m[1;34m54->119  [0m[1;34m55->120  [0m[1;34m56->121  [0m[1;34m57->122  [0m[1;34m58->123  [0m[1;34m59->124  [0m[1;34m60->125  [0m[1;34m61->126  [0m[1;34m62->127  [0m[1;34m
[pthread wrapper] SKIP MASK: 0x0
[0m[1;34m	threadid 126350644983616 -> hwthread 65 - OK[0m[1;34m
[0m[1;34m	threadid 126350636586944 -> hwthread 66 - OK[0m[1;34m
[0m[1;34m	threadid 126350555867200 -> hwthread 67 - OK[0m[1;34m
[0m[1;34m	threadid 126350547470528 -> hwthread 68 - OK[0m[1;34m
[0m[1;34m	threadid 126350539073856 -> hwthread 69 - OK[0m[1;34m
[0m[1;34m	threadid 126350530677184 -> hwthread 70 - OK[0m[1;34m
[0m[1;34m	threadid 126350522280512 -> hwthread 71 - OK[0m[1;34m
[0m[1;34m	threadid 126350513883840 -> hwthread 72 - OK[0m[1;34m
[0m[1;34m	threadid 126350505487168 -> hwthread 73 - OK[0m[1;34m
[0m[1;34m	threadid 126349951888320 -> hwthread 74 - OK[0m[1;34m
[0m[1;34m	threadid 126349943491648 -> hwthread 75 - OK[0m[1;34m
[0m[1;34m	threadid 126349935094976 -> hwthread 76 - OK[0m[1;34m
[0m[1;34m	threadid 126349926698304 -> hwthread 77 - OK[0m[1;34m
[0m[1;34m	threadid 126349918301632 -> hwthread 78 - OK[0m[1;34m
[0m[1;34m	threadid 126349909904960 -> hwthread 79 - OK[0m[1;34m
[0m[1;34m	threadid 126349901508288 -> hwthread 80 - OK[0m[1;34m
[0m[1;34m	threadid 126349415018304 -> hwthread 81 - OK[0m[1;34m
[0m[1;34m	threadid 126349406621632 -> hwthread 82 - OK[0m[1;34m
[0m[1;34m	threadid 126349398224960 -> hwthread 83 - OK[0m[1;34m
[0m[1;34m	threadid 126349389828288 -> hwthread 84 - OK[0m[1;34m
[0m[1;34m	threadid 126349381431616 -> hwthread 85 - OK[0m[1;34m
[0m[1;34m	threadid 126349373034944 -> hwthread 86 - OK[0m[1;34m
[0m[1;34m	threadid 126349364638272 -> hwthread 87 - OK[0m[1;34m
[0m[1;34m	threadid 126348878148288 -> hwthread 88 - OK[0m[1;34m
[0m[1;34m	threadid 126348869751616 -> hwthread 89 - OK[0m[1;34m
[0m[1;34m	threadid 126348861354944 -> hwthread 90 - OK[0m[1;34m
[0m[1;34m	threadid 126348852958272 -> hwthread 91 - OK[0m[1;34m
[0m[1;34m	threadid 126348844561600 -> hwthread 92 - OK[0m[1;34m
[0m[1;34m	threadid 126348836164928 -> hwthread 93 - OK[0m[1;34m
[0m[1;34m	threadid 126348827768256 -> hwthread 94 - OK[0m[1;34m
[0m[1;34m	threadid 126348341278272 -> hwthread 95 - OK[0m[1;34m
[0m[1;34m	threadid 126348332881600 -> hwthread 96 - OK[0m[1;34m
[0m[1;34m	threadid 126348324480832 -> hwthread 97 - OK[0m[1;34m
[0m[1;34m	threadid 126348316080064 -> hwthread 98 - OK[0m[1;34m
[0m[1;34m	threadid 126348307679296 -> hwthread 99 - OK[0m[1;34m
[0m[1;34m	threadid 126348299278528 -> hwthread 100 - OK[0m[1;34m
[0m[1;34m	threadid 126348290877760 -> hwthread 101 - OK[0m[1;34m
[0m[1;34m	threadid 126347804404160 -> hwthread 102 - OK[0m[1;34m
[0m[1;34m	threadid 126347796003392 -> hwthread 103 - OK[0m[1;34m
[0m[1;34m	threadid 126347787602624 -> hwthread 104 - OK[0m[1;34m
[0m[1;34m	threadid 126347779201856 -> hwthread 105 - OK[0m[1;34m
[0m[1;34m	threadid 126347770801088 -> hwthread 106 - OK[0m[1;34m
[0m[1;34m	threadid 126347762400320 -> hwthread 107 - OK[0m[1;34m
[0m[1;34m	threadid 126347753999552 -> hwthread 108 - OK[0m[1;34m
[0m[1;34m	threadid 126347267534144 -> hwthread 109 - OK[0m[1;34m
[0m[1;34m	threadid 126347259133376 -> hwthread 110 - OK[0m[1;34m
[0m[1;34m	threadid 126347250732608 -> hwthread 111 - OK[0m[1;34m
[0m[1;34m	threadid 126347242331840 -> hwthread 112 - OK[0m[1;34m
[0m[1;34m	threadid 126347233931072 -> hwthread 113 - OK[0m[1;34m
[0m[1;34m	threadid 126347225530304 -> hwthread 114 - OK[0m[1;34m
[0m[1;34m	threadid 126347217129536 -> hwthread 115 - OK[0m[1;34m
[0m[1;34m	threadid 126346730664128 -> hwthread 116 - OK[0m[1;34m
[0m[1;34m	threadid 126346722263360 -> hwthread 117 - OK[0m[1;34m
[0m[1;34m	threadid 126346713862592 -> hwthread 118 - OK[0m[1;34m
[0m[1;34m	threadid 126346705461824 -> hwthread 119 - OK[0m[1;34m
[0m[1;34m	threadid 126346697061056 -> hwthread 120 - OK[0m[1;34m
[0m[1;34m	threadid 126346688660288 -> hwthread 121 - OK[0m[1;34m
[0m[1;34m	threadid 126346680259520 -> hwthread 122 - OK[0m[1;34m
[0m[1;34m	threadid 126346193794112 -> hwthread 123 - OK[0m[1;34m
[0m[1;34m	threadid 126346185393344 -> hwthread 124 - OK[0m[1;34m
[0m[1;34m	threadid 126346176992576 -> hwthread 125 - OK[0m[1;34m
[0m[1;34m	threadid 126346168591808 -> hwthread 126 - OK[0m[1;34m
[0m[1;34m	threadid 126346160191040 -> hwthread 127 - OK[0m[1;34m
[0mrandom wtime: 6.312917204995756
tt_from_dense wtime: 390.9661312600074
tt_from_dense wtime: 383.27114169798733
INFO: You are running LIKWID in a cpuset with 64 CPUs. Taking given IDs as logical ID in cpuset
[1;34m[pthread wrapper] 
[0m[1;34m[pthread wrapper] MAIN -> 64
[0m[1;34m[pthread wrapper] PIN_MASK: [0m[1;34m0->65  [0m[1;34m1->66  [0m[1;34m2->67  [0m[1;34m3->68  [0m[1;34m4->69  [0m[1;34m5->70  [0m[1;34m6->71  [0m[1;34m7->72  [0m[1;34m8->73  [0m[1;34m9->74  [0m[1;34m10->75  [0m[1;34m11->76  [0m[1;34m12->77  [0m[1;34m13->78  [0m[1;34m14->79  [0m[1;34m15->80  [0m[1;34m16->81  [0m[1;34m17->82  [0m[1;34m18->83  [0m[1;34m19->84  [0m[1;34m20->85  [0m[1;34m21->86  [0m[1;34m22->87  [0m[1;34m23->88  [0m[1;34m24->89  [0m[1;34m25->90  [0m[1;34m26->91  [0m[1;34m27->92  [0m[1;34m28->93  [0m[1;34m29->94  [0m[1;34m30->95  [0m[1;34m31->96  [0m[1;34m32->97  [0m[1;34m33->98  [0m[1;34m34->99  [0m[1;34m35->100  [0m[1;34m36->101  [0m[1;34m37->102  [0m[1;34m38->103  [0m[1;34m39->104  [0m[1;34m40->105  [0m[1;34m41->106  [0m[1;34m42->107  [0m[1;34m43->108  [0m[1;34m44->109  [0m[1;34m45->110  [0m[1;34m46->111  [0m[1;34m47->112  [0m[1;34m48->113  [0m[1;34m49->114  [0m[1;34m50->115  [0m[1;34m51->116  [0m[1;34m52->117  [0m[1;34m53->118  [0m[1;34m54->119  [0m[1;34m55->120  [0m[1;34m56->121  [0m[1;34m57->122  [0m[1;34m58->123  [0m[1;34m59->124  [0m[1;34m60->125  [0m[1;34m61->126  [0m[1;34m62->127  [0m[1;34m
[pthread wrapper] SKIP MASK: 0x0
[0m[1;34m	threadid 123329881024320 -> hwthread 65 - OK[0m[1;34m
[0m[1;34m	threadid 123329872627648 -> hwthread 66 - OK[0m[1;34m
[0m[1;34m	threadid 123329864230976 -> hwthread 67 - OK[0m[1;34m
[0m[1;34m	threadid 123329650354368 -> hwthread 68 - OK[0m[1;34m
[0m[1;34m	threadid 123329641957696 -> hwthread 69 - OK[0m[1;34m
[0m[1;34m	threadid 123329633561024 -> hwthread 70 - OK[0m[1;34m
[0m[1;34m	threadid 123329625164352 -> hwthread 71 - OK[0m[1;34m
[0m[1;34m	threadid 123329616767680 -> hwthread 72 - OK[0m[1;34m
[0m[1;34m	threadid 123329608371008 -> hwthread 73 - OK[0m[1;34m
[0m[1;34m	threadid 123329599974336 -> hwthread 74 - OK[0m[1;34m
[0m[1;34m	threadid 123329113484352 -> hwthread 75 - OK[0m[1;34m
[0m[1;34m	threadid 123329105087680 -> hwthread 76 - OK[0m[1;34m
[0m[1;34m	threadid 123329096691008 -> hwthread 77 - OK[0m[1;34m
[0m[1;34m	threadid 123329088294336 -> hwthread 78 - OK[0m[1;34m
[0m[1;34m	threadid 123329079897664 -> hwthread 79 - OK[0m[1;34m
[0m[1;34m	threadid 123329071500992 -> hwthread 80 - OK[0m[1;34m
[0m[1;34m	threadid 123329063104320 -> hwthread 81 - OK[0m[1;34m
[0m[1;34m	threadid 123328576614336 -> hwthread 82 - OK[0m[1;34m
[0m[1;34m	threadid 123328568217664 -> hwthread 83 - OK[0m[1;34m
[0m[1;34m	threadid 123328559820992 -> hwthread 84 - OK[0m[1;34m
[0m[1;34m	threadid 123328551424320 -> hwthread 85 - OK[0m[1;34m
[0m[1;34m	threadid 123328543027648 -> hwthread 86 - OK[0m[1;34m
[0m[1;34m	threadid 123328534630976 -> hwthread 87 - OK[0m[1;34m
[0m[1;34m	threadid 123328526234304 -> hwthread 88 - OK[0m[1;34m
[0m[1;34m	threadid 123328039744320 -> hwthread 89 - OK[0m[1;34m
[0m[1;34m	threadid 123328031347648 -> hwthread 90 - OK[0m[1;34m
[0m[1;34m	threadid 123328022950976 -> hwthread 91 - OK[0m[1;34m
[0m[1;34m	threadid 123328014554304 -> hwthread 92 - OK[0m[1;34m
[0m[1;34m	threadid 123328006157632 -> hwthread 93 - OK[0m[1;34m
[0m[1;34m	threadid 123327997760960 -> hwthread 94 - OK[0m[1;34m
[0m[1;34m	threadid 123327989364288 -> hwthread 95 - OK[0m[1;34m
[0m[1;34m	threadid 123327502874304 -> hwthread 96 - OK[0m[1;34m
[0m[1;34m	threadid 123327494473536 -> hwthread 97 - OK[0m[1;34m
[0m[1;34m	threadid 123327486072768 -> hwthread 98 - OK[0m[1;34m
[0m[1;34m	threadid 123327477672000 -> hwthread 99 - OK[0m[1;34m
[0m[1;34m	threadid 123327469271232 -> hwthread 100 - OK[0m[1;34m
[0m[1;34m	threadid 123327460870464 -> hwthread 101 - OK[0m[1;34m
[0m[1;34m	threadid 123327452469696 -> hwthread 102 - OK[0m[1;34m
[0m[1;34m	threadid 123326966000192 -> hwthread 103 - OK[0m[1;34m
[0m[1;34m	threadid 123326957599424 -> hwthread 104 - OK[0m[1;34m
[0m[1;34m	threadid 123326949198656 -> hwthread 105 - OK[0m[1;34m
[0m[1;34m	threadid 123326940797888 -> hwthread 106 - OK[0m[1;34m
[0m[1;34m	threadid 123326932397120 -> hwthread 107 - OK[0m[1;34m
[0m[1;34m	threadid 123326923996352 -> hwthread 108 - OK[0m[1;34m
[0m[1;34m	threadid 123326915595584 -> hwthread 109 - OK[0m[1;34m
[0m[1;34m	threadid 123326429130176 -> hwthread 110 - OK[0m[1;34m
[0m[1;34m	threadid 123326420729408 -> hwthread 111 - OK[0m[1;34m
[0m[1;34m	threadid 123326412328640 -> hwthread 112 - OK[0m[1;34m
[0m[1;34m	threadid 123326403927872 -> hwthread 113 - OK[0m[1;34m
[0m[1;34m	threadid 123326395527104 -> hwthread 114 - OK[0m[1;34m
[0m[1;34m	threadid 123326387126336 -> hwthread 115 - OK[0m[1;34m
[0m[1;34m	threadid 123326378725568 -> hwthread 116 - OK[0m[1;34m
[0m[1;34m	threadid 123325892260160 -> hwthread 117 - OK[0m[1;34m
[0m[1;34m	threadid 123325883859392 -> hwthread 118 - OK[0m[1;34m
[0m[1;34m	threadid 123325875458624 -> hwthread 119 - OK[0m[1;34m
[0m[1;34m	threadid 123325867057856 -> hwthread 120 - OK[0m[1;34m
[0m[1;34m	threadid 123325858657088 -> hwthread 121 - OK[0m[1;34m
[0m[1;34m	threadid 123325850256320 -> hwthread 122 - OK[0m[1;34m
[0m[1;34m	threadid 123325841855552 -> hwthread 123 - OK[0m[1;34m
[0m[1;34m	threadid 123325355390144 -> hwthread 124 - OK[0m[1;34m
[0m[1;34m	threadid 123325346989376 -> hwthread 125 - OK[0m[1;34m
[0m[1;34m	threadid 123325338588608 -> hwthread 126 - OK[0m[1;34m
[0m[1;34m	threadid 123325330187840 -> hwthread 127 - OK[0m[1;34m
[0mrandom wtime: 6.290210107996245
tt_from_dense wtime: 393.837538303007
tt_from_dense wtime: 385.655553567005
INFO: You are running LIKWID in a cpuset with 64 CPUs. Taking given IDs as logical ID in cpuset
[1;34m[pthread wrapper] 
[0m[1;34m[pthread wrapper] MAIN -> 64
[0m[1;34m[pthread wrapper] PIN_MASK: [0m[1;34m0->65  [0m[1;34m1->66  [0m[1;34m2->67  [0m[1;34m3->68  [0m[1;34m4->69  [0m[1;34m5->70  [0m[1;34m6->71  [0m[1;34m7->72  [0m[1;34m8->73  [0m[1;34m9->74  [0m[1;34m10->75  [0m[1;34m11->76  [0m[1;34m12->77  [0m[1;34m13->78  [0m[1;34m14->79  [0m[1;34m15->80  [0m[1;34m16->81  [0m[1;34m17->82  [0m[1;34m18->83  [0m[1;34m19->84  [0m[1;34m20->85  [0m[1;34m21->86  [0m[1;34m22->87  [0m[1;34m23->88  [0m[1;34m24->89  [0m[1;34m25->90  [0m[1;34m26->91  [0m[1;34m27->92  [0m[1;34m28->93  [0m[1;34m29->94  [0m[1;34m30->95  [0m[1;34m31->96  [0m[1;34m32->97  [0m[1;34m33->98  [0m[1;34m34->99  [0m[1;34m35->100  [0m[1;34m36->101  [0m[1;34m37->102  [0m[1;34m38->103  [0m[1;34m39->104  [0m[1;34m40->105  [0m[1;34m41->106  [0m[1;34m42->107  [0m[1;34m43->108  [0m[1;34m44->109  [0m[1;34m45->110  [0m[1;34m46->111  [0m[1;34m47->112  [0m[1;34m48->113  [0m[1;34m49->114  [0m[1;34m50->115  [0m[1;34m51->116  [0m[1;34m52->117  [0m[1;34m53->118  [0m[1;34m54->119  [0m[1;34m55->120  [0m[1;34m56->121  [0m[1;34m57->122  [0m[1;34m58->123  [0m[1;34m59->124  [0m[1;34m60->125  [0m[1;34m61->126  [0m[1;34m62->127  [0m[1;34m
[pthread wrapper] SKIP MASK: 0x0
[0m[1;34m	threadid 140266536154944 -> hwthread 65 - OK[0m[1;34m
[0m[1;34m	threadid 140266527758272 -> hwthread 66 - OK[0m[1;34m
[0m[1;34m	threadid 140266451232832 -> hwthread 67 - OK[0m[1;34m
[0m[1;34m	threadid 140266442836160 -> hwthread 68 - OK[0m[1;34m
[0m[1;34m	threadid 140266434439488 -> hwthread 69 - OK[0m[1;34m
[0m[1;34m	threadid 140266426042816 -> hwthread 70 - OK[0m[1;34m
[0m[1;34m	threadid 140266417646144 -> hwthread 71 - OK[0m[1;34m
[0m[1;34m	threadid 140266409249472 -> hwthread 72 - OK[0m[1;34m
[0m[1;34m	threadid 140266400852800 -> hwthread 73 - OK[0m[1;34m
[0m[1;34m	threadid 140265847253952 -> hwthread 74 - OK[0m[1;34m
[0m[1;34m	threadid 140265838857280 -> hwthread 75 - OK[0m[1;34m
[0m[1;34m	threadid 140265830460608 -> hwthread 76 - OK[0m[1;34m
[0m[1;34m	threadid 140265822063936 -> hwthread 77 - OK[0m[1;34m
[0m[1;34m	threadid 140265813667264 -> hwthread 78 - OK[0m[1;34m
[0m[1;34m	threadid 140265805270592 -> hwthread 79 - OK[0m[1;34m
[0m[1;34m	threadid 140265796873920 -> hwthread 80 - OK[0m[1;34m
[0m[1;34m	threadid 140265310383936 -> hwthread 81 - OK[0m[1;34m
[0m[1;34m	threadid 140265301987264 -> hwthread 82 - OK[0m[1;34m
[0m[1;34m	threadid 140265293590592 -> hwthread 83 - OK[0m[1;34m
[0m[1;34m	threadid 140265285193920 -> hwthread 84 - OK[0m[1;34m
[0m[1;34m	threadid 140265276797248 -> hwthread 85 - OK[0m[1;34m
[0m[1;34m	threadid 140265268400576 -> hwthread 86 - OK[0m[1;34m
[0m[1;34m	threadid 140265260003904 -> hwthread 87 - OK[0m[1;34m
[0m[1;34m	threadid 140264773513920 -> hwthread 88 - OK[0m[1;34m
[0m[1;34m	threadid 140264765117248 -> hwthread 89 - OK[0m[1;34m
[0m[1;34m	threadid 140264756720576 -> hwthread 90 - OK[0m[1;34m
[0m[1;34m	threadid 140264748323904 -> hwthread 91 - OK[0m[1;34m
[0m[1;34m	threadid 140264739927232 -> hwthread 92 - OK[0m[1;34m
[0m[1;34m	threadid 140264731530560 -> hwthread 93 - OK[0m[1;34m
[0m[1;34m	threadid 140264723133888 -> hwthread 94 - OK[0m[1;34m
[0m[1;34m	threadid 140264236643904 -> hwthread 95 - OK[0m[1;34m
[0m[1;34m	threadid 140264228247232 -> hwthread 96 - OK[0m[1;34m
[0m[1;34m	threadid 140264219846464 -> hwthread 97 - OK[0m[1;34m
[0m[1;34m	threadid 140264211445696 -> hwthread 98 - OK[0m[1;34m
[0m[1;34m	threadid 140264203044928 -> hwthread 99 - OK[0m[1;34m
[0m[1;34m	threadid 140264194644160 -> hwthread 100 - OK[0m[1;34m
[0m[1;34m	threadid 140264186243392 -> hwthread 101 - OK[0m[1;34m
[0m[1;34m	threadid 140263699769792 -> hwthread 102 - OK[0m[1;34m
[0m[1;34m	threadid 140263691369024 -> hwthread 103 - OK[0m[1;34m
[0m[1;34m	threadid 140263682968256 -> hwthread 104 - OK[0m[1;34m
[0m[1;34m	threadid 140263674567488 -> hwthread 105 - OK[0m[1;34m
[0m[1;34m	threadid 140263666166720 -> hwthread 106 - OK[0m[1;34m
[0m[1;34m	threadid 140263657765952 -> hwthread 107 - OK[0m[1;34m
[0m[1;34m	threadid 140263649365184 -> hwthread 108 - OK[0m[1;34m
[0m[1;34m	threadid 140263162899776 -> hwthread 109 - OK[0m[1;34m
[0m[1;34m	threadid 140263154499008 -> hwthread 110 - OK[0m[1;34m
[0m[1;34m	threadid 140263146098240 -> hwthread 111 - OK[0m[1;34m
[0m[1;34m	threadid 140263137697472 -> hwthread 112 - OK[0m[1;34m
[0m[1;34m	threadid 140263129296704 -> hwthread 113 - OK[0m[1;34m
[0m[1;34m	threadid 140263120895936 -> hwthread 114 - OK[0m[1;34m
[0m[1;34m	threadid 140263112495168 -> hwthread 115 - OK[0m[1;34m
[0m[1;34m	threadid 140262626029760 -> hwthread 116 - OK[0m[1;34m
[0m[1;34m	threadid 140262617628992 -> hwthread 117 - OK[0m[1;34m
[0m[1;34m	threadid 140262609228224 -> hwthread 118 - OK[0m[1;34m
[0m[1;34m	threadid 140262600827456 -> hwthread 119 - OK[0m[1;34m
[0m[1;34m	threadid 140262592426688 -> hwthread 120 - OK[0m[1;34m
[0m[1;34m	threadid 140262584025920 -> hwthread 121 - OK[0m[1;34m
[0m[1;34m	threadid 140262575625152 -> hwthread 122 - OK[0m[1;34m
[0m[1;34m	threadid 140262089159744 -> hwthread 123 - OK[0m[1;34m
[0m[1;34m	threadid 140262080758976 -> hwthread 124 - OK[0m[1;34m
[0m[1;34m	threadid 140262072358208 -> hwthread 125 - OK[0m[1;34m
[0m[1;34m	threadid 140262063957440 -> hwthread 126 - OK[0m[1;34m
[0m[1;34m	threadid 140262055556672 -> hwthread 127 - OK[0m[1;34m
[0mrandom wtime: 6.348553570001968
tt_from_dense wtime: 408.5001626750018
tt_from_dense wtime: 399.21241246000864
INFO: You are running LIKWID in a cpuset with 64 CPUs. Taking given IDs as logical ID in cpuset
[1;34m[pthread wrapper] 
[0m[1;34m[pthread wrapper] MAIN -> 64
[0m[1;34m[pthread wrapper] PIN_MASK: [0m[1;34m0->65  [0m[1;34m1->66  [0m[1;34m2->67  [0m[1;34m3->68  [0m[1;34m4->69  [0m[1;34m5->70  [0m[1;34m6->71  [0m[1;34m7->72  [0m[1;34m8->73  [0m[1;34m9->74  [0m[1;34m10->75  [0m[1;34m11->76  [0m[1;34m12->77  [0m[1;34m13->78  [0m[1;34m14->79  [0m[1;34m15->80  [0m[1;34m16->81  [0m[1;34m17->82  [0m[1;34m18->83  [0m[1;34m19->84  [0m[1;34m20->85  [0m[1;34m21->86  [0m[1;34m22->87  [0m[1;34m23->88  [0m[1;34m24->89  [0m[1;34m25->90  [0m[1;34m26->91  [0m[1;34m27->92  [0m[1;34m28->93  [0m[1;34m29->94  [0m[1;34m30->95  [0m[1;34m31->96  [0m[1;34m32->97  [0m[1;34m33->98  [0m[1;34m34->99  [0m[1;34m35->100  [0m[1;34m36->101  [0m[1;34m37->102  [0m[1;34m38->103  [0m[1;34m39->104  [0m[1;34m40->105  [0m[1;34m41->106  [0m[1;34m42->107  [0m[1;34m43->108  [0m[1;34m44->109  [0m[1;34m45->110  [0m[1;34m46->111  [0m[1;34m47->112  [0m[1;34m48->113  [0m[1;34m49->114  [0m[1;34m50->115  [0m[1;34m51->116  [0m[1;34m52->117  [0m[1;34m53->118  [0m[1;34m54->119  [0m[1;34m55->120  [0m[1;34m56->121  [0m[1;34m57->122  [0m[1;34m58->123  [0m[1;34m59->124  [0m[1;34m60->125  [0m[1;34m61->126  [0m[1;34m62->127  [0m[1;34m
[pthread wrapper] SKIP MASK: 0x0
[0m[1;34m	threadid 125119171110720 -> hwthread 65 - OK[0m[1;34m
[0m[1;34m	threadid 125119162714048 -> hwthread 66 - OK[0m[1;34m
[0m[1;34m	threadid 125119154317376 -> hwthread 67 - OK[0m[1;34m
[0m[1;34m	threadid 125119145920704 -> hwthread 68 - OK[0m[1;34m
[0m[1;34m	threadid 125119137524032 -> hwthread 69 - OK[0m[1;34m
[0m[1;34m	threadid 125119129127360 -> hwthread 70 - OK[0m[1;34m
[0m[1;34m	threadid 125119120730688 -> hwthread 71 - OK[0m[1;34m
[0m[1;34m	threadid 125118638451392 -> hwthread 72 - OK[0m[1;34m
[0m[1;34m	threadid 125118630054720 -> hwthread 73 - OK[0m[1;34m
[0m[1;34m	threadid 125118621658048 -> hwthread 74 - OK[0m[1;34m
[0m[1;34m	threadid 125118613261376 -> hwthread 75 - OK[0m[1;34m
[0m[1;34m	threadid 125118604864704 -> hwthread 76 - OK[0m[1;34m
[0m[1;34m	threadid 125118596468032 -> hwthread 77 - OK[0m[1;34m
[0m[1;34m	threadid 125118588071360 -> hwthread 78 - OK[0m[1;34m
[0m[1;34m	threadid 125118101581376 -> hwthread 79 - OK[0m[1;34m
[0m[1;34m	threadid 125118093184704 -> hwthread 80 - OK[0m[1;34m
[0m[1;34m	threadid 125118084788032 -> hwthread 81 - OK[0m[1;34m
[0m[1;34m	threadid 125118076391360 -> hwthread 82 - OK[0m[1;34m
[0m[1;34m	threadid 125118067994688 -> hwthread 83 - OK[0m[1;34m
[0m[1;34m	threadid 125118059598016 -> hwthread 84 - OK[0m[1;34m
[0m[1;34m	threadid 125118051201344 -> hwthread 85 - OK[0m[1;34m
[0m[1;34m	threadid 125117564711360 -> hwthread 86 - OK[0m[1;34m
[0m[1;34m	threadid 125117556314688 -> hwthread 87 - OK[0m[1;34m
[0m[1;34m	threadid 125117547918016 -> hwthread 88 - OK[0m[1;34m
[0m[1;34m	threadid 125117539521344 -> hwthread 89 - OK[0m[1;34m
[0m[1;34m	threadid 125117531124672 -> hwthread 90 - OK[0m[1;34m
[0m[1;34m	threadid 125117522728000 -> hwthread 91 - OK[0m[1;34m
[0m[1;34m	threadid 125117514331328 -> hwthread 92 - OK[0m[1;34m
[0m[1;34m	threadid 125117027841344 -> hwthread 93 - OK[0m[1;34m
[0m[1;34m	threadid 125117019444672 -> hwthread 94 - OK[0m[1;34m
[0m[1;34m	threadid 125117011048000 -> hwthread 95 - OK[0m[1;34m
[0m[1;34m	threadid 125117002651328 -> hwthread 96 - OK[0m[1;34m
[0m[1;34m	threadid 125116994250560 -> hwthread 97 - OK[0m[1;34m
[0m[1;34m	threadid 125116985849792 -> hwthread 98 - OK[0m[1;34m
[0m[1;34m	threadid 125116977449024 -> hwthread 99 - OK[0m[1;34m
[0m[1;34m	threadid 125116490967232 -> hwthread 100 - OK[0m[1;34m
[0m[1;34m	threadid 125116482566464 -> hwthread 101 - OK[0m[1;34m
[0m[1;34m	threadid 125116474165696 -> hwthread 102 - OK[0m[1;34m
[0m[1;34m	threadid 125116465764928 -> hwthread 103 - OK[0m[1;34m
[0m[1;34m	threadid 125116457364160 -> hwthread 104 - OK[0m[1;34m
[0m[1;34m	threadid 125116448963392 -> hwthread 105 - OK[0m[1;34m
[0m[1;34m	threadid 125116440562624 -> hwthread 106 - OK[0m[1;34m
[0m[1;34m	threadid 125115954097216 -> hwthread 107 - OK[0m[1;34m
[0m[1;34m	threadid 125115945696448 -> hwthread 108 - OK[0m[1;34m
[0m[1;34m	threadid 125115937295680 -> hwthread 109 - OK[0m[1;34m
[0m[1;34m	threadid 125115928894912 -> hwthread 110 - OK[0m[1;34m
[0m[1;34m	threadid 125115920494144 -> hwthread 111 - OK[0m[1;34m
[0m[1;34m	threadid 125115912093376 -> hwthread 112 - OK[0m[1;34m
[0m[1;34m	threadid 125115903692608 -> hwthread 113 - OK[0m[1;34m
[0m[1;34m	threadid 125115417227200 -> hwthread 114 - OK[0m[1;34m
[0m[1;34m	threadid 125115408826432 -> hwthread 115 - OK[0m[1;34m
[0m[1;34m	threadid 125115400425664 -> hwthread 116 - OK[0m[1;34m
[0m[1;34m	threadid 125115392024896 -> hwthread 117 - OK[0m[1;34m
[0m[1;34m	threadid 125115383624128 -> hwthread 118 - OK[0m[1;34m
[0m[1;34m	threadid 125115375223360 -> hwthread 119 - OK[0m[1;34m
[0m[1;34m	threadid 125115366822592 -> hwthread 120 - OK[0m[1;34m
[0m[1;34m	threadid 125114880357184 -> hwthread 121 - OK[0m[1;34m
[0m[1;34m	threadid 125114871956416 -> hwthread 122 - OK[0m[1;34m
[0m[1;34m	threadid 125114863555648 -> hwthread 123 - OK[0m[1;34m
[0m[1;34m	threadid 125114855154880 -> hwthread 124 - OK[0m[1;34m
[0m[1;34m	threadid 125114846754112 -> hwthread 125 - OK[0m[1;34m
[0m[1;34m	threadid 125114838353344 -> hwthread 126 - OK[0m[1;34m
[0m[1;34m	threadid 125114829952576 -> hwthread 127 - OK[0m[1;34m
[0mrandom wtime: 6.303599372986355
tt_from_dense wtime: 411.32065081399924
tt_from_dense wtime: 404.717836315991
INFO: You are running LIKWID in a cpuset with 64 CPUs. Taking given IDs as logical ID in cpuset
[1;34m[pthread wrapper] 
[0m[1;34m[pthread wrapper] MAIN -> 64
[0m[1;34m[pthread wrapper] PIN_MASK: [0m[1;34m0->65  [0m[1;34m1->66  [0m[1;34m2->67  [0m[1;34m3->68  [0m[1;34m4->69  [0m[1;34m5->70  [0m[1;34m6->71  [0m[1;34m7->72  [0m[1;34m8->73  [0m[1;34m9->74  [0m[1;34m10->75  [0m[1;34m11->76  [0m[1;34m12->77  [0m[1;34m13->78  [0m[1;34m14->79  [0m[1;34m15->80  [0m[1;34m16->81  [0m[1;34m17->82  [0m[1;34m18->83  [0m[1;34m19->84  [0m[1;34m20->85  [0m[1;34m21->86  [0m[1;34m22->87  [0m[1;34m23->88  [0m[1;34m24->89  [0m[1;34m25->90  [0m[1;34m26->91  [0m[1;34m27->92  [0m[1;34m28->93  [0m[1;34m29->94  [0m[1;34m30->95  [0m[1;34m31->96  [0m[1;34m32->97  [0m[1;34m33->98  [0m[1;34m34->99  [0m[1;34m35->100  [0m[1;34m36->101  [0m[1;34m37->102  [0m[1;34m38->103  [0m[1;34m39->104  [0m[1;34m40->105  [0m[1;34m41->106  [0m[1;34m42->107  [0m[1;34m43->108  [0m[1;34m44->109  [0m[1;34m45->110  [0m[1;34m46->111  [0m[1;34m47->112  [0m[1;34m48->113  [0m[1;34m49->114  [0m[1;34m50->115  [0m[1;34m51->116  [0m[1;34m52->117  [0m[1;34m53->118  [0m[1;34m54->119  [0m[1;34m55->120  [0m[1;34m56->121  [0m[1;34m57->122  [0m[1;34m58->123  [0m[1;34m59->124  [0m[1;34m60->125  [0m[1;34m61->126  [0m[1;34m62->127  [0m[1;34m
[pthread wrapper] SKIP MASK: 0x0
[0m[1;34m	threadid 129629985679168 -> hwthread 65 - OK[0m[1;34m
[0m[1;34m	threadid 129629977282496 -> hwthread 66 - OK[0m[1;34m
[0m[1;34m	threadid 129629897615424 -> hwthread 67 - OK[0m[1;34m
[0m[1;34m	threadid 129629889218752 -> hwthread 68 - OK[0m[1;34m
[0m[1;34m	threadid 129629880822080 -> hwthread 69 - OK[0m[1;34m
[0m[1;34m	threadid 129629872425408 -> hwthread 70 - OK[0m[1;34m
[0m[1;34m	threadid 129629864028736 -> hwthread 71 - OK[0m[1;34m
[0m[1;34m	threadid 129629855632064 -> hwthread 72 - OK[0m[1;34m
[0m[1;34m	threadid 129629847235392 -> hwthread 73 - OK[0m[1;34m
[0m[1;34m	threadid 129629293636544 -> hwthread 74 - OK[0m[1;34m
[0m[1;34m	threadid 129629285239872 -> hwthread 75 - OK[0m[1;34m
[0m[1;34m	threadid 129629276843200 -> hwthread 76 - OK[0m[1;34m
[0m[1;34m	threadid 129629268446528 -> hwthread 77 - OK[0m[1;34m
[0m[1;34m	threadid 129629260049856 -> hwthread 78 - OK[0m[1;34m
[0m[1;34m	threadid 129629251653184 -> hwthread 79 - OK[0m[1;34m
[0m[1;34m	threadid 129629243256512 -> hwthread 80 - OK[0m[1;34m
[0m[1;34m	threadid 129628756766528 -> hwthread 81 - OK[0m[1;34m
[0m[1;34m	threadid 129628748369856 -> hwthread 82 - OK[0m[1;34m
[0m[1;34m	threadid 129628739973184 -> hwthread 83 - OK[0m[1;34m
[0m[1;34m	threadid 129628731576512 -> hwthread 84 - OK[0m[1;34m
[0m[1;34m	threadid 129628723179840 -> hwthread 85 - OK[0m[1;34m
[0m[1;34m	threadid 129628714783168 -> hwthread 86 - OK[0m[1;34m
[0m[1;34m	threadid 129628706386496 -> hwthread 87 - OK[0m[1;34m
[0m[1;34m	threadid 129628219896512 -> hwthread 88 - OK[0m[1;34m
[0m[1;34m	threadid 129628211499840 -> hwthread 89 - OK[0m[1;34m
[0m[1;34m	threadid 129628203103168 -> hwthread 90 - OK[0m[1;34m
[0m[1;34m	threadid 129628194706496 -> hwthread 91 - OK[0m[1;34m
[0m[1;34m	threadid 129628186309824 -> hwthread 92 - OK[0m[1;34m
[0m[1;34m	threadid 129628177913152 -> hwthread 93 - OK[0m[1;34m
[0m[1;34m	threadid 129628169516480 -> hwthread 94 - OK[0m[1;34m
[0m[1;34m	threadid 129627683026496 -> hwthread 95 - OK[0m[1;34m
[0m[1;34m	threadid 129627674629824 -> hwthread 96 - OK[0m[1;34m
[0m[1;34m	threadid 129627666229056 -> hwthread 97 - OK[0m[1;34m
[0m[1;34m	threadid 129627657828288 -> hwthread 98 - OK[0m[1;34m
[0m[1;34m	threadid 129627649427520 -> hwthread 99 - OK[0m[1;34m
[0m[1;34m	threadid 129627641026752 -> hwthread 100 - OK[0m[1;34m
[0m[1;34m	threadid 129627632625984 -> hwthread 101 - OK[0m[1;34m
[0m[1;34m	threadid 129627146152384 -> hwthread 102 - OK[0m[1;34m
[0m[1;34m	threadid 129627137751616 -> hwthread 103 - OK[0m[1;34m
[0m[1;34m	threadid 129627129350848 -> hwthread 104 - OK[0m[1;34m
[0m[1;34m	threadid 129627120950080 -> hwthread 105 - OK[0m[1;34m
[0m[1;34m	threadid 129627112549312 -> hwthread 106 - OK[0m[1;34m
[0m[1;34m	threadid 129627104148544 -> hwthread 107 - OK[0m[1;34m
[0m[1;34m	threadid 129627095747776 -> hwthread 108 - OK[0m[1;34m
[0m[1;34m	threadid 129626609282368 -> hwthread 109 - OK[0m[1;34m
[0m[1;34m	threadid 129626600881600 -> hwthread 110 - OK[0m[1;34m
[0m[1;34m	threadid 129626592480832 -> hwthread 111 - OK[0m[1;34m
[0m[1;34m	threadid 129626584080064 -> hwthread 112 - OK[0m[1;34m
[0m[1;34m	threadid 129626575679296 -> hwthread 113 - OK[0m[1;34m
[0m[1;34m	threadid 129626567278528 -> hwthread 114 - OK[0m[1;34m
[0m[1;34m	threadid 129626558877760 -> hwthread 115 - OK[0m[1;34m
[0m[1;34m	threadid 129626072412352 -> hwthread 116 - OK[0m[1;34m
[0m[1;34m	threadid 129626064011584 -> hwthread 117 - OK[0m[1;34m
[0m[1;34m	threadid 129626055610816 -> hwthread 118 - OK[0m[1;34m
[0m[1;34m	threadid 129626047210048 -> hwthread 119 - OK[0m[1;34m
[0m[1;34m	threadid 129626038809280 -> hwthread 120 - OK[0m[1;34m
[0m[1;34m	threadid 129626030408512 -> hwthread 121 - OK[0m[1;34m
[0m[1;34m	threadid 129626022007744 -> hwthread 122 - OK[0m[1;34m
[0m[1;34m	threadid 129625535542336 -> hwthread 123 - OK[0m[1;34m
[0m[1;34m	threadid 129625527141568 -> hwthread 124 - OK[0m[1;34m
[0m[1;34m	threadid 129625518740800 -> hwthread 125 - OK[0m[1;34m
[0m[1;34m	threadid 129625510340032 -> hwthread 126 - OK[0m[1;34m
[0m[1;34m	threadid 129625501939264 -> hwthread 127 - OK[0m[1;34m
[0mrandom wtime: 6.3093735669972375
tt_from_dense wtime: 419.99277079499734
tt_from_dense wtime: 416.70465599199815
INFO: You are running LIKWID in a cpuset with 64 CPUs. Taking given IDs as logical ID in cpuset
[1;34m[pthread wrapper] 
[0m[1;34m[pthread wrapper] MAIN -> 64
[0m[1;34m[pthread wrapper] PIN_MASK: [0m[1;34m0->65  [0m[1;34m1->66  [0m[1;34m2->67  [0m[1;34m3->68  [0m[1;34m4->69  [0m[1;34m5->70  [0m[1;34m6->71  [0m[1;34m7->72  [0m[1;34m8->73  [0m[1;34m9->74  [0m[1;34m10->75  [0m[1;34m11->76  [0m[1;34m12->77  [0m[1;34m13->78  [0m[1;34m14->79  [0m[1;34m15->80  [0m[1;34m16->81  [0m[1;34m17->82  [0m[1;34m18->83  [0m[1;34m19->84  [0m[1;34m20->85  [0m[1;34m21->86  [0m[1;34m22->87  [0m[1;34m23->88  [0m[1;34m24->89  [0m[1;34m25->90  [0m[1;34m26->91  [0m[1;34m27->92  [0m[1;34m28->93  [0m[1;34m29->94  [0m[1;34m30->95  [0m[1;34m31->96  [0m[1;34m32->97  [0m[1;34m33->98  [0m[1;34m34->99  [0m[1;34m35->100  [0m[1;34m36->101  [0m[1;34m37->102  [0m[1;34m38->103  [0m[1;34m39->104  [0m[1;34m40->105  [0m[1;34m41->106  [0m[1;34m42->107  [0m[1;34m43->108  [0m[1;34m44->109  [0m[1;34m45->110  [0m[1;34m46->111  [0m[1;34m47->112  [0m[1;34m48->113  [0m[1;34m49->114  [0m[1;34m50->115  [0m[1;34m51->116  [0m[1;34m52->117  [0m[1;34m53->118  [0m[1;34m54->119  [0m[1;34m55->120  [0m[1;34m56->121  [0m[1;34m57->122  [0m[1;34m58->123  [0m[1;34m59->124  [0m[1;34m60->125  [0m[1;34m61->126  [0m[1;34m62->127  [0m[1;34m
[pthread wrapper] SKIP MASK: 0x0
[0m[1;34m	threadid 136788635002688 -> hwthread 65 - OK[0m[1;34m
[0m[1;34m	threadid 136788626606016 -> hwthread 66 - OK[0m[1;34m
[0m[1;34m	threadid 136788618209344 -> hwthread 67 - OK[0m[1;34m
[0m[1;34m	threadid 136788400138432 -> hwthread 68 - OK[0m[1;34m
[0m[1;34m	threadid 136788391741760 -> hwthread 69 - OK[0m[1;34m
[0m[1;34m	threadid 136788383345088 -> hwthread 70 - OK[0m[1;34m
[0m[1;34m	threadid 136788374948416 -> hwthread 71 - OK[0m[1;34m
[0m[1;34m	threadid 136788366551744 -> hwthread 72 - OK[0m[1;34m
[0m[1;34m	threadid 136788358155072 -> hwthread 73 - OK[0m[1;34m
[0m[1;34m	threadid 136788349758400 -> hwthread 74 - OK[0m[1;34m
[0m[1;34m	threadid 136787863268416 -> hwthread 75 - OK[0m[1;34m
[0m[1;34m	threadid 136787854871744 -> hwthread 76 - OK[0m[1;34m
[0m[1;34m	threadid 136787846475072 -> hwthread 77 - OK[0m[1;34m
[0m[1;34m	threadid 136787838078400 -> hwthread 78 - OK[0m[1;34m
[0m[1;34m	threadid 136787829681728 -> hwthread 79 - OK[0m[1;34m
[0m[1;34m	threadid 136787821285056 -> hwthread 80 - OK[0m[1;34m
[0m[1;34m	threadid 136787812888384 -> hwthread 81 - OK[0m[1;34m
[0m[1;34m	threadid 136787326398400 -> hwthread 82 - OK[0m[1;34m
[0m[1;34m	threadid 136787318001728 -> hwthread 83 - OK[0m[1;34m
[0m[1;34m	threadid 136787309605056 -> hwthread 84 - OK[0m[1;34m
[0m[1;34m	threadid 136787301208384 -> hwthread 85 - OK[0m[1;34m
[0m[1;34m	threadid 136787292811712 -> hwthread 86 - OK[0m[1;34m
[0m[1;34m	threadid 136787284415040 -> hwthread 87 - OK[0m[1;34m
[0m[1;34m	threadid 136787276018368 -> hwthread 88 - OK[0m[1;34m
[0m[1;34m	threadid 136786789528384 -> hwthread 89 - OK[0m[1;34m
[0m[1;34m	threadid 136786781131712 -> hwthread 90 - OK[0m[1;34m
[0m[1;34m	threadid 136786772735040 -> hwthread 91 - OK[0m[1;34m
[0m[1;34m	threadid 136786764338368 -> hwthread 92 - OK[0m[1;34m
[0m[1;34m	threadid 136786755941696 -> hwthread 93 - OK[0m[1;34m
[0m[1;34m	threadid 136786747545024 -> hwthread 94 - OK[0m[1;34m
[0m[1;34m	threadid 136786739148352 -> hwthread 95 - OK[0m[1;34m
[0m[1;34m	threadid 136786252658368 -> hwthread 96 - OK[0m[1;34m
[0m[1;34m	threadid 136786244257600 -> hwthread 97 - OK[0m[1;34m
[0m[1;34m	threadid 136786235856832 -> hwthread 98 - OK[0m[1;34m
[0m[1;34m	threadid 136786227456064 -> hwthread 99 - OK[0m[1;34m
[0m[1;34m	threadid 136786219055296 -> hwthread 100 - OK[0m[1;34m
[0m[1;34m	threadid 136786210654528 -> hwthread 101 - OK[0m[1;34m
[0m[1;34m	threadid 136786202253760 -> hwthread 102 - OK[0m[1;34m
[0m[1;34m	threadid 136785715784256 -> hwthread 103 - OK[0m[1;34m
[0m[1;34m	threadid 136785707383488 -> hwthread 104 - OK[0m[1;34m
[0m[1;34m	threadid 136785698982720 -> hwthread 105 - OK[0m[1;34m
[0m[1;34m	threadid 136785690581952 -> hwthread 106 - OK[0m[1;34m
[0m[1;34m	threadid 136785682181184 -> hwthread 107 - OK[0m[1;34m
[0m[1;34m	threadid 136785673780416 -> hwthread 108 - OK[0m[1;34m
[0m[1;34m	threadid 136785665379648 -> hwthread 109 - OK[0m[1;34m
[0m[1;34m	threadid 136785178914240 -> hwthread 110 - OK[0m[1;34m
[0m[1;34m	threadid 136785170513472 -> hwthread 111 - OK[0m[1;34m
[0m[1;34m	threadid 136785162112704 -> hwthread 112 - OK[0m[1;34m
[0m[1;34m	threadid 136785153711936 -> hwthread 113 - OK[0m[1;34m
[0m[1;34m	threadid 136785145311168 -> hwthread 114 - OK[0m[1;34m
[0m[1;34m	threadid 136785136910400 -> hwthread 115 - OK[0m[1;34m
[0m[1;34m	threadid 136785128509632 -> hwthread 116 - OK[0m[1;34m
[0m[1;34m	threadid 136784642044224 -> hwthread 117 - OK[0m[1;34m
[0m[1;34m	threadid 136784633643456 -> hwthread 118 - OK[0m[1;34m
[0m[1;34m	threadid 136784625242688 -> hwthread 119 - OK[0m[1;34m
[0m[1;34m	threadid 136784616841920 -> hwthread 120 - OK[0m[1;34m
[0m[1;34m	threadid 136784608441152 -> hwthread 121 - OK[0m[1;34m
[0m[1;34m	threadid 136784600040384 -> hwthread 122 - OK[0m[1;34m
[0m[1;34m	threadid 136784591639616 -> hwthread 123 - OK[0m[1;34m
[0m[1;34m	threadid 136784105174208 -> hwthread 124 - OK[0m[1;34m
[0m[1;34m	threadid 136784096773440 -> hwthread 125 - OK[0m[1;34m
[0m[1;34m	threadid 136784088372672 -> hwthread 126 - OK[0m[1;34m
[0m[1;34m	threadid 136784079971904 -> hwthread 127 - OK[0m[1;34m
[0mrandom wtime: 6.3074927760026185
tt_from_dense wtime: 428.89212461799616
tt_from_dense wtime: 425.81216159500764
INFO: You are running LIKWID in a cpuset with 64 CPUs. Taking given IDs as logical ID in cpuset
[1;34m[pthread wrapper] 
[0m[1;34m[pthread wrapper] MAIN -> 64
[0m[1;34m[pthread wrapper] PIN_MASK: [0m[1;34m0->65  [0m[1;34m1->66  [0m[1;34m2->67  [0m[1;34m3->68  [0m[1;34m4->69  [0m[1;34m5->70  [0m[1;34m6->71  [0m[1;34m7->72  [0m[1;34m8->73  [0m[1;34m9->74  [0m[1;34m10->75  [0m[1;34m11->76  [0m[1;34m12->77  [0m[1;34m13->78  [0m[1;34m14->79  [0m[1;34m15->80  [0m[1;34m16->81  [0m[1;34m17->82  [0m[1;34m18->83  [0m[1;34m19->84  [0m[1;34m20->85  [0m[1;34m21->86  [0m[1;34m22->87  [0m[1;34m23->88  [0m[1;34m24->89  [0m[1;34m25->90  [0m[1;34m26->91  [0m[1;34m27->92  [0m[1;34m28->93  [0m[1;34m29->94  [0m[1;34m30->95  [0m[1;34m31->96  [0m[1;34m32->97  [0m[1;34m33->98  [0m[1;34m34->99  [0m[1;34m35->100  [0m[1;34m36->101  [0m[1;34m37->102  [0m[1;34m38->103  [0m[1;34m39->104  [0m[1;34m40->105  [0m[1;34m41->106  [0m[1;34m42->107  [0m[1;34m43->108  [0m[1;34m44->109  [0m[1;34m45->110  [0m[1;34m46->111  [0m[1;34m47->112  [0m[1;34m48->113  [0m[1;34m49->114  [0m[1;34m50->115  [0m[1;34m51->116  [0m[1;34m52->117  [0m[1;34m53->118  [0m[1;34m54->119  [0m[1;34m55->120  [0m[1;34m56->121  [0m[1;34m57->122  [0m[1;34m58->123  [0m[1;34m59->124  [0m[1;34m60->125  [0m[1;34m61->126  [0m[1;34m62->127  [0m[1;34m
[pthread wrapper] SKIP MASK: 0x0
[0m[1;34m	threadid 125636318308160 -> hwthread 65 - OK[0m[1;34m
[0m[1;34m	threadid 125636309911488 -> hwthread 66 - OK[0m[1;34m
[0m[1;34m	threadid 125636301514816 -> hwthread 67 - OK[0m[1;34m
[0m[1;34m	threadid 125636293118144 -> hwthread 68 - OK[0m[1;34m
[0m[1;34m	threadid 125636284721472 -> hwthread 69 - OK[0m[1;34m
[0m[1;34m	threadid 125636276324800 -> hwthread 70 - OK[0m[1;34m
[0m[1;34m	threadid 125636267928128 -> hwthread 71 - OK[0m[1;34m
[0m[1;34m	threadid 125636259531456 -> hwthread 72 - OK[0m[1;34m
[0m[1;34m	threadid 125635779357504 -> hwthread 73 - OK[0m[1;34m
[0m[1;34m	threadid 125635770960832 -> hwthread 74 - OK[0m[1;34m
[0m[1;34m	threadid 125635762564160 -> hwthread 75 - OK[0m[1;34m
[0m[1;34m	threadid 125635754167488 -> hwthread 76 - OK[0m[1;34m
[0m[1;34m	threadid 125635745770816 -> hwthread 77 - OK[0m[1;34m
[0m[1;34m	threadid 125635737374144 -> hwthread 78 - OK[0m[1;34m
[0m[1;34m	threadid 125635728977472 -> hwthread 79 - OK[0m[1;34m
[0m[1;34m	threadid 125635175378624 -> hwthread 80 - OK[0m[1;34m
[0m[1;34m	threadid 125635166981952 -> hwthread 81 - OK[0m[1;34m
[0m[1;34m	threadid 125635158585280 -> hwthread 82 - OK[0m[1;34m
[0m[1;34m	threadid 125635150188608 -> hwthread 83 - OK[0m[1;34m
[0m[1;34m	threadid 125635141791936 -> hwthread 84 - OK[0m[1;34m
[0m[1;34m	threadid 125635133395264 -> hwthread 85 - OK[0m[1;34m
[0m[1;34m	threadid 125635124998592 -> hwthread 86 - OK[0m[1;34m
[0m[1;34m	threadid 125634638508608 -> hwthread 87 - OK[0m[1;34m
[0m[1;34m	threadid 125634630111936 -> hwthread 88 - OK[0m[1;34m
[0m[1;34m	threadid 125634621715264 -> hwthread 89 - OK[0m[1;34m
[0m[1;34m	threadid 125634613318592 -> hwthread 90 - OK[0m[1;34m
[0m[1;34m	threadid 125634604921920 -> hwthread 91 - OK[0m[1;34m
[0m[1;34m	threadid 125634596525248 -> hwthread 92 - OK[0m[1;34m
[0m[1;34m	threadid 125634588128576 -> hwthread 93 - OK[0m[1;34m
[0m[1;34m	threadid 125634101638592 -> hwthread 94 - OK[0m[1;34m
[0m[1;34m	threadid 125634093241920 -> hwthread 95 - OK[0m[1;34m
[0m[1;34m	threadid 125634084845248 -> hwthread 96 - OK[0m[1;34m
[0m[1;34m	threadid 125634076444480 -> hwthread 97 - OK[0m[1;34m
[0m[1;34m	threadid 125634068043712 -> hwthread 98 - OK[0m[1;34m
[0m[1;34m	threadid 125634059642944 -> hwthread 99 - OK[0m[1;34m
[0m[1;34m	threadid 125634051242176 -> hwthread 100 - OK[0m[1;34m
[0m[1;34m	threadid 125633564764480 -> hwthread 101 - OK[0m[1;34m
[0m[1;34m	threadid 125633556363712 -> hwthread 102 - OK[0m[1;34m
[0m[1;34m	threadid 125633547962944 -> hwthread 103 - OK[0m[1;34m
[0m[1;34m	threadid 125633539562176 -> hwthread 104 - OK[0m[1;34m
[0m[1;34m	threadid 125633531161408 -> hwthread 105 - OK[0m[1;34m
[0m[1;34m	threadid 125633522760640 -> hwthread 106 - OK[0m[1;34m
[0m[1;34m	threadid 125633514359872 -> hwthread 107 - OK[0m[1;34m
[0m[1;34m	threadid 125633027894464 -> hwthread 108 - OK[0m[1;34m
[0m[1;34m	threadid 125633019493696 -> hwthread 109 - OK[0m[1;34m
[0m[1;34m	threadid 125633011092928 -> hwthread 110 - OK[0m[1;34m
[0m[1;34m	threadid 125633002692160 -> hwthread 111 - OK[0m[1;34m
[0m[1;34m	threadid 125632994291392 -> hwthread 112 - OK[0m[1;34m
[0m[1;34m	threadid 125632985890624 -> hwthread 113 - OK[0m[1;34m
[0m[1;34m	threadid 125632977489856 -> hwthread 114 - OK[0m[1;34m
[0m[1;34m	threadid 125632491024448 -> hwthread 115 - OK[0m[1;34m
[0m[1;34m	threadid 125632482623680 -> hwthread 116 - OK[0m[1;34m
[0m[1;34m	threadid 125632474222912 -> hwthread 117 - OK[0m[1;34m
[0m[1;34m	threadid 125632465822144 -> hwthread 118 - OK[0m[1;34m
[0m[1;34m	threadid 125632457421376 -> hwthread 119 - OK[0m[1;34m
[0m[1;34m	threadid 125632449020608 -> hwthread 120 - OK[0m[1;34m
[0m[1;34m	threadid 125632440619840 -> hwthread 121 - OK[0m[1;34m
[0m[1;34m	threadid 125631954154432 -> hwthread 122 - OK[0m[1;34m
[0m[1;34m	threadid 125631945753664 -> hwthread 123 - OK[0m[1;34m
[0m[1;34m	threadid 125631937352896 -> hwthread 124 - OK[0m[1;34m
[0m[1;34m	threadid 125631928952128 -> hwthread 125 - OK[0m[1;34m
[0m[1;34m	threadid 125631920551360 -> hwthread 126 - OK[0m[1;34m
[0m[1;34m	threadid 125631912150592 -> hwthread 127 - OK[0m[1;34m
[0mrandom wtime: 6.335892419010634
tt_from_dense wtime: 432.4385280340066
tt_from_dense wtime: 430.6039321630087
INFO: You are running LIKWID in a cpuset with 64 CPUs. Taking given IDs as logical ID in cpuset
[1;34m[pthread wrapper] 
[0m[1;34m[pthread wrapper] MAIN -> 64
[0m[1;34m[pthread wrapper] PIN_MASK: [0m[1;34m0->65  [0m[1;34m1->66  [0m[1;34m2->67  [0m[1;34m3->68  [0m[1;34m4->69  [0m[1;34m5->70  [0m[1;34m6->71  [0m[1;34m7->72  [0m[1;34m8->73  [0m[1;34m9->74  [0m[1;34m10->75  [0m[1;34m11->76  [0m[1;34m12->77  [0m[1;34m13->78  [0m[1;34m14->79  [0m[1;34m15->80  [0m[1;34m16->81  [0m[1;34m17->82  [0m[1;34m18->83  [0m[1;34m19->84  [0m[1;34m20->85  [0m[1;34m21->86  [0m[1;34m22->87  [0m[1;34m23->88  [0m[1;34m24->89  [0m[1;34m25->90  [0m[1;34m26->91  [0m[1;34m27->92  [0m[1;34m28->93  [0m[1;34m29->94  [0m[1;34m30->95  [0m[1;34m31->96  [0m[1;34m32->97  [0m[1;34m33->98  [0m[1;34m34->99  [0m[1;34m35->100  [0m[1;34m36->101  [0m[1;34m37->102  [0m[1;34m38->103  [0m[1;34m39->104  [0m[1;34m40->105  [0m[1;34m41->106  [0m[1;34m42->107  [0m[1;34m43->108  [0m[1;34m44->109  [0m[1;34m45->110  [0m[1;34m46->111  [0m[1;34m47->112  [0m[1;34m48->113  [0m[1;34m49->114  [0m[1;34m50->115  [0m[1;34m51->116  [0m[1;34m52->117  [0m[1;34m53->118  [0m[1;34m54->119  [0m[1;34m55->120  [0m[1;34m56->121  [0m[1;34m57->122  [0m[1;34m58->123  [0m[1;34m59->124  [0m[1;34m60->125  [0m[1;34m61->126  [0m[1;34m62->127  [0m[1;34m
[pthread wrapper] SKIP MASK: 0x0
[0m[1;34m	threadid 140323898500928 -> hwthread 65 - OK[0m[1;34m
[0m[1;34m	threadid 140323890104256 -> hwthread 66 - OK[0m[1;34m
[0m[1;34m	threadid 140323881707584 -> hwthread 67 - OK[0m[1;34m
[0m[1;34m	threadid 140323873310912 -> hwthread 68 - OK[0m[1;34m
[0m[1;34m	threadid 140323864914240 -> hwthread 69 - OK[0m[1;34m
[0m[1;34m	threadid 140323856517568 -> hwthread 70 - OK[0m[1;34m
[0m[1;34m	threadid 140323848120896 -> hwthread 71 - OK[0m[1;34m
[0m[1;34m	threadid 140323839724224 -> hwthread 72 - OK[0m[1;34m
[0m[1;34m	threadid 140323359550272 -> hwthread 73 - OK[0m[1;34m
[0m[1;34m	threadid 140323351153600 -> hwthread 74 - OK[0m[1;34m
[0m[1;34m	threadid 140323342756928 -> hwthread 75 - OK[0m[1;34m
[0m[1;34m	threadid 140323334360256 -> hwthread 76 - OK[0m[1;34m
[0m[1;34m	threadid 140323325963584 -> hwthread 77 - OK[0m[1;34m
[0m[1;34m	threadid 140323317566912 -> hwthread 78 - OK[0m[1;34m
[0m[1;34m	threadid 140323309170240 -> hwthread 79 - OK[0m[1;34m
[0m[1;34m	threadid 140322755571392 -> hwthread 80 - OK[0m[1;34m
[0m[1;34m	threadid 140322747174720 -> hwthread 81 - OK[0m[1;34m
[0m[1;34m	threadid 140322738778048 -> hwthread 82 - OK[0m[1;34m
[0m[1;34m	threadid 140322730381376 -> hwthread 83 - OK[0m[1;34m
[0m[1;34m	threadid 140322721984704 -> hwthread 84 - OK[0m[1;34m
[0m[1;34m	threadid 140322713588032 -> hwthread 85 - OK[0m[1;34m
[0m[1;34m	threadid 140322705191360 -> hwthread 86 - OK[0m[1;34m
[0m[1;34m	threadid 140322218701376 -> hwthread 87 - OK[0m[1;34m
[0m[1;34m	threadid 140322210304704 -> hwthread 88 - OK[0m[1;34m
[0m[1;34m	threadid 140322201908032 -> hwthread 89 - OK[0m[1;34m
[0m[1;34m	threadid 140322193511360 -> hwthread 90 - OK[0m[1;34m
[0m[1;34m	threadid 140322185114688 -> hwthread 91 - OK[0m[1;34m
[0m[1;34m	threadid 140322176718016 -> hwthread 92 - OK[0m[1;34m
[0m[1;34m	threadid 140322168321344 -> hwthread 93 - OK[0m[1;34m
[0m[1;34m	threadid 140321681831360 -> hwthread 94 - OK[0m[1;34m
[0m[1;34m	threadid 140321673434688 -> hwthread 95 - OK[0m[1;34m
[0m[1;34m	threadid 140321665038016 -> hwthread 96 - OK[0m[1;34m
[0m[1;34m	threadid 140321656637248 -> hwthread 97 - OK[0m[1;34m
[0m[1;34m	threadid 140321648236480 -> hwthread 98 - OK[0m[1;34m
[0m[1;34m	threadid 140321639835712 -> hwthread 99 - OK[0m[1;34m
[0m[1;34m	threadid 140321631434944 -> hwthread 100 - OK[0m[1;34m
[0m[1;34m	threadid 140321144957248 -> hwthread 101 - OK[0m[1;34m
[0m[1;34m	threadid 140321136556480 -> hwthread 102 - OK[0m[1;34m
[0m[1;34m	threadid 140321128155712 -> hwthread 103 - OK[0m[1;34m
[0m[1;34m	threadid 140321119754944 -> hwthread 104 - OK[0m[1;34m
[0m[1;34m	threadid 140321111354176 -> hwthread 105 - OK[0m[1;34m
[0m[1;34m	threadid 140321102953408 -> hwthread 106 - OK[0m[1;34m
[0m[1;34m	threadid 140321094552640 -> hwthread 107 - OK[0m[1;34m
[0m[1;34m	threadid 140320608087232 -> hwthread 108 - OK[0m[1;34m
[0m[1;34m	threadid 140320599686464 -> hwthread 109 - OK[0m[1;34m
[0m[1;34m	threadid 140320591285696 -> hwthread 110 - OK[0m[1;34m
[0m[1;34m	threadid 140320582884928 -> hwthread 111 - OK[0m[1;34m
[0m[1;34m	threadid 140320574484160 -> hwthread 112 - OK[0m[1;34m
[0m[1;34m	threadid 140320566083392 -> hwthread 113 - OK[0m[1;34m
[0m[1;34m	threadid 140320557682624 -> hwthread 114 - OK[0m[1;34m
[0m[1;34m	threadid 140320071217216 -> hwthread 115 - OK[0m[1;34m
[0m[1;34m	threadid 140320062816448 -> hwthread 116 - OK[0m[1;34m
[0m[1;34m	threadid 140320054415680 -> hwthread 117 - OK[0m[1;34m
[0m[1;34m	threadid 140320046014912 -> hwthread 118 - OK[0m[1;34m
[0m[1;34m	threadid 140320037614144 -> hwthread 119 - OK[0m[1;34m
[0m[1;34m	threadid 140320029213376 -> hwthread 120 - OK[0m[1;34m
[0m[1;34m	threadid 140320020812608 -> hwthread 121 - OK[0m[1;34m
[0m[1;34m	threadid 140319534347200 -> hwthread 122 - OK[0m[1;34m
[0m[1;34m	threadid 140319525946432 -> hwthread 123 - OK[0m[1;34m
[0m[1;34m	threadid 140319517545664 -> hwthread 124 - OK[0m[1;34m
[0m[1;34m	threadid 140319509144896 -> hwthread 125 - OK[0m[1;34m
[0m[1;34m	threadid 140319500744128 -> hwthread 126 - OK[0m[1;34m
[0m[1;34m	threadid 140319492343360 -> hwthread 127 - OK[0m[1;34m
[0mrandom wtime: 6.347486247992492
tt_from_dense wtime: 439.92037646699464
tt_from_dense wtime: 431.330945351001
INFO: You are running LIKWID in a cpuset with 64 CPUs. Taking given IDs as logical ID in cpuset
[1;34m[pthread wrapper] 
[0m[1;34m[pthread wrapper] MAIN -> 64
[0m[1;34m[pthread wrapper] PIN_MASK: [0m[1;34m0->65  [0m[1;34m1->66  [0m[1;34m2->67  [0m[1;34m3->68  [0m[1;34m4->69  [0m[1;34m5->70  [0m[1;34m6->71  [0m[1;34m7->72  [0m[1;34m8->73  [0m[1;34m9->74  [0m[1;34m10->75  [0m[1;34m11->76  [0m[1;34m12->77  [0m[1;34m13->78  [0m[1;34m14->79  [0m[1;34m15->80  [0m[1;34m16->81  [0m[1;34m17->82  [0m[1;34m18->83  [0m[1;34m19->84  [0m[1;34m20->85  [0m[1;34m21->86  [0m[1;34m22->87  [0m[1;34m23->88  [0m[1;34m24->89  [0m[1;34m25->90  [0m[1;34m26->91  [0m[1;34m27->92  [0m[1;34m28->93  [0m[1;34m29->94  [0m[1;34m30->95  [0m[1;34m31->96  [0m[1;34m32->97  [0m[1;34m33->98  [0m[1;34m34->99  [0m[1;34m35->100  [0m[1;34m36->101  [0m[1;34m37->102  [0m[1;34m38->103  [0m[1;34m39->104  [0m[1;34m40->105  [0m[1;34m41->106  [0m[1;34m42->107  [0m[1;34m43->108  [0m[1;34m44->109  [0m[1;34m45->110  [0m[1;34m46->111  [0m[1;34m47->112  [0m[1;34m48->113  [0m[1;34m49->114  [0m[1;34m50->115  [0m[1;34m51->116  [0m[1;34m52->117  [0m[1;34m53->118  [0m[1;34m54->119  [0m[1;34m55->120  [0m[1;34m56->121  [0m[1;34m57->122  [0m[1;34m58->123  [0m[1;34m59->124  [0m[1;34m60->125  [0m[1;34m61->126  [0m[1;34m62->127  [0m[1;34m
[pthread wrapper] SKIP MASK: 0x0
[0m[1;34m	threadid 129257612228416 -> hwthread 65 - OK[0m[1;34m
[0m[1;34m	threadid 129257603831744 -> hwthread 66 - OK[0m[1;34m
[0m[1;34m	threadid 129257595435072 -> hwthread 67 - OK[0m[1;34m
[0m[1;34m	threadid 129257587038400 -> hwthread 68 - OK[0m[1;34m
[0m[1;34m	threadid 129257376311616 -> hwthread 69 - OK[0m[1;34m
[0m[1;34m	threadid 129257367914944 -> hwthread 70 - OK[0m[1;34m
[0m[1;34m	threadid 129257359518272 -> hwthread 71 - OK[0m[1;34m
[0m[1;34m	threadid 129257351121600 -> hwthread 72 - OK[0m[1;34m
[0m[1;34m	threadid 129257342724928 -> hwthread 73 - OK[0m[1;34m
[0m[1;34m	threadid 129257334328256 -> hwthread 74 - OK[0m[1;34m
[0m[1;34m	threadid 129257325931584 -> hwthread 75 - OK[0m[1;34m
[0m[1;34m	threadid 129256772332736 -> hwthread 76 - OK[0m[1;34m
[0m[1;34m	threadid 129256763936064 -> hwthread 77 - OK[0m[1;34m
[0m[1;34m	threadid 129256755539392 -> hwthread 78 - OK[0m[1;34m
[0m[1;34m	threadid 129256747142720 -> hwthread 79 - OK[0m[1;34m
[0m[1;34m	threadid 129256738746048 -> hwthread 80 - OK[0m[1;34m
[0m[1;34m	threadid 129256730349376 -> hwthread 81 - OK[0m[1;34m
[0m[1;34m	threadid 129256721952704 -> hwthread 82 - OK[0m[1;34m
[0m[1;34m	threadid 129256235462720 -> hwthread 83 - OK[0m[1;34m
[0m[1;34m	threadid 129256227066048 -> hwthread 84 - OK[0m[1;34m
[0m[1;34m	threadid 129256218669376 -> hwthread 85 - OK[0m[1;34m
[0m[1;34m	threadid 129256210272704 -> hwthread 86 - OK[0m[1;34m
[0m[1;34m	threadid 129256201876032 -> hwthread 87 - OK[0m[1;34m
[0m[1;34m	threadid 129256193479360 -> hwthread 88 - OK[0m[1;34m
[0m[1;34m	threadid 129256185082688 -> hwthread 89 - OK[0m[1;34m
[0m[1;34m	threadid 129255698592704 -> hwthread 90 - OK[0m[1;34m
[0m[1;34m	threadid 129255690196032 -> hwthread 91 - OK[0m[1;34m
[0m[1;34m	threadid 129255681799360 -> hwthread 92 - OK[0m[1;34m
[0m[1;34m	threadid 129255673402688 -> hwthread 93 - OK[0m[1;34m
[0m[1;34m	threadid 129255665006016 -> hwthread 94 - OK[0m[1;34m
[0m[1;34m	threadid 129255656609344 -> hwthread 95 - OK[0m[1;34m
[0m[1;34m	threadid 129255648212672 -> hwthread 96 - OK[0m[1;34m
[0m[1;34m	threadid 129255161718592 -> hwthread 97 - OK[0m[1;34m
[0m[1;34m	threadid 129255153317824 -> hwthread 98 - OK[0m[1;34m
[0m[1;34m	threadid 129255144917056 -> hwthread 99 - OK[0m[1;34m
[0m[1;34m	threadid 129255136516288 -> hwthread 100 - OK[0m[1;34m
[0m[1;34m	threadid 129255128115520 -> hwthread 101 - OK[0m[1;34m
[0m[1;34m	threadid 129255119714752 -> hwthread 102 - OK[0m[1;34m
[0m[1;34m	threadid 129255111313984 -> hwthread 103 - OK[0m[1;34m
[0m[1;34m	threadid 129254624848576 -> hwthread 104 - OK[0m[1;34m
[0m[1;34m	threadid 129254616447808 -> hwthread 105 - OK[0m[1;34m
[0m[1;34m	threadid 129254608047040 -> hwthread 106 - OK[0m[1;34m
[0m[1;34m	threadid 129254599646272 -> hwthread 107 - OK[0m[1;34m
[0m[1;34m	threadid 129254591245504 -> hwthread 108 - OK[0m[1;34m
[0m[1;34m	threadid 129254582844736 -> hwthread 109 - OK[0m[1;34m
[0m[1;34m	threadid 129254574443968 -> hwthread 110 - OK[0m[1;34m
[0m[1;34m	threadid 129254087978560 -> hwthread 111 - OK[0m[1;34m
[0m[1;34m	threadid 129254079577792 -> hwthread 112 - OK[0m[1;34m
[0m[1;34m	threadid 129254071177024 -> hwthread 113 - OK[0m[1;34m
[0m[1;34m	threadid 129254062776256 -> hwthread 114 - OK[0m[1;34m
[0m[1;34m	threadid 129254054375488 -> hwthread 115 - OK[0m[1;34m
[0m[1;34m	threadid 129254045974720 -> hwthread 116 - OK[0m[1;34m
[0m[1;34m	threadid 129254037573952 -> hwthread 117 - OK[0m[1;34m
[0m[1;34m	threadid 129253551108544 -> hwthread 118 - OK[0m[1;34m
[0m[1;34m	threadid 129253542707776 -> hwthread 119 - OK[0m[1;34m
[0m[1;34m	threadid 129253534307008 -> hwthread 120 - OK[0m[1;34m
[0m[1;34m	threadid 129253525906240 -> hwthread 121 - OK[0m[1;34m
[0m[1;34m	threadid 129253517505472 -> hwthread 122 - OK[0m[1;34m
[0m[1;34m	threadid 129253509104704 -> hwthread 123 - OK[0m[1;34m
[0m[1;34m	threadid 129253500703936 -> hwthread 124 - OK[0m[1;34m
[0m[1;34m	threadid 129253014238528 -> hwthread 125 - OK[0m[1;34m
[0m[1;34m	threadid 129253005837760 -> hwthread 126 - OK[0m[1;34m
[0m[1;34m	threadid 129252997436992 -> hwthread 127 - OK[0m[1;34m
[0mrandom wtime: 6.365566983993631
tt_from_dense wtime: 445.9281836750015
tt_from_dense wtime: 440.4576831489976
INFO: You are running LIKWID in a cpuset with 64 CPUs. Taking given IDs as logical ID in cpuset
[1;34m[pthread wrapper] 
[0m[1;34m[pthread wrapper] MAIN -> 64
[0m[1;34m[pthread wrapper] PIN_MASK: [0m[1;34m0->65  [0m[1;34m1->66  [0m[1;34m2->67  [0m[1;34m3->68  [0m[1;34m4->69  [0m[1;34m5->70  [0m[1;34m6->71  [0m[1;34m7->72  [0m[1;34m8->73  [0m[1;34m9->74  [0m[1;34m10->75  [0m[1;34m11->76  [0m[1;34m12->77  [0m[1;34m13->78  [0m[1;34m14->79  [0m[1;34m15->80  [0m[1;34m16->81  [0m[1;34m17->82  [0m[1;34m18->83  [0m[1;34m19->84  [0m[1;34m20->85  [0m[1;34m21->86  [0m[1;34m22->87  [0m[1;34m23->88  [0m[1;34m24->89  [0m[1;34m25->90  [0m[1;34m26->91  [0m[1;34m27->92  [0m[1;34m28->93  [0m[1;34m29->94  [0m[1;34m30->95  [0m[1;34m31->96  [0m[1;34m32->97  [0m[1;34m33->98  [0m[1;34m34->99  [0m[1;34m35->100  [0m[1;34m36->101  [0m[1;34m37->102  [0m[1;34m38->103  [0m[1;34m39->104  [0m[1;34m40->105  [0m[1;34m41->106  [0m[1;34m42->107  [0m[1;34m43->108  [0m[1;34m44->109  [0m[1;34m45->110  [0m[1;34m46->111  [0m[1;34m47->112  [0m[1;34m48->113  [0m[1;34m49->114  [0m[1;34m50->115  [0m[1;34m51->116  [0m[1;34m52->117  [0m[1;34m53->118  [0m[1;34m54->119  [0m[1;34m55->120  [0m[1;34m56->121  [0m[1;34m57->122  [0m[1;34m58->123  [0m[1;34m59->124  [0m[1;34m60->125  [0m[1;34m61->126  [0m[1;34m62->127  [0m[1;34m
[pthread wrapper] SKIP MASK: 0x0
[0m[1;34m	threadid 126276163577664 -> hwthread 65 - OK[0m[1;34m
[0m[1;34m	threadid 126276155180992 -> hwthread 66 - OK[0m[1;34m
[0m[1;34m	threadid 126276146784320 -> hwthread 67 - OK[0m[1;34m
[0m[1;34m	threadid 126275930810560 -> hwthread 68 - OK[0m[1;34m
[0m[1;34m	threadid 126275922413888 -> hwthread 69 - OK[0m[1;34m
[0m[1;34m	threadid 126275914017216 -> hwthread 70 - OK[0m[1;34m
[0m[1;34m	threadid 126275905620544 -> hwthread 71 - OK[0m[1;34m
[0m[1;34m	threadid 126275897223872 -> hwthread 72 - OK[0m[1;34m
[0m[1;34m	threadid 126275888827200 -> hwthread 73 - OK[0m[1;34m
[0m[1;34m	threadid 126275880430528 -> hwthread 74 - OK[0m[1;34m
[0m[1;34m	threadid 126275393940544 -> hwthread 75 - OK[0m[1;34m
[0m[1;34m	threadid 126275385543872 -> hwthread 76 - OK[0m[1;34m
[0m[1;34m	threadid 126275377147200 -> hwthread 77 - OK[0m[1;34m
[0m[1;34m	threadid 126275368750528 -> hwthread 78 - OK[0m[1;34m
[0m[1;34m	threadid 126275360353856 -> hwthread 79 - OK[0m[1;34m
[0m[1;34m	threadid 126275351957184 -> hwthread 80 - OK[0m[1;34m
[0m[1;34m	threadid 126275343560512 -> hwthread 81 - OK[0m[1;34m
[0m[1;34m	threadid 126274857070528 -> hwthread 82 - OK[0m[1;34m
[0m[1;34m	threadid 126274848673856 -> hwthread 83 - OK[0m[1;34m
[0m[1;34m	threadid 126274840277184 -> hwthread 84 - OK[0m[1;34m
[0m[1;34m	threadid 126274831880512 -> hwthread 85 - OK[0m[1;34m
[0m[1;34m	threadid 126274823483840 -> hwthread 86 - OK[0m[1;34m
[0m[1;34m	threadid 126274815087168 -> hwthread 87 - OK[0m[1;34m
[0m[1;34m	threadid 126274806690496 -> hwthread 88 - OK[0m[1;34m
[0m[1;34m	threadid 126274320200512 -> hwthread 89 - OK[0m[1;34m
[0m[1;34m	threadid 126274311803840 -> hwthread 90 - OK[0m[1;34m
[0m[1;34m	threadid 126274303407168 -> hwthread 91 - OK[0m[1;34m
[0m[1;34m	threadid 126274295010496 -> hwthread 92 - OK[0m[1;34m
[0m[1;34m	threadid 126274286613824 -> hwthread 93 - OK[0m[1;34m
[0m[1;34m	threadid 126274278217152 -> hwthread 94 - OK[0m[1;34m
[0m[1;34m	threadid 126274269820480 -> hwthread 95 - OK[0m[1;34m
[0m[1;34m	threadid 126273783330496 -> hwthread 96 - OK[0m[1;34m
[0m[1;34m	threadid 126273774929728 -> hwthread 97 - OK[0m[1;34m
[0m[1;34m	threadid 126273766528960 -> hwthread 98 - OK[0m[1;34m
[0m[1;34m	threadid 126273758128192 -> hwthread 99 - OK[0m[1;34m
[0m[1;34m	threadid 126273749727424 -> hwthread 100 - OK[0m[1;34m
[0m[1;34m	threadid 126273741326656 -> hwthread 101 - OK[0m[1;34m
[0m[1;34m	threadid 126273732925888 -> hwthread 102 - OK[0m[1;34m
[0m[1;34m	threadid 126273246456384 -> hwthread 103 - OK[0m[1;34m
[0m[1;34m	threadid 126273238055616 -> hwthread 104 - OK[0m[1;34m
[0m[1;34m	threadid 126273229654848 -> hwthread 105 - OK[0m[1;34m
[0m[1;34m	threadid 126273221254080 -> hwthread 106 - OK[0m[1;34m
[0m[1;34m	threadid 126273212853312 -> hwthread 107 - OK[0m[1;34m
[0m[1;34m	threadid 126273204452544 -> hwthread 108 - OK[0m[1;34m
[0m[1;34m	threadid 126273196051776 -> hwthread 109 - OK[0m[1;34m
[0m[1;34m	threadid 126272709586368 -> hwthread 110 - OK[0m[1;34m
[0m[1;34m	threadid 126272701185600 -> hwthread 111 - OK[0m[1;34m
[0m[1;34m	threadid 126272692784832 -> hwthread 112 - OK[0m[1;34m
[0m[1;34m	threadid 126272684384064 -> hwthread 113 - OK[0m[1;34m
[0m[1;34m	threadid 126272675983296 -> hwthread 114 - OK[0m[1;34m
[0m[1;34m	threadid 126272667582528 -> hwthread 115 - OK[0m[1;34m
[0m[1;34m	threadid 126272659181760 -> hwthread 116 - OK[0m[1;34m
[0m[1;34m	threadid 126272172716352 -> hwthread 117 - OK[0m[1;34m
[0m[1;34m	threadid 126272164315584 -> hwthread 118 - OK[0m[1;34m
[0m[1;34m	threadid 126272155914816 -> hwthread 119 - OK[0m[1;34m
[0m[1;34m	threadid 126272147514048 -> hwthread 120 - OK[0m[1;34m
[0m[1;34m	threadid 126272139113280 -> hwthread 121 - OK[0m[1;34m
[0m[1;34m	threadid 126272130712512 -> hwthread 122 - OK[0m[1;34m
[0m[1;34m	threadid 126272122311744 -> hwthread 123 - OK[0m[1;34m
[0m[1;34m	threadid 126271635846336 -> hwthread 124 - OK[0m[1;34m
[0m[1;34m	threadid 126271627445568 -> hwthread 125 - OK[0m[1;34m
[0m[1;34m	threadid 126271619044800 -> hwthread 126 - OK[0m[1;34m
[0m[1;34m	threadid 126271610644032 -> hwthread 127 - OK[0m[1;34m
[0mrandom wtime: 6.375568298986764
tt_from_dense wtime: 448.1762919610046
tt_from_dense wtime: 440.16329740900255
INFO: You are running LIKWID in a cpuset with 64 CPUs. Taking given IDs as logical ID in cpuset
[1;34m[pthread wrapper] 
[0m[1;34m[pthread wrapper] MAIN -> 64
[0m[1;34m[pthread wrapper] PIN_MASK: [0m[1;34m0->65  [0m[1;34m1->66  [0m[1;34m2->67  [0m[1;34m3->68  [0m[1;34m4->69  [0m[1;34m5->70  [0m[1;34m6->71  [0m[1;34m7->72  [0m[1;34m8->73  [0m[1;34m9->74  [0m[1;34m10->75  [0m[1;34m11->76  [0m[1;34m12->77  [0m[1;34m13->78  [0m[1;34m14->79  [0m[1;34m15->80  [0m[1;34m16->81  [0m[1;34m17->82  [0m[1;34m18->83  [0m[1;34m19->84  [0m[1;34m20->85  [0m[1;34m21->86  [0m[1;34m22->87  [0m[1;34m23->88  [0m[1;34m24->89  [0m[1;34m25->90  [0m[1;34m26->91  [0m[1;34m27->92  [0m[1;34m28->93  [0m[1;34m29->94  [0m[1;34m30->95  [0m[1;34m31->96  [0m[1;34m32->97  [0m[1;34m33->98  [0m[1;34m34->99  [0m[1;34m35->100  [0m[1;34m36->101  [0m[1;34m37->102  [0m[1;34m38->103  [0m[1;34m39->104  [0m[1;34m40->105  [0m[1;34m41->106  [0m[1;34m42->107  [0m[1;34m43->108  [0m[1;34m44->109  [0m[1;34m45->110  [0m[1;34m46->111  [0m[1;34m47->112  [0m[1;34m48->113  [0m[1;34m49->114  [0m[1;34m50->115  [0m[1;34m51->116  [0m[1;34m52->117  [0m[1;34m53->118  [0m[1;34m54->119  [0m[1;34m55->120  [0m[1;34m56->121  [0m[1;34m57->122  [0m[1;34m58->123  [0m[1;34m59->124  [0m[1;34m60->125  [0m[1;34m61->126  [0m[1;34m62->127  [0m[1;34m
[pthread wrapper] SKIP MASK: 0x0
[0m[1;34m	threadid 134489179137856 -> hwthread 65 - OK[0m[1;34m
[0m[1;34m	threadid 134489170741184 -> hwthread 66 - OK[0m[1;34m
[0m[1;34m	threadid 134489162344512 -> hwthread 67 - OK[0m[1;34m
[0m[1;34m	threadid 134489153947840 -> hwthread 68 - OK[0m[1;34m
[0m[1;34m	threadid 134489145551168 -> hwthread 69 - OK[0m[1;34m
[0m[1;34m	threadid 134489137154496 -> hwthread 70 - OK[0m[1;34m
[0m[1;34m	threadid 134489128757824 -> hwthread 71 - OK[0m[1;34m
[0m[1;34m	threadid 134488646478528 -> hwthread 72 - OK[0m[1;34m
[0m[1;34m	threadid 134488638081856 -> hwthread 73 - OK[0m[1;34m
[0m[1;34m	threadid 134488629685184 -> hwthread 74 - OK[0m[1;34m
[0m[1;34m	threadid 134488621288512 -> hwthread 75 - OK[0m[1;34m
[0m[1;34m	threadid 134488612891840 -> hwthread 76 - OK[0m[1;34m
[0m[1;34m	threadid 134488604495168 -> hwthread 77 - OK[0m[1;34m
[0m[1;34m	threadid 134488596098496 -> hwthread 78 - OK[0m[1;34m
[0m[1;34m	threadid 134488109608512 -> hwthread 79 - OK[0m[1;34m
[0m[1;34m	threadid 134488101211840 -> hwthread 80 - OK[0m[1;34m
[0m[1;34m	threadid 134488092815168 -> hwthread 81 - OK[0m[1;34m
[0m[1;34m	threadid 134488084418496 -> hwthread 82 - OK[0m[1;34m
[0m[1;34m	threadid 134488076021824 -> hwthread 83 - OK[0m[1;34m
[0m[1;34m	threadid 134488067625152 -> hwthread 84 - OK[0m[1;34m
[0m[1;34m	threadid 134488059228480 -> hwthread 85 - OK[0m[1;34m
[0m[1;34m	threadid 134487572738496 -> hwthread 86 - OK[0m[1;34m
[0m[1;34m	threadid 134487564341824 -> hwthread 87 - OK[0m[1;34m
[0m[1;34m	threadid 134487555945152 -> hwthread 88 - OK[0m[1;34m
[0m[1;34m	threadid 134487547548480 -> hwthread 89 - OK[0m[1;34m
[0m[1;34m	threadid 134487539151808 -> hwthread 90 - OK[0m[1;34m
[0m[1;34m	threadid 134487530755136 -> hwthread 91 - OK[0m[1;34m
[0m[1;34m	threadid 134487522358464 -> hwthread 92 - OK[0m[1;34m
[0m[1;34m	threadid 134487035868480 -> hwthread 93 - OK[0m[1;34m
[0m[1;34m	threadid 134487027471808 -> hwthread 94 - OK[0m[1;34m
[0m[1;34m	threadid 134487019075136 -> hwthread 95 - OK[0m[1;34m
[0m[1;34m	threadid 134487010678464 -> hwthread 96 - OK[0m[1;34m
[0m[1;34m	threadid 134487002277696 -> hwthread 97 - OK[0m[1;34m
[0m[1;34m	threadid 134486993876928 -> hwthread 98 - OK[0m[1;34m
[0m[1;34m	threadid 134486985476160 -> hwthread 99 - OK[0m[1;34m
[0m[1;34m	threadid 134486498994368 -> hwthread 100 - OK[0m[1;34m
[0m[1;34m	threadid 134486490593600 -> hwthread 101 - OK[0m[1;34m
[0m[1;34m	threadid 134486482192832 -> hwthread 102 - OK[0m[1;34m
[0m[1;34m	threadid 134486473792064 -> hwthread 103 - OK[0m[1;34m
[0m[1;34m	threadid 134486465391296 -> hwthread 104 - OK[0m[1;34m
[0m[1;34m	threadid 134486456990528 -> hwthread 105 - OK[0m[1;34m
[0m[1;34m	threadid 134486448589760 -> hwthread 106 - OK[0m[1;34m
[0m[1;34m	threadid 134485962124352 -> hwthread 107 - OK[0m[1;34m
[0m[1;34m	threadid 134485953723584 -> hwthread 108 - OK[0m[1;34m
[0m[1;34m	threadid 134485945322816 -> hwthread 109 - OK[0m[1;34m
[0m[1;34m	threadid 134485936922048 -> hwthread 110 - OK[0m[1;34m
[0m[1;34m	threadid 134485928521280 -> hwthread 111 - OK[0m[1;34m
[0m[1;34m	threadid 134485920120512 -> hwthread 112 - OK[0m[1;34m
[0m[1;34m	threadid 134485911719744 -> hwthread 113 - OK[0m[1;34m
[0m[1;34m	threadid 134485425254336 -> hwthread 114 - OK[0m[1;34m
[0m[1;34m	threadid 134485416853568 -> hwthread 115 - OK[0m[1;34m
[0m[1;34m	threadid 134485408452800 -> hwthread 116 - OK[0m[1;34m
[0m[1;34m	threadid 134485400052032 -> hwthread 117 - OK[0m[1;34m
[0m[1;34m	threadid 134485391651264 -> hwthread 118 - OK[0m[1;34m
[0m[1;34m	threadid 134485383250496 -> hwthread 119 - OK[0m[1;34m
[0m[1;34m	threadid 134485374849728 -> hwthread 120 - OK[0m[1;34m
[0m[1;34m	threadid 134484888384320 -> hwthread 121 - OK[0m[1;34m
[0m[1;34m	threadid 134484879983552 -> hwthread 122 - OK[0m[1;34m
[0m[1;34m	threadid 134484871582784 -> hwthread 123 - OK[0m[1;34m
[0m[1;34m	threadid 134484863182016 -> hwthread 124 - OK[0m[1;34m
[0m[1;34m	threadid 134484854781248 -> hwthread 125 - OK[0m[1;34m
[0m[1;34m	threadid 134484846380480 -> hwthread 126 - OK[0m[1;34m
[0m[1;34m	threadid 134484837979712 -> hwthread 127 - OK[0m[1;34m
[0mrandom wtime: 6.361096431995975
tt_from_dense wtime: 458.48768761799147
tt_from_dense wtime: 451.6643923119991
INFO: You are running LIKWID in a cpuset with 64 CPUs. Taking given IDs as logical ID in cpuset
[1;34m[pthread wrapper] 
[0m[1;34m[pthread wrapper] MAIN -> 64
[0m[1;34m[pthread wrapper] PIN_MASK: [0m[1;34m0->65  [0m[1;34m1->66  [0m[1;34m2->67  [0m[1;34m3->68  [0m[1;34m4->69  [0m[1;34m5->70  [0m[1;34m6->71  [0m[1;34m7->72  [0m[1;34m8->73  [0m[1;34m9->74  [0m[1;34m10->75  [0m[1;34m11->76  [0m[1;34m12->77  [0m[1;34m13->78  [0m[1;34m14->79  [0m[1;34m15->80  [0m[1;34m16->81  [0m[1;34m17->82  [0m[1;34m18->83  [0m[1;34m19->84  [0m[1;34m20->85  [0m[1;34m21->86  [0m[1;34m22->87  [0m[1;34m23->88  [0m[1;34m24->89  [0m[1;34m25->90  [0m[1;34m26->91  [0m[1;34m27->92  [0m[1;34m28->93  [0m[1;34m29->94  [0m[1;34m30->95  [0m[1;34m31->96  [0m[1;34m32->97  [0m[1;34m33->98  [0m[1;34m34->99  [0m[1;34m35->100  [0m[1;34m36->101  [0m[1;34m37->102  [0m[1;34m38->103  [0m[1;34m39->104  [0m[1;34m40->105  [0m[1;34m41->106  [0m[1;34m42->107  [0m[1;34m43->108  [0m[1;34m44->109  [0m[1;34m45->110  [0m[1;34m46->111  [0m[1;34m47->112  [0m[1;34m48->113  [0m[1;34m49->114  [0m[1;34m50->115  [0m[1;34m51->116  [0m[1;34m52->117  [0m[1;34m53->118  [0m[1;34m54->119  [0m[1;34m55->120  [0m[1;34m56->121  [0m[1;34m57->122  [0m[1;34m58->123  [0m[1;34m59->124  [0m[1;34m60->125  [0m[1;34m61->126  [0m[1;34m62->127  [0m[1;34m
[pthread wrapper] SKIP MASK: 0x0
[0m[1;34m	threadid 129857592735552 -> hwthread 65 - OK[0m[1;34m
[0m[1;34m	threadid 129857584338880 -> hwthread 66 - OK[0m[1;34m
[0m[1;34m	threadid 129857575942208 -> hwthread 67 - OK[0m[1;34m
[0m[1;34m	threadid 129857567545536 -> hwthread 68 - OK[0m[1;34m
[0m[1;34m	threadid 129857559148864 -> hwthread 69 - OK[0m[1;34m
[0m[1;34m	threadid 129857550752192 -> hwthread 70 - OK[0m[1;34m
[0m[1;34m	threadid 129857542355520 -> hwthread 71 - OK[0m[1;34m
[0m[1;34m	threadid 129857061120704 -> hwthread 72 - OK[0m[1;34m
[0m[1;34m	threadid 129857052724032 -> hwthread 73 - OK[0m[1;34m
[0m[1;34m	threadid 129857044327360 -> hwthread 74 - OK[0m[1;34m
[0m[1;34m	threadid 129857035930688 -> hwthread 75 - OK[0m[1;34m
[0m[1;34m	threadid 129857027534016 -> hwthread 76 - OK[0m[1;34m
[0m[1;34m	threadid 129857019137344 -> hwthread 77 - OK[0m[1;34m
[0m[1;34m	threadid 129857010740672 -> hwthread 78 - OK[0m[1;34m
[0m[1;34m	threadid 129856524250688 -> hwthread 79 - OK[0m[1;34m
[0m[1;34m	threadid 129856515854016 -> hwthread 80 - OK[0m[1;34m
[0m[1;34m	threadid 129856507457344 -> hwthread 81 - OK[0m[1;34m
[0m[1;34m	threadid 129856499060672 -> hwthread 82 - OK[0m[1;34m
[0m[1;34m	threadid 129856490664000 -> hwthread 83 - OK[0m[1;34m
[0m[1;34m	threadid 129856482267328 -> hwthread 84 - OK[0m[1;34m
[0m[1;34m	threadid 129856473870656 -> hwthread 85 - OK[0m[1;34m
[0m[1;34m	threadid 129855987380672 -> hwthread 86 - OK[0m[1;34m
[0m[1;34m	threadid 129855978984000 -> hwthread 87 - OK[0m[1;34m
[0m[1;34m	threadid 129855970587328 -> hwthread 88 - OK[0m[1;34m
[0m[1;34m	threadid 129855962190656 -> hwthread 89 - OK[0m[1;34m
[0m[1;34m	threadid 129855953793984 -> hwthread 90 - OK[0m[1;34m
[0m[1;34m	threadid 129855945397312 -> hwthread 91 - OK[0m[1;34m
[0m[1;34m	threadid 129855937000640 -> hwthread 92 - OK[0m[1;34m
[0m[1;34m	threadid 129855450510656 -> hwthread 93 - OK[0m[1;34m
[0m[1;34m	threadid 129855442113984 -> hwthread 94 - OK[0m[1;34m
[0m[1;34m	threadid 129855433717312 -> hwthread 95 - OK[0m[1;34m
[0m[1;34m	threadid 129855425320640 -> hwthread 96 - OK[0m[1;34m
[0m[1;34m	threadid 129855416919872 -> hwthread 97 - OK[0m[1;34m
[0m[1;34m	threadid 129855408519104 -> hwthread 98 - OK[0m[1;34m
[0m[1;34m	threadid 129855400118336 -> hwthread 99 - OK[0m[1;34m
[0m[1;34m	threadid 129854913636544 -> hwthread 100 - OK[0m[1;34m
[0m[1;34m	threadid 129854905235776 -> hwthread 101 - OK[0m[1;34m
[0m[1;34m	threadid 129854896835008 -> hwthread 102 - OK[0m[1;34m
[0m[1;34m	threadid 129854888434240 -> hwthread 103 - OK[0m[1;34m
[0m[1;34m	threadid 129854880033472 -> hwthread 104 - OK[0m[1;34m
[0m[1;34m	threadid 129854871632704 -> hwthread 105 - OK[0m[1;34m
[0m[1;34m	threadid 129854863231936 -> hwthread 106 - OK[0m[1;34m
[0m[1;34m	threadid 129854376766528 -> hwthread 107 - OK[0m[1;34m
[0m[1;34m	threadid 129854368365760 -> hwthread 108 - OK[0m[1;34m
[0m[1;34m	threadid 129854359964992 -> hwthread 109 - OK[0m[1;34m
[0m[1;34m	threadid 129854351564224 -> hwthread 110 - OK[0m[1;34m
[0m[1;34m	threadid 129854343163456 -> hwthread 111 - OK[0m[1;34m
[0m[1;34m	threadid 129854334762688 -> hwthread 112 - OK[0m[1;34m
[0m[1;34m	threadid 129854326361920 -> hwthread 113 - OK[0m[1;34m
[0m[1;34m	threadid 129853839896512 -> hwthread 114 - OK[0m[1;34m
[0m[1;34m	threadid 129853831495744 -> hwthread 115 - OK[0m[1;34m
[0m[1;34m	threadid 129853823094976 -> hwthread 116 - OK[0m[1;34m
[0m[1;34m	threadid 129853814694208 -> hwthread 117 - OK[0m[1;34m
[0m[1;34m	threadid 129853806293440 -> hwthread 118 - OK[0m[1;34m
[0m[1;34m	threadid 129853797892672 -> hwthread 119 - OK[0m[1;34m
[0m[1;34m	threadid 129853789491904 -> hwthread 120 - OK[0m[1;34m
[0m[1;34m	threadid 129853303026496 -> hwthread 121 - OK[0m[1;34m
[0m[1;34m	threadid 129853294625728 -> hwthread 122 - OK[0m[1;34m
[0m[1;34m	threadid 129853286224960 -> hwthread 123 - OK[0m[1;34m
[0m[1;34m	threadid 129853277824192 -> hwthread 124 - OK[0m[1;34m
[0m[1;34m	threadid 129853269423424 -> hwthread 125 - OK[0m[1;34m
[0m[1;34m	threadid 129853261022656 -> hwthread 126 - OK[0m[1;34m
[0m[1;34m	threadid 129853252621888 -> hwthread 127 - OK[0m[1;34m
[0mrandom wtime: 6.365949936007382
tt_from_dense wtime: 459.8650024580129
tt_from_dense wtime: 453.788834758976
INFO: You are running LIKWID in a cpuset with 64 CPUs. Taking given IDs as logical ID in cpuset
[1;34m[pthread wrapper] 
[0m[1;34m[pthread wrapper] MAIN -> 64
[0m[1;34m[pthread wrapper] PIN_MASK: [0m[1;34m0->65  [0m[1;34m1->66  [0m[1;34m2->67  [0m[1;34m3->68  [0m[1;34m4->69  [0m[1;34m5->70  [0m[1;34m6->71  [0m[1;34m7->72  [0m[1;34m8->73  [0m[1;34m9->74  [0m[1;34m10->75  [0m[1;34m11->76  [0m[1;34m12->77  [0m[1;34m13->78  [0m[1;34m14->79  [0m[1;34m15->80  [0m[1;34m16->81  [0m[1;34m17->82  [0m[1;34m18->83  [0m[1;34m19->84  [0m[1;34m20->85  [0m[1;34m21->86  [0m[1;34m22->87  [0m[1;34m23->88  [0m[1;34m24->89  [0m[1;34m25->90  [0m[1;34m26->91  [0m[1;34m27->92  [0m[1;34m28->93  [0m[1;34m29->94  [0m[1;34m30->95  [0m[1;34m31->96  [0m[1;34m32->97  [0m[1;34m33->98  [0m[1;34m34->99  [0m[1;34m35->100  [0m[1;34m36->101  [0m[1;34m37->102  [0m[1;34m38->103  [0m[1;34m39->104  [0m[1;34m40->105  [0m[1;34m41->106  [0m[1;34m42->107  [0m[1;34m43->108  [0m[1;34m44->109  [0m[1;34m45->110  [0m[1;34m46->111  [0m[1;34m47->112  [0m[1;34m48->113  [0m[1;34m49->114  [0m[1;34m50->115  [0m[1;34m51->116  [0m[1;34m52->117  [0m[1;34m53->118  [0m[1;34m54->119  [0m[1;34m55->120  [0m[1;34m56->121  [0m[1;34m57->122  [0m[1;34m58->123  [0m[1;34m59->124  [0m[1;34m60->125  [0m[1;34m61->126  [0m[1;34m62->127  [0m[1;34m
[pthread wrapper] SKIP MASK: 0x0
[0m[1;34m	threadid 123304750851904 -> hwthread 65 - OK[0m[1;34m
[0m[1;34m	threadid 123304742455232 -> hwthread 66 - OK[0m[1;34m
[0m[1;34m	threadid 123304734058560 -> hwthread 67 - OK[0m[1;34m
[0m[1;34m	threadid 123304725661888 -> hwthread 68 - OK[0m[1;34m
[0m[1;34m	threadid 123304717265216 -> hwthread 69 - OK[0m[1;34m
[0m[1;34m	threadid 123304708868544 -> hwthread 70 - OK[0m[1;34m
[0m[1;34m	threadid 123304700471872 -> hwthread 71 - OK[0m[1;34m
[0m[1;34m	threadid 123304216095424 -> hwthread 72 - OK[0m[1;34m
[0m[1;34m	threadid 123304207698752 -> hwthread 73 - OK[0m[1;34m
[0m[1;34m	threadid 123304199302080 -> hwthread 74 - OK[0m[1;34m
[0m[1;34m	threadid 123304190905408 -> hwthread 75 - OK[0m[1;34m
[0m[1;34m	threadid 123304182508736 -> hwthread 76 - OK[0m[1;34m
[0m[1;34m	threadid 123304174112064 -> hwthread 77 - OK[0m[1;34m
[0m[1;34m	threadid 123304165715392 -> hwthread 78 - OK[0m[1;34m
[0m[1;34m	threadid 123303679225408 -> hwthread 79 - OK[0m[1;34m
[0m[1;34m	threadid 123303670828736 -> hwthread 80 - OK[0m[1;34m
[0m[1;34m	threadid 123303662432064 -> hwthread 81 - OK[0m[1;34m
[0m[1;34m	threadid 123303654035392 -> hwthread 82 - OK[0m[1;34m
[0m[1;34m	threadid 123303645638720 -> hwthread 83 - OK[0m[1;34m
[0m[1;34m	threadid 123303637242048 -> hwthread 84 - OK[0m[1;34m
[0m[1;34m	threadid 123303628845376 -> hwthread 85 - OK[0m[1;34m
[0m[1;34m	threadid 123303142355392 -> hwthread 86 - OK[0m[1;34m
[0m[1;34m	threadid 123303133958720 -> hwthread 87 - OK[0m[1;34m
[0m[1;34m	threadid 123303125562048 -> hwthread 88 - OK[0m[1;34m
[0m[1;34m	threadid 123303117165376 -> hwthread 89 - OK[0m[1;34m
[0m[1;34m	threadid 123303108768704 -> hwthread 90 - OK[0m[1;34m
[0m[1;34m	threadid 123303100372032 -> hwthread 91 - OK[0m[1;34m
[0m[1;34m	threadid 123303091975360 -> hwthread 92 - OK[0m[1;34m
[0m[1;34m	threadid 123302605485376 -> hwthread 93 - OK[0m[1;34m
[0m[1;34m	threadid 123302597088704 -> hwthread 94 - OK[0m[1;34m
[0m[1;34m	threadid 123302588692032 -> hwthread 95 - OK[0m[1;34m
[0m[1;34m	threadid 123302580295360 -> hwthread 96 - OK[0m[1;34m
[0m[1;34m	threadid 123302571894592 -> hwthread 97 - OK[0m[1;34m
[0m[1;34m	threadid 123302563493824 -> hwthread 98 - OK[0m[1;34m
[0m[1;34m	threadid 123302555093056 -> hwthread 99 - OK[0m[1;34m
[0m[1;34m	threadid 123302068611264 -> hwthread 100 - OK[0m[1;34m
[0m[1;34m	threadid 123302060210496 -> hwthread 101 - OK[0m[1;34m
[0m[1;34m	threadid 123302051809728 -> hwthread 102 - OK[0m[1;34m
[0m[1;34m	threadid 123302043408960 -> hwthread 103 - OK[0m[1;34m
[0m[1;34m	threadid 123302035008192 -> hwthread 104 - OK[0m[1;34m
[0m[1;34m	threadid 123302026607424 -> hwthread 105 - OK[0m[1;34m
[0m[1;34m	threadid 123302018206656 -> hwthread 106 - OK[0m[1;34m
[0m[1;34m	threadid 123301531741248 -> hwthread 107 - OK[0m[1;34m
[0m[1;34m	threadid 123301523340480 -> hwthread 108 - OK[0m[1;34m
[0m[1;34m	threadid 123301514939712 -> hwthread 109 - OK[0m[1;34m
[0m[1;34m	threadid 123301506538944 -> hwthread 110 - OK[0m[1;34m
[0m[1;34m	threadid 123301498138176 -> hwthread 111 - OK[0m[1;34m
[0m[1;34m	threadid 123301489737408 -> hwthread 112 - OK[0m[1;34m
[0m[1;34m	threadid 123301481336640 -> hwthread 113 - OK[0m[1;34m
[0m[1;34m	threadid 123300994871232 -> hwthread 114 - OK[0m[1;34m
[0m[1;34m	threadid 123300986470464 -> hwthread 115 - OK[0m[1;34m
[0m[1;34m	threadid 123300978069696 -> hwthread 116 - OK[0m[1;34m
[0m[1;34m	threadid 123300969668928 -> hwthread 117 - OK[0m[1;34m
[0m[1;34m	threadid 123300961268160 -> hwthread 118 - OK[0m[1;34m
[0m[1;34m	threadid 123300952867392 -> hwthread 119 - OK[0m[1;34m
[0m[1;34m	threadid 123300944466624 -> hwthread 120 - OK[0m[1;34m
[0m[1;34m	threadid 123300458001216 -> hwthread 121 - OK[0m[1;34m
[0m[1;34m	threadid 123300449600448 -> hwthread 122 - OK[0m[1;34m
[0m[1;34m	threadid 123300441199680 -> hwthread 123 - OK[0m[1;34m
[0m[1;34m	threadid 123300432798912 -> hwthread 124 - OK[0m[1;34m
[0m[1;34m	threadid 123300424398144 -> hwthread 125 - OK[0m[1;34m
[0m[1;34m	threadid 123300415997376 -> hwthread 126 - OK[0m[1;34m
[0m[1;34m	threadid 123300407596608 -> hwthread 127 - OK[0m[1;34m
[0mrandom wtime: 6.3311283239745535
tt_from_dense wtime: 467.56309117597993
tt_from_dense wtime: 465.1765617020137
INFO: You are running LIKWID in a cpuset with 64 CPUs. Taking given IDs as logical ID in cpuset
[1;34m[pthread wrapper] 
[0m[1;34m[pthread wrapper] MAIN -> 64
[0m[1;34m[pthread wrapper] PIN_MASK: [0m[1;34m0->65  [0m[1;34m1->66  [0m[1;34m2->67  [0m[1;34m3->68  [0m[1;34m4->69  [0m[1;34m5->70  [0m[1;34m6->71  [0m[1;34m7->72  [0m[1;34m8->73  [0m[1;34m9->74  [0m[1;34m10->75  [0m[1;34m11->76  [0m[1;34m12->77  [0m[1;34m13->78  [0m[1;34m14->79  [0m[1;34m15->80  [0m[1;34m16->81  [0m[1;34m17->82  [0m[1;34m18->83  [0m[1;34m19->84  [0m[1;34m20->85  [0m[1;34m21->86  [0m[1;34m22->87  [0m[1;34m23->88  [0m[1;34m24->89  [0m[1;34m25->90  [0m[1;34m26->91  [0m[1;34m27->92  [0m[1;34m28->93  [0m[1;34m29->94  [0m[1;34m30->95  [0m[1;34m31->96  [0m[1;34m32->97  [0m[1;34m33->98  [0m[1;34m34->99  [0m[1;34m35->100  [0m[1;34m36->101  [0m[1;34m37->102  [0m[1;34m38->103  [0m[1;34m39->104  [0m[1;34m40->105  [0m[1;34m41->106  [0m[1;34m42->107  [0m[1;34m43->108  [0m[1;34m44->109  [0m[1;34m45->110  [0m[1;34m46->111  [0m[1;34m47->112  [0m[1;34m48->113  [0m[1;34m49->114  [0m[1;34m50->115  [0m[1;34m51->116  [0m[1;34m52->117  [0m[1;34m53->118  [0m[1;34m54->119  [0m[1;34m55->120  [0m[1;34m56->121  [0m[1;34m57->122  [0m[1;34m58->123  [0m[1;34m59->124  [0m[1;34m60->125  [0m[1;34m61->126  [0m[1;34m62->127  [0m[1;34m
[pthread wrapper] SKIP MASK: 0x0
[0m[1;34m	threadid 125649216845632 -> hwthread 65 - OK[0m[1;34m
[0m[1;34m	threadid 125649134020544 -> hwthread 66 - OK[0m[1;34m
[0m[1;34m	threadid 125649125623872 -> hwthread 67 - OK[0m[1;34m
[0m[1;34m	threadid 125649117227200 -> hwthread 68 - OK[0m[1;34m
[0m[1;34m	threadid 125649108830528 -> hwthread 69 - OK[0m[1;34m
[0m[1;34m	threadid 125649100433856 -> hwthread 70 - OK[0m[1;34m
[0m[1;34m	threadid 125649092037184 -> hwthread 71 - OK[0m[1;34m
[0m[1;34m	threadid 125649083640512 -> hwthread 72 - OK[0m[1;34m
[0m[1;34m	threadid 125648597150528 -> hwthread 73 - OK[0m[1;34m
[0m[1;34m	threadid 125648588753856 -> hwthread 74 - OK[0m[1;34m
[0m[1;34m	threadid 125648580357184 -> hwthread 75 - OK[0m[1;34m
[0m[1;34m	threadid 125648571960512 -> hwthread 76 - OK[0m[1;34m
[0m[1;34m	threadid 125648563563840 -> hwthread 77 - OK[0m[1;34m
[0m[1;34m	threadid 125648555167168 -> hwthread 78 - OK[0m[1;34m
[0m[1;34m	threadid 125648546770496 -> hwthread 79 - OK[0m[1;34m
[0m[1;34m	threadid 125648060280512 -> hwthread 80 - OK[0m[1;34m
[0m[1;34m	threadid 125648051883840 -> hwthread 81 - OK[0m[1;34m
[0m[1;34m	threadid 125648043487168 -> hwthread 82 - OK[0m[1;34m
[0m[1;34m	threadid 125648035090496 -> hwthread 83 - OK[0m[1;34m
[0m[1;34m	threadid 125648026693824 -> hwthread 84 - OK[0m[1;34m
[0m[1;34m	threadid 125648018297152 -> hwthread 85 - OK[0m[1;34m
[0m[1;34m	threadid 125648009900480 -> hwthread 86 - OK[0m[1;34m
[0m[1;34m	threadid 125647523410496 -> hwthread 87 - OK[0m[1;34m
[0m[1;34m	threadid 125647515013824 -> hwthread 88 - OK[0m[1;34m
[0m[1;34m	threadid 125647506617152 -> hwthread 89 - OK[0m[1;34m
[0m[1;34m	threadid 125647498220480 -> hwthread 90 - OK[0m[1;34m
[0m[1;34m	threadid 125647489823808 -> hwthread 91 - OK[0m[1;34m
[0m[1;34m	threadid 125647481427136 -> hwthread 92 - OK[0m[1;34m
[0m[1;34m	threadid 125647473030464 -> hwthread 93 - OK[0m[1;34m
[0m[1;34m	threadid 125646986540480 -> hwthread 94 - OK[0m[1;34m
[0m[1;34m	threadid 125646978143808 -> hwthread 95 - OK[0m[1;34m
[0m[1;34m	threadid 125646969747136 -> hwthread 96 - OK[0m[1;34m
[0m[1;34m	threadid 125646961346368 -> hwthread 97 - OK[0m[1;34m
[0m[1;34m	threadid 125646952945600 -> hwthread 98 - OK[0m[1;34m
[0m[1;34m	threadid 125646944544832 -> hwthread 99 - OK[0m[1;34m
[0m[1;34m	threadid 125646936144064 -> hwthread 100 - OK[0m[1;34m
[0m[1;34m	threadid 125646449666368 -> hwthread 101 - OK[0m[1;34m
[0m[1;34m	threadid 125646441265600 -> hwthread 102 - OK[0m[1;34m
[0m[1;34m	threadid 125646432864832 -> hwthread 103 - OK[0m[1;34m
[0m[1;34m	threadid 125646424464064 -> hwthread 104 - OK[0m[1;34m
[0m[1;34m	threadid 125646416063296 -> hwthread 105 - OK[0m[1;34m
[0m[1;34m	threadid 125646407662528 -> hwthread 106 - OK[0m[1;34m
[0m[1;34m	threadid 125646399261760 -> hwthread 107 - OK[0m[1;34m
[0m[1;34m	threadid 125645912796352 -> hwthread 108 - OK[0m[1;34m
[0m[1;34m	threadid 125645904395584 -> hwthread 109 - OK[0m[1;34m
[0m[1;34m	threadid 125645895994816 -> hwthread 110 - OK[0m[1;34m
[0m[1;34m	threadid 125645887594048 -> hwthread 111 - OK[0m[1;34m
[0m[1;34m	threadid 125645879193280 -> hwthread 112 - OK[0m[1;34m
[0m[1;34m	threadid 125645870792512 -> hwthread 113 - OK[0m[1;34m
[0m[1;34m	threadid 125645862391744 -> hwthread 114 - OK[0m[1;34m
[0m[1;34m	threadid 125645375926336 -> hwthread 115 - OK[0m[1;34m
[0m[1;34m	threadid 125645367525568 -> hwthread 116 - OK[0m[1;34m
[0m[1;34m	threadid 125645359124800 -> hwthread 117 - OK[0m[1;34m
[0m[1;34m	threadid 125645350724032 -> hwthread 118 - OK[0m[1;34m
[0m[1;34m	threadid 125645342323264 -> hwthread 119 - OK[0m[1;34m
[0m[1;34m	threadid 125645333922496 -> hwthread 120 - OK[0m[1;34m
[0m[1;34m	threadid 125645325521728 -> hwthread 121 - OK[0m[1;34m
[0m[1;34m	threadid 125644839056320 -> hwthread 122 - OK[0m[1;34m
[0m[1;34m	threadid 125644830655552 -> hwthread 123 - OK[0m[1;34m
[0m[1;34m	threadid 125644822254784 -> hwthread 124 - OK[0m[1;34m
[0m[1;34m	threadid 125644813854016 -> hwthread 125 - OK[0m[1;34m
[0m[1;34m	threadid 125644805453248 -> hwthread 126 - OK[0m[1;34m
[0m[1;34m	threadid 125644797052480 -> hwthread 127 - OK[0m[1;34m
[0mrandom wtime: 6.349274302978301
tt_from_dense wtime: 474.3501204950153
tt_from_dense wtime: 464.8989524320059
INFO: You are running LIKWID in a cpuset with 64 CPUs. Taking given IDs as logical ID in cpuset
[1;34m[pthread wrapper] 
[0m[1;34m[pthread wrapper] MAIN -> 64
[0m[1;34m[pthread wrapper] PIN_MASK: [0m[1;34m0->65  [0m[1;34m1->66  [0m[1;34m2->67  [0m[1;34m3->68  [0m[1;34m4->69  [0m[1;34m5->70  [0m[1;34m6->71  [0m[1;34m7->72  [0m[1;34m8->73  [0m[1;34m9->74  [0m[1;34m10->75  [0m[1;34m11->76  [0m[1;34m12->77  [0m[1;34m13->78  [0m[1;34m14->79  [0m[1;34m15->80  [0m[1;34m16->81  [0m[1;34m17->82  [0m[1;34m18->83  [0m[1;34m19->84  [0m[1;34m20->85  [0m[1;34m21->86  [0m[1;34m22->87  [0m[1;34m23->88  [0m[1;34m24->89  [0m[1;34m25->90  [0m[1;34m26->91  [0m[1;34m27->92  [0m[1;34m28->93  [0m[1;34m29->94  [0m[1;34m30->95  [0m[1;34m31->96  [0m[1;34m32->97  [0m[1;34m33->98  [0m[1;34m34->99  [0m[1;34m35->100  [0m[1;34m36->101  [0m[1;34m37->102  [0m[1;34m38->103  [0m[1;34m39->104  [0m[1;34m40->105  [0m[1;34m41->106  [0m[1;34m42->107  [0m[1;34m43->108  [0m[1;34m44->109  [0m[1;34m45->110  [0m[1;34m46->111  [0m[1;34m47->112  [0m[1;34m48->113  [0m[1;34m49->114  [0m[1;34m50->115  [0m[1;34m51->116  [0m[1;34m52->117  [0m[1;34m53->118  [0m[1;34m54->119  [0m[1;34m55->120  [0m[1;34m56->121  [0m[1;34m57->122  [0m[1;34m58->123  [0m[1;34m59->124  [0m[1;34m60->125  [0m[1;34m61->126  [0m[1;34m62->127  [0m[1;34m
[pthread wrapper] SKIP MASK: 0x0
[0m[1;34m	threadid 132233071404864 -> hwthread 65 - OK[0m[1;34m
[0m[1;34m	threadid 132233063008192 -> hwthread 66 - OK[0m[1;34m
[0m[1;34m	threadid 132232983341120 -> hwthread 67 - OK[0m[1;34m
[0m[1;34m	threadid 132232974944448 -> hwthread 68 - OK[0m[1;34m
[0m[1;34m	threadid 132232966547776 -> hwthread 69 - OK[0m[1;34m
[0m[1;34m	threadid 132232958151104 -> hwthread 70 - OK[0m[1;34m
[0m[1;34m	threadid 132232949754432 -> hwthread 71 - OK[0m[1;34m
[0m[1;34m	threadid 132232941357760 -> hwthread 72 - OK[0m[1;34m
[0m[1;34m	threadid 132232932961088 -> hwthread 73 - OK[0m[1;34m
[0m[1;34m	threadid 132232379362240 -> hwthread 74 - OK[0m[1;34m
[0m[1;34m	threadid 132232370965568 -> hwthread 75 - OK[0m[1;34m
[0m[1;34m	threadid 132232362568896 -> hwthread 76 - OK[0m[1;34m
[0m[1;34m	threadid 132232354172224 -> hwthread 77 - OK[0m[1;34m
[0m[1;34m	threadid 132232345775552 -> hwthread 78 - OK[0m[1;34m
[0m[1;34m	threadid 132232337378880 -> hwthread 79 - OK[0m[1;34m
[0m[1;34m	threadid 132232328982208 -> hwthread 80 - OK[0m[1;34m
[0m[1;34m	threadid 132231842492224 -> hwthread 81 - OK[0m[1;34m
[0m[1;34m	threadid 132231834095552 -> hwthread 82 - OK[0m[1;34m
[0m[1;34m	threadid 132231825698880 -> hwthread 83 - OK[0m[1;34m
[0m[1;34m	threadid 132231817302208 -> hwthread 84 - OK[0m[1;34m
[0m[1;34m	threadid 132231808905536 -> hwthread 85 - OK[0m[1;34m
[0m[1;34m	threadid 132231800508864 -> hwthread 86 - OK[0m[1;34m
[0m[1;34m	threadid 132231792112192 -> hwthread 87 - OK[0m[1;34m
[0m[1;34m	threadid 132231305622208 -> hwthread 88 - OK[0m[1;34m
[0m[1;34m	threadid 132231297225536 -> hwthread 89 - OK[0m[1;34m
[0m[1;34m	threadid 132231288828864 -> hwthread 90 - OK[0m[1;34m
[0m[1;34m	threadid 132231280432192 -> hwthread 91 - OK[0m[1;34m
[0m[1;34m	threadid 132231272035520 -> hwthread 92 - OK[0m[1;34m
[0m[1;34m	threadid 132231263638848 -> hwthread 93 - OK[0m[1;34m
[0m[1;34m	threadid 132231255242176 -> hwthread 94 - OK[0m[1;34m
[0m[1;34m	threadid 132230768752192 -> hwthread 95 - OK[0m[1;34m
[0m[1;34m	threadid 132230760355520 -> hwthread 96 - OK[0m[1;34m
[0m[1;34m	threadid 132230751954752 -> hwthread 97 - OK[0m[1;34m
[0m[1;34m	threadid 132230743553984 -> hwthread 98 - OK[0m[1;34m
[0m[1;34m	threadid 132230735153216 -> hwthread 99 - OK[0m[1;34m
[0m[1;34m	threadid 132230726752448 -> hwthread 100 - OK[0m[1;34m
[0m[1;34m	threadid 132230718351680 -> hwthread 101 - OK[0m[1;34m
[0m[1;34m	threadid 132230231878080 -> hwthread 102 - OK[0m[1;34m
[0m[1;34m	threadid 132230223477312 -> hwthread 103 - OK[0m[1;34m
[0m[1;34m	threadid 132230215076544 -> hwthread 104 - OK[0m[1;34m
[0m[1;34m	threadid 132230206675776 -> hwthread 105 - OK[0m[1;34m
[0m[1;34m	threadid 132230198275008 -> hwthread 106 - OK[0m[1;34m
[0m[1;34m	threadid 132230189874240 -> hwthread 107 - OK[0m[1;34m
[0m[1;34m	threadid 132230181473472 -> hwthread 108 - OK[0m[1;34m
[0m[1;34m	threadid 132229695008064 -> hwthread 109 - OK[0m[1;34m
[0m[1;34m	threadid 132229686607296 -> hwthread 110 - OK[0m[1;34m
[0m[1;34m	threadid 132229678206528 -> hwthread 111 - OK[0m[1;34m
[0m[1;34m	threadid 132229669805760 -> hwthread 112 - OK[0m[1;34m
[0m[1;34m	threadid 132229661404992 -> hwthread 113 - OK[0m[1;34m
[0m[1;34m	threadid 132229653004224 -> hwthread 114 - OK[0m[1;34m
[0m[1;34m	threadid 132229644603456 -> hwthread 115 - OK[0m[1;34m
[0m[1;34m	threadid 132229158138048 -> hwthread 116 - OK[0m[1;34m
[0m[1;34m	threadid 132229149737280 -> hwthread 117 - OK[0m[1;34m
[0m[1;34m	threadid 132229141336512 -> hwthread 118 - OK[0m[1;34m
[0m[1;34m	threadid 132229132935744 -> hwthread 119 - OK[0m[1;34m
[0m[1;34m	threadid 132229124534976 -> hwthread 120 - OK[0m[1;34m
[0m[1;34m	threadid 132229116134208 -> hwthread 121 - OK[0m[1;34m
[0m[1;34m	threadid 132229107733440 -> hwthread 122 - OK[0m[1;34m
[0m[1;34m	threadid 132228621268032 -> hwthread 123 - OK[0m[1;34m
[0m[1;34m	threadid 132228612867264 -> hwthread 124 - OK[0m[1;34m
[0m[1;34m	threadid 132228604466496 -> hwthread 125 - OK[0m[1;34m
[0m[1;34m	threadid 132228596065728 -> hwthread 126 - OK[0m[1;34m
[0m[1;34m	threadid 132228587664960 -> hwthread 127 - OK[0m[1;34m
[0mrandom wtime: 6.311587069008965
tt_from_dense wtime: 482.5943546350172
tt_from_dense wtime: 477.92451096102013
INFO: You are running LIKWID in a cpuset with 64 CPUs. Taking given IDs as logical ID in cpuset
[1;34m[pthread wrapper] 
[0m[1;34m[pthread wrapper] MAIN -> 64
[0m[1;34m[pthread wrapper] PIN_MASK: [0m[1;34m0->65  [0m[1;34m1->66  [0m[1;34m2->67  [0m[1;34m3->68  [0m[1;34m4->69  [0m[1;34m5->70  [0m[1;34m6->71  [0m[1;34m7->72  [0m[1;34m8->73  [0m[1;34m9->74  [0m[1;34m10->75  [0m[1;34m11->76  [0m[1;34m12->77  [0m[1;34m13->78  [0m[1;34m14->79  [0m[1;34m15->80  [0m[1;34m16->81  [0m[1;34m17->82  [0m[1;34m18->83  [0m[1;34m19->84  [0m[1;34m20->85  [0m[1;34m21->86  [0m[1;34m22->87  [0m[1;34m23->88  [0m[1;34m24->89  [0m[1;34m25->90  [0m[1;34m26->91  [0m[1;34m27->92  [0m[1;34m28->93  [0m[1;34m29->94  [0m[1;34m30->95  [0m[1;34m31->96  [0m[1;34m32->97  [0m[1;34m33->98  [0m[1;34m34->99  [0m[1;34m35->100  [0m[1;34m36->101  [0m[1;34m37->102  [0m[1;34m38->103  [0m[1;34m39->104  [0m[1;34m40->105  [0m[1;34m41->106  [0m[1;34m42->107  [0m[1;34m43->108  [0m[1;34m44->109  [0m[1;34m45->110  [0m[1;34m46->111  [0m[1;34m47->112  [0m[1;34m48->113  [0m[1;34m49->114  [0m[1;34m50->115  [0m[1;34m51->116  [0m[1;34m52->117  [0m[1;34m53->118  [0m[1;34m54->119  [0m[1;34m55->120  [0m[1;34m56->121  [0m[1;34m57->122  [0m[1;34m58->123  [0m[1;34m59->124  [0m[1;34m60->125  [0m[1;34m61->126  [0m[1;34m62->127  [0m[1;34m
[pthread wrapper] SKIP MASK: 0x0
[0m[1;34m	threadid 123856806197056 -> hwthread 65 - OK[0m[1;34m
[0m[1;34m	threadid 123856723371968 -> hwthread 66 - OK[0m[1;34m
[0m[1;34m	threadid 123856714975296 -> hwthread 67 - OK[0m[1;34m
[0m[1;34m	threadid 123856706578624 -> hwthread 68 - OK[0m[1;34m
[0m[1;34m	threadid 123856698181952 -> hwthread 69 - OK[0m[1;34m
[0m[1;34m	threadid 123856689785280 -> hwthread 70 - OK[0m[1;34m
[0m[1;34m	threadid 123856681388608 -> hwthread 71 - OK[0m[1;34m
[0m[1;34m	threadid 123856672991936 -> hwthread 72 - OK[0m[1;34m
[0m[1;34m	threadid 123856186501952 -> hwthread 73 - OK[0m[1;34m
[0m[1;34m	threadid 123856178105280 -> hwthread 74 - OK[0m[1;34m
[0m[1;34m	threadid 123856169708608 -> hwthread 75 - OK[0m[1;34m
[0m[1;34m	threadid 123856161311936 -> hwthread 76 - OK[0m[1;34m
[0m[1;34m	threadid 123856152915264 -> hwthread 77 - OK[0m[1;34m
[0m[1;34m	threadid 123856144518592 -> hwthread 78 - OK[0m[1;34m
[0m[1;34m	threadid 123856136121920 -> hwthread 79 - OK[0m[1;34m
[0m[1;34m	threadid 123855649631936 -> hwthread 80 - OK[0m[1;34m
[0m[1;34m	threadid 123855641235264 -> hwthread 81 - OK[0m[1;34m
[0m[1;34m	threadid 123855632838592 -> hwthread 82 - OK[0m[1;34m
[0m[1;34m	threadid 123855624441920 -> hwthread 83 - OK[0m[1;34m
[0m[1;34m	threadid 123855616045248 -> hwthread 84 - OK[0m[1;34m
[0m[1;34m	threadid 123855607648576 -> hwthread 85 - OK[0m[1;34m
[0m[1;34m	threadid 123855599251904 -> hwthread 86 - OK[0m[1;34m
[0m[1;34m	threadid 123855112761920 -> hwthread 87 - OK[0m[1;34m
[0m[1;34m	threadid 123855104365248 -> hwthread 88 - OK[0m[1;34m
[0m[1;34m	threadid 123855095968576 -> hwthread 89 - OK[0m[1;34m
[0m[1;34m	threadid 123855087571904 -> hwthread 90 - OK[0m[1;34m
[0m[1;34m	threadid 123855079175232 -> hwthread 91 - OK[0m[1;34m
[0m[1;34m	threadid 123855070778560 -> hwthread 92 - OK[0m[1;34m
[0m[1;34m	threadid 123855062381888 -> hwthread 93 - OK[0m[1;34m
[0m[1;34m	threadid 123854575891904 -> hwthread 94 - OK[0m[1;34m
[0m[1;34m	threadid 123854567495232 -> hwthread 95 - OK[0m[1;34m
[0m[1;34m	threadid 123854559098560 -> hwthread 96 - OK[0m[1;34m
[0m[1;34m	threadid 123854550697792 -> hwthread 97 - OK[0m[1;34m
[0m[1;34m	threadid 123854542297024 -> hwthread 98 - OK[0m[1;34m
[0m[1;34m	threadid 123854533896256 -> hwthread 99 - OK[0m[1;34m
[0m[1;34m	threadid 123854525495488 -> hwthread 100 - OK[0m[1;34m
[0m[1;34m	threadid 123854039017792 -> hwthread 101 - OK[0m[1;34m
[0m[1;34m	threadid 123854030617024 -> hwthread 102 - OK[0m[1;34m
[0m[1;34m	threadid 123854022216256 -> hwthread 103 - OK[0m[1;34m
[0m[1;34m	threadid 123854013815488 -> hwthread 104 - OK[0m[1;34m
[0m[1;34m	threadid 123854005414720 -> hwthread 105 - OK[0m[1;34m
[0m[1;34m	threadid 123853997013952 -> hwthread 106 - OK[0m[1;34m
[0m[1;34m	threadid 123853988613184 -> hwthread 107 - OK[0m[1;34m
[0m[1;34m	threadid 123853502147776 -> hwthread 108 - OK[0m[1;34m
[0m[1;34m	threadid 123853493747008 -> hwthread 109 - OK[0m[1;34m
[0m[1;34m	threadid 123853485346240 -> hwthread 110 - OK[0m[1;34m
[0m[1;34m	threadid 123853476945472 -> hwthread 111 - OK[0m[1;34m
[0m[1;34m	threadid 123853468544704 -> hwthread 112 - OK[0m[1;34m
[0m[1;34m	threadid 123853460143936 -> hwthread 113 - OK[0m[1;34m
[0m[1;34m	threadid 123853451743168 -> hwthread 114 - OK[0m[1;34m
[0m[1;34m	threadid 123852965277760 -> hwthread 115 - OK[0m[1;34m
[0m[1;34m	threadid 123852956876992 -> hwthread 116 - OK[0m[1;34m
[0m[1;34m	threadid 123852948476224 -> hwthread 117 - OK[0m[1;34m
[0m[1;34m	threadid 123852940075456 -> hwthread 118 - OK[0m[1;34m
[0m[1;34m	threadid 123852931674688 -> hwthread 119 - OK[0m[1;34m
[0m[1;34m	threadid 123852923273920 -> hwthread 120 - OK[0m[1;34m
[0m[1;34m	threadid 123852914873152 -> hwthread 121 - OK[0m[1;34m
[0m[1;34m	threadid 123852428407744 -> hwthread 122 - OK[0m[1;34m
[0m[1;34m	threadid 123852420006976 -> hwthread 123 - OK[0m[1;34m
[0m[1;34m	threadid 123852411606208 -> hwthread 124 - OK[0m[1;34m
[0m[1;34m	threadid 123852403205440 -> hwthread 125 - OK[0m[1;34m
[0m[1;34m	threadid 123852394804672 -> hwthread 126 - OK[0m[1;34m
[0m[1;34m	threadid 123852386403904 -> hwthread 127 - OK[0m[1;34m
[0mrandom wtime: 6.335865480999928
tt_from_dense wtime: 479.78645320798387
tt_from_dense wtime: 480.7793563629966
INFO: You are running LIKWID in a cpuset with 64 CPUs. Taking given IDs as logical ID in cpuset
[1;34m[pthread wrapper] 
[0m[1;34m[pthread wrapper] MAIN -> 64
[0m[1;34m[pthread wrapper] PIN_MASK: [0m[1;34m0->65  [0m[1;34m1->66  [0m[1;34m2->67  [0m[1;34m3->68  [0m[1;34m4->69  [0m[1;34m5->70  [0m[1;34m6->71  [0m[1;34m7->72  [0m[1;34m8->73  [0m[1;34m9->74  [0m[1;34m10->75  [0m[1;34m11->76  [0m[1;34m12->77  [0m[1;34m13->78  [0m[1;34m14->79  [0m[1;34m15->80  [0m[1;34m16->81  [0m[1;34m17->82  [0m[1;34m18->83  [0m[1;34m19->84  [0m[1;34m20->85  [0m[1;34m21->86  [0m[1;34m22->87  [0m[1;34m23->88  [0m[1;34m24->89  [0m[1;34m25->90  [0m[1;34m26->91  [0m[1;34m27->92  [0m[1;34m28->93  [0m[1;34m29->94  [0m[1;34m30->95  [0m[1;34m31->96  [0m[1;34m32->97  [0m[1;34m33->98  [0m[1;34m34->99  [0m[1;34m35->100  [0m[1;34m36->101  [0m[1;34m37->102  [0m[1;34m38->103  [0m[1;34m39->104  [0m[1;34m40->105  [0m[1;34m41->106  [0m[1;34m42->107  [0m[1;34m43->108  [0m[1;34m44->109  [0m[1;34m45->110  [0m[1;34m46->111  [0m[1;34m47->112  [0m[1;34m48->113  [0m[1;34m49->114  [0m[1;34m50->115  [0m[1;34m51->116  [0m[1;34m52->117  [0m[1;34m53->118  [0m[1;34m54->119  [0m[1;34m55->120  [0m[1;34m56->121  [0m[1;34m57->122  [0m[1;34m58->123  [0m[1;34m59->124  [0m[1;34m60->125  [0m[1;34m61->126  [0m[1;34m62->127  [0m[1;34m
[pthread wrapper] SKIP MASK: 0x0
[0m[1;34m	threadid 125607597811520 -> hwthread 65 - OK[0m[1;34m
[0m[1;34m	threadid 125607589414848 -> hwthread 66 - OK[0m[1;34m
[0m[1;34m	threadid 125607581018176 -> hwthread 67 - OK[0m[1;34m
[0m[1;34m	threadid 125607572621504 -> hwthread 68 - OK[0m[1;34m
[0m[1;34m	threadid 125607564224832 -> hwthread 69 - OK[0m[1;34m
[0m[1;34m	threadid 125607555828160 -> hwthread 70 - OK[0m[1;34m
[0m[1;34m	threadid 125607547431488 -> hwthread 71 - OK[0m[1;34m
[0m[1;34m	threadid 125607539034816 -> hwthread 72 - OK[0m[1;34m
[0m[1;34m	threadid 125607056763712 -> hwthread 73 - OK[0m[1;34m
[0m[1;34m	threadid 125607048367040 -> hwthread 74 - OK[0m[1;34m
[0m[1;34m	threadid 125607039970368 -> hwthread 75 - OK[0m[1;34m
[0m[1;34m	threadid 125607031573696 -> hwthread 76 - OK[0m[1;34m
[0m[1;34m	threadid 125607023177024 -> hwthread 77 - OK[0m[1;34m
[0m[1;34m	threadid 125607014780352 -> hwthread 78 - OK[0m[1;34m
[0m[1;34m	threadid 125607006383680 -> hwthread 79 - OK[0m[1;34m
[0m[1;34m	threadid 125606452784832 -> hwthread 80 - OK[0m[1;34m
[0m[1;34m	threadid 125606444388160 -> hwthread 81 - OK[0m[1;34m
[0m[1;34m	threadid 125606435991488 -> hwthread 82 - OK[0m[1;34m
[0m[1;34m	threadid 125606427594816 -> hwthread 83 - OK[0m[1;34m
[0m[1;34m	threadid 125606419198144 -> hwthread 84 - OK[0m[1;34m
[0m[1;34m	threadid 125606410801472 -> hwthread 85 - OK[0m[1;34m
[0m[1;34m	threadid 125606402404800 -> hwthread 86 - OK[0m[1;34m
[0m[1;34m	threadid 125605915914816 -> hwthread 87 - OK[0m[1;34m
[0m[1;34m	threadid 125605907518144 -> hwthread 88 - OK[0m[1;34m
[0m[1;34m	threadid 125605899121472 -> hwthread 89 - OK[0m[1;34m
[0m[1;34m	threadid 125605890724800 -> hwthread 90 - OK[0m[1;34m
[0m[1;34m	threadid 125605882328128 -> hwthread 91 - OK[0m[1;34m
[0m[1;34m	threadid 125605873931456 -> hwthread 92 - OK[0m[1;34m
[0m[1;34m	threadid 125605865534784 -> hwthread 93 - OK[0m[1;34m
[0m[1;34m	threadid 125605379044800 -> hwthread 94 - OK[0m[1;34m
[0m[1;34m	threadid 125605370648128 -> hwthread 95 - OK[0m[1;34m
[0m[1;34m	threadid 125605362251456 -> hwthread 96 - OK[0m[1;34m
[0m[1;34m	threadid 125605353850688 -> hwthread 97 - OK[0m[1;34m
[0m[1;34m	threadid 125605345449920 -> hwthread 98 - OK[0m[1;34m
[0m[1;34m	threadid 125605337049152 -> hwthread 99 - OK[0m[1;34m
[0m[1;34m	threadid 125605328648384 -> hwthread 100 - OK[0m[1;34m
[0m[1;34m	threadid 125604842170688 -> hwthread 101 - OK[0m[1;34m
[0m[1;34m	threadid 125604833769920 -> hwthread 102 - OK[0m[1;34m
[0m[1;34m	threadid 125604825369152 -> hwthread 103 - OK[0m[1;34m
[0m[1;34m	threadid 125604816968384 -> hwthread 104 - OK[0m[1;34m
[0m[1;34m	threadid 125604808567616 -> hwthread 105 - OK[0m[1;34m
[0m[1;34m	threadid 125604800166848 -> hwthread 106 - OK[0m[1;34m
[0m[1;34m	threadid 125604791766080 -> hwthread 107 - OK[0m[1;34m
[0m[1;34m	threadid 125604305300672 -> hwthread 108 - OK[0m[1;34m
[0m[1;34m	threadid 125604296899904 -> hwthread 109 - OK[0m[1;34m
[0m[1;34m	threadid 125604288499136 -> hwthread 110 - OK[0m[1;34m
[0m[1;34m	threadid 125604280098368 -> hwthread 111 - OK[0m[1;34m
[0m[1;34m	threadid 125604271697600 -> hwthread 112 - OK[0m[1;34m
[0m[1;34m	threadid 125604263296832 -> hwthread 113 - OK[0m[1;34m
[0m[1;34m	threadid 125604254896064 -> hwthread 114 - OK[0m[1;34m
[0m[1;34m	threadid 125603768430656 -> hwthread 115 - OK[0m[1;34m
[0m[1;34m	threadid 125603760029888 -> hwthread 116 - OK[0m[1;34m
[0m[1;34m	threadid 125603751629120 -> hwthread 117 - OK[0m[1;34m
[0m[1;34m	threadid 125603743228352 -> hwthread 118 - OK[0m[1;34m
[0m[1;34m	threadid 125603734827584 -> hwthread 119 - OK[0m[1;34m
[0m[1;34m	threadid 125603726426816 -> hwthread 120 - OK[0m[1;34m
[0m[1;34m	threadid 125603718026048 -> hwthread 121 - OK[0m[1;34m
[0m[1;34m	threadid 125603231560640 -> hwthread 122 - OK[0m[1;34m
[0m[1;34m	threadid 125603223159872 -> hwthread 123 - OK[0m[1;34m
[0m[1;34m	threadid 125603214759104 -> hwthread 124 - OK[0m[1;34m
[0m[1;34m	threadid 125603206358336 -> hwthread 125 - OK[0m[1;34m
[0m[1;34m	threadid 125603197957568 -> hwthread 126 - OK[0m[1;34m
[0m[1;34m	threadid 125603189556800 -> hwthread 127 - OK[0m[1;34m
[0mrandom wtime: 6.346380692004459
tt_from_dense wtime: 497.73064756099484
tt_from_dense wtime: 487.83649367300677
INFO: You are running LIKWID in a cpuset with 64 CPUs. Taking given IDs as logical ID in cpuset
[1;34m[pthread wrapper] 
[0m[1;34m[pthread wrapper] MAIN -> 64
[0m[1;34m[pthread wrapper] PIN_MASK: [0m[1;34m0->65  [0m[1;34m1->66  [0m[1;34m2->67  [0m[1;34m3->68  [0m[1;34m4->69  [0m[1;34m5->70  [0m[1;34m6->71  [0m[1;34m7->72  [0m[1;34m8->73  [0m[1;34m9->74  [0m[1;34m10->75  [0m[1;34m11->76  [0m[1;34m12->77  [0m[1;34m13->78  [0m[1;34m14->79  [0m[1;34m15->80  [0m[1;34m16->81  [0m[1;34m17->82  [0m[1;34m18->83  [0m[1;34m19->84  [0m[1;34m20->85  [0m[1;34m21->86  [0m[1;34m22->87  [0m[1;34m23->88  [0m[1;34m24->89  [0m[1;34m25->90  [0m[1;34m26->91  [0m[1;34m27->92  [0m[1;34m28->93  [0m[1;34m29->94  [0m[1;34m30->95  [0m[1;34m31->96  [0m[1;34m32->97  [0m[1;34m33->98  [0m[1;34m34->99  [0m[1;34m35->100  [0m[1;34m36->101  [0m[1;34m37->102  [0m[1;34m38->103  [0m[1;34m39->104  [0m[1;34m40->105  [0m[1;34m41->106  [0m[1;34m42->107  [0m[1;34m43->108  [0m[1;34m44->109  [0m[1;34m45->110  [0m[1;34m46->111  [0m[1;34m47->112  [0m[1;34m48->113  [0m[1;34m49->114  [0m[1;34m50->115  [0m[1;34m51->116  [0m[1;34m52->117  [0m[1;34m53->118  [0m[1;34m54->119  [0m[1;34m55->120  [0m[1;34m56->121  [0m[1;34m57->122  [0m[1;34m58->123  [0m[1;34m59->124  [0m[1;34m60->125  [0m[1;34m61->126  [0m[1;34m62->127  [0m[1;34m
[pthread wrapper] SKIP MASK: 0x0
[0m[1;34m	threadid 124458929993536 -> hwthread 65 - OK[0m[1;34m
[0m[1;34m	threadid 124458921596864 -> hwthread 66 - OK[0m[1;34m
[0m[1;34m	threadid 124458913200192 -> hwthread 67 - OK[0m[1;34m
[0m[1;34m	threadid 124458904803520 -> hwthread 68 - OK[0m[1;34m
[0m[1;34m	threadid 124458689882432 -> hwthread 69 - OK[0m[1;34m
[0m[1;34m	threadid 124458681485760 -> hwthread 70 - OK[0m[1;34m
[0m[1;34m	threadid 124458673089088 -> hwthread 71 - OK[0m[1;34m
[0m[1;34m	threadid 124458664692416 -> hwthread 72 - OK[0m[1;34m
[0m[1;34m	threadid 124458656295744 -> hwthread 73 - OK[0m[1;34m
[0m[1;34m	threadid 124458647899072 -> hwthread 74 - OK[0m[1;34m
[0m[1;34m	threadid 124458639502400 -> hwthread 75 - OK[0m[1;34m
[0m[1;34m	threadid 124458085903552 -> hwthread 76 - OK[0m[1;34m
[0m[1;34m	threadid 124458077506880 -> hwthread 77 - OK[0m[1;34m
[0m[1;34m	threadid 124458069110208 -> hwthread 78 - OK[0m[1;34m
[0m[1;34m	threadid 124458060713536 -> hwthread 79 - OK[0m[1;34m
[0m[1;34m	threadid 124458052316864 -> hwthread 80 - OK[0m[1;34m
[0m[1;34m	threadid 124458043920192 -> hwthread 81 - OK[0m[1;34m
[0m[1;34m	threadid 124458035523520 -> hwthread 82 - OK[0m[1;34m
[0m[1;34m	threadid 124457549033536 -> hwthread 83 - OK[0m[1;34m
[0m[1;34m	threadid 124457540636864 -> hwthread 84 - OK[0m[1;34m
[0m[1;34m	threadid 124457532240192 -> hwthread 85 - OK[0m[1;34m
[0m[1;34m	threadid 124457523843520 -> hwthread 86 - OK[0m[1;34m
[0m[1;34m	threadid 124457515446848 -> hwthread 87 - OK[0m[1;34m
[0m[1;34m	threadid 124457507050176 -> hwthread 88 - OK[0m[1;34m
[0m[1;34m	threadid 124457498653504 -> hwthread 89 - OK[0m[1;34m
[0m[1;34m	threadid 124457012163520 -> hwthread 90 - OK[0m[1;34m
[0m[1;34m	threadid 124457003766848 -> hwthread 91 - OK[0m[1;34m
[0m[1;34m	threadid 124456995370176 -> hwthread 92 - OK[0m[1;34m
[0m[1;34m	threadid 124456986973504 -> hwthread 93 - OK[0m[1;34m
[0m[1;34m	threadid 124456978576832 -> hwthread 94 - OK[0m[1;34m
[0m[1;34m	threadid 124456970180160 -> hwthread 95 - OK[0m[1;34m
[0m[1;34m	threadid 124456961783488 -> hwthread 96 - OK[0m[1;34m
[0m[1;34m	threadid 124456475289408 -> hwthread 97 - OK[0m[1;34m
[0m[1;34m	threadid 124456466888640 -> hwthread 98 - OK[0m[1;34m
[0m[1;34m	threadid 124456458487872 -> hwthread 99 - OK[0m[1;34m
[0m[1;34m	threadid 124456450087104 -> hwthread 100 - OK[0m[1;34m
[0m[1;34m	threadid 124456441686336 -> hwthread 101 - OK[0m[1;34m
[0m[1;34m	threadid 124456433285568 -> hwthread 102 - OK[0m[1;34m
[0m[1;34m	threadid 124456424884800 -> hwthread 103 - OK[0m[1;34m
[0m[1;34m	threadid 124455938419392 -> hwthread 104 - OK[0m[1;34m
[0m[1;34m	threadid 124455930018624 -> hwthread 105 - OK[0m[1;34m
[0m[1;34m	threadid 124455921617856 -> hwthread 106 - OK[0m[1;34m
[0m[1;34m	threadid 124455913217088 -> hwthread 107 - OK[0m[1;34m
[0m[1;34m	threadid 124455904816320 -> hwthread 108 - OK[0m[1;34m
[0m[1;34m	threadid 124455896415552 -> hwthread 109 - OK[0m[1;34m
[0m[1;34m	threadid 124455888014784 -> hwthread 110 - OK[0m[1;34m
[0m[1;34m	threadid 124455401549376 -> hwthread 111 - OK[0m[1;34m
[0m[1;34m	threadid 124455393148608 -> hwthread 112 - OK[0m[1;34m
[0m[1;34m	threadid 124455384747840 -> hwthread 113 - OK[0m[1;34m
[0m[1;34m	threadid 124455376347072 -> hwthread 114 - OK[0m[1;34m
[0m[1;34m	threadid 124455367946304 -> hwthread 115 - OK[0m[1;34m
[0m[1;34m	threadid 124455359545536 -> hwthread 116 - OK[0m[1;34m
[0m[1;34m	threadid 124455351144768 -> hwthread 117 - OK[0m[1;34m
[0m[1;34m	threadid 124454864679360 -> hwthread 118 - OK[0m[1;34m
[0m[1;34m	threadid 124454856278592 -> hwthread 119 - OK[0m[1;34m
[0m[1;34m	threadid 124454847877824 -> hwthread 120 - OK[0m[1;34m
[0m[1;34m	threadid 124454839477056 -> hwthread 121 - OK[0m[1;34m
[0m[1;34m	threadid 124454831076288 -> hwthread 122 - OK[0m[1;34m
[0m[1;34m	threadid 124454822675520 -> hwthread 123 - OK[0m[1;34m
[0m[1;34m	threadid 124454814274752 -> hwthread 124 - OK[0m[1;34m
[0m[1;34m	threadid 124454327809344 -> hwthread 125 - OK[0m[1;34m
[0m[1;34m	threadid 124454319408576 -> hwthread 126 - OK[0m[1;34m
[0m[1;34m	threadid 124454311007808 -> hwthread 127 - OK[0m[1;34m
[0mrandom wtime: 6.33152522702585
tt_from_dense wtime: 494.6761436050001
tt_from_dense wtime: 489.5887762939965
INFO: You are running LIKWID in a cpuset with 64 CPUs. Taking given IDs as logical ID in cpuset
[1;34m[pthread wrapper] 
[0m[1;34m[pthread wrapper] MAIN -> 64
[0m[1;34m[pthread wrapper] PIN_MASK: [0m[1;34m0->65  [0m[1;34m1->66  [0m[1;34m2->67  [0m[1;34m3->68  [0m[1;34m4->69  [0m[1;34m5->70  [0m[1;34m6->71  [0m[1;34m7->72  [0m[1;34m8->73  [0m[1;34m9->74  [0m[1;34m10->75  [0m[1;34m11->76  [0m[1;34m12->77  [0m[1;34m13->78  [0m[1;34m14->79  [0m[1;34m15->80  [0m[1;34m16->81  [0m[1;34m17->82  [0m[1;34m18->83  [0m[1;34m19->84  [0m[1;34m20->85  [0m[1;34m21->86  [0m[1;34m22->87  [0m[1;34m23->88  [0m[1;34m24->89  [0m[1;34m25->90  [0m[1;34m26->91  [0m[1;34m27->92  [0m[1;34m28->93  [0m[1;34m29->94  [0m[1;34m30->95  [0m[1;34m31->96  [0m[1;34m32->97  [0m[1;34m33->98  [0m[1;34m34->99  [0m[1;34m35->100  [0m[1;34m36->101  [0m[1;34m37->102  [0m[1;34m38->103  [0m[1;34m39->104  [0m[1;34m40->105  [0m[1;34m41->106  [0m[1;34m42->107  [0m[1;34m43->108  [0m[1;34m44->109  [0m[1;34m45->110  [0m[1;34m46->111  [0m[1;34m47->112  [0m[1;34m48->113  [0m[1;34m49->114  [0m[1;34m50->115  [0m[1;34m51->116  [0m[1;34m52->117  [0m[1;34m53->118  [0m[1;34m54->119  [0m[1;34m55->120  [0m[1;34m56->121  [0m[1;34m57->122  [0m[1;34m58->123  [0m[1;34m59->124  [0m[1;34m60->125  [0m[1;34m61->126  [0m[1;34m62->127  [0m[1;34m
[pthread wrapper] SKIP MASK: 0x0
[0m[1;34m	threadid 134213441398592 -> hwthread 65 - OK[0m[1;34m
[0m[1;34m	threadid 134213433001920 -> hwthread 66 - OK[0m[1;34m
[0m[1;34m	threadid 134213424605248 -> hwthread 67 - OK[0m[1;34m
[0m[1;34m	threadid 134213416208576 -> hwthread 68 - OK[0m[1;34m
[0m[1;34m	threadid 134213407811904 -> hwthread 69 - OK[0m[1;34m
[0m[1;34m	threadid 134213399415232 -> hwthread 70 - OK[0m[1;34m
[0m[1;34m	threadid 134213391018560 -> hwthread 71 - OK[0m[1;34m
[0m[1;34m	threadid 134213382621888 -> hwthread 72 - OK[0m[1;34m
[0m[1;34m	threadid 134212896156480 -> hwthread 73 - OK[0m[1;34m
[0m[1;34m	threadid 134212887759808 -> hwthread 74 - OK[0m[1;34m
[0m[1;34m	threadid 134212879363136 -> hwthread 75 - OK[0m[1;34m
[0m[1;34m	threadid 134212870966464 -> hwthread 76 - OK[0m[1;34m
[0m[1;34m	threadid 134212862569792 -> hwthread 77 - OK[0m[1;34m
[0m[1;34m	threadid 134212854173120 -> hwthread 78 - OK[0m[1;34m
[0m[1;34m	threadid 134212845776448 -> hwthread 79 - OK[0m[1;34m
[0m[1;34m	threadid 134212292177600 -> hwthread 80 - OK[0m[1;34m
[0m[1;34m	threadid 134212283780928 -> hwthread 81 - OK[0m[1;34m
[0m[1;34m	threadid 134212275384256 -> hwthread 82 - OK[0m[1;34m
[0m[1;34m	threadid 134212266987584 -> hwthread 83 - OK[0m[1;34m
[0m[1;34m	threadid 134212258590912 -> hwthread 84 - OK[0m[1;34m
[0m[1;34m	threadid 134212250194240 -> hwthread 85 - OK[0m[1;34m
[0m[1;34m	threadid 134212241797568 -> hwthread 86 - OK[0m[1;34m
[0m[1;34m	threadid 134211755307584 -> hwthread 87 - OK[0m[1;34m
[0m[1;34m	threadid 134211746910912 -> hwthread 88 - OK[0m[1;34m
[0m[1;34m	threadid 134211738514240 -> hwthread 89 - OK[0m[1;34m
[0m[1;34m	threadid 134211730117568 -> hwthread 90 - OK[0m[1;34m
[0m[1;34m	threadid 134211721720896 -> hwthread 91 - OK[0m[1;34m
[0m[1;34m	threadid 134211713324224 -> hwthread 92 - OK[0m[1;34m
[0m[1;34m	threadid 134211704927552 -> hwthread 93 - OK[0m[1;34m
[0m[1;34m	threadid 134211218437568 -> hwthread 94 - OK[0m[1;34m
[0m[1;34m	threadid 134211210040896 -> hwthread 95 - OK[0m[1;34m
[0m[1;34m	threadid 134211201644224 -> hwthread 96 - OK[0m[1;34m
[0m[1;34m	threadid 134211193243456 -> hwthread 97 - OK[0m[1;34m
[0m[1;34m	threadid 134211184842688 -> hwthread 98 - OK[0m[1;34m
[0m[1;34m	threadid 134211176441920 -> hwthread 99 - OK[0m[1;34m
[0m[1;34m	threadid 134211168041152 -> hwthread 100 - OK[0m[1;34m
[0m[1;34m	threadid 134210681563456 -> hwthread 101 - OK[0m[1;34m
[0m[1;34m	threadid 134210673162688 -> hwthread 102 - OK[0m[1;34m
[0m[1;34m	threadid 134210664761920 -> hwthread 103 - OK[0m[1;34m
[0m[1;34m	threadid 134210656361152 -> hwthread 104 - OK[0m[1;34m
[0m[1;34m	threadid 134210647960384 -> hwthread 105 - OK[0m[1;34m
[0m[1;34m	threadid 134210639559616 -> hwthread 106 - OK[0m[1;34m
[0m[1;34m	threadid 134210631158848 -> hwthread 107 - OK[0m[1;34m
[0m[1;34m	threadid 134210144693440 -> hwthread 108 - OK[0m[1;34m
[0m[1;34m	threadid 134210136292672 -> hwthread 109 - OK[0m[1;34m
[0m[1;34m	threadid 134210127891904 -> hwthread 110 - OK[0m[1;34m
[0m[1;34m	threadid 134210119491136 -> hwthread 111 - OK[0m[1;34m
[0m[1;34m	threadid 134210111090368 -> hwthread 112 - OK[0m[1;34m
[0m[1;34m	threadid 134210102689600 -> hwthread 113 - OK[0m[1;34m
[0m[1;34m	threadid 134210094288832 -> hwthread 114 - OK[0m[1;34m
[0m[1;34m	threadid 134209607823424 -> hwthread 115 - OK[0m[1;34m
[0m[1;34m	threadid 134209599422656 -> hwthread 116 - OK[0m[1;34m
[0m[1;34m	threadid 134209591021888 -> hwthread 117 - OK[0m[1;34m
[0m[1;34m	threadid 134209582621120 -> hwthread 118 - OK[0m[1;34m
[0m[1;34m	threadid 134209574220352 -> hwthread 119 - OK[0m[1;34m
[0m[1;34m	threadid 134209565819584 -> hwthread 120 - OK[0m[1;34m
[0m[1;34m	threadid 134209557418816 -> hwthread 121 - OK[0m[1;34m
[0m[1;34m	threadid 134209070953408 -> hwthread 122 - OK[0m[1;34m
[0m[1;34m	threadid 134209062552640 -> hwthread 123 - OK[0m[1;34m
[0m[1;34m	threadid 134209054151872 -> hwthread 124 - OK[0m[1;34m
[0m[1;34m	threadid 134209045751104 -> hwthread 125 - OK[0m[1;34m
[0m[1;34m	threadid 134209037350336 -> hwthread 126 - OK[0m[1;34m
[0m[1;34m	threadid 134209028949568 -> hwthread 127 - OK[0m[1;34m
[0mrandom wtime: 6.336062468995806
tt_from_dense wtime: 512.5335018269834
tt_from_dense wtime: 506.6541716650245
INFO: You are running LIKWID in a cpuset with 64 CPUs. Taking given IDs as logical ID in cpuset
[1;34m[pthread wrapper] 
[0m[1;34m[pthread wrapper] MAIN -> 64
[0m[1;34m[pthread wrapper] PIN_MASK: [0m[1;34m0->65  [0m[1;34m1->66  [0m[1;34m2->67  [0m[1;34m3->68  [0m[1;34m4->69  [0m[1;34m5->70  [0m[1;34m6->71  [0m[1;34m7->72  [0m[1;34m8->73  [0m[1;34m9->74  [0m[1;34m10->75  [0m[1;34m11->76  [0m[1;34m12->77  [0m[1;34m13->78  [0m[1;34m14->79  [0m[1;34m15->80  [0m[1;34m16->81  [0m[1;34m17->82  [0m[1;34m18->83  [0m[1;34m19->84  [0m[1;34m20->85  [0m[1;34m21->86  [0m[1;34m22->87  [0m[1;34m23->88  [0m[1;34m24->89  [0m[1;34m25->90  [0m[1;34m26->91  [0m[1;34m27->92  [0m[1;34m28->93  [0m[1;34m29->94  [0m[1;34m30->95  [0m[1;34m31->96  [0m[1;34m32->97  [0m[1;34m33->98  [0m[1;34m34->99  [0m[1;34m35->100  [0m[1;34m36->101  [0m[1;34m37->102  [0m[1;34m38->103  [0m[1;34m39->104  [0m[1;34m40->105  [0m[1;34m41->106  [0m[1;34m42->107  [0m[1;34m43->108  [0m[1;34m44->109  [0m[1;34m45->110  [0m[1;34m46->111  [0m[1;34m47->112  [0m[1;34m48->113  [0m[1;34m49->114  [0m[1;34m50->115  [0m[1;34m51->116  [0m[1;34m52->117  [0m[1;34m53->118  [0m[1;34m54->119  [0m[1;34m55->120  [0m[1;34m56->121  [0m[1;34m57->122  [0m[1;34m58->123  [0m[1;34m59->124  [0m[1;34m60->125  [0m[1;34m61->126  [0m[1;34m62->127  [0m[1;34m
[pthread wrapper] SKIP MASK: 0x0
[0m[1;34m	threadid 131231632045888 -> hwthread 65 - OK[0m[1;34m
[0m[1;34m	threadid 131231623649216 -> hwthread 66 - OK[0m[1;34m
[0m[1;34m	threadid 131231615252544 -> hwthread 67 - OK[0m[1;34m
[0m[1;34m	threadid 131231606855872 -> hwthread 68 - OK[0m[1;34m
[0m[1;34m	threadid 131231598459200 -> hwthread 69 - OK[0m[1;34m
[0m[1;34m	threadid 131231249328576 -> hwthread 70 - OK[0m[1;34m
[0m[1;34m	threadid 131231240931904 -> hwthread 71 - OK[0m[1;34m
[0m[1;34m	threadid 131231232535232 -> hwthread 72 - OK[0m[1;34m
[0m[1;34m	threadid 131231224138560 -> hwthread 73 - OK[0m[1;34m
[0m[1;34m	threadid 131231215741888 -> hwthread 74 - OK[0m[1;34m
[0m[1;34m	threadid 131231207345216 -> hwthread 75 - OK[0m[1;34m
[0m[1;34m	threadid 131231198948544 -> hwthread 76 - OK[0m[1;34m
[0m[1;34m	threadid 131230712458560 -> hwthread 77 - OK[0m[1;34m
[0m[1;34m	threadid 131230704061888 -> hwthread 78 - OK[0m[1;34m
[0m[1;34m	threadid 131230695665216 -> hwthread 79 - OK[0m[1;34m
[0m[1;34m	threadid 131230687268544 -> hwthread 80 - OK[0m[1;34m
[0m[1;34m	threadid 131230678871872 -> hwthread 81 - OK[0m[1;34m
[0m[1;34m	threadid 131230670475200 -> hwthread 82 - OK[0m[1;34m
[0m[1;34m	threadid 131230662078528 -> hwthread 83 - OK[0m[1;34m
[0m[1;34m	threadid 131230175588544 -> hwthread 84 - OK[0m[1;34m
[0m[1;34m	threadid 131230167191872 -> hwthread 85 - OK[0m[1;34m
[0m[1;34m	threadid 131230158795200 -> hwthread 86 - OK[0m[1;34m
[0m[1;34m	threadid 131230150398528 -> hwthread 87 - OK[0m[1;34m
[0m[1;34m	threadid 131230142001856 -> hwthread 88 - OK[0m[1;34m
[0m[1;34m	threadid 131230133605184 -> hwthread 89 - OK[0m[1;34m
[0m[1;34m	threadid 131230125208512 -> hwthread 90 - OK[0m[1;34m
[0m[1;34m	threadid 131229638718528 -> hwthread 91 - OK[0m[1;34m
[0m[1;34m	threadid 131229630321856 -> hwthread 92 - OK[0m[1;34m
[0m[1;34m	threadid 131229621925184 -> hwthread 93 - OK[0m[1;34m
[0m[1;34m	threadid 131229613528512 -> hwthread 94 - OK[0m[1;34m
[0m[1;34m	threadid 131229605131840 -> hwthread 95 - OK[0m[1;34m
[0m[1;34m	threadid 131229596735168 -> hwthread 96 - OK[0m[1;34m
[0m[1;34m	threadid 131229588334400 -> hwthread 97 - OK[0m[1;34m
[0m[1;34m	threadid 131229101844416 -> hwthread 98 - OK[0m[1;34m
[0m[1;34m	threadid 131229093443648 -> hwthread 99 - OK[0m[1;34m
[0m[1;34m	threadid 131229085042880 -> hwthread 100 - OK[0m[1;34m
[0m[1;34m	threadid 131229076642112 -> hwthread 101 - OK[0m[1;34m
[0m[1;34m	threadid 131229068241344 -> hwthread 102 - OK[0m[1;34m
[0m[1;34m	threadid 131229059840576 -> hwthread 103 - OK[0m[1;34m
[0m[1;34m	threadid 131229051439808 -> hwthread 104 - OK[0m[1;34m
[0m[1;34m	threadid 131228564974400 -> hwthread 105 - OK[0m[1;34m
[0m[1;34m	threadid 131228556573632 -> hwthread 106 - OK[0m[1;34m
[0m[1;34m	threadid 131228548172864 -> hwthread 107 - OK[0m[1;34m
[0m[1;34m	threadid 131228539772096 -> hwthread 108 - OK[0m[1;34m
[0m[1;34m	threadid 131228531371328 -> hwthread 109 - OK[0m[1;34m
[0m[1;34m	threadid 131228522970560 -> hwthread 110 - OK[0m[1;34m
[0m[1;34m	threadid 131228514569792 -> hwthread 111 - OK[0m[1;34m
[0m[1;34m	threadid 131228028104384 -> hwthread 112 - OK[0m[1;34m
[0m[1;34m	threadid 131228019703616 -> hwthread 113 - OK[0m[1;34m
[0m[1;34m	threadid 131228011302848 -> hwthread 114 - OK[0m[1;34m
[0m[1;34m	threadid 131228002902080 -> hwthread 115 - OK[0m[1;34m
[0m[1;34m	threadid 131227994501312 -> hwthread 116 - OK[0m[1;34m
[0m[1;34m	threadid 131227986100544 -> hwthread 117 - OK[0m[1;34m
[0m[1;34m	threadid 131227977699776 -> hwthread 118 - OK[0m[1;34m
[0m[1;34m	threadid 131227491234368 -> hwthread 119 - OK[0m[1;34m
[0m[1;34m	threadid 131227482833600 -> hwthread 120 - OK[0m[1;34m
[0m[1;34m	threadid 131227474432832 -> hwthread 121 - OK[0m[1;34m
[0m[1;34m	threadid 131227466032064 -> hwthread 122 - OK[0m[1;34m
[0m[1;34m	threadid 131227457631296 -> hwthread 123 - OK[0m[1;34m
[0m[1;34m	threadid 131227449230528 -> hwthread 124 - OK[0m[1;34m
[0m[1;34m	threadid 131227440829760 -> hwthread 125 - OK[0m[1;34m
[0m[1;34m	threadid 131226954364352 -> hwthread 126 - OK[0m[1;34m
[0m[1;34m	threadid 131226945963584 -> hwthread 127 - OK[0m[1;34m
[0mrandom wtime: 6.325445775000844
tt_from_dense wtime: 502.8173593629908
tt_from_dense wtime: 499.26285829002154
INFO: You are running LIKWID in a cpuset with 64 CPUs. Taking given IDs as logical ID in cpuset
[1;34m[pthread wrapper] 
[0m[1;34m[pthread wrapper] MAIN -> 64
[0m[1;34m[pthread wrapper] PIN_MASK: [0m[1;34m0->65  [0m[1;34m1->66  [0m[1;34m2->67  [0m[1;34m3->68  [0m[1;34m4->69  [0m[1;34m5->70  [0m[1;34m6->71  [0m[1;34m7->72  [0m[1;34m8->73  [0m[1;34m9->74  [0m[1;34m10->75  [0m[1;34m11->76  [0m[1;34m12->77  [0m[1;34m13->78  [0m[1;34m14->79  [0m[1;34m15->80  [0m[1;34m16->81  [0m[1;34m17->82  [0m[1;34m18->83  [0m[1;34m19->84  [0m[1;34m20->85  [0m[1;34m21->86  [0m[1;34m22->87  [0m[1;34m23->88  [0m[1;34m24->89  [0m[1;34m25->90  [0m[1;34m26->91  [0m[1;34m27->92  [0m[1;34m28->93  [0m[1;34m29->94  [0m[1;34m30->95  [0m[1;34m31->96  [0m[1;34m32->97  [0m[1;34m33->98  [0m[1;34m34->99  [0m[1;34m35->100  [0m[1;34m36->101  [0m[1;34m37->102  [0m[1;34m38->103  [0m[1;34m39->104  [0m[1;34m40->105  [0m[1;34m41->106  [0m[1;34m42->107  [0m[1;34m43->108  [0m[1;34m44->109  [0m[1;34m45->110  [0m[1;34m46->111  [0m[1;34m47->112  [0m[1;34m48->113  [0m[1;34m49->114  [0m[1;34m50->115  [0m[1;34m51->116  [0m[1;34m52->117  [0m[1;34m53->118  [0m[1;34m54->119  [0m[1;34m55->120  [0m[1;34m56->121  [0m[1;34m57->122  [0m[1;34m58->123  [0m[1;34m59->124  [0m[1;34m60->125  [0m[1;34m61->126  [0m[1;34m62->127  [0m[1;34m
[pthread wrapper] SKIP MASK: 0x0
[0m[1;34m	threadid 135452993500992 -> hwthread 65 - OK[0m[1;34m
[0m[1;34m	threadid 135452985104320 -> hwthread 66 - OK[0m[1;34m
[0m[1;34m	threadid 135452976707648 -> hwthread 67 - OK[0m[1;34m
[0m[1;34m	threadid 135452968310976 -> hwthread 68 - OK[0m[1;34m
[0m[1;34m	threadid 135452959914304 -> hwthread 69 - OK[0m[1;34m
[0m[1;34m	threadid 135452951517632 -> hwthread 70 - OK[0m[1;34m
[0m[1;34m	threadid 135452943120960 -> hwthread 71 - OK[0m[1;34m
[0m[1;34m	threadid 135452463983296 -> hwthread 72 - OK[0m[1;34m
[0m[1;34m	threadid 135452455586624 -> hwthread 73 - OK[0m[1;34m
[0m[1;34m	threadid 135452447189952 -> hwthread 74 - OK[0m[1;34m
[0m[1;34m	threadid 135452438793280 -> hwthread 75 - OK[0m[1;34m
[0m[1;34m	threadid 135452430396608 -> hwthread 76 - OK[0m[1;34m
[0m[1;34m	threadid 135452421999936 -> hwthread 77 - OK[0m[1;34m
[0m[1;34m	threadid 135452413603264 -> hwthread 78 - OK[0m[1;34m
[0m[1;34m	threadid 135451927113280 -> hwthread 79 - OK[0m[1;34m
[0m[1;34m	threadid 135451918716608 -> hwthread 80 - OK[0m[1;34m
[0m[1;34m	threadid 135451910319936 -> hwthread 81 - OK[0m[1;34m
[0m[1;34m	threadid 135451901923264 -> hwthread 82 - OK[0m[1;34m
[0m[1;34m	threadid 135451893526592 -> hwthread 83 - OK[0m[1;34m
[0m[1;34m	threadid 135451885129920 -> hwthread 84 - OK[0m[1;34m
[0m[1;34m	threadid 135451876733248 -> hwthread 85 - OK[0m[1;34m
[0m[1;34m	threadid 135451390243264 -> hwthread 86 - OK[0m[1;34m
[0m[1;34m	threadid 135451381846592 -> hwthread 87 - OK[0m[1;34m
[0m[1;34m	threadid 135451373449920 -> hwthread 88 - OK[0m[1;34m
[0m[1;34m	threadid 135451365053248 -> hwthread 89 - OK[0m[1;34m
[0m[1;34m	threadid 135451356656576 -> hwthread 90 - OK[0m[1;34m
[0m[1;34m	threadid 135451348259904 -> hwthread 91 - OK[0m[1;34m
[0m[1;34m	threadid 135451339863232 -> hwthread 92 - OK[0m[1;34m
[0m[1;34m	threadid 135450853373248 -> hwthread 93 - OK[0m[1;34m
[0m[1;34m	threadid 135450844976576 -> hwthread 94 - OK[0m[1;34m
[0m[1;34m	threadid 135450836579904 -> hwthread 95 - OK[0m[1;34m
[0m[1;34m	threadid 135450828183232 -> hwthread 96 - OK[0m[1;34m
[0m[1;34m	threadid 135450819782464 -> hwthread 97 - OK[0m[1;34m
[0m[1;34m	threadid 135450811381696 -> hwthread 98 - OK[0m[1;34m
[0m[1;34m	threadid 135450802980928 -> hwthread 99 - OK[0m[1;34m
[0m[1;34m	threadid 135450316499136 -> hwthread 100 - OK[0m[1;34m
[0m[1;34m	threadid 135450308098368 -> hwthread 101 - OK[0m[1;34m
[0m[1;34m	threadid 135450299697600 -> hwthread 102 - OK[0m[1;34m
[0m[1;34m	threadid 135450291296832 -> hwthread 103 - OK[0m[1;34m
[0m[1;34m	threadid 135450282896064 -> hwthread 104 - OK[0m[1;34m
[0m[1;34m	threadid 135450274495296 -> hwthread 105 - OK[0m[1;34m
[0m[1;34m	threadid 135450266094528 -> hwthread 106 - OK[0m[1;34m
[0m[1;34m	threadid 135449779629120 -> hwthread 107 - OK[0m[1;34m
[0m[1;34m	threadid 135449771228352 -> hwthread 108 - OK[0m[1;34m
[0m[1;34m	threadid 135449762827584 -> hwthread 109 - OK[0m[1;34m
[0m[1;34m	threadid 135449754426816 -> hwthread 110 - OK[0m[1;34m
[0m[1;34m	threadid 135449746026048 -> hwthread 111 - OK[0m[1;34m
[0m[1;34m	threadid 135449737625280 -> hwthread 112 - OK[0m[1;34m
[0m[1;34m	threadid 135449729224512 -> hwthread 113 - OK[0m[1;34m
[0m[1;34m	threadid 135449242759104 -> hwthread 114 - OK[0m[1;34m
[0m[1;34m	threadid 135449234358336 -> hwthread 115 - OK[0m[1;34m
[0m[1;34m	threadid 135449225957568 -> hwthread 116 - OK[0m[1;34m
[0m[1;34m	threadid 135449217556800 -> hwthread 117 - OK[0m[1;34m
[0m[1;34m	threadid 135449209156032 -> hwthread 118 - OK[0m[1;34m
[0m[1;34m	threadid 135449200755264 -> hwthread 119 - OK[0m[1;34m
[0m[1;34m	threadid 135449192354496 -> hwthread 120 - OK[0m[1;34m
[0m[1;34m	threadid 135448705889088 -> hwthread 121 - OK[0m[1;34m
[0m[1;34m	threadid 135448697488320 -> hwthread 122 - OK[0m[1;34m
[0m[1;34m	threadid 135448689087552 -> hwthread 123 - OK[0m[1;34m
[0m[1;34m	threadid 135448680686784 -> hwthread 124 - OK[0m[1;34m
[0m[1;34m	threadid 135448672286016 -> hwthread 125 - OK[0m[1;34m
[0m[1;34m	threadid 135448663885248 -> hwthread 126 - OK[0m[1;34m
[0m[1;34m	threadid 135448655484480 -> hwthread 127 - OK[0m[1;34m
[0mrandom wtime: 6.332876357017085
tt_from_dense wtime: 498.0437445919961
tt_from_dense wtime: 494.8235862380243
INFO: You are running LIKWID in a cpuset with 64 CPUs. Taking given IDs as logical ID in cpuset
[1;34m[pthread wrapper] 
[0m[1;34m[pthread wrapper] MAIN -> 64
[0m[1;34m[pthread wrapper] PIN_MASK: [0m[1;34m0->65  [0m[1;34m1->66  [0m[1;34m2->67  [0m[1;34m3->68  [0m[1;34m4->69  [0m[1;34m5->70  [0m[1;34m6->71  [0m[1;34m7->72  [0m[1;34m8->73  [0m[1;34m9->74  [0m[1;34m10->75  [0m[1;34m11->76  [0m[1;34m12->77  [0m[1;34m13->78  [0m[1;34m14->79  [0m[1;34m15->80  [0m[1;34m16->81  [0m[1;34m17->82  [0m[1;34m18->83  [0m[1;34m19->84  [0m[1;34m20->85  [0m[1;34m21->86  [0m[1;34m22->87  [0m[1;34m23->88  [0m[1;34m24->89  [0m[1;34m25->90  [0m[1;34m26->91  [0m[1;34m27->92  [0m[1;34m28->93  [0m[1;34m29->94  [0m[1;34m30->95  [0m[1;34m31->96  [0m[1;34m32->97  [0m[1;34m33->98  [0m[1;34m34->99  [0m[1;34m35->100  [0m[1;34m36->101  [0m[1;34m37->102  [0m[1;34m38->103  [0m[1;34m39->104  [0m[1;34m40->105  [0m[1;34m41->106  [0m[1;34m42->107  [0m[1;34m43->108  [0m[1;34m44->109  [0m[1;34m45->110  [0m[1;34m46->111  [0m[1;34m47->112  [0m[1;34m48->113  [0m[1;34m49->114  [0m[1;34m50->115  [0m[1;34m51->116  [0m[1;34m52->117  [0m[1;34m53->118  [0m[1;34m54->119  [0m[1;34m55->120  [0m[1;34m56->121  [0m[1;34m57->122  [0m[1;34m58->123  [0m[1;34m59->124  [0m[1;34m60->125  [0m[1;34m61->126  [0m[1;34m62->127  [0m[1;34m
[pthread wrapper] SKIP MASK: 0x0
[0m[1;34m	threadid 140586726172480 -> hwthread 65 - OK[0m[1;34m
[0m[1;34m	threadid 140586717775808 -> hwthread 66 - OK[0m[1;34m
[0m[1;34m	threadid 140586709379136 -> hwthread 67 - OK[0m[1;34m
[0m[1;34m	threadid 140586493405376 -> hwthread 68 - OK[0m[1;34m
[0m[1;34m	threadid 140586485008704 -> hwthread 69 - OK[0m[1;34m
[0m[1;34m	threadid 140586476612032 -> hwthread 70 - OK[0m[1;34m
[0m[1;34m	threadid 140586468215360 -> hwthread 71 - OK[0m[1;34m
[0m[1;34m	threadid 140586459818688 -> hwthread 72 - OK[0m[1;34m
[0m[1;34m	threadid 140586451422016 -> hwthread 73 - OK[0m[1;34m
[0m[1;34m	threadid 140586443025344 -> hwthread 74 - OK[0m[1;34m
[0m[1;34m	threadid 140585956535360 -> hwthread 75 - OK[0m[1;34m
[0m[1;34m	threadid 140585948138688 -> hwthread 76 - OK[0m[1;34m
[0m[1;34m	threadid 140585939742016 -> hwthread 77 - OK[0m[1;34m
[0m[1;34m	threadid 140585931345344 -> hwthread 78 - OK[0m[1;34m
[0m[1;34m	threadid 140585922948672 -> hwthread 79 - OK[0m[1;34m
[0m[1;34m	threadid 140585914552000 -> hwthread 80 - OK[0m[1;34m
[0m[1;34m	threadid 140585906155328 -> hwthread 81 - OK[0m[1;34m
[0m[1;34m	threadid 140585419665344 -> hwthread 82 - OK[0m[1;34m
[0m[1;34m	threadid 140585411268672 -> hwthread 83 - OK[0m[1;34m
[0m[1;34m	threadid 140585402872000 -> hwthread 84 - OK[0m[1;34m
[0m[1;34m	threadid 140585394475328 -> hwthread 85 - OK[0m[1;34m
[0m[1;34m	threadid 140585386078656 -> hwthread 86 - OK[0m[1;34m
[0m[1;34m	threadid 140585377681984 -> hwthread 87 - OK[0m[1;34m
[0m[1;34m	threadid 140585369285312 -> hwthread 88 - OK[0m[1;34m
[0m[1;34m	threadid 140584882795328 -> hwthread 89 - OK[0m[1;34m
[0m[1;34m	threadid 140584874398656 -> hwthread 90 - OK[0m[1;34m
[0m[1;34m	threadid 140584866001984 -> hwthread 91 - OK[0m[1;34m
[0m[1;34m	threadid 140584857605312 -> hwthread 92 - OK[0m[1;34m
[0m[1;34m	threadid 140584849208640 -> hwthread 93 - OK[0m[1;34m
[0m[1;34m	threadid 140584840811968 -> hwthread 94 - OK[0m[1;34m
[0m[1;34m	threadid 140584832415296 -> hwthread 95 - OK[0m[1;34m
[0m[1;34m	threadid 140584345925312 -> hwthread 96 - OK[0m[1;34m
[0m[1;34m	threadid 140584337524544 -> hwthread 97 - OK[0m[1;34m
[0m[1;34m	threadid 140584329123776 -> hwthread 98 - OK[0m[1;34m
[0m[1;34m	threadid 140584320723008 -> hwthread 99 - OK[0m[1;34m
[0m[1;34m	threadid 140584312322240 -> hwthread 100 - OK[0m[1;34m
[0m[1;34m	threadid 140584303921472 -> hwthread 101 - OK[0m[1;34m
[0m[1;34m	threadid 140584295520704 -> hwthread 102 - OK[0m[1;34m
[0m[1;34m	threadid 140583809051200 -> hwthread 103 - OK[0m[1;34m
[0m[1;34m	threadid 140583800650432 -> hwthread 104 - OK[0m[1;34m
[0m[1;34m	threadid 140583792249664 -> hwthread 105 - OK[0m[1;34m
[0m[1;34m	threadid 140583783848896 -> hwthread 106 - OK[0m[1;34m
[0m[1;34m	threadid 140583775448128 -> hwthread 107 - OK[0m[1;34m
[0m[1;34m	threadid 140583767047360 -> hwthread 108 - OK[0m[1;34m
[0m[1;34m	threadid 140583758646592 -> hwthread 109 - OK[0m[1;34m
[0m[1;34m	threadid 140583272181184 -> hwthread 110 - OK[0m[1;34m
[0m[1;34m	threadid 140583263780416 -> hwthread 111 - OK[0m[1;34m
[0m[1;34m	threadid 140583255379648 -> hwthread 112 - OK[0m[1;34m
[0m[1;34m	threadid 140583246978880 -> hwthread 113 - OK[0m[1;34m
[0m[1;34m	threadid 140583238578112 -> hwthread 114 - OK[0m[1;34m
[0m[1;34m	threadid 140583230177344 -> hwthread 115 - OK[0m[1;34m
[0m[1;34m	threadid 140583221776576 -> hwthread 116 - OK[0m[1;34m
[0m[1;34m	threadid 140582735311168 -> hwthread 117 - OK[0m[1;34m
[0m[1;34m	threadid 140582726910400 -> hwthread 118 - OK[0m[1;34m
[0m[1;34m	threadid 140582718509632 -> hwthread 119 - OK[0m[1;34m
[0m[1;34m	threadid 140582710108864 -> hwthread 120 - OK[0m[1;34m
[0m[1;34m	threadid 140582701708096 -> hwthread 121 - OK[0m[1;34m
[0m[1;34m	threadid 140582693307328 -> hwthread 122 - OK[0m[1;34m
[0m[1;34m	threadid 140582684906560 -> hwthread 123 - OK[0m[1;34m
[0m[1;34m	threadid 140582198441152 -> hwthread 124 - OK[0m[1;34m
[0m[1;34m	threadid 140582190040384 -> hwthread 125 - OK[0m[1;34m
[0m[1;34m	threadid 140582181639616 -> hwthread 126 - OK[0m[1;34m
[0m[1;34m	threadid 140582173238848 -> hwthread 127 - OK[0m[1;34m
srun: Job step aborted: Waiting up to 32 seconds for job step to finish.
[2025-09-22T19:40:45.011] error: *** STEP 242958.49 ON be-amd01 CANCELLED AT 2025-09-22T19:40:45 DUE TO TIME LIMIT ***
[2025-09-22T19:40:45.011] error: *** JOB 242958 ON be-amd01 CANCELLED AT 2025-09-22T19:40:45 DUE TO TIME LIMIT ***
