[1;34m[pthread wrapper] 
[0m[1;34m[pthread wrapper] MAIN -> 0
[0m[1;34m[pthread wrapper] PIN_MASK: [0m[1;34m0->1  [0m[1;34m1->2  [0m[1;34m2->3  [0m[1;34m3->4  [0m[1;34m4->5  [0m[1;34m5->6  [0m[1;34m6->7  [0m[1;34m7->8  [0m[1;34m8->9  [0m[1;34m9->10  [0m[1;34m10->11  [0m[1;34m11->12  [0m[1;34m12->13  [0m[1;34m13->14  [0m[1;34m14->15  [0m[1;34m15->16  [0m[1;34m16->17  [0m[1;34m17->18  [0m[1;34m18->19  [0m[1;34m19->20  [0m[1;34m20->21  [0m[1;34m21->22  [0m[1;34m22->23  [0m[1;34m23->24  [0m[1;34m24->25  [0m[1;34m25->26  [0m[1;34m26->27  [0m[1;34m27->28  [0m[1;34m28->29  [0m[1;34m29->30  [0m[1;34m30->31  [0m[1;34m31->32  [0m[1;34m32->33  [0m[1;34m33->34  [0m[1;34m34->35  [0m[1;34m35->36  [0m[1;34m36->37  [0m[1;34m37->38  [0m[1;34m38->39  [0m[1;34m39->40  [0m[1;34m40->41  [0m[1;34m41->42  [0m[1;34m42->43  [0m[1;34m43->44  [0m[1;34m44->45  [0m[1;34m45->46  [0m[1;34m46->47  [0m[1;34m47->48  [0m[1;34m48->49  [0m[1;34m49->50  [0m[1;34m50->51  [0m[1;34m51->52  [0m[1;34m52->53  [0m[1;34m53->54  [0m[1;34m54->55  [0m[1;34m55->56  [0m[1;34m56->57  [0m[1;34m57->58  [0m[1;34m58->59  [0m[1;34m59->60  [0m[1;34m60->61  [0m[1;34m61->62  [0m[1;34m62->63  [0m[1;34m
[pthread wrapper] SKIP MASK: 0x0
[0m[1;34m	threadid 123618771056448 -> hwthread 1 - OK[0m[1;34m
[0m[1;34m	threadid 123618688231360 -> hwthread 2 - OK[0m[1;34m
[0m[1;34m	threadid 123618679834688 -> hwthread 3 - OK[0m[1;34m
[0m[1;34m	threadid 123618671438016 -> hwthread 4 - OK[0m[1;34m
[0m[1;34m	threadid 123618663041344 -> hwthread 5 - OK[0m[1;34m
[0m[1;34m	threadid 123618654644672 -> hwthread 6 - OK[0m[1;34m
[0m[1;34m	threadid 123618646248000 -> hwthread 7 - OK[0m[1;34m
[0m[1;34m	threadid 123618637851328 -> hwthread 8 - OK[0m[1;34m
[0m[1;34m	threadid 123618151361344 -> hwthread 9 - OK[0m[1;34m
[0m[1;34m	threadid 123618142964672 -> hwthread 10 - OK[0m[1;34m
[0m[1;34m	threadid 123618134568000 -> hwthread 11 - OK[0m[1;34m
[0m[1;34m	threadid 123618126171328 -> hwthread 12 - OK[0m[1;34m
[0m[1;34m	threadid 123618117774656 -> hwthread 13 - OK[0m[1;34m
[0m[1;34m	threadid 123618109377984 -> hwthread 14 - OK[0m[1;34m
[0m[1;34m	threadid 123618100981312 -> hwthread 15 - OK[0m[1;34m
[0m[1;34m	threadid 123617614491328 -> hwthread 16 - OK[0m[1;34m
[0m[1;34m	threadid 123617606094656 -> hwthread 17 - OK[0m[1;34m
[0m[1;34m	threadid 123617597697984 -> hwthread 18 - OK[0m[1;34m
[0m[1;34m	threadid 123617589301312 -> hwthread 19 - OK[0m[1;34m
[0m[1;34m	threadid 123617580904640 -> hwthread 20 - OK[0m[1;34m
[0m[1;34m	threadid 123617572507968 -> hwthread 21 - OK[0m[1;34m
[0m[1;34m	threadid 123617564111296 -> hwthread 22 - OK[0m[1;34m
[0m[1;34m	threadid 123617077621312 -> hwthread 23 - OK[0m[1;34m
[0m[1;34m	threadid 123617069224640 -> hwthread 24 - OK[0m[1;34m
[0m[1;34m	threadid 123617060827968 -> hwthread 25 - OK[0m[1;34m
[0m[1;34m	threadid 123617052431296 -> hwthread 26 - OK[0m[1;34m
[0m[1;34m	threadid 123617044034624 -> hwthread 27 - OK[0m[1;34m
[0m[1;34m	threadid 123617035637952 -> hwthread 28 - OK[0m[1;34m
[0m[1;34m	threadid 123617027241280 -> hwthread 29 - OK[0m[1;34m
[0m[1;34m	threadid 123616540751296 -> hwthread 30 - OK[0m[1;34m
[0m[1;34m	threadid 123616532354624 -> hwthread 31 - OK[0m[1;34m
[0m[1;34m	threadid 123616523957952 -> hwthread 32 - OK[0m[1;34m
[0m[1;34m	threadid 123616515557184 -> hwthread 33 - OK[0m[1;34m
[0m[1;34m	threadid 123616507156416 -> hwthread 34 - OK[0m[1;34m
[0m[1;34m	threadid 123616498755648 -> hwthread 35 - OK[0m[1;34m
[0m[1;34m	threadid 123616490354880 -> hwthread 36 - OK[0m[1;34m
[0m[1;34m	threadid 123616003877184 -> hwthread 37 - OK[0m[1;34m
[0m[1;34m	threadid 123615995476416 -> hwthread 38 - OK[0m[1;34m
[0m[1;34m	threadid 123615987075648 -> hwthread 39 - OK[0m[1;34m
[0m[1;34m	threadid 123615978674880 -> hwthread 40 - OK[0m[1;34m
[0m[1;34m	threadid 123615970274112 -> hwthread 41 - OK[0m[1;34m
[0m[1;34m	threadid 123615961873344 -> hwthread 42 - OK[0m[1;34m
[0m[1;34m	threadid 123615953472576 -> hwthread 43 - OK[0m[1;34m
[0m[1;34m	threadid 123615467007168 -> hwthread 44 - OK[0m[1;34m
[0m[1;34m	threadid 123615458606400 -> hwthread 45 - OK[0m[1;34m
[0m[1;34m	threadid 123615450205632 -> hwthread 46 - OK[0m[1;34m
[0m[1;34m	threadid 123615441804864 -> hwthread 47 - OK[0m[1;34m
[0m[1;34m	threadid 123615433404096 -> hwthread 48 - OK[0m[1;34m
[0m[1;34m	threadid 123615425003328 -> hwthread 49 - OK[0m[1;34m
[0m[1;34m	threadid 123615416602560 -> hwthread 50 - OK[0m[1;34m
[0m[1;34m	threadid 123614930137152 -> hwthread 51 - OK[0m[1;34m
[0m[1;34m	threadid 123614921736384 -> hwthread 52 - OK[0m[1;34m
[0m[1;34m	threadid 123614913335616 -> hwthread 53 - OK[0m[1;34m
[0m[1;34m	threadid 123614904934848 -> hwthread 54 - OK[0m[1;34m
[0m[1;34m	threadid 123614896534080 -> hwthread 55 - OK[0m[1;34m
[0m[1;34m	threadid 123614888133312 -> hwthread 56 - OK[0m[1;34m
[0m[1;34m	threadid 123614879732544 -> hwthread 57 - OK[0m[1;34m
[0m[1;34m	threadid 123614393267136 -> hwthread 58 - OK[0m[1;34m
[0m[1;34m	threadid 123614384866368 -> hwthread 59 - OK[0m[1;34m
[0m[1;34m	threadid 123614376465600 -> hwthread 60 - OK[0m[1;34m
[0m[1;34m	threadid 123614368064832 -> hwthread 61 - OK[0m[1;34m
[0m[1;34m	threadid 123614359664064 -> hwthread 62 - OK[0m[1;34m
[0m[1;34m	threadid 123614351263296 -> hwthread 63 - OK[0m[1;34m
[0m[1;34mRoundrobin placement triggered
	threadid 123614342862528 -> hwthread 0 - OK[0m[1;34m
[0m[1;34m	threadid 123613856396992 -> hwthread 1 - OK[0m[1;34m
[0mPITTS: version v0.9.6-2-g6da1bf0-dirty
PITTS: MPI #procs: 1
PITTS: OpenMP #threads: 64
PITTS: SIMD implementation: avx2
PITTS: Eigen SIMD implementation: AVX SSE, SSE2, SSE3, SSSE3, SSE4.1, SSE4.2
PITTS: cache sizes (L1/core, L2/core, L3/accessible) [byte]: (32768, 524288, 805306368)
PITTS: preprocessor definitions: PITTS_DIRECT_MKL_GEMM
Performance statistics:
function                                                                                                                                                                                                  	 time [s]  	 #calls    	 GFlop/s DP	 GFlop/s SP	 GByte/s   	Flops/Byte
<PITTS::MultiVector<double>> :: void PITTS::randomize(MultiVector<T>&) [with T = double](rows: 1073741824, cols: 1)                                                                                       	 0.638685  	 1         	 0         	 0         	 13.4494   	 0         
<PITTS::Tensor3<double>> :: void PITTS::fold_left(const MatrixType&, int, Tensor3<T>&) [with T = double; MatrixType = Eigen::Block<const Eigen::Matrix<double, -1, -1>, -1, -1, true>](r1: 1, n: 2, r2: 1)	 0.000275538	 29        	 0         	 0         	 0.00336796	 0         
<PITTS::Tensor3<double>> :: void PITTS::fold_left(const MatrixType&, int, Tensor3<T>&) [with T = double; MatrixType = Eigen::Matrix<double, -1, -1>](r1: 1, n: 2, r2: 1)                                  	 4.5e-07   	 1         	 0         	 0         	 0.0711111 	 0         
Timing statistics:
function                                                                                                                                                                              	 time [s]  	 #calls    
<PITTS::TensorTrain<double>> :: PITTS::TensorTrain<T> PITTS::fromDense_classical(Iter, Iter, const std::vector<int>&, T, int) [with Iter = const double*; T = double]                 	 90.1179   	 1         
<PITTS::MultiVector<double>> :: void PITTS::randomize(MultiVector<T>&) [with T = double]                                                                                              	 0.638685  	 1         
<PITTS::Tensor3<double>> :: void PITTS::fold_left(const MatrixType&, int, Tensor3<T>&) [with T = double; MatrixType = Eigen::Block<const Eigen::Matrix<double, -1, -1>, -1, -1, true>]	 0.000275538	 29        
<PITTS::MultiVector<double>> :: void PITTS::MultiVector<T>::resize(long long int, long long int, bool, bool) [with T = double]                                                        	 0.000120643	 1         
<PITTS::Tensor3<double>> :: void PITTS::Tensor3<T>::resize(long long int, long long int, long long int, bool, bool) [with T = double]                                                 	 6.7313e-05	 60        
<PITTS::Tensor3<double>> :: void PITTS::fold_left(const MatrixType&, int, Tensor3<T>&) [with T = double; MatrixType = Eigen::Matrix<double, -1, -1>]                                  	 4.5e-07   	 1         
INFO: You are running LIKWID in a cpuset with 64 CPUs. Taking given IDs as logical ID in cpuset
[1;34m[pthread wrapper] 
[0m[1;34m[pthread wrapper] MAIN -> 0
[0m[1;34m[pthread wrapper] PIN_MASK: [0m[1;34m0->1  [0m[1;34m1->2  [0m[1;34m2->3  [0m[1;34m3->4  [0m[1;34m4->5  [0m[1;34m5->6  [0m[1;34m6->7  [0m[1;34m7->8  [0m[1;34m8->9  [0m[1;34m9->10  [0m[1;34m10->11  [0m[1;34m11->12  [0m[1;34m12->13  [0m[1;34m13->14  [0m[1;34m14->15  [0m[1;34m15->16  [0m[1;34m16->17  [0m[1;34m17->18  [0m[1;34m18->19  [0m[1;34m19->20  [0m[1;34m20->21  [0m[1;34m21->22  [0m[1;34m22->23  [0m[1;34m23->24  [0m[1;34m24->25  [0m[1;34m25->26  [0m[1;34m26->27  [0m[1;34m27->28  [0m[1;34m28->29  [0m[1;34m29->30  [0m[1;34m30->31  [0m[1;34m31->32  [0m[1;34m32->33  [0m[1;34m33->34  [0m[1;34m34->35  [0m[1;34m35->36  [0m[1;34m36->37  [0m[1;34m37->38  [0m[1;34m38->39  [0m[1;34m39->40  [0m[1;34m40->41  [0m[1;34m41->42  [0m[1;34m42->43  [0m[1;34m43->44  [0m[1;34m44->45  [0m[1;34m45->46  [0m[1;34m46->47  [0m[1;34m47->48  [0m[1;34m48->49  [0m[1;34m49->50  [0m[1;34m50->51  [0m[1;34m51->52  [0m[1;34m52->53  [0m[1;34m53->54  [0m[1;34m54->55  [0m[1;34m55->56  [0m[1;34m56->57  [0m[1;34m57->58  [0m[1;34m58->59  [0m[1;34m59->60  [0m[1;34m60->61  [0m[1;34m61->62  [0m[1;34m62->63  [0m[1;34m
[pthread wrapper] SKIP MASK: 0x0
[0m[1;34m	threadid 128184559314752 -> hwthread 1 - OK[0m[1;34m
[0m[1;34m	threadid 128184550918080 -> hwthread 2 - OK[0m[1;34m
[0m[1;34m	threadid 128184542521408 -> hwthread 3 - OK[0m[1;34m
[0m[1;34m	threadid 128184534124736 -> hwthread 4 - OK[0m[1;34m
[0m[1;34m	threadid 128184525728064 -> hwthread 5 - OK[0m[1;34m
[0m[1;34m	threadid 128184517331392 -> hwthread 6 - OK[0m[1;34m
[0m[1;34m	threadid 128184171358784 -> hwthread 7 - OK[0m[1;34m
[0m[1;34m	threadid 128184162962112 -> hwthread 8 - OK[0m[1;34m
[0m[1;34m	threadid 128184154565440 -> hwthread 9 - OK[0m[1;34m
[0m[1;34m	threadid 128184146168768 -> hwthread 10 - OK[0m[1;34m
[0m[1;34m	threadid 128184137772096 -> hwthread 11 - OK[0m[1;34m
[0m[1;34m	threadid 128184129375424 -> hwthread 12 - OK[0m[1;34m
[0m[1;34m	threadid 128184120978752 -> hwthread 13 - OK[0m[1;34m
[0m[1;34m	threadid 128183567379904 -> hwthread 14 - OK[0m[1;34m
[0m[1;34m	threadid 128183558983232 -> hwthread 15 - OK[0m[1;34m
[0m[1;34m	threadid 128183550586560 -> hwthread 16 - OK[0m[1;34m
[0m[1;34m	threadid 128183542189888 -> hwthread 17 - OK[0m[1;34m
[0m[1;34m	threadid 128183533793216 -> hwthread 18 - OK[0m[1;34m
[0m[1;34m	threadid 128183525396544 -> hwthread 19 - OK[0m[1;34m
[0m[1;34m	threadid 128183516999872 -> hwthread 20 - OK[0m[1;34m
[0m[1;34m	threadid 128183030509888 -> hwthread 21 - OK[0m[1;34m
[0m[1;34m	threadid 128183022113216 -> hwthread 22 - OK[0m[1;34m
[0m[1;34m	threadid 128183013716544 -> hwthread 23 - OK[0m[1;34m
[0m[1;34m	threadid 128183005319872 -> hwthread 24 - OK[0m[1;34m
[0m[1;34m	threadid 128182996923200 -> hwthread 25 - OK[0m[1;34m
[0m[1;34m	threadid 128182988526528 -> hwthread 26 - OK[0m[1;34m
[0m[1;34m	threadid 128182980129856 -> hwthread 27 - OK[0m[1;34m
[0m[1;34m	threadid 128182493639872 -> hwthread 28 - OK[0m[1;34m
[0m[1;34m	threadid 128182485243200 -> hwthread 29 - OK[0m[1;34m
[0m[1;34m	threadid 128182476846528 -> hwthread 30 - OK[0m[1;34m
[0m[1;34m	threadid 128182468449856 -> hwthread 31 - OK[0m[1;34m
[0m[1;34m	threadid 128182460053184 -> hwthread 32 - OK[0m[1;34m
[0m[1;34m	threadid 128182451652416 -> hwthread 33 - OK[0m[1;34m
[0m[1;34m	threadid 128182443251648 -> hwthread 34 - OK[0m[1;34m
[0m[1;34m	threadid 128181956765760 -> hwthread 35 - OK[0m[1;34m
[0m[1;34m	threadid 128181948364992 -> hwthread 36 - OK[0m[1;34m
[0m[1;34m	threadid 128181939964224 -> hwthread 37 - OK[0m[1;34m
[0m[1;34m	threadid 128181931563456 -> hwthread 38 - OK[0m[1;34m
[0m[1;34m	threadid 128181923162688 -> hwthread 39 - OK[0m[1;34m
[0m[1;34m	threadid 128181914761920 -> hwthread 40 - OK[0m[1;34m
[0m[1;34m	threadid 128181906361152 -> hwthread 41 - OK[0m[1;34m
[0m[1;34m	threadid 128181419895744 -> hwthread 42 - OK[0m[1;34m
[0m[1;34m	threadid 128181411494976 -> hwthread 43 - OK[0m[1;34m
[0m[1;34m	threadid 128181403094208 -> hwthread 44 - OK[0m[1;34m
[0m[1;34m	threadid 128181394693440 -> hwthread 45 - OK[0m[1;34m
[0m[1;34m	threadid 128181386292672 -> hwthread 46 - OK[0m[1;34m
[0m[1;34m	threadid 128181377891904 -> hwthread 47 - OK[0m[1;34m
[0m[1;34m	threadid 128181369491136 -> hwthread 48 - OK[0m[1;34m
[0m[1;34m	threadid 128180883025728 -> hwthread 49 - OK[0m[1;34m
[0m[1;34m	threadid 128180874624960 -> hwthread 50 - OK[0m[1;34m
[0m[1;34m	threadid 128180866224192 -> hwthread 51 - OK[0m[1;34m
[0m[1;34m	threadid 128180857823424 -> hwthread 52 - OK[0m[1;34m
[0m[1;34m	threadid 128180849422656 -> hwthread 53 - OK[0m[1;34m
[0m[1;34m	threadid 128180841021888 -> hwthread 54 - OK[0m[1;34m
[0m[1;34m	threadid 128180832621120 -> hwthread 55 - OK[0m[1;34m
[0m[1;34m	threadid 128180346155712 -> hwthread 56 - OK[0m[1;34m
[0m[1;34m	threadid 128180337754944 -> hwthread 57 - OK[0m[1;34m
[0m[1;34m	threadid 128180329354176 -> hwthread 58 - OK[0m[1;34m
[0m[1;34m	threadid 128180320953408 -> hwthread 59 - OK[0m[1;34m
[0m[1;34m	threadid 128180312552640 -> hwthread 60 - OK[0m[1;34m
[0m[1;34m	threadid 128180304151872 -> hwthread 61 - OK[0m[1;34m
[0m[1;34m	threadid 128180295751104 -> hwthread 62 - OK[0m[1;34m
[0m[1;34m	threadid 128179809285696 -> hwthread 63 - OK[0m[1;34m
[0m[1;34mRoundrobin placement triggered
	threadid 128179800884928 -> hwthread 0 - OK[0m[1;34m
[0m[1;34m	threadid 128179792492224 -> hwthread 1 - OK[0m[1;34m
[0mPITTS: version v0.9.6-2-g6da1bf0-dirty
PITTS: MPI #procs: 1
PITTS: OpenMP #threads: 64
PITTS: SIMD implementation: avx2
PITTS: Eigen SIMD implementation: AVX SSE, SSE2, SSE3, SSSE3, SSE4.1, SSE4.2
PITTS: cache sizes (L1/core, L2/core, L3/accessible) [byte]: (32768, 524288, 805306368)
PITTS: preprocessor definitions: PITTS_DIRECT_MKL_GEMM
Performance statistics:
function                                                                                                                                                                                                  	 time [s]  	 #calls    	 GFlop/s DP	 GFlop/s SP	 GByte/s   	Flops/Byte
<PITTS::MultiVector<double>> :: void PITTS::randomize(MultiVector<T>&) [with T = double](rows: 1073741824, cols: 1)                                                                                       	 0.619486  	 1         	 0         	 0         	 13.8662   	 0         
<PITTS::Tensor3<double>> :: void PITTS::fold_left(const MatrixType&, int, Tensor3<T>&) [with T = double; MatrixType = Eigen::Block<const Eigen::Matrix<double, -1, -1>, -1, -1, true>](r1: 2, n: 2, r2: 2)	 0.000425512	 28        	 0         	 0         	 0.00842279	 0         
<PITTS::Tensor3<double>> :: void PITTS::fold_left(const MatrixType&, int, Tensor3<T>&) [with T = double; MatrixType = Eigen::Block<const Eigen::Matrix<double, -1, -1>, -1, -1, true>](r1: 1, n: 2, r2: 2)	 4.0932e-05	 1         	 0         	 0         	 0.00156357	 0         
<PITTS::Tensor3<double>> :: void PITTS::fold_left(const MatrixType&, int, Tensor3<T>&) [with T = double; MatrixType = Eigen::Matrix<double, -1, -1>](r1: 2, n: 2, r2: 1)                                  	 4.6e-07   	 1         	 0         	 0         	 0.13913   	 0         
Timing statistics:
function                                                                                                                                                                              	 time [s]  	 #calls    
<PITTS::TensorTrain<double>> :: PITTS::TensorTrain<T> PITTS::fromDense_classical(Iter, Iter, const std::vector<int>&, T, int) [with Iter = const double*; T = double]                 	 142.588   	 1         
<PITTS::MultiVector<double>> :: void PITTS::randomize(MultiVector<T>&) [with T = double]                                                                                              	 0.619486  	 1         
<PITTS::Tensor3<double>> :: void PITTS::fold_left(const MatrixType&, int, Tensor3<T>&) [with T = double; MatrixType = Eigen::Block<const Eigen::Matrix<double, -1, -1>, -1, -1, true>]	 0.000466444	 29        
<PITTS::Tensor3<double>> :: void PITTS::Tensor3<T>::resize(long long int, long long int, long long int, bool, bool) [with T = double]                                                 	 0.000221716	 60        
<PITTS::MultiVector<double>> :: void PITTS::MultiVector<T>::resize(long long int, long long int, bool, bool) [with T = double]                                                        	 0.000127883	 1         
<PITTS::Tensor3<double>> :: void PITTS::fold_left(const MatrixType&, int, Tensor3<T>&) [with T = double; MatrixType = Eigen::Matrix<double, -1, -1>]                                  	 4.6e-07   	 1         
INFO: You are running LIKWID in a cpuset with 64 CPUs. Taking given IDs as logical ID in cpuset
[1;34m[pthread wrapper] 
[0m[1;34m[pthread wrapper] MAIN -> 0
[0m[1;34m[pthread wrapper] PIN_MASK: [0m[1;34m0->1  [0m[1;34m1->2  [0m[1;34m2->3  [0m[1;34m3->4  [0m[1;34m4->5  [0m[1;34m5->6  [0m[1;34m6->7  [0m[1;34m7->8  [0m[1;34m8->9  [0m[1;34m9->10  [0m[1;34m10->11  [0m[1;34m11->12  [0m[1;34m12->13  [0m[1;34m13->14  [0m[1;34m14->15  [0m[1;34m15->16  [0m[1;34m16->17  [0m[1;34m17->18  [0m[1;34m18->19  [0m[1;34m19->20  [0m[1;34m20->21  [0m[1;34m21->22  [0m[1;34m22->23  [0m[1;34m23->24  [0m[1;34m24->25  [0m[1;34m25->26  [0m[1;34m26->27  [0m[1;34m27->28  [0m[1;34m28->29  [0m[1;34m29->30  [0m[1;34m30->31  [0m[1;34m31->32  [0m[1;34m32->33  [0m[1;34m33->34  [0m[1;34m34->35  [0m[1;34m35->36  [0m[1;34m36->37  [0m[1;34m37->38  [0m[1;34m38->39  [0m[1;34m39->40  [0m[1;34m40->41  [0m[1;34m41->42  [0m[1;34m42->43  [0m[1;34m43->44  [0m[1;34m44->45  [0m[1;34m45->46  [0m[1;34m46->47  [0m[1;34m47->48  [0m[1;34m48->49  [0m[1;34m49->50  [0m[1;34m50->51  [0m[1;34m51->52  [0m[1;34m52->53  [0m[1;34m53->54  [0m[1;34m54->55  [0m[1;34m55->56  [0m[1;34m56->57  [0m[1;34m57->58  [0m[1;34m58->59  [0m[1;34m59->60  [0m[1;34m60->61  [0m[1;34m61->62  [0m[1;34m62->63  [0m[1;34m
[pthread wrapper] SKIP MASK: 0x0
[0m[1;34m	threadid 128892901762880 -> hwthread 1 - OK[0m[1;34m
[0m[1;34m	threadid 128892893366208 -> hwthread 2 - OK[0m[1;34m
[0m[1;34m	threadid 128892884969536 -> hwthread 3 - OK[0m[1;34m
[0m[1;34m	threadid 128892876572864 -> hwthread 4 - OK[0m[1;34m
[0m[1;34m	threadid 128892868176192 -> hwthread 5 - OK[0m[1;34m
[0m[1;34m	threadid 128892859779520 -> hwthread 6 - OK[0m[1;34m
[0m[1;34m	threadid 128892851382848 -> hwthread 7 - OK[0m[1;34m
[0m[1;34m	threadid 128892371200704 -> hwthread 8 - OK[0m[1;34m
[0m[1;34m	threadid 128892362804032 -> hwthread 9 - OK[0m[1;34m
[0m[1;34m	threadid 128892354407360 -> hwthread 10 - OK[0m[1;34m
[0m[1;34m	threadid 128892346010688 -> hwthread 11 - OK[0m[1;34m
[0m[1;34m	threadid 128892337614016 -> hwthread 12 - OK[0m[1;34m
[0m[1;34m	threadid 128892329217344 -> hwthread 13 - OK[0m[1;34m
[0m[1;34m	threadid 128892320820672 -> hwthread 14 - OK[0m[1;34m
[0m[1;34m	threadid 128891834330688 -> hwthread 15 - OK[0m[1;34m
[0m[1;34m	threadid 128891825934016 -> hwthread 16 - OK[0m[1;34m
[0m[1;34m	threadid 128891817537344 -> hwthread 17 - OK[0m[1;34m
[0m[1;34m	threadid 128891809140672 -> hwthread 18 - OK[0m[1;34m
[0m[1;34m	threadid 128891800744000 -> hwthread 19 - OK[0m[1;34m
[0m[1;34m	threadid 128891792347328 -> hwthread 20 - OK[0m[1;34m
[0m[1;34m	threadid 128891783950656 -> hwthread 21 - OK[0m[1;34m
[0m[1;34m	threadid 128891297460672 -> hwthread 22 - OK[0m[1;34m
[0m[1;34m	threadid 128891289064000 -> hwthread 23 - OK[0m[1;34m
[0m[1;34m	threadid 128891280667328 -> hwthread 24 - OK[0m[1;34m
[0m[1;34m	threadid 128891272270656 -> hwthread 25 - OK[0m[1;34m
[0m[1;34m	threadid 128891263873984 -> hwthread 26 - OK[0m[1;34m
[0m[1;34m	threadid 128891255477312 -> hwthread 27 - OK[0m[1;34m
[0m[1;34m	threadid 128891247080640 -> hwthread 28 - OK[0m[1;34m
[0m[1;34m	threadid 128890760590656 -> hwthread 29 - OK[0m[1;34m
[0m[1;34m	threadid 128890752193984 -> hwthread 30 - OK[0m[1;34m
[0m[1;34m	threadid 128890743797312 -> hwthread 31 - OK[0m[1;34m
[0m[1;34m	threadid 128890735400640 -> hwthread 32 - OK[0m[1;34m
[0m[1;34m	threadid 128890726999872 -> hwthread 33 - OK[0m[1;34m
[0m[1;34m	threadid 128890718599104 -> hwthread 34 - OK[0m[1;34m
[0m[1;34m	threadid 128890710198336 -> hwthread 35 - OK[0m[1;34m
[0m[1;34m	threadid 128890223716544 -> hwthread 36 - OK[0m[1;34m
[0m[1;34m	threadid 128890215315776 -> hwthread 37 - OK[0m[1;34m
[0m[1;34m	threadid 128890206915008 -> hwthread 38 - OK[0m[1;34m
[0m[1;34m	threadid 128890198514240 -> hwthread 39 - OK[0m[1;34m
[0m[1;34m	threadid 128890190113472 -> hwthread 40 - OK[0m[1;34m
[0m[1;34m	threadid 128890181712704 -> hwthread 41 - OK[0m[1;34m
[0m[1;34m	threadid 128890173311936 -> hwthread 42 - OK[0m[1;34m
[0m[1;34m	threadid 128889686846528 -> hwthread 43 - OK[0m[1;34m
[0m[1;34m	threadid 128889678445760 -> hwthread 44 - OK[0m[1;34m
[0m[1;34m	threadid 128889670044992 -> hwthread 45 - OK[0m[1;34m
[0m[1;34m	threadid 128889661644224 -> hwthread 46 - OK[0m[1;34m
[0m[1;34m	threadid 128889653243456 -> hwthread 47 - OK[0m[1;34m
[0m[1;34m	threadid 128889644842688 -> hwthread 48 - OK[0m[1;34m
[0m[1;34m	threadid 128889636441920 -> hwthread 49 - OK[0m[1;34m
[0m[1;34m	threadid 128889149976512 -> hwthread 50 - OK[0m[1;34m
[0m[1;34m	threadid 128889141575744 -> hwthread 51 - OK[0m[1;34m
[0m[1;34m	threadid 128889133174976 -> hwthread 52 - OK[0m[1;34m
[0m[1;34m	threadid 128889124774208 -> hwthread 53 - OK[0m[1;34m
[0m[1;34m	threadid 128889116373440 -> hwthread 54 - OK[0m[1;34m
[0m[1;34m	threadid 128889107972672 -> hwthread 55 - OK[0m[1;34m
[0m[1;34m	threadid 128889099571904 -> hwthread 56 - OK[0m[1;34m
[0m[1;34m	threadid 128888613106496 -> hwthread 57 - OK[0m[1;34m
[0m[1;34m	threadid 128888604705728 -> hwthread 58 - OK[0m[1;34m
[0m[1;34m	threadid 128888596304960 -> hwthread 59 - OK[0m[1;34m
[0m[1;34m	threadid 128888587904192 -> hwthread 60 - OK[0m[1;34m
[0m[1;34m	threadid 128888579503424 -> hwthread 61 - OK[0m[1;34m
[0m[1;34m	threadid 128888571102656 -> hwthread 62 - OK[0m[1;34m
[0m[1;34m	threadid 128888562701888 -> hwthread 63 - OK[0m[1;34m
[0m[1;34mRoundrobin placement triggered
	threadid 128888076236480 -> hwthread 0 - OK[0m[1;34m
[0m[1;34m	threadid 128888067843776 -> hwthread 1 - OK[0m[1;34m
[0mPITTS: version v0.9.6-2-g6da1bf0-dirty
PITTS: MPI #procs: 1
PITTS: OpenMP #threads: 64
PITTS: SIMD implementation: avx2
PITTS: Eigen SIMD implementation: AVX SSE, SSE2, SSE3, SSSE3, SSE4.1, SSE4.2
PITTS: cache sizes (L1/core, L2/core, L3/accessible) [byte]: (32768, 524288, 805306368)
PITTS: preprocessor definitions: PITTS_DIRECT_MKL_GEMM
Performance statistics:
function                                                                                                                                                                                                  	 time [s]  	 #calls    	 GFlop/s DP	 GFlop/s SP	 GByte/s   	Flops/Byte
<PITTS::MultiVector<double>> :: void PITTS::randomize(MultiVector<T>&) [with T = double](rows: 1073741824, cols: 1)                                                                                       	 0.644552  	 1         	 0         	 0         	 13.327    	 0         
<PITTS::Tensor3<double>> :: void PITTS::fold_left(const MatrixType&, int, Tensor3<T>&) [with T = double; MatrixType = Eigen::Block<const Eigen::Matrix<double, -1, -1>, -1, -1, true>](r1: 3, n: 2, r2: 3)	 0.000245984	 26        	 0         	 0         	 0.030441  	 0         
<PITTS::Tensor3<double>> :: void PITTS::fold_left(const MatrixType&, int, Tensor3<T>&) [with T = double; MatrixType = Eigen::Block<const Eigen::Matrix<double, -1, -1>, -1, -1, true>](r1: 1, n: 2, r2: 2)	 3.6681e-05	 1         	 0         	 0         	 0.00174477	 0         
<PITTS::Tensor3<double>> :: void PITTS::fold_left(const MatrixType&, int, Tensor3<T>&) [with T = double; MatrixType = Eigen::Block<const Eigen::Matrix<double, -1, -1>, -1, -1, true>](r1: 2, n: 2, r2: 3)	 3.4921e-05	 1         	 0         	 0         	 0.00549812	 0         
<PITTS::Tensor3<double>> :: void PITTS::fold_left(const MatrixType&, int, Tensor3<T>&) [with T = double; MatrixType = Eigen::Block<const Eigen::Matrix<double, -1, -1>, -1, -1, true>](r1: 3, n: 2, r2: 2)	 5.5e-07   	 1         	 0         	 0         	 0.349091  	 0         
<PITTS::Tensor3<double>> :: void PITTS::fold_left(const MatrixType&, int, Tensor3<T>&) [with T = double; MatrixType = Eigen::Matrix<double, -1, -1>](r1: 2, n: 2, r2: 1)                                  	 5.3e-07   	 1         	 0         	 0         	 0.120755  	 0         
Timing statistics:
function                                                                                                                                                                              	 time [s]  	 #calls    
<PITTS::TensorTrain<double>> :: PITTS::TensorTrain<T> PITTS::fromDense_classical(Iter, Iter, const std::vector<int>&, T, int) [with Iter = const double*; T = double]                 	 174.563   	 1         
<PITTS::MultiVector<double>> :: void PITTS::randomize(MultiVector<T>&) [with T = double]                                                                                              	 0.644552  	 1         
<PITTS::Tensor3<double>> :: void PITTS::fold_left(const MatrixType&, int, Tensor3<T>&) [with T = double; MatrixType = Eigen::Block<const Eigen::Matrix<double, -1, -1>, -1, -1, true>]	 0.000318136	 29        
<PITTS::MultiVector<double>> :: void PITTS::MultiVector<T>::resize(long long int, long long int, bool, bool) [with T = double]                                                        	 0.000139464	 1         
<PITTS::Tensor3<double>> :: void PITTS::Tensor3<T>::resize(long long int, long long int, long long int, bool, bool) [with T = double]                                                 	 8.3572e-05	 60        
<PITTS::Tensor3<double>> :: void PITTS::fold_left(const MatrixType&, int, Tensor3<T>&) [with T = double; MatrixType = Eigen::Matrix<double, -1, -1>]                                  	 5.3e-07   	 1         
INFO: You are running LIKWID in a cpuset with 64 CPUs. Taking given IDs as logical ID in cpuset
[1;34m[pthread wrapper] 
[0m[1;34m[pthread wrapper] MAIN -> 0
[0m[1;34m[pthread wrapper] PIN_MASK: [0m[1;34m0->1  [0m[1;34m1->2  [0m[1;34m2->3  [0m[1;34m3->4  [0m[1;34m4->5  [0m[1;34m5->6  [0m[1;34m6->7  [0m[1;34m7->8  [0m[1;34m8->9  [0m[1;34m9->10  [0m[1;34m10->11  [0m[1;34m11->12  [0m[1;34m12->13  [0m[1;34m13->14  [0m[1;34m14->15  [0m[1;34m15->16  [0m[1;34m16->17  [0m[1;34m17->18  [0m[1;34m18->19  [0m[1;34m19->20  [0m[1;34m20->21  [0m[1;34m21->22  [0m[1;34m22->23  [0m[1;34m23->24  [0m[1;34m24->25  [0m[1;34m25->26  [0m[1;34m26->27  [0m[1;34m27->28  [0m[1;34m28->29  [0m[1;34m29->30  [0m[1;34m30->31  [0m[1;34m31->32  [0m[1;34m32->33  [0m[1;34m33->34  [0m[1;34m34->35  [0m[1;34m35->36  [0m[1;34m36->37  [0m[1;34m37->38  [0m[1;34m38->39  [0m[1;34m39->40  [0m[1;34m40->41  [0m[1;34m41->42  [0m[1;34m42->43  [0m[1;34m43->44  [0m[1;34m44->45  [0m[1;34m45->46  [0m[1;34m46->47  [0m[1;34m47->48  [0m[1;34m48->49  [0m[1;34m49->50  [0m[1;34m50->51  [0m[1;34m51->52  [0m[1;34m52->53  [0m[1;34m53->54  [0m[1;34m54->55  [0m[1;34m55->56  [0m[1;34m56->57  [0m[1;34m57->58  [0m[1;34m58->59  [0m[1;34m59->60  [0m[1;34m60->61  [0m[1;34m61->62  [0m[1;34m62->63  [0m[1;34m
[pthread wrapper] SKIP MASK: 0x0
[0m[1;34m	threadid 138194082314048 -> hwthread 1 - OK[0m[1;34m
[0m[1;34m	threadid 138194073917376 -> hwthread 2 - OK[0m[1;34m
[0m[1;34m	threadid 138193995294784 -> hwthread 3 - OK[0m[1;34m
[0m[1;34m	threadid 138193986898112 -> hwthread 4 - OK[0m[1;34m
[0m[1;34m	threadid 138193978501440 -> hwthread 5 - OK[0m[1;34m
[0m[1;34m	threadid 138193970104768 -> hwthread 6 - OK[0m[1;34m
[0m[1;34m	threadid 138193961708096 -> hwthread 7 - OK[0m[1;34m
[0m[1;34m	threadid 138193953311424 -> hwthread 8 - OK[0m[1;34m
[0m[1;34m	threadid 138193944914752 -> hwthread 9 - OK[0m[1;34m
[0m[1;34m	threadid 138193391315904 -> hwthread 10 - OK[0m[1;34m
[0m[1;34m	threadid 138193382919232 -> hwthread 11 - OK[0m[1;34m
[0m[1;34m	threadid 138193374522560 -> hwthread 12 - OK[0m[1;34m
[0m[1;34m	threadid 138193366125888 -> hwthread 13 - OK[0m[1;34m
[0m[1;34m	threadid 138193357729216 -> hwthread 14 - OK[0m[1;34m
[0m[1;34m	threadid 138193349332544 -> hwthread 15 - OK[0m[1;34m
[0m[1;34m	threadid 138193340935872 -> hwthread 16 - OK[0m[1;34m
[0m[1;34m	threadid 138192854445888 -> hwthread 17 - OK[0m[1;34m
[0m[1;34m	threadid 138192846049216 -> hwthread 18 - OK[0m[1;34m
[0m[1;34m	threadid 138192837652544 -> hwthread 19 - OK[0m[1;34m
[0m[1;34m	threadid 138192829255872 -> hwthread 20 - OK[0m[1;34m
[0m[1;34m	threadid 138192820859200 -> hwthread 21 - OK[0m[1;34m
[0m[1;34m	threadid 138192812462528 -> hwthread 22 - OK[0m[1;34m
[0m[1;34m	threadid 138192804065856 -> hwthread 23 - OK[0m[1;34m
[0m[1;34m	threadid 138192317575872 -> hwthread 24 - OK[0m[1;34m
[0m[1;34m	threadid 138192309179200 -> hwthread 25 - OK[0m[1;34m
[0m[1;34m	threadid 138192300782528 -> hwthread 26 - OK[0m[1;34m
[0m[1;34m	threadid 138192292385856 -> hwthread 27 - OK[0m[1;34m
[0m[1;34m	threadid 138192283989184 -> hwthread 28 - OK[0m[1;34m
[0m[1;34m	threadid 138192275592512 -> hwthread 29 - OK[0m[1;34m
[0m[1;34m	threadid 138192267195840 -> hwthread 30 - OK[0m[1;34m
[0m[1;34m	threadid 138191780705856 -> hwthread 31 - OK[0m[1;34m
[0m[1;34m	threadid 138191772309184 -> hwthread 32 - OK[0m[1;34m
[0m[1;34m	threadid 138191763908416 -> hwthread 33 - OK[0m[1;34m
[0m[1;34m	threadid 138191755507648 -> hwthread 34 - OK[0m[1;34m
[0m[1;34m	threadid 138191747106880 -> hwthread 35 - OK[0m[1;34m
[0m[1;34m	threadid 138191738706112 -> hwthread 36 - OK[0m[1;34m
[0m[1;34m	threadid 138191730305344 -> hwthread 37 - OK[0m[1;34m
[0m[1;34m	threadid 138191243831744 -> hwthread 38 - OK[0m[1;34m
[0m[1;34m	threadid 138191235430976 -> hwthread 39 - OK[0m[1;34m
[0m[1;34m	threadid 138191227030208 -> hwthread 40 - OK[0m[1;34m
[0m[1;34m	threadid 138191218629440 -> hwthread 41 - OK[0m[1;34m
[0m[1;34m	threadid 138191210228672 -> hwthread 42 - OK[0m[1;34m
[0m[1;34m	threadid 138191201827904 -> hwthread 43 - OK[0m[1;34m
[0m[1;34m	threadid 138191193427136 -> hwthread 44 - OK[0m[1;34m
[0m[1;34m	threadid 138190706961728 -> hwthread 45 - OK[0m[1;34m
[0m[1;34m	threadid 138190698560960 -> hwthread 46 - OK[0m[1;34m
[0m[1;34m	threadid 138190690160192 -> hwthread 47 - OK[0m[1;34m
[0m[1;34m	threadid 138190681759424 -> hwthread 48 - OK[0m[1;34m
[0m[1;34m	threadid 138190673358656 -> hwthread 49 - OK[0m[1;34m
[0m[1;34m	threadid 138190664957888 -> hwthread 50 - OK[0m[1;34m
[0m[1;34m	threadid 138190656557120 -> hwthread 51 - OK[0m[1;34m
[0m[1;34m	threadid 138190170091712 -> hwthread 52 - OK[0m[1;34m
[0m[1;34m	threadid 138190161690944 -> hwthread 53 - OK[0m[1;34m
[0m[1;34m	threadid 138190153290176 -> hwthread 54 - OK[0m[1;34m
[0m[1;34m	threadid 138190144889408 -> hwthread 55 - OK[0m[1;34m
[0m[1;34m	threadid 138190136488640 -> hwthread 56 - OK[0m[1;34m
[0m[1;34m	threadid 138190128087872 -> hwthread 57 - OK[0m[1;34m
[0m[1;34m	threadid 138190119687104 -> hwthread 58 - OK[0m[1;34m
[0m[1;34m	threadid 138189633221696 -> hwthread 59 - OK[0m[1;34m
[0m[1;34m	threadid 138189624820928 -> hwthread 60 - OK[0m[1;34m
[0m[1;34m	threadid 138189616420160 -> hwthread 61 - OK[0m[1;34m
[0m[1;34m	threadid 138189608019392 -> hwthread 62 - OK[0m[1;34m
[0m[1;34m	threadid 138189599618624 -> hwthread 63 - OK[0m[1;34m
[0m[1;34mRoundrobin placement triggered
	threadid 138189591217856 -> hwthread 0 - OK[0m[1;34m
[0m[1;34m	threadid 138189582825152 -> hwthread 1 - OK[0m[1;34m
[0mPITTS: version v0.9.6-2-g6da1bf0-dirty
PITTS: MPI #procs: 1
PITTS: OpenMP #threads: 64
PITTS: SIMD implementation: avx2
PITTS: Eigen SIMD implementation: AVX SSE, SSE2, SSE3, SSSE3, SSE4.1, SSE4.2
PITTS: cache sizes (L1/core, L2/core, L3/accessible) [byte]: (32768, 524288, 805306368)
PITTS: preprocessor definitions: PITTS_DIRECT_MKL_GEMM
Performance statistics:
function                                                                                                                                                                                                  	 time [s]  	 #calls    	 GFlop/s DP	 GFlop/s SP	 GByte/s   	Flops/Byte
<PITTS::MultiVector<double>> :: void PITTS::randomize(MultiVector<T>&) [with T = double](rows: 1073741824, cols: 1)                                                                                       	 0.650619  	 1         	 0         	 0         	 13.2027   	 0         
<PITTS::Tensor3<double>> :: void PITTS::fold_left(const MatrixType&, int, Tensor3<T>&) [with T = double; MatrixType = Eigen::Block<const Eigen::Matrix<double, -1, -1>, -1, -1, true>](r1: 4, n: 2, r2: 4)	 0.00029244	 26        	 0         	 0         	 0.0455204 	 0         
<PITTS::Tensor3<double>> :: void PITTS::fold_left(const MatrixType&, int, Tensor3<T>&) [with T = double; MatrixType = Eigen::Block<const Eigen::Matrix<double, -1, -1>, -1, -1, true>](r1: 1, n: 2, r2: 2)	 3.4351e-05	 1         	 0         	 0         	 0.00186312	 0         
<PITTS::Tensor3<double>> :: void PITTS::fold_left(const MatrixType&, int, Tensor3<T>&) [with T = double; MatrixType = Eigen::Block<const Eigen::Matrix<double, -1, -1>, -1, -1, true>](r1: 2, n: 2, r2: 4)	 3.377e-05 	 1         	 0         	 0         	 0.00758069	 0         
<PITTS::Tensor3<double>> :: void PITTS::fold_left(const MatrixType&, int, Tensor3<T>&) [with T = double; MatrixType = Eigen::Matrix<double, -1, -1>](r1: 2, n: 2, r2: 1)                                  	 1.9e-06   	 1         	 0         	 0         	 0.0336842 	 0         
<PITTS::Tensor3<double>> :: void PITTS::fold_left(const MatrixType&, int, Tensor3<T>&) [with T = double; MatrixType = Eigen::Block<const Eigen::Matrix<double, -1, -1>, -1, -1, true>](r1: 4, n: 2, r2: 2)	 7.8e-07   	 1         	 0         	 0         	 0.328205  	 0         
Timing statistics:
function                                                                                                                                                                              	 time [s]  	 #calls    
<PITTS::TensorTrain<double>> :: PITTS::TensorTrain<T> PITTS::fromDense_classical(Iter, Iter, const std::vector<int>&, T, int) [with Iter = const double*; T = double]                 	 204.791   	 1         
<PITTS::MultiVector<double>> :: void PITTS::randomize(MultiVector<T>&) [with T = double]                                                                                              	 0.650619  	 1         
<PITTS::Tensor3<double>> :: void PITTS::fold_left(const MatrixType&, int, Tensor3<T>&) [with T = double; MatrixType = Eigen::Block<const Eigen::Matrix<double, -1, -1>, -1, -1, true>]	 0.000361341	 29        
<PITTS::MultiVector<double>> :: void PITTS::MultiVector<T>::resize(long long int, long long int, bool, bool) [with T = double]                                                        	 0.000116513	 1         
<PITTS::Tensor3<double>> :: void PITTS::Tensor3<T>::resize(long long int, long long int, long long int, bool, bool) [with T = double]                                                 	 8.6444e-05	 60        
<PITTS::Tensor3<double>> :: void PITTS::fold_left(const MatrixType&, int, Tensor3<T>&) [with T = double; MatrixType = Eigen::Matrix<double, -1, -1>]                                  	 1.9e-06   	 1         
INFO: You are running LIKWID in a cpuset with 64 CPUs. Taking given IDs as logical ID in cpuset
[1;34m[pthread wrapper] 
[0m[1;34m[pthread wrapper] MAIN -> 0
[0m[1;34m[pthread wrapper] PIN_MASK: [0m[1;34m0->1  [0m[1;34m1->2  [0m[1;34m2->3  [0m[1;34m3->4  [0m[1;34m4->5  [0m[1;34m5->6  [0m[1;34m6->7  [0m[1;34m7->8  [0m[1;34m8->9  [0m[1;34m9->10  [0m[1;34m10->11  [0m[1;34m11->12  [0m[1;34m12->13  [0m[1;34m13->14  [0m[1;34m14->15  [0m[1;34m15->16  [0m[1;34m16->17  [0m[1;34m17->18  [0m[1;34m18->19  [0m[1;34m19->20  [0m[1;34m20->21  [0m[1;34m21->22  [0m[1;34m22->23  [0m[1;34m23->24  [0m[1;34m24->25  [0m[1;34m25->26  [0m[1;34m26->27  [0m[1;34m27->28  [0m[1;34m28->29  [0m[1;34m29->30  [0m[1;34m30->31  [0m[1;34m31->32  [0m[1;34m32->33  [0m[1;34m33->34  [0m[1;34m34->35  [0m[1;34m35->36  [0m[1;34m36->37  [0m[1;34m37->38  [0m[1;34m38->39  [0m[1;34m39->40  [0m[1;34m40->41  [0m[1;34m41->42  [0m[1;34m42->43  [0m[1;34m43->44  [0m[1;34m44->45  [0m[1;34m45->46  [0m[1;34m46->47  [0m[1;34m47->48  [0m[1;34m48->49  [0m[1;34m49->50  [0m[1;34m50->51  [0m[1;34m51->52  [0m[1;34m52->53  [0m[1;34m53->54  [0m[1;34m54->55  [0m[1;34m55->56  [0m[1;34m56->57  [0m[1;34m57->58  [0m[1;34m58->59  [0m[1;34m59->60  [0m[1;34m60->61  [0m[1;34m61->62  [0m[1;34m62->63  [0m[1;34m
[pthread wrapper] SKIP MASK: 0x0
[0m[1;34m	threadid 134826658084672 -> hwthread 1 - OK[0m[1;34m
[0m[1;34m	threadid 134826649688000 -> hwthread 2 - OK[0m[1;34m
[0m[1;34m	threadid 134826641291328 -> hwthread 3 - OK[0m[1;34m
[0m[1;34m	threadid 134826632894656 -> hwthread 4 - OK[0m[1;34m
[0m[1;34m	threadid 134826624497984 -> hwthread 5 - OK[0m[1;34m
[0m[1;34m	threadid 134826616101312 -> hwthread 6 - OK[0m[1;34m
[0m[1;34m	threadid 134826271173184 -> hwthread 7 - OK[0m[1;34m
[0m[1;34m	threadid 134826262776512 -> hwthread 8 - OK[0m[1;34m
[0m[1;34m	threadid 134826254379840 -> hwthread 9 - OK[0m[1;34m
[0m[1;34m	threadid 134826245983168 -> hwthread 10 - OK[0m[1;34m
[0m[1;34m	threadid 134826237586496 -> hwthread 11 - OK[0m[1;34m
[0m[1;34m	threadid 134826229189824 -> hwthread 12 - OK[0m[1;34m
[0m[1;34m	threadid 134826220793152 -> hwthread 13 - OK[0m[1;34m
[0m[1;34m	threadid 134825667194304 -> hwthread 14 - OK[0m[1;34m
[0m[1;34m	threadid 134825658797632 -> hwthread 15 - OK[0m[1;34m
[0m[1;34m	threadid 134825650400960 -> hwthread 16 - OK[0m[1;34m
[0m[1;34m	threadid 134825642004288 -> hwthread 17 - OK[0m[1;34m
[0m[1;34m	threadid 134825633607616 -> hwthread 18 - OK[0m[1;34m
[0m[1;34m	threadid 134825625210944 -> hwthread 19 - OK[0m[1;34m
[0m[1;34m	threadid 134825616814272 -> hwthread 20 - OK[0m[1;34m
[0m[1;34m	threadid 134825130324288 -> hwthread 21 - OK[0m[1;34m
[0m[1;34m	threadid 134825121927616 -> hwthread 22 - OK[0m[1;34m
[0m[1;34m	threadid 134825113530944 -> hwthread 23 - OK[0m[1;34m
[0m[1;34m	threadid 134825105134272 -> hwthread 24 - OK[0m[1;34m
[0m[1;34m	threadid 134825096737600 -> hwthread 25 - OK[0m[1;34m
[0m[1;34m	threadid 134825088340928 -> hwthread 26 - OK[0m[1;34m
[0m[1;34m	threadid 134825079944256 -> hwthread 27 - OK[0m[1;34m
[0m[1;34m	threadid 134824593454272 -> hwthread 28 - OK[0m[1;34m
[0m[1;34m	threadid 134824585057600 -> hwthread 29 - OK[0m[1;34m
[0m[1;34m	threadid 134824576660928 -> hwthread 30 - OK[0m[1;34m
[0m[1;34m	threadid 134824568264256 -> hwthread 31 - OK[0m[1;34m
[0m[1;34m	threadid 134824559867584 -> hwthread 32 - OK[0m[1;34m
[0m[1;34m	threadid 134824551466816 -> hwthread 33 - OK[0m[1;34m
[0m[1;34m	threadid 134824543066048 -> hwthread 34 - OK[0m[1;34m
[0m[1;34m	threadid 134824056580160 -> hwthread 35 - OK[0m[1;34m
[0m[1;34m	threadid 134824048179392 -> hwthread 36 - OK[0m[1;34m
[0m[1;34m	threadid 134824039778624 -> hwthread 37 - OK[0m[1;34m
[0m[1;34m	threadid 134824031377856 -> hwthread 38 - OK[0m[1;34m
[0m[1;34m	threadid 134824022977088 -> hwthread 39 - OK[0m[1;34m
[0m[1;34m	threadid 134824014576320 -> hwthread 40 - OK[0m[1;34m
[0m[1;34m	threadid 134824006175552 -> hwthread 41 - OK[0m[1;34m
[0m[1;34m	threadid 134823519710144 -> hwthread 42 - OK[0m[1;34m
[0m[1;34m	threadid 134823511309376 -> hwthread 43 - OK[0m[1;34m
[0m[1;34m	threadid 134823502908608 -> hwthread 44 - OK[0m[1;34m
[0m[1;34m	threadid 134823494507840 -> hwthread 45 - OK[0m[1;34m
[0m[1;34m	threadid 134823486107072 -> hwthread 46 - OK[0m[1;34m
[0m[1;34m	threadid 134823477706304 -> hwthread 47 - OK[0m[1;34m
[0m[1;34m	threadid 134823469305536 -> hwthread 48 - OK[0m[1;34m
[0m[1;34m	threadid 134822982840128 -> hwthread 49 - OK[0m[1;34m
[0m[1;34m	threadid 134822974439360 -> hwthread 50 - OK[0m[1;34m
[0m[1;34m	threadid 134822966038592 -> hwthread 51 - OK[0m[1;34m
[0m[1;34m	threadid 134822957637824 -> hwthread 52 - OK[0m[1;34m
[0m[1;34m	threadid 134822949237056 -> hwthread 53 - OK[0m[1;34m
[0m[1;34m	threadid 134822940836288 -> hwthread 54 - OK[0m[1;34m
[0m[1;34m	threadid 134822932435520 -> hwthread 55 - OK[0m[1;34m
[0m[1;34m	threadid 134822445970112 -> hwthread 56 - OK[0m[1;34m
[0m[1;34m	threadid 134822437569344 -> hwthread 57 - OK[0m[1;34m
[0m[1;34m	threadid 134822429168576 -> hwthread 58 - OK[0m[1;34m
[0m[1;34m	threadid 134822420767808 -> hwthread 59 - OK[0m[1;34m
[0m[1;34m	threadid 134822412367040 -> hwthread 60 - OK[0m[1;34m
[0m[1;34m	threadid 134822403966272 -> hwthread 61 - OK[0m[1;34m
[0m[1;34m	threadid 134822395565504 -> hwthread 62 - OK[0m[1;34m
[0m[1;34m	threadid 134821909100096 -> hwthread 63 - OK[0m[1;34m
[0m[1;34mRoundrobin placement triggered
	threadid 134821900699328 -> hwthread 0 - OK[0m[1;34m
[0m[1;34m	threadid 134821892306624 -> hwthread 1 - OK[0m[1;34m
[0mPITTS: version v0.9.6-2-g6da1bf0-dirty
PITTS: MPI #procs: 1
PITTS: OpenMP #threads: 64
PITTS: SIMD implementation: avx2
PITTS: Eigen SIMD implementation: AVX SSE, SSE2, SSE3, SSSE3, SSE4.1, SSE4.2
PITTS: cache sizes (L1/core, L2/core, L3/accessible) [byte]: (32768, 524288, 805306368)
PITTS: preprocessor definitions: PITTS_DIRECT_MKL_GEMM
Performance statistics:
function                                                                                                                                                                                                  	 time [s]  	 #calls    	 GFlop/s DP	 GFlop/s SP	 GByte/s   	Flops/Byte
<PITTS::MultiVector<double>> :: void PITTS::randomize(MultiVector<T>&) [with T = double](rows: 1073741824, cols: 1)                                                                                       	 0.620607  	 1         	 0         	 0         	 13.8412   	 0         
<PITTS::Tensor3<double>> :: void PITTS::fold_left(const MatrixType&, int, Tensor3<T>&) [with T = double; MatrixType = Eigen::Block<const Eigen::Matrix<double, -1, -1>, -1, -1, true>](r1: 5, n: 2, r2: 5)	 0.000218636	 24        	 0         	 0         	 0.0878172 	 0         
<PITTS::Tensor3<double>> :: void PITTS::fold_left(const MatrixType&, int, Tensor3<T>&) [with T = double; MatrixType = Eigen::Block<const Eigen::Matrix<double, -1, -1>, -1, -1, true>](r1: 1, n: 2, r2: 2)	 3.7231e-05	 1         	 0         	 0         	 0.001719  	 0         
<PITTS::Tensor3<double>> :: void PITTS::fold_left(const MatrixType&, int, Tensor3<T>&) [with T = double; MatrixType = Eigen::Block<const Eigen::Matrix<double, -1, -1>, -1, -1, true>](r1: 2, n: 2, r2: 4)	 3.4411e-05	 1         	 0         	 0         	 0.00743948	 0         
<PITTS::Tensor3<double>> :: void PITTS::fold_left(const MatrixType&, int, Tensor3<T>&) [with T = double; MatrixType = Eigen::Block<const Eigen::Matrix<double, -1, -1>, -1, -1, true>](r1: 4, n: 2, r2: 5)	 3.0061e-05	 1         	 0         	 0         	 0.02129   	 0         
<PITTS::Tensor3<double>> :: void PITTS::fold_left(const MatrixType&, int, Tensor3<T>&) [with T = double; MatrixType = Eigen::Block<const Eigen::Matrix<double, -1, -1>, -1, -1, true>](r1: 4, n: 2, r2: 2)	 7.8e-07   	 1         	 0         	 0         	 0.328205  	 0         
<PITTS::Tensor3<double>> :: void PITTS::fold_left(const MatrixType&, int, Tensor3<T>&) [with T = double; MatrixType = Eigen::Block<const Eigen::Matrix<double, -1, -1>, -1, -1, true>](r1: 5, n: 2, r2: 4)	 7.7e-07   	 1         	 0         	 0         	 0.831169  	 0         
<PITTS::Tensor3<double>> :: void PITTS::fold_left(const MatrixType&, int, Tensor3<T>&) [with T = double; MatrixType = Eigen::Matrix<double, -1, -1>](r1: 2, n: 2, r2: 1)                                  	 5.4e-07   	 1         	 0         	 0         	 0.118519  	 0         
Timing statistics:
function                                                                                                                                                                              	 time [s]  	 #calls    
<PITTS::TensorTrain<double>> :: PITTS::TensorTrain<T> PITTS::fromDense_classical(Iter, Iter, const std::vector<int>&, T, int) [with Iter = const double*; T = double]                 	 233.465   	 1         
<PITTS::MultiVector<double>> :: void PITTS::randomize(MultiVector<T>&) [with T = double]                                                                                              	 0.620607  	 1         
<PITTS::Tensor3<double>> :: void PITTS::fold_left(const MatrixType&, int, Tensor3<T>&) [with T = double; MatrixType = Eigen::Block<const Eigen::Matrix<double, -1, -1>, -1, -1, true>]	 0.000321889	 29        
<PITTS::MultiVector<double>> :: void PITTS::MultiVector<T>::resize(long long int, long long int, bool, bool) [with T = double]                                                        	 0.000120813	 1         
<PITTS::Tensor3<double>> :: void PITTS::Tensor3<T>::resize(long long int, long long int, long long int, bool, bool) [with T = double]                                                 	 7.2854e-05	 60        
<PITTS::Tensor3<double>> :: void PITTS::fold_left(const MatrixType&, int, Tensor3<T>&) [with T = double; MatrixType = Eigen::Matrix<double, -1, -1>]                                  	 5.4e-07   	 1         
INFO: You are running LIKWID in a cpuset with 64 CPUs. Taking given IDs as logical ID in cpuset
[1;34m[pthread wrapper] 
[0m[1;34m[pthread wrapper] MAIN -> 0
[0m[1;34m[pthread wrapper] PIN_MASK: [0m[1;34m0->1  [0m[1;34m1->2  [0m[1;34m2->3  [0m[1;34m3->4  [0m[1;34m4->5  [0m[1;34m5->6  [0m[1;34m6->7  [0m[1;34m7->8  [0m[1;34m8->9  [0m[1;34m9->10  [0m[1;34m10->11  [0m[1;34m11->12  [0m[1;34m12->13  [0m[1;34m13->14  [0m[1;34m14->15  [0m[1;34m15->16  [0m[1;34m16->17  [0m[1;34m17->18  [0m[1;34m18->19  [0m[1;34m19->20  [0m[1;34m20->21  [0m[1;34m21->22  [0m[1;34m22->23  [0m[1;34m23->24  [0m[1;34m24->25  [0m[1;34m25->26  [0m[1;34m26->27  [0m[1;34m27->28  [0m[1;34m28->29  [0m[1;34m29->30  [0m[1;34m30->31  [0m[1;34m31->32  [0m[1;34m32->33  [0m[1;34m33->34  [0m[1;34m34->35  [0m[1;34m35->36  [0m[1;34m36->37  [0m[1;34m37->38  [0m[1;34m38->39  [0m[1;34m39->40  [0m[1;34m40->41  [0m[1;34m41->42  [0m[1;34m42->43  [0m[1;34m43->44  [0m[1;34m44->45  [0m[1;34m45->46  [0m[1;34m46->47  [0m[1;34m47->48  [0m[1;34m48->49  [0m[1;34m49->50  [0m[1;34m50->51  [0m[1;34m51->52  [0m[1;34m52->53  [0m[1;34m53->54  [0m[1;34m54->55  [0m[1;34m55->56  [0m[1;34m56->57  [0m[1;34m57->58  [0m[1;34m58->59  [0m[1;34m59->60  [0m[1;34m60->61  [0m[1;34m61->62  [0m[1;34m62->63  [0m[1;34m
[pthread wrapper] SKIP MASK: 0x0
[0m[1;34m	threadid 135627734497088 -> hwthread 1 - OK[0m[1;34m
[0m[1;34m	threadid 135627726100416 -> hwthread 2 - OK[0m[1;34m
[0m[1;34m	threadid 135627717703744 -> hwthread 3 - OK[0m[1;34m
[0m[1;34m	threadid 135627709307072 -> hwthread 4 - OK[0m[1;34m
[0m[1;34m	threadid 135627700910400 -> hwthread 5 - OK[0m[1;34m
[0m[1;34m	threadid 135627349682624 -> hwthread 6 - OK[0m[1;34m
[0m[1;34m	threadid 135627341285952 -> hwthread 7 - OK[0m[1;34m
[0m[1;34m	threadid 135627332889280 -> hwthread 8 - OK[0m[1;34m
[0m[1;34m	threadid 135627324492608 -> hwthread 9 - OK[0m[1;34m
[0m[1;34m	threadid 135627316095936 -> hwthread 10 - OK[0m[1;34m
[0m[1;34m	threadid 135627307699264 -> hwthread 11 - OK[0m[1;34m
[0m[1;34m	threadid 135627299302592 -> hwthread 12 - OK[0m[1;34m
[0m[1;34m	threadid 135626812812608 -> hwthread 13 - OK[0m[1;34m
[0m[1;34m	threadid 135626804415936 -> hwthread 14 - OK[0m[1;34m
[0m[1;34m	threadid 135626796019264 -> hwthread 15 - OK[0m[1;34m
[0m[1;34m	threadid 135626787622592 -> hwthread 16 - OK[0m[1;34m
[0m[1;34m	threadid 135626779225920 -> hwthread 17 - OK[0m[1;34m
[0m[1;34m	threadid 135626770829248 -> hwthread 18 - OK[0m[1;34m
[0m[1;34m	threadid 135626762432576 -> hwthread 19 - OK[0m[1;34m
[0m[1;34m	threadid 135626275942592 -> hwthread 20 - OK[0m[1;34m
[0m[1;34m	threadid 135626267545920 -> hwthread 21 - OK[0m[1;34m
[0m[1;34m	threadid 135626259149248 -> hwthread 22 - OK[0m[1;34m
[0m[1;34m	threadid 135626250752576 -> hwthread 23 - OK[0m[1;34m
[0m[1;34m	threadid 135626242355904 -> hwthread 24 - OK[0m[1;34m
[0m[1;34m	threadid 135626233959232 -> hwthread 25 - OK[0m[1;34m
[0m[1;34m	threadid 135626225562560 -> hwthread 26 - OK[0m[1;34m
[0m[1;34m	threadid 135625739072576 -> hwthread 27 - OK[0m[1;34m
[0m[1;34m	threadid 135625730675904 -> hwthread 28 - OK[0m[1;34m
[0m[1;34m	threadid 135625722279232 -> hwthread 29 - OK[0m[1;34m
[0m[1;34m	threadid 135625713882560 -> hwthread 30 - OK[0m[1;34m
[0m[1;34m	threadid 135625705485888 -> hwthread 31 - OK[0m[1;34m
[0m[1;34m	threadid 135625697089216 -> hwthread 32 - OK[0m[1;34m
[0m[1;34m	threadid 135625688688448 -> hwthread 33 - OK[0m[1;34m
[0m[1;34m	threadid 135625202198464 -> hwthread 34 - OK[0m[1;34m
[0m[1;34m	threadid 135625193797696 -> hwthread 35 - OK[0m[1;34m
[0m[1;34m	threadid 135625185396928 -> hwthread 36 - OK[0m[1;34m
[0m[1;34m	threadid 135625176996160 -> hwthread 37 - OK[0m[1;34m
[0m[1;34m	threadid 135625168595392 -> hwthread 38 - OK[0m[1;34m
[0m[1;34m	threadid 135625160194624 -> hwthread 39 - OK[0m[1;34m
[0m[1;34m	threadid 135625151793856 -> hwthread 40 - OK[0m[1;34m
[0m[1;34m	threadid 135624665328448 -> hwthread 41 - OK[0m[1;34m
[0m[1;34m	threadid 135624656927680 -> hwthread 42 - OK[0m[1;34m
[0m[1;34m	threadid 135624648526912 -> hwthread 43 - OK[0m[1;34m
[0m[1;34m	threadid 135624640126144 -> hwthread 44 - OK[0m[1;34m
[0m[1;34m	threadid 135624631725376 -> hwthread 45 - OK[0m[1;34m
[0m[1;34m	threadid 135624623324608 -> hwthread 46 - OK[0m[1;34m
[0m[1;34m	threadid 135624614923840 -> hwthread 47 - OK[0m[1;34m
[0m[1;34m	threadid 135624128458432 -> hwthread 48 - OK[0m[1;34m
[0m[1;34m	threadid 135624120057664 -> hwthread 49 - OK[0m[1;34m
[0m[1;34m	threadid 135624111656896 -> hwthread 50 - OK[0m[1;34m
[0m[1;34m	threadid 135624103256128 -> hwthread 51 - OK[0m[1;34m
[0m[1;34m	threadid 135624094855360 -> hwthread 52 - OK[0m[1;34m
[0m[1;34m	threadid 135624086454592 -> hwthread 53 - OK[0m[1;34m
[0m[1;34m	threadid 135624078053824 -> hwthread 54 - OK[0m[1;34m
[0m[1;34m	threadid 135623591588416 -> hwthread 55 - OK[0m[1;34m
[0m[1;34m	threadid 135623583187648 -> hwthread 56 - OK[0m[1;34m
[0m[1;34m	threadid 135623574786880 -> hwthread 57 - OK[0m[1;34m
[0m[1;34m	threadid 135623566386112 -> hwthread 58 - OK[0m[1;34m
[0m[1;34m	threadid 135623557985344 -> hwthread 59 - OK[0m[1;34m
[0m[1;34m	threadid 135623549584576 -> hwthread 60 - OK[0m[1;34m
[0m[1;34m	threadid 135623541183808 -> hwthread 61 - OK[0m[1;34m
[0m[1;34m	threadid 135623054718400 -> hwthread 62 - OK[0m[1;34m
[0m[1;34m	threadid 135623046317632 -> hwthread 63 - OK[0m[1;34m
[0m[1;34mRoundrobin placement triggered
	threadid 135623037916864 -> hwthread 0 - OK[0m[1;34m
[0m[1;34m	threadid 135623029524160 -> hwthread 1 - OK[0m[1;34m
[0mPITTS: version v0.9.6-2-g6da1bf0-dirty
PITTS: MPI #procs: 1
PITTS: OpenMP #threads: 64
PITTS: SIMD implementation: avx2
PITTS: Eigen SIMD implementation: AVX SSE, SSE2, SSE3, SSSE3, SSE4.1, SSE4.2
PITTS: cache sizes (L1/core, L2/core, L3/accessible) [byte]: (32768, 524288, 805306368)
PITTS: preprocessor definitions: PITTS_DIRECT_MKL_GEMM
Performance statistics:
function                                                                                                                                                                                                  	 time [s]  	 #calls    	 GFlop/s DP	 GFlop/s SP	 GByte/s   	Flops/Byte
<PITTS::MultiVector<double>> :: void PITTS::randomize(MultiVector<T>&) [with T = double](rows: 1073741824, cols: 1)                                                                                       	 0.620034  	 1         	 0         	 0         	 13.854    	 0         
<PITTS::Tensor3<double>> :: void PITTS::fold_left(const MatrixType&, int, Tensor3<T>&) [with T = double; MatrixType = Eigen::Block<const Eigen::Matrix<double, -1, -1>, -1, -1, true>](r1: 6, n: 2, r2: 6)	 0.000245477	 24        	 0         	 0         	 0.11263   	 0         
<PITTS::Tensor3<double>> :: void PITTS::fold_left(const MatrixType&, int, Tensor3<T>&) [with T = double; MatrixType = Eigen::Block<const Eigen::Matrix<double, -1, -1>, -1, -1, true>](r1: 2, n: 2, r2: 4)	 4.3191e-05	 1         	 0         	 0         	 0.00592716	 0         
<PITTS::Tensor3<double>> :: void PITTS::fold_left(const MatrixType&, int, Tensor3<T>&) [with T = double; MatrixType = Eigen::Block<const Eigen::Matrix<double, -1, -1>, -1, -1, true>](r1: 1, n: 2, r2: 2)	 3.8022e-05	 1         	 0         	 0         	 0.00168324	 0         
<PITTS::Tensor3<double>> :: void PITTS::fold_left(const MatrixType&, int, Tensor3<T>&) [with T = double; MatrixType = Eigen::Block<const Eigen::Matrix<double, -1, -1>, -1, -1, true>](r1: 4, n: 2, r2: 6)	 3.4381e-05	 1         	 0         	 0         	 0.0223379 	 0         
<PITTS::Tensor3<double>> :: void PITTS::fold_left(const MatrixType&, int, Tensor3<T>&) [with T = double; MatrixType = Eigen::Block<const Eigen::Matrix<double, -1, -1>, -1, -1, true>](r1: 6, n: 2, r2: 4)	 2.07e-06  	 1         	 0         	 0         	 0.371014  	 0         
<PITTS::Tensor3<double>> :: void PITTS::fold_left(const MatrixType&, int, Tensor3<T>&) [with T = double; MatrixType = Eigen::Block<const Eigen::Matrix<double, -1, -1>, -1, -1, true>](r1: 4, n: 2, r2: 2)	 8e-07     	 1         	 0         	 0         	 0.32      	 0         
<PITTS::Tensor3<double>> :: void PITTS::fold_left(const MatrixType&, int, Tensor3<T>&) [with T = double; MatrixType = Eigen::Matrix<double, -1, -1>](r1: 2, n: 2, r2: 1)                                  	 4.5e-07   	 1         	 0         	 0         	 0.142222  	 0         
Timing statistics:
function                                                                                                                                                                              	 time [s]  	 #calls    
<PITTS::TensorTrain<double>> :: PITTS::TensorTrain<T> PITTS::fromDense_classical(Iter, Iter, const std::vector<int>&, T, int) [with Iter = const double*; T = double]                 	 251.926   	 1         
<PITTS::MultiVector<double>> :: void PITTS::randomize(MultiVector<T>&) [with T = double]                                                                                              	 0.620034  	 1         
<PITTS::Tensor3<double>> :: void PITTS::fold_left(const MatrixType&, int, Tensor3<T>&) [with T = double; MatrixType = Eigen::Block<const Eigen::Matrix<double, -1, -1>, -1, -1, true>]	 0.000363941	 29        
<PITTS::MultiVector<double>> :: void PITTS::MultiVector<T>::resize(long long int, long long int, bool, bool) [with T = double]                                                        	 0.000135994	 1         
<PITTS::Tensor3<double>> :: void PITTS::Tensor3<T>::resize(long long int, long long int, long long int, bool, bool) [with T = double]                                                 	 8.1245e-05	 60        
<PITTS::Tensor3<double>> :: void PITTS::fold_left(const MatrixType&, int, Tensor3<T>&) [with T = double; MatrixType = Eigen::Matrix<double, -1, -1>]                                  	 4.5e-07   	 1         
INFO: You are running LIKWID in a cpuset with 64 CPUs. Taking given IDs as logical ID in cpuset
[1;34m[pthread wrapper] 
[0m[1;34m[pthread wrapper] MAIN -> 0
[0m[1;34m[pthread wrapper] PIN_MASK: [0m[1;34m0->1  [0m[1;34m1->2  [0m[1;34m2->3  [0m[1;34m3->4  [0m[1;34m4->5  [0m[1;34m5->6  [0m[1;34m6->7  [0m[1;34m7->8  [0m[1;34m8->9  [0m[1;34m9->10  [0m[1;34m10->11  [0m[1;34m11->12  [0m[1;34m12->13  [0m[1;34m13->14  [0m[1;34m14->15  [0m[1;34m15->16  [0m[1;34m16->17  [0m[1;34m17->18  [0m[1;34m18->19  [0m[1;34m19->20  [0m[1;34m20->21  [0m[1;34m21->22  [0m[1;34m22->23  [0m[1;34m23->24  [0m[1;34m24->25  [0m[1;34m25->26  [0m[1;34m26->27  [0m[1;34m27->28  [0m[1;34m28->29  [0m[1;34m29->30  [0m[1;34m30->31  [0m[1;34m31->32  [0m[1;34m32->33  [0m[1;34m33->34  [0m[1;34m34->35  [0m[1;34m35->36  [0m[1;34m36->37  [0m[1;34m37->38  [0m[1;34m38->39  [0m[1;34m39->40  [0m[1;34m40->41  [0m[1;34m41->42  [0m[1;34m42->43  [0m[1;34m43->44  [0m[1;34m44->45  [0m[1;34m45->46  [0m[1;34m46->47  [0m[1;34m47->48  [0m[1;34m48->49  [0m[1;34m49->50  [0m[1;34m50->51  [0m[1;34m51->52  [0m[1;34m52->53  [0m[1;34m53->54  [0m[1;34m54->55  [0m[1;34m55->56  [0m[1;34m56->57  [0m[1;34m57->58  [0m[1;34m58->59  [0m[1;34m59->60  [0m[1;34m60->61  [0m[1;34m61->62  [0m[1;34m62->63  [0m[1;34m
[pthread wrapper] SKIP MASK: 0x0
[0m[1;34m	threadid 139748567918400 -> hwthread 1 - OK[0m[1;34m
[0m[1;34m	threadid 139748559521728 -> hwthread 2 - OK[0m[1;34m
[0m[1;34m	threadid 139748551125056 -> hwthread 3 - OK[0m[1;34m
[0m[1;34m	threadid 139748542728384 -> hwthread 4 - OK[0m[1;34m
[0m[1;34m	threadid 139748534331712 -> hwthread 5 - OK[0m[1;34m
[0m[1;34m	threadid 139748525935040 -> hwthread 6 - OK[0m[1;34m
[0m[1;34m	threadid 139748517538368 -> hwthread 7 - OK[0m[1;34m
[0m[1;34m	threadid 139748035259072 -> hwthread 8 - OK[0m[1;34m
[0m[1;34m	threadid 139748026862400 -> hwthread 9 - OK[0m[1;34m
[0m[1;34m	threadid 139748018465728 -> hwthread 10 - OK[0m[1;34m
[0m[1;34m	threadid 139748010069056 -> hwthread 11 - OK[0m[1;34m
[0m[1;34m	threadid 139748001672384 -> hwthread 12 - OK[0m[1;34m
[0m[1;34m	threadid 139747993275712 -> hwthread 13 - OK[0m[1;34m
[0m[1;34m	threadid 139747984879040 -> hwthread 14 - OK[0m[1;34m
[0m[1;34m	threadid 139747498389056 -> hwthread 15 - OK[0m[1;34m
[0m[1;34m	threadid 139747489992384 -> hwthread 16 - OK[0m[1;34m
[0m[1;34m	threadid 139747481595712 -> hwthread 17 - OK[0m[1;34m
[0m[1;34m	threadid 139747473199040 -> hwthread 18 - OK[0m[1;34m
[0m[1;34m	threadid 139747464802368 -> hwthread 19 - OK[0m[1;34m
[0m[1;34m	threadid 139747456405696 -> hwthread 20 - OK[0m[1;34m
[0m[1;34m	threadid 139747448009024 -> hwthread 21 - OK[0m[1;34m
[0m[1;34m	threadid 139746961519040 -> hwthread 22 - OK[0m[1;34m
[0m[1;34m	threadid 139746953122368 -> hwthread 23 - OK[0m[1;34m
[0m[1;34m	threadid 139746944725696 -> hwthread 24 - OK[0m[1;34m
[0m[1;34m	threadid 139746936329024 -> hwthread 25 - OK[0m[1;34m
[0m[1;34m	threadid 139746927932352 -> hwthread 26 - OK[0m[1;34m
[0m[1;34m	threadid 139746919535680 -> hwthread 27 - OK[0m[1;34m
[0m[1;34m	threadid 139746911139008 -> hwthread 28 - OK[0m[1;34m
[0m[1;34m	threadid 139746424649024 -> hwthread 29 - OK[0m[1;34m
[0m[1;34m	threadid 139746416252352 -> hwthread 30 - OK[0m[1;34m
[0m[1;34m	threadid 139746407855680 -> hwthread 31 - OK[0m[1;34m
[0m[1;34m	threadid 139746399459008 -> hwthread 32 - OK[0m[1;34m
[0m[1;34m	threadid 139746391058240 -> hwthread 33 - OK[0m[1;34m
[0m[1;34m	threadid 139746382657472 -> hwthread 34 - OK[0m[1;34m
[0m[1;34m	threadid 139746374256704 -> hwthread 35 - OK[0m[1;34m
[0m[1;34m	threadid 139745887774912 -> hwthread 36 - OK[0m[1;34m
[0m[1;34m	threadid 139745879374144 -> hwthread 37 - OK[0m[1;34m
[0m[1;34m	threadid 139745870973376 -> hwthread 38 - OK[0m[1;34m
[0m[1;34m	threadid 139745862572608 -> hwthread 39 - OK[0m[1;34m
[0m[1;34m	threadid 139745854171840 -> hwthread 40 - OK[0m[1;34m
[0m[1;34m	threadid 139745845771072 -> hwthread 41 - OK[0m[1;34m
[0m[1;34m	threadid 139745837370304 -> hwthread 42 - OK[0m[1;34m
[0m[1;34m	threadid 139745350904896 -> hwthread 43 - OK[0m[1;34m
[0m[1;34m	threadid 139745342504128 -> hwthread 44 - OK[0m[1;34m
[0m[1;34m	threadid 139745334103360 -> hwthread 45 - OK[0m[1;34m
[0m[1;34m	threadid 139745325702592 -> hwthread 46 - OK[0m[1;34m
[0m[1;34m	threadid 139745317301824 -> hwthread 47 - OK[0m[1;34m
[0m[1;34m	threadid 139745308901056 -> hwthread 48 - OK[0m[1;34m
[0m[1;34m	threadid 139745300500288 -> hwthread 49 - OK[0m[1;34m
[0m[1;34m	threadid 139744814034880 -> hwthread 50 - OK[0m[1;34m
[0m[1;34m	threadid 139744805634112 -> hwthread 51 - OK[0m[1;34m
[0m[1;34m	threadid 139744797233344 -> hwthread 52 - OK[0m[1;34m
[0m[1;34m	threadid 139744788832576 -> hwthread 53 - OK[0m[1;34m
[0m[1;34m	threadid 139744780431808 -> hwthread 54 - OK[0m[1;34m
[0m[1;34m	threadid 139744772031040 -> hwthread 55 - OK[0m[1;34m
[0m[1;34m	threadid 139744763630272 -> hwthread 56 - OK[0m[1;34m
[0m[1;34m	threadid 139744277164864 -> hwthread 57 - OK[0m[1;34m
[0m[1;34m	threadid 139744268764096 -> hwthread 58 - OK[0m[1;34m
[0m[1;34m	threadid 139744260363328 -> hwthread 59 - OK[0m[1;34m
[0m[1;34m	threadid 139744251962560 -> hwthread 60 - OK[0m[1;34m
[0m[1;34m	threadid 139744243561792 -> hwthread 61 - OK[0m[1;34m
[0m[1;34m	threadid 139744235161024 -> hwthread 62 - OK[0m[1;34m
[0m[1;34m	threadid 139744226760256 -> hwthread 63 - OK[0m[1;34m
[0m[1;34mRoundrobin placement triggered
	threadid 139743740294848 -> hwthread 0 - OK[0m[1;34m
[0m[1;34m	threadid 139743731902144 -> hwthread 1 - OK[0m[1;34m
[0mPITTS: version v0.9.6-2-g6da1bf0-dirty
PITTS: MPI #procs: 1
PITTS: OpenMP #threads: 64
PITTS: SIMD implementation: avx2
PITTS: Eigen SIMD implementation: AVX SSE, SSE2, SSE3, SSSE3, SSE4.1, SSE4.2
PITTS: cache sizes (L1/core, L2/core, L3/accessible) [byte]: (32768, 524288, 805306368)
PITTS: preprocessor definitions: PITTS_DIRECT_MKL_GEMM
Performance statistics:
function                                                                                                                                                                                                  	 time [s]  	 #calls    	 GFlop/s DP	 GFlop/s SP	 GByte/s   	Flops/Byte
<PITTS::MultiVector<double>> :: void PITTS::randomize(MultiVector<T>&) [with T = double](rows: 1073741824, cols: 1)                                                                                       	 0.618479  	 1         	 0         	 0         	 13.8888   	 0         
<PITTS::Tensor3<double>> :: void PITTS::fold_left(const MatrixType&, int, Tensor3<T>&) [with T = double; MatrixType = Eigen::Block<const Eigen::Matrix<double, -1, -1>, -1, -1, true>](r1: 7, n: 2, r2: 7)	 0.000263806	 24        	 0         	 0         	 0.14265   	 0         
<PITTS::Tensor3<double>> :: void PITTS::fold_left(const MatrixType&, int, Tensor3<T>&) [with T = double; MatrixType = Eigen::Block<const Eigen::Matrix<double, -1, -1>, -1, -1, true>](r1: 2, n: 2, r2: 4)	 4.6241e-05	 1         	 0         	 0         	 0.00553621	 0         
<PITTS::Tensor3<double>> :: void PITTS::fold_left(const MatrixType&, int, Tensor3<T>&) [with T = double; MatrixType = Eigen::Block<const Eigen::Matrix<double, -1, -1>, -1, -1, true>](r1: 1, n: 2, r2: 2)	 3.5311e-05	 1         	 0         	 0         	 0.00181247	 0         
<PITTS::Tensor3<double>> :: void PITTS::fold_left(const MatrixType&, int, Tensor3<T>&) [with T = double; MatrixType = Eigen::Block<const Eigen::Matrix<double, -1, -1>, -1, -1, true>](r1: 4, n: 2, r2: 7)	 2.8981e-05	 1         	 0         	 0         	 0.0309168 	 0         
<PITTS::Tensor3<double>> :: void PITTS::fold_left(const MatrixType&, int, Tensor3<T>&) [with T = double; MatrixType = Eigen::Block<const Eigen::Matrix<double, -1, -1>, -1, -1, true>](r1: 7, n: 2, r2: 4)	 7.5e-07   	 1         	 0         	 0         	 1.19467   	 0         
<PITTS::Tensor3<double>> :: void PITTS::fold_left(const MatrixType&, int, Tensor3<T>&) [with T = double; MatrixType = Eigen::Block<const Eigen::Matrix<double, -1, -1>, -1, -1, true>](r1: 4, n: 2, r2: 2)	 6.1e-07   	 1         	 0         	 0         	 0.419672  	 0         
<PITTS::Tensor3<double>> :: void PITTS::fold_left(const MatrixType&, int, Tensor3<T>&) [with T = double; MatrixType = Eigen::Matrix<double, -1, -1>](r1: 2, n: 2, r2: 1)                                  	 4.1e-07   	 1         	 0         	 0         	 0.156098  	 0         
Timing statistics:
function                                                                                                                                                                              	 time [s]  	 #calls    
<PITTS::TensorTrain<double>> :: PITTS::TensorTrain<T> PITTS::fromDense_classical(Iter, Iter, const std::vector<int>&, T, int) [with Iter = const double*; T = double]                 	 272.303   	 1         
<PITTS::MultiVector<double>> :: void PITTS::randomize(MultiVector<T>&) [with T = double]                                                                                              	 0.618479  	 1         
<PITTS::Tensor3<double>> :: void PITTS::fold_left(const MatrixType&, int, Tensor3<T>&) [with T = double; MatrixType = Eigen::Block<const Eigen::Matrix<double, -1, -1>, -1, -1, true>]	 0.000375699	 29        
<PITTS::MultiVector<double>> :: void PITTS::MultiVector<T>::resize(long long int, long long int, bool, bool) [with T = double]                                                        	 0.000125844	 1         
<PITTS::Tensor3<double>> :: void PITTS::Tensor3<T>::resize(long long int, long long int, long long int, bool, bool) [with T = double]                                                 	 8.9061e-05	 60        
<PITTS::Tensor3<double>> :: void PITTS::fold_left(const MatrixType&, int, Tensor3<T>&) [with T = double; MatrixType = Eigen::Matrix<double, -1, -1>]                                  	 4.1e-07   	 1         
INFO: You are running LIKWID in a cpuset with 64 CPUs. Taking given IDs as logical ID in cpuset
[1;34m[pthread wrapper] 
[0m[1;34m[pthread wrapper] MAIN -> 0
[0m[1;34m[pthread wrapper] PIN_MASK: [0m[1;34m0->1  [0m[1;34m1->2  [0m[1;34m2->3  [0m[1;34m3->4  [0m[1;34m4->5  [0m[1;34m5->6  [0m[1;34m6->7  [0m[1;34m7->8  [0m[1;34m8->9  [0m[1;34m9->10  [0m[1;34m10->11  [0m[1;34m11->12  [0m[1;34m12->13  [0m[1;34m13->14  [0m[1;34m14->15  [0m[1;34m15->16  [0m[1;34m16->17  [0m[1;34m17->18  [0m[1;34m18->19  [0m[1;34m19->20  [0m[1;34m20->21  [0m[1;34m21->22  [0m[1;34m22->23  [0m[1;34m23->24  [0m[1;34m24->25  [0m[1;34m25->26  [0m[1;34m26->27  [0m[1;34m27->28  [0m[1;34m28->29  [0m[1;34m29->30  [0m[1;34m30->31  [0m[1;34m31->32  [0m[1;34m32->33  [0m[1;34m33->34  [0m[1;34m34->35  [0m[1;34m35->36  [0m[1;34m36->37  [0m[1;34m37->38  [0m[1;34m38->39  [0m[1;34m39->40  [0m[1;34m40->41  [0m[1;34m41->42  [0m[1;34m42->43  [0m[1;34m43->44  [0m[1;34m44->45  [0m[1;34m45->46  [0m[1;34m46->47  [0m[1;34m47->48  [0m[1;34m48->49  [0m[1;34m49->50  [0m[1;34m50->51  [0m[1;34m51->52  [0m[1;34m52->53  [0m[1;34m53->54  [0m[1;34m54->55  [0m[1;34m55->56  [0m[1;34m56->57  [0m[1;34m57->58  [0m[1;34m58->59  [0m[1;34m59->60  [0m[1;34m60->61  [0m[1;34m61->62  [0m[1;34m62->63  [0m[1;34m
[pthread wrapper] SKIP MASK: 0x0
[0m[1;34m	threadid 131787648902976 -> hwthread 1 - OK[0m[1;34m
[0m[1;34m	threadid 131787640506304 -> hwthread 2 - OK[0m[1;34m
[0m[1;34m	threadid 131787632109632 -> hwthread 3 - OK[0m[1;34m
[0m[1;34m	threadid 131787623712960 -> hwthread 4 - OK[0m[1;34m
[0m[1;34m	threadid 131787615316288 -> hwthread 5 - OK[0m[1;34m
[0m[1;34m	threadid 131787606919616 -> hwthread 6 - OK[0m[1;34m
[0m[1;34m	threadid 131787598522944 -> hwthread 7 - OK[0m[1;34m
[0m[1;34m	threadid 131787112049344 -> hwthread 8 - OK[0m[1;34m
[0m[1;34m	threadid 131787103652672 -> hwthread 9 - OK[0m[1;34m
[0m[1;34m	threadid 131787095256000 -> hwthread 10 - OK[0m[1;34m
[0m[1;34m	threadid 131787086859328 -> hwthread 11 - OK[0m[1;34m
[0m[1;34m	threadid 131787078462656 -> hwthread 12 - OK[0m[1;34m
[0m[1;34m	threadid 131787070065984 -> hwthread 13 - OK[0m[1;34m
[0m[1;34m	threadid 131787061669312 -> hwthread 14 - OK[0m[1;34m
[0m[1;34m	threadid 131786575179328 -> hwthread 15 - OK[0m[1;34m
[0m[1;34m	threadid 131786566782656 -> hwthread 16 - OK[0m[1;34m
[0m[1;34m	threadid 131786558385984 -> hwthread 17 - OK[0m[1;34m
[0m[1;34m	threadid 131786549989312 -> hwthread 18 - OK[0m[1;34m
[0m[1;34m	threadid 131786541592640 -> hwthread 19 - OK[0m[1;34m
[0m[1;34m	threadid 131786533195968 -> hwthread 20 - OK[0m[1;34m
[0m[1;34m	threadid 131786524799296 -> hwthread 21 - OK[0m[1;34m
[0m[1;34m	threadid 131786038309312 -> hwthread 22 - OK[0m[1;34m
[0m[1;34m	threadid 131786029912640 -> hwthread 23 - OK[0m[1;34m
[0m[1;34m	threadid 131786021515968 -> hwthread 24 - OK[0m[1;34m
[0m[1;34m	threadid 131786013119296 -> hwthread 25 - OK[0m[1;34m
[0m[1;34m	threadid 131786004722624 -> hwthread 26 - OK[0m[1;34m
[0m[1;34m	threadid 131785996325952 -> hwthread 27 - OK[0m[1;34m
[0m[1;34m	threadid 131785987929280 -> hwthread 28 - OK[0m[1;34m
[0m[1;34m	threadid 131785501439296 -> hwthread 29 - OK[0m[1;34m
[0m[1;34m	threadid 131785493042624 -> hwthread 30 - OK[0m[1;34m
[0m[1;34m	threadid 131785484645952 -> hwthread 31 - OK[0m[1;34m
[0m[1;34m	threadid 131785476249280 -> hwthread 32 - OK[0m[1;34m
[0m[1;34m	threadid 131785467848512 -> hwthread 33 - OK[0m[1;34m
[0m[1;34m	threadid 131785459447744 -> hwthread 34 - OK[0m[1;34m
[0m[1;34m	threadid 131785451046976 -> hwthread 35 - OK[0m[1;34m
[0m[1;34m	threadid 131784964565184 -> hwthread 36 - OK[0m[1;34m
[0m[1;34m	threadid 131784956164416 -> hwthread 37 - OK[0m[1;34m
[0m[1;34m	threadid 131784947763648 -> hwthread 38 - OK[0m[1;34m
[0m[1;34m	threadid 131784939362880 -> hwthread 39 - OK[0m[1;34m
[0m[1;34m	threadid 131784930962112 -> hwthread 40 - OK[0m[1;34m
[0m[1;34m	threadid 131784922561344 -> hwthread 41 - OK[0m[1;34m
[0m[1;34m	threadid 131784914160576 -> hwthread 42 - OK[0m[1;34m
[0m[1;34m	threadid 131784427695168 -> hwthread 43 - OK[0m[1;34m
[0m[1;34m	threadid 131784419294400 -> hwthread 44 - OK[0m[1;34m
[0m[1;34m	threadid 131784410893632 -> hwthread 45 - OK[0m[1;34m
[0m[1;34m	threadid 131784402492864 -> hwthread 46 - OK[0m[1;34m
[0m[1;34m	threadid 131784394092096 -> hwthread 47 - OK[0m[1;34m
[0m[1;34m	threadid 131784385691328 -> hwthread 48 - OK[0m[1;34m
[0m[1;34m	threadid 131784377290560 -> hwthread 49 - OK[0m[1;34m
[0m[1;34m	threadid 131783890825152 -> hwthread 50 - OK[0m[1;34m
[0m[1;34m	threadid 131783882424384 -> hwthread 51 - OK[0m[1;34m
[0m[1;34m	threadid 131783874023616 -> hwthread 52 - OK[0m[1;34m
[0m[1;34m	threadid 131783865622848 -> hwthread 53 - OK[0m[1;34m
[0m[1;34m	threadid 131783857222080 -> hwthread 54 - OK[0m[1;34m
[0m[1;34m	threadid 131783848821312 -> hwthread 55 - OK[0m[1;34m
[0m[1;34m	threadid 131783840420544 -> hwthread 56 - OK[0m[1;34m
[0m[1;34m	threadid 131783353955136 -> hwthread 57 - OK[0m[1;34m
[0m[1;34m	threadid 131783345554368 -> hwthread 58 - OK[0m[1;34m
[0m[1;34m	threadid 131783337153600 -> hwthread 59 - OK[0m[1;34m
[0m[1;34m	threadid 131783328752832 -> hwthread 60 - OK[0m[1;34m
[0m[1;34m	threadid 131783320352064 -> hwthread 61 - OK[0m[1;34m
[0m[1;34m	threadid 131783311951296 -> hwthread 62 - OK[0m[1;34m
[0m[1;34m	threadid 131783303550528 -> hwthread 63 - OK[0m[1;34m
[0m[1;34mRoundrobin placement triggered
	threadid 131782817085120 -> hwthread 0 - OK[0m[1;34m
[0m[1;34m	threadid 131782808692416 -> hwthread 1 - OK[0m[1;34m
[0mPITTS: version v0.9.6-2-g6da1bf0-dirty
PITTS: MPI #procs: 1
PITTS: OpenMP #threads: 64
PITTS: SIMD implementation: avx2
PITTS: Eigen SIMD implementation: AVX SSE, SSE2, SSE3, SSSE3, SSE4.1, SSE4.2
PITTS: cache sizes (L1/core, L2/core, L3/accessible) [byte]: (32768, 524288, 805306368)
PITTS: preprocessor definitions: PITTS_DIRECT_MKL_GEMM
Performance statistics:
function                                                                                                                                                                                                  	 time [s]  	 #calls    	 GFlop/s DP	 GFlop/s SP	 GByte/s   	Flops/Byte
<PITTS::MultiVector<double>> :: void PITTS::randomize(MultiVector<T>&) [with T = double](rows: 1073741824, cols: 1)                                                                                       	 0.619032  	 1         	 0         	 0         	 13.8764   	 0         
<PITTS::Tensor3<double>> :: void PITTS::fold_left(const MatrixType&, int, Tensor3<T>&) [with T = double; MatrixType = Eigen::Block<const Eigen::Matrix<double, -1, -1>, -1, -1, true>](r1: 8, n: 2, r2: 8)	 0.000264218	 24        	 0         	 0         	 0.186028  	 0         
<PITTS::Tensor3<double>> :: void PITTS::fold_left(const MatrixType&, int, Tensor3<T>&) [with T = double; MatrixType = Eigen::Block<const Eigen::Matrix<double, -1, -1>, -1, -1, true>](r1: 1, n: 2, r2: 2)	 3.5991e-05	 1         	 0         	 0         	 0.00177822	 0         
<PITTS::Tensor3<double>> :: void PITTS::fold_left(const MatrixType&, int, Tensor3<T>&) [with T = double; MatrixType = Eigen::Block<const Eigen::Matrix<double, -1, -1>, -1, -1, true>](r1: 4, n: 2, r2: 8)	 3.2621e-05	 1         	 0         	 0         	 0.0313908 	 0         
<PITTS::Tensor3<double>> :: void PITTS::fold_left(const MatrixType&, int, Tensor3<T>&) [with T = double; MatrixType = Eigen::Block<const Eigen::Matrix<double, -1, -1>, -1, -1, true>](r1: 2, n: 2, r2: 4)	 3.1901e-05	 1         	 0         	 0         	 0.00802483	 0         
<PITTS::Tensor3<double>> :: void PITTS::fold_left(const MatrixType&, int, Tensor3<T>&) [with T = double; MatrixType = Eigen::Block<const Eigen::Matrix<double, -1, -1>, -1, -1, true>](r1: 8, n: 2, r2: 4)	 5.751e-06 	 1         	 0         	 0         	 0.178056  	 0         
<PITTS::Tensor3<double>> :: void PITTS::fold_left(const MatrixType&, int, Tensor3<T>&) [with T = double; MatrixType = Eigen::Block<const Eigen::Matrix<double, -1, -1>, -1, -1, true>](r1: 4, n: 2, r2: 2)	 7.8e-07   	 1         	 0         	 0         	 0.328205  	 0         
<PITTS::Tensor3<double>> :: void PITTS::fold_left(const MatrixType&, int, Tensor3<T>&) [with T = double; MatrixType = Eigen::Matrix<double, -1, -1>](r1: 2, n: 2, r2: 1)                                  	 4.3e-07   	 1         	 0         	 0         	 0.148837  	 0         
Timing statistics:
function                                                                                                                                                                              	 time [s]  	 #calls    
<PITTS::TensorTrain<double>> :: PITTS::TensorTrain<T> PITTS::fromDense_classical(Iter, Iter, const std::vector<int>&, T, int) [with Iter = const double*; T = double]                 	 290.478   	 1         
<PITTS::MultiVector<double>> :: void PITTS::randomize(MultiVector<T>&) [with T = double]                                                                                              	 0.619032  	 1         
<PITTS::Tensor3<double>> :: void PITTS::fold_left(const MatrixType&, int, Tensor3<T>&) [with T = double; MatrixType = Eigen::Block<const Eigen::Matrix<double, -1, -1>, -1, -1, true>]	 0.000371262	 29        
<PITTS::MultiVector<double>> :: void PITTS::MultiVector<T>::resize(long long int, long long int, bool, bool) [with T = double]                                                        	 0.000132854	 1         
<PITTS::Tensor3<double>> :: void PITTS::Tensor3<T>::resize(long long int, long long int, long long int, bool, bool) [with T = double]                                                 	 7.0253e-05	 60        
<PITTS::Tensor3<double>> :: void PITTS::fold_left(const MatrixType&, int, Tensor3<T>&) [with T = double; MatrixType = Eigen::Matrix<double, -1, -1>]                                  	 4.3e-07   	 1         
INFO: You are running LIKWID in a cpuset with 64 CPUs. Taking given IDs as logical ID in cpuset
[1;34m[pthread wrapper] 
[0m[1;34m[pthread wrapper] MAIN -> 0
[0m[1;34m[pthread wrapper] PIN_MASK: [0m[1;34m0->1  [0m[1;34m1->2  [0m[1;34m2->3  [0m[1;34m3->4  [0m[1;34m4->5  [0m[1;34m5->6  [0m[1;34m6->7  [0m[1;34m7->8  [0m[1;34m8->9  [0m[1;34m9->10  [0m[1;34m10->11  [0m[1;34m11->12  [0m[1;34m12->13  [0m[1;34m13->14  [0m[1;34m14->15  [0m[1;34m15->16  [0m[1;34m16->17  [0m[1;34m17->18  [0m[1;34m18->19  [0m[1;34m19->20  [0m[1;34m20->21  [0m[1;34m21->22  [0m[1;34m22->23  [0m[1;34m23->24  [0m[1;34m24->25  [0m[1;34m25->26  [0m[1;34m26->27  [0m[1;34m27->28  [0m[1;34m28->29  [0m[1;34m29->30  [0m[1;34m30->31  [0m[1;34m31->32  [0m[1;34m32->33  [0m[1;34m33->34  [0m[1;34m34->35  [0m[1;34m35->36  [0m[1;34m36->37  [0m[1;34m37->38  [0m[1;34m38->39  [0m[1;34m39->40  [0m[1;34m40->41  [0m[1;34m41->42  [0m[1;34m42->43  [0m[1;34m43->44  [0m[1;34m44->45  [0m[1;34m45->46  [0m[1;34m46->47  [0m[1;34m47->48  [0m[1;34m48->49  [0m[1;34m49->50  [0m[1;34m50->51  [0m[1;34m51->52  [0m[1;34m52->53  [0m[1;34m53->54  [0m[1;34m54->55  [0m[1;34m55->56  [0m[1;34m56->57  [0m[1;34m57->58  [0m[1;34m58->59  [0m[1;34m59->60  [0m[1;34m60->61  [0m[1;34m61->62  [0m[1;34m62->63  [0m[1;34m
[pthread wrapper] SKIP MASK: 0x0
[0m[1;34m	threadid 132244167436096 -> hwthread 1 - OK[0m[1;34m
[0m[1;34m	threadid 132244159039424 -> hwthread 2 - OK[0m[1;34m
[0m[1;34m	threadid 132244150642752 -> hwthread 3 - OK[0m[1;34m
[0m[1;34m	threadid 132244142246080 -> hwthread 4 - OK[0m[1;34m
[0m[1;34m	threadid 132244133849408 -> hwthread 5 - OK[0m[1;34m
[0m[1;34m	threadid 132243787868608 -> hwthread 6 - OK[0m[1;34m
[0m[1;34m	threadid 132243779471936 -> hwthread 7 - OK[0m[1;34m
[0m[1;34m	threadid 132243771075264 -> hwthread 8 - OK[0m[1;34m
[0m[1;34m	threadid 132243762678592 -> hwthread 9 - OK[0m[1;34m
[0m[1;34m	threadid 132243754281920 -> hwthread 10 - OK[0m[1;34m
[0m[1;34m	threadid 132243745885248 -> hwthread 11 - OK[0m[1;34m
[0m[1;34m	threadid 132243737488576 -> hwthread 12 - OK[0m[1;34m
[0m[1;34m	threadid 132243250998592 -> hwthread 13 - OK[0m[1;34m
[0m[1;34m	threadid 132243242601920 -> hwthread 14 - OK[0m[1;34m
[0m[1;34m	threadid 132243234205248 -> hwthread 15 - OK[0m[1;34m
[0m[1;34m	threadid 132243225808576 -> hwthread 16 - OK[0m[1;34m
[0m[1;34m	threadid 132243217411904 -> hwthread 17 - OK[0m[1;34m
[0m[1;34m	threadid 132243209015232 -> hwthread 18 - OK[0m[1;34m
[0m[1;34m	threadid 132243200618560 -> hwthread 19 - OK[0m[1;34m
[0m[1;34m	threadid 132242714128576 -> hwthread 20 - OK[0m[1;34m
[0m[1;34m	threadid 132242705731904 -> hwthread 21 - OK[0m[1;34m
[0m[1;34m	threadid 132242697335232 -> hwthread 22 - OK[0m[1;34m
[0m[1;34m	threadid 132242688938560 -> hwthread 23 - OK[0m[1;34m
[0m[1;34m	threadid 132242680541888 -> hwthread 24 - OK[0m[1;34m
[0m[1;34m	threadid 132242672145216 -> hwthread 25 - OK[0m[1;34m
[0m[1;34m	threadid 132242663748544 -> hwthread 26 - OK[0m[1;34m
[0m[1;34m	threadid 132242177258560 -> hwthread 27 - OK[0m[1;34m
[0m[1;34m	threadid 132242168861888 -> hwthread 28 - OK[0m[1;34m
[0m[1;34m	threadid 132242160465216 -> hwthread 29 - OK[0m[1;34m
[0m[1;34m	threadid 132242152068544 -> hwthread 30 - OK[0m[1;34m
[0m[1;34m	threadid 132242143671872 -> hwthread 31 - OK[0m[1;34m
[0m[1;34m	threadid 132242135275200 -> hwthread 32 - OK[0m[1;34m
[0m[1;34m	threadid 132242126874432 -> hwthread 33 - OK[0m[1;34m
[0m[1;34m	threadid 132241640384448 -> hwthread 34 - OK[0m[1;34m
[0m[1;34m	threadid 132241631983680 -> hwthread 35 - OK[0m[1;34m
[0m[1;34m	threadid 132241623582912 -> hwthread 36 - OK[0m[1;34m
[0m[1;34m	threadid 132241615182144 -> hwthread 37 - OK[0m[1;34m
[0m[1;34m	threadid 132241606781376 -> hwthread 38 - OK[0m[1;34m
[0m[1;34m	threadid 132241598380608 -> hwthread 39 - OK[0m[1;34m
[0m[1;34m	threadid 132241589979840 -> hwthread 40 - OK[0m[1;34m
[0m[1;34m	threadid 132241103514432 -> hwthread 41 - OK[0m[1;34m
[0m[1;34m	threadid 132241095113664 -> hwthread 42 - OK[0m[1;34m
[0m[1;34m	threadid 132241086712896 -> hwthread 43 - OK[0m[1;34m
[0m[1;34m	threadid 132241078312128 -> hwthread 44 - OK[0m[1;34m
[0m[1;34m	threadid 132241069911360 -> hwthread 45 - OK[0m[1;34m
[0m[1;34m	threadid 132241061510592 -> hwthread 46 - OK[0m[1;34m
[0m[1;34m	threadid 132241053109824 -> hwthread 47 - OK[0m[1;34m
[0m[1;34m	threadid 132240566644416 -> hwthread 48 - OK[0m[1;34m
[0m[1;34m	threadid 132240558243648 -> hwthread 49 - OK[0m[1;34m
[0m[1;34m	threadid 132240549842880 -> hwthread 50 - OK[0m[1;34m
[0m[1;34m	threadid 132240541442112 -> hwthread 51 - OK[0m[1;34m
[0m[1;34m	threadid 132240533041344 -> hwthread 52 - OK[0m[1;34m
[0m[1;34m	threadid 132240524640576 -> hwthread 53 - OK[0m[1;34m
[0m[1;34m	threadid 132240516239808 -> hwthread 54 - OK[0m[1;34m
[0m[1;34m	threadid 132240029774400 -> hwthread 55 - OK[0m[1;34m
[0m[1;34m	threadid 132240021373632 -> hwthread 56 - OK[0m[1;34m
[0m[1;34m	threadid 132240012972864 -> hwthread 57 - OK[0m[1;34m
[0m[1;34m	threadid 132240004572096 -> hwthread 58 - OK[0m[1;34m
[0m[1;34m	threadid 132239996171328 -> hwthread 59 - OK[0m[1;34m
[0m[1;34m	threadid 132239987770560 -> hwthread 60 - OK[0m[1;34m
[0m[1;34m	threadid 132239979369792 -> hwthread 61 - OK[0m[1;34m
[0m[1;34m	threadid 132239492904384 -> hwthread 62 - OK[0m[1;34m
[0m[1;34m	threadid 132239484503616 -> hwthread 63 - OK[0m[1;34m
[0m[1;34mRoundrobin placement triggered
	threadid 132239476102848 -> hwthread 0 - OK[0m[1;34m
[0m[1;34m	threadid 132239467710144 -> hwthread 1 - OK[0m[1;34m
[0mPITTS: version v0.9.6-2-g6da1bf0-dirty
PITTS: MPI #procs: 1
PITTS: OpenMP #threads: 64
PITTS: SIMD implementation: avx2
PITTS: Eigen SIMD implementation: AVX SSE, SSE2, SSE3, SSSE3, SSE4.1, SSE4.2
PITTS: cache sizes (L1/core, L2/core, L3/accessible) [byte]: (32768, 524288, 805306368)
PITTS: preprocessor definitions: PITTS_DIRECT_MKL_GEMM
Performance statistics:
function                                                                                                                                                                                                  	 time [s]  	 #calls    	 GFlop/s DP	 GFlop/s SP	 GByte/s   	Flops/Byte
<PITTS::MultiVector<double>> :: void PITTS::randomize(MultiVector<T>&) [with T = double](rows: 1073741824, cols: 1)                                                                                       	 0.618498  	 1         	 0         	 0         	 13.8884   	 0         
<PITTS::Tensor3<double>> :: void PITTS::fold_left(const MatrixType&, int, Tensor3<T>&) [with T = double; MatrixType = Eigen::Block<const Eigen::Matrix<double, -1, -1>, -1, -1, true>](r1: 9, n: 2, r2: 9)	 0.000226955	 22        	 0         	 0         	 0.251257  	 0         
<PITTS::Tensor3<double>> :: void PITTS::fold_left(const MatrixType&, int, Tensor3<T>&) [with T = double; MatrixType = Eigen::Block<const Eigen::Matrix<double, -1, -1>, -1, -1, true>](r1: 2, n: 2, r2: 4)	 4.5401e-05	 1         	 0         	 0         	 0.00563864	 0         
<PITTS::Tensor3<double>> :: void PITTS::fold_left(const MatrixType&, int, Tensor3<T>&) [with T = double; MatrixType = Eigen::Block<const Eigen::Matrix<double, -1, -1>, -1, -1, true>](r1: 8, n: 2, r2: 9)	 3.6591e-05	 1         	 0         	 0         	 0.0629663 	 0         
<PITTS::Tensor3<double>> :: void PITTS::fold_left(const MatrixType&, int, Tensor3<T>&) [with T = double; MatrixType = Eigen::Block<const Eigen::Matrix<double, -1, -1>, -1, -1, true>](r1: 1, n: 2, r2: 2)	 3.5141e-05	 1         	 0         	 0         	 0.00182123	 0         
<PITTS::Tensor3<double>> :: void PITTS::fold_left(const MatrixType&, int, Tensor3<T>&) [with T = double; MatrixType = Eigen::Block<const Eigen::Matrix<double, -1, -1>, -1, -1, true>](r1: 4, n: 2, r2: 8)	 2.5581e-05	 1         	 0         	 0         	 0.0400297 	 0         
<PITTS::Tensor3<double>> :: void PITTS::fold_left(const MatrixType&, int, Tensor3<T>&) [with T = double; MatrixType = Eigen::Block<const Eigen::Matrix<double, -1, -1>, -1, -1, true>](r1: 8, n: 2, r2: 4)	 3.53e-06  	 1         	 0         	 0         	 0.290085  	 0         
<PITTS::Tensor3<double>> :: void PITTS::fold_left(const MatrixType&, int, Tensor3<T>&) [with T = double; MatrixType = Eigen::Block<const Eigen::Matrix<double, -1, -1>, -1, -1, true>](r1: 9, n: 2, r2: 8)	 1.12e-06  	 1         	 0         	 0         	 2.05714   	 0         
<PITTS::Tensor3<double>> :: void PITTS::fold_left(const MatrixType&, int, Tensor3<T>&) [with T = double; MatrixType = Eigen::Block<const Eigen::Matrix<double, -1, -1>, -1, -1, true>](r1: 4, n: 2, r2: 2)	 7.4e-07   	 1         	 0         	 0         	 0.345946  	 0         
<PITTS::Tensor3<double>> :: void PITTS::fold_left(const MatrixType&, int, Tensor3<T>&) [with T = double; MatrixType = Eigen::Matrix<double, -1, -1>](r1: 2, n: 2, r2: 1)                                  	 3.7e-07   	 1         	 0         	 0         	 0.172973  	 0         
Timing statistics:
function                                                                                                                                                                              	 time [s]  	 #calls    
<PITTS::TensorTrain<double>> :: PITTS::TensorTrain<T> PITTS::fromDense_classical(Iter, Iter, const std::vector<int>&, T, int) [with Iter = const double*; T = double]                 	 305.83    	 1         
<PITTS::MultiVector<double>> :: void PITTS::randomize(MultiVector<T>&) [with T = double]                                                                                              	 0.618498  	 1         
<PITTS::Tensor3<double>> :: void PITTS::fold_left(const MatrixType&, int, Tensor3<T>&) [with T = double; MatrixType = Eigen::Block<const Eigen::Matrix<double, -1, -1>, -1, -1, true>]	 0.000375059	 29        
<PITTS::MultiVector<double>> :: void PITTS::MultiVector<T>::resize(long long int, long long int, bool, bool) [with T = double]                                                        	 0.000125184	 1         
<PITTS::Tensor3<double>> :: void PITTS::Tensor3<T>::resize(long long int, long long int, long long int, bool, bool) [with T = double]                                                 	 7.0961e-05	 60        
<PITTS::Tensor3<double>> :: void PITTS::fold_left(const MatrixType&, int, Tensor3<T>&) [with T = double; MatrixType = Eigen::Matrix<double, -1, -1>]                                  	 3.7e-07   	 1         
INFO: You are running LIKWID in a cpuset with 64 CPUs. Taking given IDs as logical ID in cpuset
[1;34m[pthread wrapper] 
[0m[1;34m[pthread wrapper] MAIN -> 0
[0m[1;34m[pthread wrapper] PIN_MASK: [0m[1;34m0->1  [0m[1;34m1->2  [0m[1;34m2->3  [0m[1;34m3->4  [0m[1;34m4->5  [0m[1;34m5->6  [0m[1;34m6->7  [0m[1;34m7->8  [0m[1;34m8->9  [0m[1;34m9->10  [0m[1;34m10->11  [0m[1;34m11->12  [0m[1;34m12->13  [0m[1;34m13->14  [0m[1;34m14->15  [0m[1;34m15->16  [0m[1;34m16->17  [0m[1;34m17->18  [0m[1;34m18->19  [0m[1;34m19->20  [0m[1;34m20->21  [0m[1;34m21->22  [0m[1;34m22->23  [0m[1;34m23->24  [0m[1;34m24->25  [0m[1;34m25->26  [0m[1;34m26->27  [0m[1;34m27->28  [0m[1;34m28->29  [0m[1;34m29->30  [0m[1;34m30->31  [0m[1;34m31->32  [0m[1;34m32->33  [0m[1;34m33->34  [0m[1;34m34->35  [0m[1;34m35->36  [0m[1;34m36->37  [0m[1;34m37->38  [0m[1;34m38->39  [0m[1;34m39->40  [0m[1;34m40->41  [0m[1;34m41->42  [0m[1;34m42->43  [0m[1;34m43->44  [0m[1;34m44->45  [0m[1;34m45->46  [0m[1;34m46->47  [0m[1;34m47->48  [0m[1;34m48->49  [0m[1;34m49->50  [0m[1;34m50->51  [0m[1;34m51->52  [0m[1;34m52->53  [0m[1;34m53->54  [0m[1;34m54->55  [0m[1;34m55->56  [0m[1;34m56->57  [0m[1;34m57->58  [0m[1;34m58->59  [0m[1;34m59->60  [0m[1;34m60->61  [0m[1;34m61->62  [0m[1;34m62->63  [0m[1;34m
[pthread wrapper] SKIP MASK: 0x0
[0m[1;34m	threadid 133420919269184 -> hwthread 1 - OK[0m[1;34m
[0m[1;34m	threadid 133420910872512 -> hwthread 2 - OK[0m[1;34m
[0m[1;34m	threadid 133420902475840 -> hwthread 3 - OK[0m[1;34m
[0m[1;34m	threadid 133420894079168 -> hwthread 4 - OK[0m[1;34m
[0m[1;34m	threadid 133420676016448 -> hwthread 5 - OK[0m[1;34m
[0m[1;34m	threadid 133420667619776 -> hwthread 6 - OK[0m[1;34m
[0m[1;34m	threadid 133420659223104 -> hwthread 7 - OK[0m[1;34m
[0m[1;34m	threadid 133420650826432 -> hwthread 8 - OK[0m[1;34m
[0m[1;34m	threadid 133420642429760 -> hwthread 9 - OK[0m[1;34m
[0m[1;34m	threadid 133420634033088 -> hwthread 10 - OK[0m[1;34m
[0m[1;34m	threadid 133420625636416 -> hwthread 11 - OK[0m[1;34m
[0m[1;34m	threadid 133420072037568 -> hwthread 12 - OK[0m[1;34m
[0m[1;34m	threadid 133420063640896 -> hwthread 13 - OK[0m[1;34m
[0m[1;34m	threadid 133420055244224 -> hwthread 14 - OK[0m[1;34m
[0m[1;34m	threadid 133420046847552 -> hwthread 15 - OK[0m[1;34m
[0m[1;34m	threadid 133420038450880 -> hwthread 16 - OK[0m[1;34m
[0m[1;34m	threadid 133420030054208 -> hwthread 17 - OK[0m[1;34m
[0m[1;34m	threadid 133420021657536 -> hwthread 18 - OK[0m[1;34m
[0m[1;34m	threadid 133419535167552 -> hwthread 19 - OK[0m[1;34m
[0m[1;34m	threadid 133419526770880 -> hwthread 20 - OK[0m[1;34m
[0m[1;34m	threadid 133419518374208 -> hwthread 21 - OK[0m[1;34m
[0m[1;34m	threadid 133419509977536 -> hwthread 22 - OK[0m[1;34m
[0m[1;34m	threadid 133419501580864 -> hwthread 23 - OK[0m[1;34m
[0m[1;34m	threadid 133419493184192 -> hwthread 24 - OK[0m[1;34m
[0m[1;34m	threadid 133419484787520 -> hwthread 25 - OK[0m[1;34m
[0m[1;34m	threadid 133418998297536 -> hwthread 26 - OK[0m[1;34m
[0m[1;34m	threadid 133418989900864 -> hwthread 27 - OK[0m[1;34m
[0m[1;34m	threadid 133418981504192 -> hwthread 28 - OK[0m[1;34m
[0m[1;34m	threadid 133418973107520 -> hwthread 29 - OK[0m[1;34m
[0m[1;34m	threadid 133418964710848 -> hwthread 30 - OK[0m[1;34m
[0m[1;34m	threadid 133418956314176 -> hwthread 31 - OK[0m[1;34m
[0m[1;34m	threadid 133418947917504 -> hwthread 32 - OK[0m[1;34m
[0m[1;34m	threadid 133418461423424 -> hwthread 33 - OK[0m[1;34m
[0m[1;34m	threadid 133418453022656 -> hwthread 34 - OK[0m[1;34m
[0m[1;34m	threadid 133418444621888 -> hwthread 35 - OK[0m[1;34m
[0m[1;34m	threadid 133418436221120 -> hwthread 36 - OK[0m[1;34m
[0m[1;34m	threadid 133418427820352 -> hwthread 37 - OK[0m[1;34m
[0m[1;34m	threadid 133418419419584 -> hwthread 38 - OK[0m[1;34m
[0m[1;34m	threadid 133418411018816 -> hwthread 39 - OK[0m[1;34m
[0m[1;34m	threadid 133417924553408 -> hwthread 40 - OK[0m[1;34m
[0m[1;34m	threadid 133417916152640 -> hwthread 41 - OK[0m[1;34m
[0m[1;34m	threadid 133417907751872 -> hwthread 42 - OK[0m[1;34m
[0m[1;34m	threadid 133417899351104 -> hwthread 43 - OK[0m[1;34m
[0m[1;34m	threadid 133417890950336 -> hwthread 44 - OK[0m[1;34m
[0m[1;34m	threadid 133417882549568 -> hwthread 45 - OK[0m[1;34m
[0m[1;34m	threadid 133417874148800 -> hwthread 46 - OK[0m[1;34m
[0m[1;34m	threadid 133417387683392 -> hwthread 47 - OK[0m[1;34m
[0m[1;34m	threadid 133417379282624 -> hwthread 48 - OK[0m[1;34m
[0m[1;34m	threadid 133417370881856 -> hwthread 49 - OK[0m[1;34m
[0m[1;34m	threadid 133417362481088 -> hwthread 50 - OK[0m[1;34m
[0m[1;34m	threadid 133417354080320 -> hwthread 51 - OK[0m[1;34m
[0m[1;34m	threadid 133417345679552 -> hwthread 52 - OK[0m[1;34m
[0m[1;34m	threadid 133417337278784 -> hwthread 53 - OK[0m[1;34m
[0m[1;34m	threadid 133416850813376 -> hwthread 54 - OK[0m[1;34m
[0m[1;34m	threadid 133416842412608 -> hwthread 55 - OK[0m[1;34m
[0m[1;34m	threadid 133416834011840 -> hwthread 56 - OK[0m[1;34m
[0m[1;34m	threadid 133416825611072 -> hwthread 57 - OK[0m[1;34m
[0m[1;34m	threadid 133416817210304 -> hwthread 58 - OK[0m[1;34m
[0m[1;34m	threadid 133416808809536 -> hwthread 59 - OK[0m[1;34m
[0m[1;34m	threadid 133416800408768 -> hwthread 60 - OK[0m[1;34m
[0m[1;34m	threadid 133416313943360 -> hwthread 61 - OK[0m[1;34m
[0m[1;34m	threadid 133416305542592 -> hwthread 62 - OK[0m[1;34m
[0m[1;34m	threadid 133416297141824 -> hwthread 63 - OK[0m[1;34m
[0m[1;34mRoundrobin placement triggered
	threadid 133416288741056 -> hwthread 0 - OK[0m[1;34m
[0m[1;34m	threadid 133416280348352 -> hwthread 1 - OK[0m[1;34m
[0mPITTS: version v0.9.6-2-g6da1bf0-dirty
PITTS: MPI #procs: 1
PITTS: OpenMP #threads: 64
PITTS: SIMD implementation: avx2
PITTS: Eigen SIMD implementation: AVX SSE, SSE2, SSE3, SSSE3, SSE4.1, SSE4.2
PITTS: cache sizes (L1/core, L2/core, L3/accessible) [byte]: (32768, 524288, 805306368)
PITTS: preprocessor definitions: PITTS_DIRECT_MKL_GEMM
Performance statistics:
function                                                                                                                                                                                                    	 time [s]  	 #calls    	 GFlop/s DP	 GFlop/s SP	 GByte/s   	Flops/Byte
<PITTS::MultiVector<double>> :: void PITTS::randomize(MultiVector<T>&) [with T = double](rows: 1073741824, cols: 1)                                                                                         	 0.653892  	 1         	 0         	 0         	 13.1366   	 0         
<PITTS::Tensor3<double>> :: void PITTS::fold_left(const MatrixType&, int, Tensor3<T>&) [with T = double; MatrixType = Eigen::Block<const Eigen::Matrix<double, -1, -1>, -1, -1, true>](r1: 10, n: 2, r2: 10)	 0.000222411	 22        	 0         	 0         	 0.316531  	 0         
<PITTS::Tensor3<double>> :: void PITTS::fold_left(const MatrixType&, int, Tensor3<T>&) [with T = double; MatrixType = Eigen::Block<const Eigen::Matrix<double, -1, -1>, -1, -1, true>](r1: 1, n: 2, r2: 2)  	 3.7051e-05	 1         	 0         	 0         	 0.00172735	 0         
<PITTS::Tensor3<double>> :: void PITTS::fold_left(const MatrixType&, int, Tensor3<T>&) [with T = double; MatrixType = Eigen::Block<const Eigen::Matrix<double, -1, -1>, -1, -1, true>](r1: 2, n: 2, r2: 4)  	 3.2531e-05	 1         	 0         	 0         	 0.00786942	 0         
<PITTS::Tensor3<double>> :: void PITTS::fold_left(const MatrixType&, int, Tensor3<T>&) [with T = double; MatrixType = Eigen::Block<const Eigen::Matrix<double, -1, -1>, -1, -1, true>](r1: 8, n: 2, r2: 10) 	 2.702e-05 	 1         	 0         	 0         	 0.0947446 	 0         
<PITTS::Tensor3<double>> :: void PITTS::fold_left(const MatrixType&, int, Tensor3<T>&) [with T = double; MatrixType = Eigen::Block<const Eigen::Matrix<double, -1, -1>, -1, -1, true>](r1: 4, n: 2, r2: 8)  	 2.6151e-05	 1         	 0         	 0         	 0.0391572 	 0         
<PITTS::Tensor3<double>> :: void PITTS::fold_left(const MatrixType&, int, Tensor3<T>&) [with T = double; MatrixType = Eigen::Block<const Eigen::Matrix<double, -1, -1>, -1, -1, true>](r1: 10, n: 2, r2: 8) 	 1.14e-06  	 1         	 0         	 0         	 2.24561   	 0         
<PITTS::Tensor3<double>> :: void PITTS::fold_left(const MatrixType&, int, Tensor3<T>&) [with T = double; MatrixType = Eigen::Block<const Eigen::Matrix<double, -1, -1>, -1, -1, true>](r1: 4, n: 2, r2: 2)  	 8.2e-07   	 1         	 0         	 0         	 0.312195  	 0         
<PITTS::Tensor3<double>> :: void PITTS::fold_left(const MatrixType&, int, Tensor3<T>&) [with T = double; MatrixType = Eigen::Block<const Eigen::Matrix<double, -1, -1>, -1, -1, true>](r1: 8, n: 2, r2: 4)  	 7.7e-07   	 1         	 0         	 0         	 1.32987   	 0         
<PITTS::Tensor3<double>> :: void PITTS::fold_left(const MatrixType&, int, Tensor3<T>&) [with T = double; MatrixType = Eigen::Matrix<double, -1, -1>](r1: 2, n: 2, r2: 1)                                    	 4.3e-07   	 1         	 0         	 0         	 0.148837  	 0         
Timing statistics:
function                                                                                                                                                                              	 time [s]  	 #calls    
<PITTS::TensorTrain<double>> :: PITTS::TensorTrain<T> PITTS::fromDense_classical(Iter, Iter, const std::vector<int>&, T, int) [with Iter = const double*; T = double]                 	 328.977   	 1         
<PITTS::MultiVector<double>> :: void PITTS::randomize(MultiVector<T>&) [with T = double]                                                                                              	 0.653892  	 1         
<PITTS::Tensor3<double>> :: void PITTS::fold_left(const MatrixType&, int, Tensor3<T>&) [with T = double; MatrixType = Eigen::Block<const Eigen::Matrix<double, -1, -1>, -1, -1, true>]	 0.000347894	 29        
<PITTS::MultiVector<double>> :: void PITTS::MultiVector<T>::resize(long long int, long long int, bool, bool) [with T = double]                                                        	 0.000114943	 1         
<PITTS::Tensor3<double>> :: void PITTS::Tensor3<T>::resize(long long int, long long int, long long int, bool, bool) [with T = double]                                                 	 7.8277e-05	 60        
<PITTS::Tensor3<double>> :: void PITTS::fold_left(const MatrixType&, int, Tensor3<T>&) [with T = double; MatrixType = Eigen::Matrix<double, -1, -1>]                                  	 4.3e-07   	 1         
INFO: You are running LIKWID in a cpuset with 64 CPUs. Taking given IDs as logical ID in cpuset
[1;34m[pthread wrapper] 
[0m[1;34m[pthread wrapper] MAIN -> 0
[0m[1;34m[pthread wrapper] PIN_MASK: [0m[1;34m0->1  [0m[1;34m1->2  [0m[1;34m2->3  [0m[1;34m3->4  [0m[1;34m4->5  [0m[1;34m5->6  [0m[1;34m6->7  [0m[1;34m7->8  [0m[1;34m8->9  [0m[1;34m9->10  [0m[1;34m10->11  [0m[1;34m11->12  [0m[1;34m12->13  [0m[1;34m13->14  [0m[1;34m14->15  [0m[1;34m15->16  [0m[1;34m16->17  [0m[1;34m17->18  [0m[1;34m18->19  [0m[1;34m19->20  [0m[1;34m20->21  [0m[1;34m21->22  [0m[1;34m22->23  [0m[1;34m23->24  [0m[1;34m24->25  [0m[1;34m25->26  [0m[1;34m26->27  [0m[1;34m27->28  [0m[1;34m28->29  [0m[1;34m29->30  [0m[1;34m30->31  [0m[1;34m31->32  [0m[1;34m32->33  [0m[1;34m33->34  [0m[1;34m34->35  [0m[1;34m35->36  [0m[1;34m36->37  [0m[1;34m37->38  [0m[1;34m38->39  [0m[1;34m39->40  [0m[1;34m40->41  [0m[1;34m41->42  [0m[1;34m42->43  [0m[1;34m43->44  [0m[1;34m44->45  [0m[1;34m45->46  [0m[1;34m46->47  [0m[1;34m47->48  [0m[1;34m48->49  [0m[1;34m49->50  [0m[1;34m50->51  [0m[1;34m51->52  [0m[1;34m52->53  [0m[1;34m53->54  [0m[1;34m54->55  [0m[1;34m55->56  [0m[1;34m56->57  [0m[1;34m57->58  [0m[1;34m58->59  [0m[1;34m59->60  [0m[1;34m60->61  [0m[1;34m61->62  [0m[1;34m62->63  [0m[1;34m
[pthread wrapper] SKIP MASK: 0x0
[0m[1;34m	threadid 127257383249728 -> hwthread 1 - OK[0m[1;34m
[0m[1;34m	threadid 127257374853056 -> hwthread 2 - OK[0m[1;34m
[0m[1;34m	threadid 127257366456384 -> hwthread 3 - OK[0m[1;34m
[0m[1;34m	threadid 127257358059712 -> hwthread 4 - OK[0m[1;34m
[0m[1;34m	threadid 127257349663040 -> hwthread 5 - OK[0m[1;34m
[0m[1;34m	threadid 127257341266368 -> hwthread 6 - OK[0m[1;34m
[0m[1;34m	threadid 127256995293760 -> hwthread 7 - OK[0m[1;34m
[0m[1;34m	threadid 127256986897088 -> hwthread 8 - OK[0m[1;34m
[0m[1;34m	threadid 127256978500416 -> hwthread 9 - OK[0m[1;34m
[0m[1;34m	threadid 127256970103744 -> hwthread 10 - OK[0m[1;34m
[0m[1;34m	threadid 127256961707072 -> hwthread 11 - OK[0m[1;34m
[0m[1;34m	threadid 127256953310400 -> hwthread 12 - OK[0m[1;34m
[0m[1;34m	threadid 127256944913728 -> hwthread 13 - OK[0m[1;34m
[0m[1;34m	threadid 127256391314880 -> hwthread 14 - OK[0m[1;34m
[0m[1;34m	threadid 127256382918208 -> hwthread 15 - OK[0m[1;34m
[0m[1;34m	threadid 127256374521536 -> hwthread 16 - OK[0m[1;34m
[0m[1;34m	threadid 127256366124864 -> hwthread 17 - OK[0m[1;34m
[0m[1;34m	threadid 127256357728192 -> hwthread 18 - OK[0m[1;34m
[0m[1;34m	threadid 127256349331520 -> hwthread 19 - OK[0m[1;34m
[0m[1;34m	threadid 127256340934848 -> hwthread 20 - OK[0m[1;34m
[0m[1;34m	threadid 127255854444864 -> hwthread 21 - OK[0m[1;34m
[0m[1;34m	threadid 127255846048192 -> hwthread 22 - OK[0m[1;34m
[0m[1;34m	threadid 127255837651520 -> hwthread 23 - OK[0m[1;34m
[0m[1;34m	threadid 127255829254848 -> hwthread 24 - OK[0m[1;34m
[0m[1;34m	threadid 127255820858176 -> hwthread 25 - OK[0m[1;34m
[0m[1;34m	threadid 127255812461504 -> hwthread 26 - OK[0m[1;34m
[0m[1;34m	threadid 127255804064832 -> hwthread 27 - OK[0m[1;34m
[0m[1;34m	threadid 127255317574848 -> hwthread 28 - OK[0m[1;34m
[0m[1;34m	threadid 127255309178176 -> hwthread 29 - OK[0m[1;34m
[0m[1;34m	threadid 127255300781504 -> hwthread 30 - OK[0m[1;34m
[0m[1;34m	threadid 127255292384832 -> hwthread 31 - OK[0m[1;34m
[0m[1;34m	threadid 127255283988160 -> hwthread 32 - OK[0m[1;34m
[0m[1;34m	threadid 127255275587392 -> hwthread 33 - OK[0m[1;34m
[0m[1;34m	threadid 127255267186624 -> hwthread 34 - OK[0m[1;34m
[0m[1;34m	threadid 127254780700736 -> hwthread 35 - OK[0m[1;34m
[0m[1;34m	threadid 127254772299968 -> hwthread 36 - OK[0m[1;34m
[0m[1;34m	threadid 127254763899200 -> hwthread 37 - OK[0m[1;34m
[0m[1;34m	threadid 127254755498432 -> hwthread 38 - OK[0m[1;34m
[0m[1;34m	threadid 127254747097664 -> hwthread 39 - OK[0m[1;34m
[0m[1;34m	threadid 127254738696896 -> hwthread 40 - OK[0m[1;34m
[0m[1;34m	threadid 127254730296128 -> hwthread 41 - OK[0m[1;34m
[0m[1;34m	threadid 127254243830720 -> hwthread 42 - OK[0m[1;34m
[0m[1;34m	threadid 127254235429952 -> hwthread 43 - OK[0m[1;34m
[0m[1;34m	threadid 127254227029184 -> hwthread 44 - OK[0m[1;34m
[0m[1;34m	threadid 127254218628416 -> hwthread 45 - OK[0m[1;34m
[0m[1;34m	threadid 127254210227648 -> hwthread 46 - OK[0m[1;34m
[0m[1;34m	threadid 127254201826880 -> hwthread 47 - OK[0m[1;34m
[0m[1;34m	threadid 127254193426112 -> hwthread 48 - OK[0m[1;34m
[0m[1;34m	threadid 127253706960704 -> hwthread 49 - OK[0m[1;34m
[0m[1;34m	threadid 127253698559936 -> hwthread 50 - OK[0m[1;34m
[0m[1;34m	threadid 127253690159168 -> hwthread 51 - OK[0m[1;34m
[0m[1;34m	threadid 127253681758400 -> hwthread 52 - OK[0m[1;34m
[0m[1;34m	threadid 127253673357632 -> hwthread 53 - OK[0m[1;34m
[0m[1;34m	threadid 127253664956864 -> hwthread 54 - OK[0m[1;34m
[0m[1;34m	threadid 127253656556096 -> hwthread 55 - OK[0m[1;34m
[0m[1;34m	threadid 127253170090688 -> hwthread 56 - OK[0m[1;34m
[0m[1;34m	threadid 127253161689920 -> hwthread 57 - OK[0m[1;34m
[0m[1;34m	threadid 127253153289152 -> hwthread 58 - OK[0m[1;34m
[0m[1;34m	threadid 127253144888384 -> hwthread 59 - OK[0m[1;34m
[0m[1;34m	threadid 127253136487616 -> hwthread 60 - OK[0m[1;34m
[0m[1;34m	threadid 127253128086848 -> hwthread 61 - OK[0m[1;34m
[0m[1;34m	threadid 127253119686080 -> hwthread 62 - OK[0m[1;34m
[0m[1;34m	threadid 127252633220672 -> hwthread 63 - OK[0m[1;34m
[0m[1;34mRoundrobin placement triggered
	threadid 127252624819904 -> hwthread 0 - OK[0m[1;34m
[0m[1;34m	threadid 127252616427200 -> hwthread 1 - OK[0m[1;34m
[0mPITTS: version v0.9.6-2-g6da1bf0-dirty
PITTS: MPI #procs: 1
PITTS: OpenMP #threads: 64
PITTS: SIMD implementation: avx2
PITTS: Eigen SIMD implementation: AVX SSE, SSE2, SSE3, SSSE3, SSE4.1, SSE4.2
PITTS: cache sizes (L1/core, L2/core, L3/accessible) [byte]: (32768, 524288, 805306368)
PITTS: preprocessor definitions: PITTS_DIRECT_MKL_GEMM
Performance statistics:
function                                                                                                                                                                                                    	 time [s]  	 #calls    	 GFlop/s DP	 GFlop/s SP	 GByte/s   	Flops/Byte
<PITTS::MultiVector<double>> :: void PITTS::randomize(MultiVector<T>&) [with T = double](rows: 1073741824, cols: 1)                                                                                         	 0.620325  	 1         	 0         	 0         	 13.8475   	 0         
<PITTS::Tensor3<double>> :: void PITTS::fold_left(const MatrixType&, int, Tensor3<T>&) [with T = double; MatrixType = Eigen::Block<const Eigen::Matrix<double, -1, -1>, -1, -1, true>](r1: 11, n: 2, r2: 11)	 0.000245128	 22        	 0         	 0         	 0.347508  	 0         
<PITTS::Tensor3<double>> :: void PITTS::fold_left(const MatrixType&, int, Tensor3<T>&) [with T = double; MatrixType = Eigen::Block<const Eigen::Matrix<double, -1, -1>, -1, -1, true>](r1: 4, n: 2, r2: 8)  	 4.6491e-05	 1         	 0         	 0         	 0.0220258 	 0         
<PITTS::Tensor3<double>> :: void PITTS::fold_left(const MatrixType&, int, Tensor3<T>&) [with T = double; MatrixType = Eigen::Block<const Eigen::Matrix<double, -1, -1>, -1, -1, true>](r1: 2, n: 2, r2: 4)  	 4.3601e-05	 1         	 0         	 0         	 0.00587142	 0         
<PITTS::Tensor3<double>> :: void PITTS::fold_left(const MatrixType&, int, Tensor3<T>&) [with T = double; MatrixType = Eigen::Block<const Eigen::Matrix<double, -1, -1>, -1, -1, true>](r1: 1, n: 2, r2: 2)  	 3.6961e-05	 1         	 0         	 0         	 0.00173155	 0         
<PITTS::Tensor3<double>> :: void PITTS::fold_left(const MatrixType&, int, Tensor3<T>&) [with T = double; MatrixType = Eigen::Block<const Eigen::Matrix<double, -1, -1>, -1, -1, true>](r1: 8, n: 2, r2: 11) 	 3.3701e-05	 1         	 0         	 0         	 0.0835584 	 0         
<PITTS::Tensor3<double>> :: void PITTS::fold_left(const MatrixType&, int, Tensor3<T>&) [with T = double; MatrixType = Eigen::Block<const Eigen::Matrix<double, -1, -1>, -1, -1, true>](r1: 8, n: 2, r2: 4)  	 5.82e-06  	 1         	 0         	 0         	 0.175945  	 0         
<PITTS::Tensor3<double>> :: void PITTS::fold_left(const MatrixType&, int, Tensor3<T>&) [with T = double; MatrixType = Eigen::Block<const Eigen::Matrix<double, -1, -1>, -1, -1, true>](r1: 11, n: 2, r2: 8) 	 1.11e-06  	 1         	 0         	 0         	 2.53694   	 0         
<PITTS::Tensor3<double>> :: void PITTS::fold_left(const MatrixType&, int, Tensor3<T>&) [with T = double; MatrixType = Eigen::Block<const Eigen::Matrix<double, -1, -1>, -1, -1, true>](r1: 4, n: 2, r2: 2)  	 7.2e-07   	 1         	 0         	 0         	 0.355556  	 0         
<PITTS::Tensor3<double>> :: void PITTS::fold_left(const MatrixType&, int, Tensor3<T>&) [with T = double; MatrixType = Eigen::Matrix<double, -1, -1>](r1: 2, n: 2, r2: 1)                                    	 3.9e-07   	 1         	 0         	 0         	 0.164103  	 0         
Timing statistics:
function                                                                                                                                                                              	 time [s]  	 #calls    
<PITTS::TensorTrain<double>> :: PITTS::TensorTrain<T> PITTS::fromDense_classical(Iter, Iter, const std::vector<int>&, T, int) [with Iter = const double*; T = double]                 	 337.171   	 1         
<PITTS::MultiVector<double>> :: void PITTS::randomize(MultiVector<T>&) [with T = double]                                                                                              	 0.620325  	 1         
<PITTS::Tensor3<double>> :: void PITTS::fold_left(const MatrixType&, int, Tensor3<T>&) [with T = double; MatrixType = Eigen::Block<const Eigen::Matrix<double, -1, -1>, -1, -1, true>]	 0.000413532	 29        
<PITTS::MultiVector<double>> :: void PITTS::MultiVector<T>::resize(long long int, long long int, bool, bool) [with T = double]                                                        	 0.000142874	 1         
<PITTS::Tensor3<double>> :: void PITTS::Tensor3<T>::resize(long long int, long long int, long long int, bool, bool) [with T = double]                                                 	 9.4535e-05	 60        
<PITTS::Tensor3<double>> :: void PITTS::fold_left(const MatrixType&, int, Tensor3<T>&) [with T = double; MatrixType = Eigen::Matrix<double, -1, -1>]                                  	 3.9e-07   	 1         
INFO: You are running LIKWID in a cpuset with 64 CPUs. Taking given IDs as logical ID in cpuset
[1;34m[pthread wrapper] 
[0m[1;34m[pthread wrapper] MAIN -> 0
[0m[1;34m[pthread wrapper] PIN_MASK: [0m[1;34m0->1  [0m[1;34m1->2  [0m[1;34m2->3  [0m[1;34m3->4  [0m[1;34m4->5  [0m[1;34m5->6  [0m[1;34m6->7  [0m[1;34m7->8  [0m[1;34m8->9  [0m[1;34m9->10  [0m[1;34m10->11  [0m[1;34m11->12  [0m[1;34m12->13  [0m[1;34m13->14  [0m[1;34m14->15  [0m[1;34m15->16  [0m[1;34m16->17  [0m[1;34m17->18  [0m[1;34m18->19  [0m[1;34m19->20  [0m[1;34m20->21  [0m[1;34m21->22  [0m[1;34m22->23  [0m[1;34m23->24  [0m[1;34m24->25  [0m[1;34m25->26  [0m[1;34m26->27  [0m[1;34m27->28  [0m[1;34m28->29  [0m[1;34m29->30  [0m[1;34m30->31  [0m[1;34m31->32  [0m[1;34m32->33  [0m[1;34m33->34  [0m[1;34m34->35  [0m[1;34m35->36  [0m[1;34m36->37  [0m[1;34m37->38  [0m[1;34m38->39  [0m[1;34m39->40  [0m[1;34m40->41  [0m[1;34m41->42  [0m[1;34m42->43  [0m[1;34m43->44  [0m[1;34m44->45  [0m[1;34m45->46  [0m[1;34m46->47  [0m[1;34m47->48  [0m[1;34m48->49  [0m[1;34m49->50  [0m[1;34m50->51  [0m[1;34m51->52  [0m[1;34m52->53  [0m[1;34m53->54  [0m[1;34m54->55  [0m[1;34m55->56  [0m[1;34m56->57  [0m[1;34m57->58  [0m[1;34m58->59  [0m[1;34m59->60  [0m[1;34m60->61  [0m[1;34m61->62  [0m[1;34m62->63  [0m[1;34m
[pthread wrapper] SKIP MASK: 0x0
[0m[1;34m	threadid 132335376770880 -> hwthread 1 - OK[0m[1;34m
[0m[1;34m	threadid 132335368374208 -> hwthread 2 - OK[0m[1;34m
[0m[1;34m	threadid 132335359977536 -> hwthread 3 - OK[0m[1;34m
[0m[1;34m	threadid 132335351580864 -> hwthread 4 - OK[0m[1;34m
[0m[1;34m	threadid 132335343184192 -> hwthread 5 - OK[0m[1;34m
[0m[1;34m	threadid 132335334787520 -> hwthread 6 - OK[0m[1;34m
[0m[1;34m	threadid 132334988814912 -> hwthread 7 - OK[0m[1;34m
[0m[1;34m	threadid 132334980418240 -> hwthread 8 - OK[0m[1;34m
[0m[1;34m	threadid 132334972021568 -> hwthread 9 - OK[0m[1;34m
[0m[1;34m	threadid 132334963624896 -> hwthread 10 - OK[0m[1;34m
[0m[1;34m	threadid 132334955228224 -> hwthread 11 - OK[0m[1;34m
[0m[1;34m	threadid 132334946831552 -> hwthread 12 - OK[0m[1;34m
[0m[1;34m	threadid 132334938434880 -> hwthread 13 - OK[0m[1;34m
[0m[1;34m	threadid 132334384836032 -> hwthread 14 - OK[0m[1;34m
[0m[1;34m	threadid 132334376439360 -> hwthread 15 - OK[0m[1;34m
[0m[1;34m	threadid 132334368042688 -> hwthread 16 - OK[0m[1;34m
[0m[1;34m	threadid 132334359646016 -> hwthread 17 - OK[0m[1;34m
[0m[1;34m	threadid 132334351249344 -> hwthread 18 - OK[0m[1;34m
[0m[1;34m	threadid 132334342852672 -> hwthread 19 - OK[0m[1;34m
[0m[1;34m	threadid 132334334456000 -> hwthread 20 - OK[0m[1;34m
[0m[1;34m	threadid 132333847966016 -> hwthread 21 - OK[0m[1;34m
[0m[1;34m	threadid 132333839569344 -> hwthread 22 - OK[0m[1;34m
[0m[1;34m	threadid 132333831172672 -> hwthread 23 - OK[0m[1;34m
[0m[1;34m	threadid 132333822776000 -> hwthread 24 - OK[0m[1;34m
[0m[1;34m	threadid 132333814379328 -> hwthread 25 - OK[0m[1;34m
[0m[1;34m	threadid 132333805982656 -> hwthread 26 - OK[0m[1;34m
[0m[1;34m	threadid 132333797585984 -> hwthread 27 - OK[0m[1;34m
[0m[1;34m	threadid 132333311096000 -> hwthread 28 - OK[0m[1;34m
[0m[1;34m	threadid 132333302699328 -> hwthread 29 - OK[0m[1;34m
[0m[1;34m	threadid 132333294302656 -> hwthread 30 - OK[0m[1;34m
[0m[1;34m	threadid 132333285905984 -> hwthread 31 - OK[0m[1;34m
[0m[1;34m	threadid 132333277509312 -> hwthread 32 - OK[0m[1;34m
[0m[1;34m	threadid 132333269108544 -> hwthread 33 - OK[0m[1;34m
[0m[1;34m	threadid 132333260707776 -> hwthread 34 - OK[0m[1;34m
[0m[1;34m	threadid 132332774221888 -> hwthread 35 - OK[0m[1;34m
[0m[1;34m	threadid 132332765821120 -> hwthread 36 - OK[0m[1;34m
[0m[1;34m	threadid 132332757420352 -> hwthread 37 - OK[0m[1;34m
[0m[1;34m	threadid 132332749019584 -> hwthread 38 - OK[0m[1;34m
[0m[1;34m	threadid 132332740618816 -> hwthread 39 - OK[0m[1;34m
[0m[1;34m	threadid 132332732218048 -> hwthread 40 - OK[0m[1;34m
[0m[1;34m	threadid 132332723817280 -> hwthread 41 - OK[0m[1;34m
[0m[1;34m	threadid 132332237351872 -> hwthread 42 - OK[0m[1;34m
[0m[1;34m	threadid 132332228951104 -> hwthread 43 - OK[0m[1;34m
[0m[1;34m	threadid 132332220550336 -> hwthread 44 - OK[0m[1;34m
[0m[1;34m	threadid 132332212149568 -> hwthread 45 - OK[0m[1;34m
[0m[1;34m	threadid 132332203748800 -> hwthread 46 - OK[0m[1;34m
[0m[1;34m	threadid 132332195348032 -> hwthread 47 - OK[0m[1;34m
[0m[1;34m	threadid 132332186947264 -> hwthread 48 - OK[0m[1;34m
[0m[1;34m	threadid 132331700481856 -> hwthread 49 - OK[0m[1;34m
[0m[1;34m	threadid 132331692081088 -> hwthread 50 - OK[0m[1;34m
[0m[1;34m	threadid 132331683680320 -> hwthread 51 - OK[0m[1;34m
[0m[1;34m	threadid 132331675279552 -> hwthread 52 - OK[0m[1;34m
[0m[1;34m	threadid 132331666878784 -> hwthread 53 - OK[0m[1;34m
[0m[1;34m	threadid 132331658478016 -> hwthread 54 - OK[0m[1;34m
[0m[1;34m	threadid 132331650077248 -> hwthread 55 - OK[0m[1;34m
[0m[1;34m	threadid 132331163611840 -> hwthread 56 - OK[0m[1;34m
[0m[1;34m	threadid 132331155211072 -> hwthread 57 - OK[0m[1;34m
[0m[1;34m	threadid 132331146810304 -> hwthread 58 - OK[0m[1;34m
[0m[1;34m	threadid 132331138409536 -> hwthread 59 - OK[0m[1;34m
[0m[1;34m	threadid 132331130008768 -> hwthread 60 - OK[0m[1;34m
[0m[1;34m	threadid 132331121608000 -> hwthread 61 - OK[0m[1;34m
[0m[1;34m	threadid 132331113207232 -> hwthread 62 - OK[0m[1;34m
[0m[1;34m	threadid 132330626741824 -> hwthread 63 - OK[0m[1;34m
[0m[1;34mRoundrobin placement triggered
	threadid 132330618341056 -> hwthread 0 - OK[0m[1;34m
[0m[1;34m	threadid 132330609948352 -> hwthread 1 - OK[0m[1;34m
[0mPITTS: version v0.9.6-2-g6da1bf0-dirty
PITTS: MPI #procs: 1
PITTS: OpenMP #threads: 64
PITTS: SIMD implementation: avx2
PITTS: Eigen SIMD implementation: AVX SSE, SSE2, SSE3, SSSE3, SSE4.1, SSE4.2
PITTS: cache sizes (L1/core, L2/core, L3/accessible) [byte]: (32768, 524288, 805306368)
PITTS: preprocessor definitions: PITTS_DIRECT_MKL_GEMM
Performance statistics:
function                                                                                                                                                                                                    	 time [s]  	 #calls    	 GFlop/s DP	 GFlop/s SP	 GByte/s   	Flops/Byte
<PITTS::MultiVector<double>> :: void PITTS::randomize(MultiVector<T>&) [with T = double](rows: 1073741824, cols: 1)                                                                                         	 0.619274  	 1         	 0         	 0         	 13.871    	 0         
<PITTS::Tensor3<double>> :: void PITTS::fold_left(const MatrixType&, int, Tensor3<T>&) [with T = double; MatrixType = Eigen::Block<const Eigen::Matrix<double, -1, -1>, -1, -1, true>](r1: 12, n: 2, r2: 12)	 0.000236889	 22        	 0         	 0         	 0.427947  	 0         
<PITTS::Tensor3<double>> :: void PITTS::fold_left(const MatrixType&, int, Tensor3<T>&) [with T = double; MatrixType = Eigen::Block<const Eigen::Matrix<double, -1, -1>, -1, -1, true>](r1: 1, n: 2, r2: 2)  	 3.5981e-05	 1         	 0         	 0         	 0.00177872	 0         
<PITTS::Tensor3<double>> :: void PITTS::fold_left(const MatrixType&, int, Tensor3<T>&) [with T = double; MatrixType = Eigen::Block<const Eigen::Matrix<double, -1, -1>, -1, -1, true>](r1: 8, n: 2, r2: 12) 	 3.309e-05 	 1         	 0         	 0         	 0.0928377 	 0         
<PITTS::Tensor3<double>> :: void PITTS::fold_left(const MatrixType&, int, Tensor3<T>&) [with T = double; MatrixType = Eigen::Block<const Eigen::Matrix<double, -1, -1>, -1, -1, true>](r1: 2, n: 2, r2: 4)  	 3.035e-05 	 1         	 0         	 0         	 0.00843493	 0         
<PITTS::Tensor3<double>> :: void PITTS::fold_left(const MatrixType&, int, Tensor3<T>&) [with T = double; MatrixType = Eigen::Block<const Eigen::Matrix<double, -1, -1>, -1, -1, true>](r1: 4, n: 2, r2: 8)  	 2.9181e-05	 1         	 0         	 0         	 0.0350913 	 0         
<PITTS::Tensor3<double>> :: void PITTS::fold_left(const MatrixType&, int, Tensor3<T>&) [with T = double; MatrixType = Eigen::Block<const Eigen::Matrix<double, -1, -1>, -1, -1, true>](r1: 8, n: 2, r2: 4)  	 5.71e-06  	 1         	 0         	 0         	 0.179335  	 0         
<PITTS::Tensor3<double>> :: void PITTS::fold_left(const MatrixType&, int, Tensor3<T>&) [with T = double; MatrixType = Eigen::Block<const Eigen::Matrix<double, -1, -1>, -1, -1, true>](r1: 12, n: 2, r2: 8) 	 1.09e-06  	 1         	 0         	 0         	 2.81835   	 0         
<PITTS::Tensor3<double>> :: void PITTS::fold_left(const MatrixType&, int, Tensor3<T>&) [with T = double; MatrixType = Eigen::Block<const Eigen::Matrix<double, -1, -1>, -1, -1, true>](r1: 4, n: 2, r2: 2)  	 6.1e-07   	 1         	 0         	 0         	 0.419672  	 0         
<PITTS::Tensor3<double>> :: void PITTS::fold_left(const MatrixType&, int, Tensor3<T>&) [with T = double; MatrixType = Eigen::Matrix<double, -1, -1>](r1: 2, n: 2, r2: 1)                                    	 4.3e-07   	 1         	 0         	 0         	 0.148837  	 0         
Timing statistics:
function                                                                                                                                                                              	 time [s]  	 #calls    
<PITTS::TensorTrain<double>> :: PITTS::TensorTrain<T> PITTS::fromDense_classical(Iter, Iter, const std::vector<int>&, T, int) [with Iter = const double*; T = double]                 	 348.399   	 1         
<PITTS::MultiVector<double>> :: void PITTS::randomize(MultiVector<T>&) [with T = double]                                                                                              	 0.619274  	 1         
<PITTS::Tensor3<double>> :: void PITTS::fold_left(const MatrixType&, int, Tensor3<T>&) [with T = double; MatrixType = Eigen::Block<const Eigen::Matrix<double, -1, -1>, -1, -1, true>]	 0.000372901	 29        
<PITTS::MultiVector<double>> :: void PITTS::MultiVector<T>::resize(long long int, long long int, bool, bool) [with T = double]                                                        	 0.000137784	 1         
<PITTS::Tensor3<double>> :: void PITTS::Tensor3<T>::resize(long long int, long long int, long long int, bool, bool) [with T = double]                                                 	 8.7532e-05	 60        
<PITTS::Tensor3<double>> :: void PITTS::fold_left(const MatrixType&, int, Tensor3<T>&) [with T = double; MatrixType = Eigen::Matrix<double, -1, -1>]                                  	 4.3e-07   	 1         
INFO: You are running LIKWID in a cpuset with 64 CPUs. Taking given IDs as logical ID in cpuset
[1;34m[pthread wrapper] 
[0m[1;34m[pthread wrapper] MAIN -> 0
[0m[1;34m[pthread wrapper] PIN_MASK: [0m[1;34m0->1  [0m[1;34m1->2  [0m[1;34m2->3  [0m[1;34m3->4  [0m[1;34m4->5  [0m[1;34m5->6  [0m[1;34m6->7  [0m[1;34m7->8  [0m[1;34m8->9  [0m[1;34m9->10  [0m[1;34m10->11  [0m[1;34m11->12  [0m[1;34m12->13  [0m[1;34m13->14  [0m[1;34m14->15  [0m[1;34m15->16  [0m[1;34m16->17  [0m[1;34m17->18  [0m[1;34m18->19  [0m[1;34m19->20  [0m[1;34m20->21  [0m[1;34m21->22  [0m[1;34m22->23  [0m[1;34m23->24  [0m[1;34m24->25  [0m[1;34m25->26  [0m[1;34m26->27  [0m[1;34m27->28  [0m[1;34m28->29  [0m[1;34m29->30  [0m[1;34m30->31  [0m[1;34m31->32  [0m[1;34m32->33  [0m[1;34m33->34  [0m[1;34m34->35  [0m[1;34m35->36  [0m[1;34m36->37  [0m[1;34m37->38  [0m[1;34m38->39  [0m[1;34m39->40  [0m[1;34m40->41  [0m[1;34m41->42  [0m[1;34m42->43  [0m[1;34m43->44  [0m[1;34m44->45  [0m[1;34m45->46  [0m[1;34m46->47  [0m[1;34m47->48  [0m[1;34m48->49  [0m[1;34m49->50  [0m[1;34m50->51  [0m[1;34m51->52  [0m[1;34m52->53  [0m[1;34m53->54  [0m[1;34m54->55  [0m[1;34m55->56  [0m[1;34m56->57  [0m[1;34m57->58  [0m[1;34m58->59  [0m[1;34m59->60  [0m[1;34m60->61  [0m[1;34m61->62  [0m[1;34m62->63  [0m[1;34m
[pthread wrapper] SKIP MASK: 0x0
[0m[1;34m	threadid 130092145551168 -> hwthread 1 - OK[0m[1;34m
[0m[1;34m	threadid 130092137154496 -> hwthread 2 - OK[0m[1;34m
[0m[1;34m	threadid 130092128757824 -> hwthread 3 - OK[0m[1;34m
[0m[1;34m	threadid 130092120361152 -> hwthread 4 - OK[0m[1;34m
[0m[1;34m	threadid 130092111964480 -> hwthread 5 - OK[0m[1;34m
[0m[1;34m	threadid 130092103567808 -> hwthread 6 - OK[0m[1;34m
[0m[1;34m	threadid 130092095171136 -> hwthread 7 - OK[0m[1;34m
[0m[1;34m	threadid 130092086774464 -> hwthread 8 - OK[0m[1;34m
[0m[1;34m	threadid 130091606600512 -> hwthread 9 - OK[0m[1;34m
[0m[1;34m	threadid 130091598203840 -> hwthread 10 - OK[0m[1;34m
[0m[1;34m	threadid 130091589807168 -> hwthread 11 - OK[0m[1;34m
[0m[1;34m	threadid 130091581410496 -> hwthread 12 - OK[0m[1;34m
[0m[1;34m	threadid 130091573013824 -> hwthread 13 - OK[0m[1;34m
[0m[1;34m	threadid 130091564617152 -> hwthread 14 - OK[0m[1;34m
[0m[1;34m	threadid 130091556220480 -> hwthread 15 - OK[0m[1;34m
[0m[1;34m	threadid 130091002621632 -> hwthread 16 - OK[0m[1;34m
[0m[1;34m	threadid 130090994224960 -> hwthread 17 - OK[0m[1;34m
[0m[1;34m	threadid 130090985828288 -> hwthread 18 - OK[0m[1;34m
[0m[1;34m	threadid 130090977431616 -> hwthread 19 - OK[0m[1;34m
[0m[1;34m	threadid 130090969034944 -> hwthread 20 - OK[0m[1;34m
[0m[1;34m	threadid 130090960638272 -> hwthread 21 - OK[0m[1;34m
[0m[1;34m	threadid 130090952241600 -> hwthread 22 - OK[0m[1;34m
[0m[1;34m	threadid 130090465751616 -> hwthread 23 - OK[0m[1;34m
[0m[1;34m	threadid 130090457354944 -> hwthread 24 - OK[0m[1;34m
[0m[1;34m	threadid 130090448958272 -> hwthread 25 - OK[0m[1;34m
[0m[1;34m	threadid 130090440561600 -> hwthread 26 - OK[0m[1;34m
[0m[1;34m	threadid 130090432164928 -> hwthread 27 - OK[0m[1;34m
[0m[1;34m	threadid 130090423768256 -> hwthread 28 - OK[0m[1;34m
[0m[1;34m	threadid 130090415371584 -> hwthread 29 - OK[0m[1;34m
[0m[1;34m	threadid 130089928881600 -> hwthread 30 - OK[0m[1;34m
[0m[1;34m	threadid 130089920484928 -> hwthread 31 - OK[0m[1;34m
[0m[1;34m	threadid 130089912088256 -> hwthread 32 - OK[0m[1;34m
[0m[1;34m	threadid 130089903687488 -> hwthread 33 - OK[0m[1;34m
[0m[1;34m	threadid 130089895286720 -> hwthread 34 - OK[0m[1;34m
[0m[1;34m	threadid 130089886885952 -> hwthread 35 - OK[0m[1;34m
[0m[1;34m	threadid 130089878485184 -> hwthread 36 - OK[0m[1;34m
[0m[1;34m	threadid 130089392007488 -> hwthread 37 - OK[0m[1;34m
[0m[1;34m	threadid 130089383606720 -> hwthread 38 - OK[0m[1;34m
[0m[1;34m	threadid 130089375205952 -> hwthread 39 - OK[0m[1;34m
[0m[1;34m	threadid 130089366805184 -> hwthread 40 - OK[0m[1;34m
[0m[1;34m	threadid 130089358404416 -> hwthread 41 - OK[0m[1;34m
[0m[1;34m	threadid 130089350003648 -> hwthread 42 - OK[0m[1;34m
[0m[1;34m	threadid 130089341602880 -> hwthread 43 - OK[0m[1;34m
[0m[1;34m	threadid 130088855137472 -> hwthread 44 - OK[0m[1;34m
[0m[1;34m	threadid 130088846736704 -> hwthread 45 - OK[0m[1;34m
[0m[1;34m	threadid 130088838335936 -> hwthread 46 - OK[0m[1;34m
[0m[1;34m	threadid 130088829935168 -> hwthread 47 - OK[0m[1;34m
[0m[1;34m	threadid 130088821534400 -> hwthread 48 - OK[0m[1;34m
[0m[1;34m	threadid 130088813133632 -> hwthread 49 - OK[0m[1;34m
[0m[1;34m	threadid 130088804732864 -> hwthread 50 - OK[0m[1;34m
[0m[1;34m	threadid 130088318267456 -> hwthread 51 - OK[0m[1;34m
[0m[1;34m	threadid 130088309866688 -> hwthread 52 - OK[0m[1;34m
[0m[1;34m	threadid 130088301465920 -> hwthread 53 - OK[0m[1;34m
[0m[1;34m	threadid 130088293065152 -> hwthread 54 - OK[0m[1;34m
[0m[1;34m	threadid 130088284664384 -> hwthread 55 - OK[0m[1;34m
[0m[1;34m	threadid 130088276263616 -> hwthread 56 - OK[0m[1;34m
[0m[1;34m	threadid 130088267862848 -> hwthread 57 - OK[0m[1;34m
[0m[1;34m	threadid 130087781397440 -> hwthread 58 - OK[0m[1;34m
[0m[1;34m	threadid 130087772996672 -> hwthread 59 - OK[0m[1;34m
[0m[1;34m	threadid 130087764595904 -> hwthread 60 - OK[0m[1;34m
[0m[1;34m	threadid 130087756195136 -> hwthread 61 - OK[0m[1;34m
[0m[1;34m	threadid 130087747794368 -> hwthread 62 - OK[0m[1;34m
[0m[1;34m	threadid 130087739393600 -> hwthread 63 - OK[0m[1;34m
[0m[1;34mRoundrobin placement triggered
	threadid 130087730992832 -> hwthread 0 - OK[0m[1;34m
[0m[1;34m	threadid 130087244527296 -> hwthread 1 - OK[0m[1;34m
[0mPITTS: version v0.9.6-2-g6da1bf0-dirty
PITTS: MPI #procs: 1
PITTS: OpenMP #threads: 64
PITTS: SIMD implementation: avx2
PITTS: Eigen SIMD implementation: AVX SSE, SSE2, SSE3, SSSE3, SSE4.1, SSE4.2
PITTS: cache sizes (L1/core, L2/core, L3/accessible) [byte]: (32768, 524288, 805306368)
PITTS: preprocessor definitions: PITTS_DIRECT_MKL_GEMM
Performance statistics:
function                                                                                                                                                                                                    	 time [s]  	 #calls    	 GFlop/s DP	 GFlop/s SP	 GByte/s   	Flops/Byte
<PITTS::MultiVector<double>> :: void PITTS::randomize(MultiVector<T>&) [with T = double](rows: 1073741824, cols: 1)                                                                                         	 0.618363  	 1         	 0         	 0         	 13.8914   	 0         
<PITTS::Tensor3<double>> :: void PITTS::fold_left(const MatrixType&, int, Tensor3<T>&) [with T = double; MatrixType = Eigen::Block<const Eigen::Matrix<double, -1, -1>, -1, -1, true>](r1: 13, n: 2, r2: 13)	 0.000259659	 22        	 0         	 0         	 0.458201  	 0         
<PITTS::Tensor3<double>> :: void PITTS::fold_left(const MatrixType&, int, Tensor3<T>&) [with T = double; MatrixType = Eigen::Block<const Eigen::Matrix<double, -1, -1>, -1, -1, true>](r1: 2, n: 2, r2: 4)  	 3.7651e-05	 1         	 0         	 0         	 0.00679929	 0         
<PITTS::Tensor3<double>> :: void PITTS::fold_left(const MatrixType&, int, Tensor3<T>&) [with T = double; MatrixType = Eigen::Block<const Eigen::Matrix<double, -1, -1>, -1, -1, true>](r1: 1, n: 2, r2: 2)  	 3.5271e-05	 1         	 0         	 0         	 0.00181452	 0         
<PITTS::Tensor3<double>> :: void PITTS::fold_left(const MatrixType&, int, Tensor3<T>&) [with T = double; MatrixType = Eigen::Block<const Eigen::Matrix<double, -1, -1>, -1, -1, true>](r1: 4, n: 2, r2: 8)  	 2.7781e-05	 1         	 0         	 0         	 0.0368597 	 0         
<PITTS::Tensor3<double>> :: void PITTS::fold_left(const MatrixType&, int, Tensor3<T>&) [with T = double; MatrixType = Eigen::Block<const Eigen::Matrix<double, -1, -1>, -1, -1, true>](r1: 8, n: 2, r2: 13) 	 2.7341e-05	 1         	 0         	 0         	 0.121722  	 0         
<PITTS::Tensor3<double>> :: void PITTS::fold_left(const MatrixType&, int, Tensor3<T>&) [with T = double; MatrixType = Eigen::Block<const Eigen::Matrix<double, -1, -1>, -1, -1, true>](r1: 8, n: 2, r2: 4)  	 3.4e-06   	 1         	 0         	 0         	 0.301176  	 0         
<PITTS::Tensor3<double>> :: void PITTS::fold_left(const MatrixType&, int, Tensor3<T>&) [with T = double; MatrixType = Eigen::Block<const Eigen::Matrix<double, -1, -1>, -1, -1, true>](r1: 13, n: 2, r2: 8) 	 1.05e-06  	 1         	 0         	 0         	 3.16952   	 0         
<PITTS::Tensor3<double>> :: void PITTS::fold_left(const MatrixType&, int, Tensor3<T>&) [with T = double; MatrixType = Eigen::Block<const Eigen::Matrix<double, -1, -1>, -1, -1, true>](r1: 4, n: 2, r2: 2)  	 6.6e-07   	 1         	 0         	 0         	 0.387879  	 0         
<PITTS::Tensor3<double>> :: void PITTS::fold_left(const MatrixType&, int, Tensor3<T>&) [with T = double; MatrixType = Eigen::Matrix<double, -1, -1>](r1: 2, n: 2, r2: 1)                                    	 4.8e-07   	 1         	 0         	 0         	 0.133333  	 0         
Timing statistics:
function                                                                                                                                                                              	 time [s]  	 #calls    
<PITTS::TensorTrain<double>> :: PITTS::TensorTrain<T> PITTS::fromDense_classical(Iter, Iter, const std::vector<int>&, T, int) [with Iter = const double*; T = double]                 	 364.282   	 1         
<PITTS::MultiVector<double>> :: void PITTS::randomize(MultiVector<T>&) [with T = double]                                                                                              	 0.618363  	 1         
<PITTS::Tensor3<double>> :: void PITTS::fold_left(const MatrixType&, int, Tensor3<T>&) [with T = double; MatrixType = Eigen::Block<const Eigen::Matrix<double, -1, -1>, -1, -1, true>]	 0.000392813	 29        
<PITTS::MultiVector<double>> :: void PITTS::MultiVector<T>::resize(long long int, long long int, bool, bool) [with T = double]                                                        	 0.000119583	 1         
<PITTS::Tensor3<double>> :: void PITTS::Tensor3<T>::resize(long long int, long long int, long long int, bool, bool) [with T = double]                                                 	 7.5711e-05	 60        
<PITTS::Tensor3<double>> :: void PITTS::fold_left(const MatrixType&, int, Tensor3<T>&) [with T = double; MatrixType = Eigen::Matrix<double, -1, -1>]                                  	 4.8e-07   	 1         
INFO: You are running LIKWID in a cpuset with 64 CPUs. Taking given IDs as logical ID in cpuset
[1;34m[pthread wrapper] 
[0m[1;34m[pthread wrapper] MAIN -> 0
[0m[1;34m[pthread wrapper] PIN_MASK: [0m[1;34m0->1  [0m[1;34m1->2  [0m[1;34m2->3  [0m[1;34m3->4  [0m[1;34m4->5  [0m[1;34m5->6  [0m[1;34m6->7  [0m[1;34m7->8  [0m[1;34m8->9  [0m[1;34m9->10  [0m[1;34m10->11  [0m[1;34m11->12  [0m[1;34m12->13  [0m[1;34m13->14  [0m[1;34m14->15  [0m[1;34m15->16  [0m[1;34m16->17  [0m[1;34m17->18  [0m[1;34m18->19  [0m[1;34m19->20  [0m[1;34m20->21  [0m[1;34m21->22  [0m[1;34m22->23  [0m[1;34m23->24  [0m[1;34m24->25  [0m[1;34m25->26  [0m[1;34m26->27  [0m[1;34m27->28  [0m[1;34m28->29  [0m[1;34m29->30  [0m[1;34m30->31  [0m[1;34m31->32  [0m[1;34m32->33  [0m[1;34m33->34  [0m[1;34m34->35  [0m[1;34m35->36  [0m[1;34m36->37  [0m[1;34m37->38  [0m[1;34m38->39  [0m[1;34m39->40  [0m[1;34m40->41  [0m[1;34m41->42  [0m[1;34m42->43  [0m[1;34m43->44  [0m[1;34m44->45  [0m[1;34m45->46  [0m[1;34m46->47  [0m[1;34m47->48  [0m[1;34m48->49  [0m[1;34m49->50  [0m[1;34m50->51  [0m[1;34m51->52  [0m[1;34m52->53  [0m[1;34m53->54  [0m[1;34m54->55  [0m[1;34m55->56  [0m[1;34m56->57  [0m[1;34m57->58  [0m[1;34m58->59  [0m[1;34m59->60  [0m[1;34m60->61  [0m[1;34m61->62  [0m[1;34m62->63  [0m[1;34m
[pthread wrapper] SKIP MASK: 0x0
[0m[1;34m	threadid 131304969451328 -> hwthread 1 - OK[0m[1;34m
[0m[1;34m	threadid 131304961054656 -> hwthread 2 - OK[0m[1;34m
[0m[1;34m	threadid 131304952657984 -> hwthread 3 - OK[0m[1;34m
[0m[1;34m	threadid 131304944261312 -> hwthread 4 - OK[0m[1;34m
[0m[1;34m	threadid 131304733534528 -> hwthread 5 - OK[0m[1;34m
[0m[1;34m	threadid 131304725137856 -> hwthread 6 - OK[0m[1;34m
[0m[1;34m	threadid 131304716741184 -> hwthread 7 - OK[0m[1;34m
[0m[1;34m	threadid 131304708344512 -> hwthread 8 - OK[0m[1;34m
[0m[1;34m	threadid 131304699947840 -> hwthread 9 - OK[0m[1;34m
[0m[1;34m	threadid 131304691551168 -> hwthread 10 - OK[0m[1;34m
[0m[1;34m	threadid 131304683154496 -> hwthread 11 - OK[0m[1;34m
[0m[1;34m	threadid 131304129555648 -> hwthread 12 - OK[0m[1;34m
[0m[1;34m	threadid 131304121158976 -> hwthread 13 - OK[0m[1;34m
[0m[1;34m	threadid 131304112762304 -> hwthread 14 - OK[0m[1;34m
[0m[1;34m	threadid 131304104365632 -> hwthread 15 - OK[0m[1;34m
[0m[1;34m	threadid 131304095968960 -> hwthread 16 - OK[0m[1;34m
[0m[1;34m	threadid 131304087572288 -> hwthread 17 - OK[0m[1;34m
[0m[1;34m	threadid 131304079175616 -> hwthread 18 - OK[0m[1;34m
[0m[1;34m	threadid 131303592685632 -> hwthread 19 - OK[0m[1;34m
[0m[1;34m	threadid 131303584288960 -> hwthread 20 - OK[0m[1;34m
[0m[1;34m	threadid 131303575892288 -> hwthread 21 - OK[0m[1;34m
[0m[1;34m	threadid 131303567495616 -> hwthread 22 - OK[0m[1;34m
[0m[1;34m	threadid 131303559098944 -> hwthread 23 - OK[0m[1;34m
[0m[1;34m	threadid 131303550702272 -> hwthread 24 - OK[0m[1;34m
[0m[1;34m	threadid 131303542305600 -> hwthread 25 - OK[0m[1;34m
[0m[1;34m	threadid 131303055815616 -> hwthread 26 - OK[0m[1;34m
[0m[1;34m	threadid 131303047418944 -> hwthread 27 - OK[0m[1;34m
[0m[1;34m	threadid 131303039022272 -> hwthread 28 - OK[0m[1;34m
[0m[1;34m	threadid 131303030625600 -> hwthread 29 - OK[0m[1;34m
[0m[1;34m	threadid 131303022228928 -> hwthread 30 - OK[0m[1;34m
[0m[1;34m	threadid 131303013832256 -> hwthread 31 - OK[0m[1;34m
[0m[1;34m	threadid 131303005435584 -> hwthread 32 - OK[0m[1;34m
[0m[1;34m	threadid 131302518941504 -> hwthread 33 - OK[0m[1;34m
[0m[1;34m	threadid 131302510540736 -> hwthread 34 - OK[0m[1;34m
[0m[1;34m	threadid 131302502139968 -> hwthread 35 - OK[0m[1;34m
[0m[1;34m	threadid 131302493739200 -> hwthread 36 - OK[0m[1;34m
[0m[1;34m	threadid 131302485338432 -> hwthread 37 - OK[0m[1;34m
[0m[1;34m	threadid 131302476937664 -> hwthread 38 - OK[0m[1;34m
[0m[1;34m	threadid 131302468536896 -> hwthread 39 - OK[0m[1;34m
[0m[1;34m	threadid 131301982071488 -> hwthread 40 - OK[0m[1;34m
[0m[1;34m	threadid 131301973670720 -> hwthread 41 - OK[0m[1;34m
[0m[1;34m	threadid 131301965269952 -> hwthread 42 - OK[0m[1;34m
[0m[1;34m	threadid 131301956869184 -> hwthread 43 - OK[0m[1;34m
[0m[1;34m	threadid 131301948468416 -> hwthread 44 - OK[0m[1;34m
[0m[1;34m	threadid 131301940067648 -> hwthread 45 - OK[0m[1;34m
[0m[1;34m	threadid 131301931666880 -> hwthread 46 - OK[0m[1;34m
[0m[1;34m	threadid 131301445201472 -> hwthread 47 - OK[0m[1;34m
[0m[1;34m	threadid 131301436800704 -> hwthread 48 - OK[0m[1;34m
[0m[1;34m	threadid 131301428399936 -> hwthread 49 - OK[0m[1;34m
[0m[1;34m	threadid 131301419999168 -> hwthread 50 - OK[0m[1;34m
[0m[1;34m	threadid 131301411598400 -> hwthread 51 - OK[0m[1;34m
[0m[1;34m	threadid 131301403197632 -> hwthread 52 - OK[0m[1;34m
[0m[1;34m	threadid 131301394796864 -> hwthread 53 - OK[0m[1;34m
[0m[1;34m	threadid 131300908331456 -> hwthread 54 - OK[0m[1;34m
[0m[1;34m	threadid 131300899930688 -> hwthread 55 - OK[0m[1;34m
[0m[1;34m	threadid 131300891529920 -> hwthread 56 - OK[0m[1;34m
[0m[1;34m	threadid 131300883129152 -> hwthread 57 - OK[0m[1;34m
[0m[1;34m	threadid 131300874728384 -> hwthread 58 - OK[0m[1;34m
[0m[1;34m	threadid 131300866327616 -> hwthread 59 - OK[0m[1;34m
[0m[1;34m	threadid 131300857926848 -> hwthread 60 - OK[0m[1;34m
[0m[1;34m	threadid 131300371461440 -> hwthread 61 - OK[0m[1;34m
[0m[1;34m	threadid 131300363060672 -> hwthread 62 - OK[0m[1;34m
[0m[1;34m	threadid 131300354659904 -> hwthread 63 - OK[0m[1;34m
[0m[1;34mRoundrobin placement triggered
	threadid 131300346259136 -> hwthread 0 - OK[0m[1;34m
[0m[1;34m	threadid 131300337866432 -> hwthread 1 - OK[0m[1;34m
[0mPITTS: version v0.9.6-2-g6da1bf0-dirty
PITTS: MPI #procs: 1
PITTS: OpenMP #threads: 64
PITTS: SIMD implementation: avx2
PITTS: Eigen SIMD implementation: AVX SSE, SSE2, SSE3, SSSE3, SSE4.1, SSE4.2
PITTS: cache sizes (L1/core, L2/core, L3/accessible) [byte]: (32768, 524288, 805306368)
PITTS: preprocessor definitions: PITTS_DIRECT_MKL_GEMM
Performance statistics:
function                                                                                                                                                                                                    	 time [s]  	 #calls    	 GFlop/s DP	 GFlop/s SP	 GByte/s   	Flops/Byte
<PITTS::MultiVector<double>> :: void PITTS::randomize(MultiVector<T>&) [with T = double](rows: 1073741824, cols: 1)                                                                                         	 0.619792  	 1         	 0         	 0         	 13.8594   	 0         
<PITTS::Tensor3<double>> :: void PITTS::fold_left(const MatrixType&, int, Tensor3<T>&) [with T = double; MatrixType = Eigen::Block<const Eigen::Matrix<double, -1, -1>, -1, -1, true>](r1: 14, n: 2, r2: 14)	 0.000268127	 22        	 0         	 0         	 0.514622  	 0         
<PITTS::Tensor3<double>> :: void PITTS::fold_left(const MatrixType&, int, Tensor3<T>&) [with T = double; MatrixType = Eigen::Block<const Eigen::Matrix<double, -1, -1>, -1, -1, true>](r1: 2, n: 2, r2: 4)  	 3.9511e-05	 1         	 0         	 0         	 0.00647921	 0         
<PITTS::Tensor3<double>> :: void PITTS::fold_left(const MatrixType&, int, Tensor3<T>&) [with T = double; MatrixType = Eigen::Block<const Eigen::Matrix<double, -1, -1>, -1, -1, true>](r1: 1, n: 2, r2: 2)  	 3.6251e-05	 1         	 0         	 0         	 0.00176547	 0         
<PITTS::Tensor3<double>> :: void PITTS::fold_left(const MatrixType&, int, Tensor3<T>&) [with T = double; MatrixType = Eigen::Block<const Eigen::Matrix<double, -1, -1>, -1, -1, true>](r1: 8, n: 2, r2: 14) 	 2.6091e-05	 1         	 0         	 0         	 0.137365  	 0         
<PITTS::Tensor3<double>> :: void PITTS::fold_left(const MatrixType&, int, Tensor3<T>&) [with T = double; MatrixType = Eigen::Block<const Eigen::Matrix<double, -1, -1>, -1, -1, true>](r1: 4, n: 2, r2: 8)  	 2.373e-05 	 1         	 0         	 0         	 0.0431521 	 0         
<PITTS::Tensor3<double>> :: void PITTS::fold_left(const MatrixType&, int, Tensor3<T>&) [with T = double; MatrixType = Eigen::Block<const Eigen::Matrix<double, -1, -1>, -1, -1, true>](r1: 8, n: 2, r2: 4)  	 3.671e-06 	 1         	 0         	 0         	 0.278943  	 0         
<PITTS::Tensor3<double>> :: void PITTS::fold_left(const MatrixType&, int, Tensor3<T>&) [with T = double; MatrixType = Eigen::Block<const Eigen::Matrix<double, -1, -1>, -1, -1, true>](r1: 14, n: 2, r2: 8) 	 1.26e-06  	 1         	 0         	 0         	 2.84444   	 0         
<PITTS::Tensor3<double>> :: void PITTS::fold_left(const MatrixType&, int, Tensor3<T>&) [with T = double; MatrixType = Eigen::Block<const Eigen::Matrix<double, -1, -1>, -1, -1, true>](r1: 4, n: 2, r2: 2)  	 7.1e-07   	 1         	 0         	 0         	 0.360563  	 0         
<PITTS::Tensor3<double>> :: void PITTS::fold_left(const MatrixType&, int, Tensor3<T>&) [with T = double; MatrixType = Eigen::Matrix<double, -1, -1>](r1: 2, n: 2, r2: 1)                                    	 3.6e-07   	 1         	 0         	 0         	 0.177778  	 0         
Timing statistics:
function                                                                                                                                                                              	 time [s]  	 #calls    
<PITTS::TensorTrain<double>> :: PITTS::TensorTrain<T> PITTS::fromDense_classical(Iter, Iter, const std::vector<int>&, T, int) [with Iter = const double*; T = double]                 	 375.863   	 1         
<PITTS::MultiVector<double>> :: void PITTS::randomize(MultiVector<T>&) [with T = double]                                                                                              	 0.619792  	 1         
<PITTS::Tensor3<double>> :: void PITTS::fold_left(const MatrixType&, int, Tensor3<T>&) [with T = double; MatrixType = Eigen::Block<const Eigen::Matrix<double, -1, -1>, -1, -1, true>]	 0.000399351	 29        
<PITTS::MultiVector<double>> :: void PITTS::MultiVector<T>::resize(long long int, long long int, bool, bool) [with T = double]                                                        	 0.000122224	 1         
<PITTS::Tensor3<double>> :: void PITTS::Tensor3<T>::resize(long long int, long long int, long long int, bool, bool) [with T = double]                                                 	 8.7475e-05	 60        
<PITTS::Tensor3<double>> :: void PITTS::fold_left(const MatrixType&, int, Tensor3<T>&) [with T = double; MatrixType = Eigen::Matrix<double, -1, -1>]                                  	 3.6e-07   	 1         
INFO: You are running LIKWID in a cpuset with 64 CPUs. Taking given IDs as logical ID in cpuset
[1;34m[pthread wrapper] 
[0m[1;34m[pthread wrapper] MAIN -> 0
[0m[1;34m[pthread wrapper] PIN_MASK: [0m[1;34m0->1  [0m[1;34m1->2  [0m[1;34m2->3  [0m[1;34m3->4  [0m[1;34m4->5  [0m[1;34m5->6  [0m[1;34m6->7  [0m[1;34m7->8  [0m[1;34m8->9  [0m[1;34m9->10  [0m[1;34m10->11  [0m[1;34m11->12  [0m[1;34m12->13  [0m[1;34m13->14  [0m[1;34m14->15  [0m[1;34m15->16  [0m[1;34m16->17  [0m[1;34m17->18  [0m[1;34m18->19  [0m[1;34m19->20  [0m[1;34m20->21  [0m[1;34m21->22  [0m[1;34m22->23  [0m[1;34m23->24  [0m[1;34m24->25  [0m[1;34m25->26  [0m[1;34m26->27  [0m[1;34m27->28  [0m[1;34m28->29  [0m[1;34m29->30  [0m[1;34m30->31  [0m[1;34m31->32  [0m[1;34m32->33  [0m[1;34m33->34  [0m[1;34m34->35  [0m[1;34m35->36  [0m[1;34m36->37  [0m[1;34m37->38  [0m[1;34m38->39  [0m[1;34m39->40  [0m[1;34m40->41  [0m[1;34m41->42  [0m[1;34m42->43  [0m[1;34m43->44  [0m[1;34m44->45  [0m[1;34m45->46  [0m[1;34m46->47  [0m[1;34m47->48  [0m[1;34m48->49  [0m[1;34m49->50  [0m[1;34m50->51  [0m[1;34m51->52  [0m[1;34m52->53  [0m[1;34m53->54  [0m[1;34m54->55  [0m[1;34m55->56  [0m[1;34m56->57  [0m[1;34m57->58  [0m[1;34m58->59  [0m[1;34m59->60  [0m[1;34m60->61  [0m[1;34m61->62  [0m[1;34m62->63  [0m[1;34m
[pthread wrapper] SKIP MASK: 0x0
[0m[1;34m	threadid 131370041980736 -> hwthread 1 - OK[0m[1;34m
[0m[1;34m	threadid 131369963349952 -> hwthread 2 - OK[0m[1;34m
[0m[1;34m	threadid 131369954953280 -> hwthread 3 - OK[0m[1;34m
[0m[1;34m	threadid 131369946556608 -> hwthread 4 - OK[0m[1;34m
[0m[1;34m	threadid 131369938159936 -> hwthread 5 - OK[0m[1;34m
[0m[1;34m	threadid 131369929763264 -> hwthread 6 - OK[0m[1;34m
[0m[1;34m	threadid 131369921366592 -> hwthread 7 - OK[0m[1;34m
[0m[1;34m	threadid 131369912969920 -> hwthread 8 - OK[0m[1;34m
[0m[1;34m	threadid 131369426479936 -> hwthread 9 - OK[0m[1;34m
[0m[1;34m	threadid 131369418083264 -> hwthread 10 - OK[0m[1;34m
[0m[1;34m	threadid 131369409686592 -> hwthread 11 - OK[0m[1;34m
[0m[1;34m	threadid 131369401289920 -> hwthread 12 - OK[0m[1;34m
[0m[1;34m	threadid 131369392893248 -> hwthread 13 - OK[0m[1;34m
[0m[1;34m	threadid 131369384496576 -> hwthread 14 - OK[0m[1;34m
[0m[1;34m	threadid 131369376099904 -> hwthread 15 - OK[0m[1;34m
[0m[1;34m	threadid 131368889609920 -> hwthread 16 - OK[0m[1;34m
[0m[1;34m	threadid 131368881213248 -> hwthread 17 - OK[0m[1;34m
[0m[1;34m	threadid 131368872816576 -> hwthread 18 - OK[0m[1;34m
[0m[1;34m	threadid 131368864419904 -> hwthread 19 - OK[0m[1;34m
[0m[1;34m	threadid 131368856023232 -> hwthread 20 - OK[0m[1;34m
[0m[1;34m	threadid 131368847626560 -> hwthread 21 - OK[0m[1;34m
[0m[1;34m	threadid 131368839229888 -> hwthread 22 - OK[0m[1;34m
[0m[1;34m	threadid 131368352739904 -> hwthread 23 - OK[0m[1;34m
[0m[1;34m	threadid 131368344343232 -> hwthread 24 - OK[0m[1;34m
[0m[1;34m	threadid 131368335946560 -> hwthread 25 - OK[0m[1;34m
[0m[1;34m	threadid 131368327549888 -> hwthread 26 - OK[0m[1;34m
[0m[1;34m	threadid 131368319153216 -> hwthread 27 - OK[0m[1;34m
[0m[1;34m	threadid 131368310756544 -> hwthread 28 - OK[0m[1;34m
[0m[1;34m	threadid 131368302359872 -> hwthread 29 - OK[0m[1;34m
[0m[1;34m	threadid 131367815869888 -> hwthread 30 - OK[0m[1;34m
[0m[1;34m	threadid 131367807473216 -> hwthread 31 - OK[0m[1;34m
[0m[1;34m	threadid 131367799076544 -> hwthread 32 - OK[0m[1;34m
[0m[1;34m	threadid 131367790675776 -> hwthread 33 - OK[0m[1;34m
[0m[1;34m	threadid 131367782275008 -> hwthread 34 - OK[0m[1;34m
[0m[1;34m	threadid 131367773874240 -> hwthread 35 - OK[0m[1;34m
[0m[1;34m	threadid 131367765473472 -> hwthread 36 - OK[0m[1;34m
[0m[1;34m	threadid 131367278995776 -> hwthread 37 - OK[0m[1;34m
[0m[1;34m	threadid 131367270595008 -> hwthread 38 - OK[0m[1;34m
[0m[1;34m	threadid 131367262194240 -> hwthread 39 - OK[0m[1;34m
[0m[1;34m	threadid 131367253793472 -> hwthread 40 - OK[0m[1;34m
[0m[1;34m	threadid 131367245392704 -> hwthread 41 - OK[0m[1;34m
[0m[1;34m	threadid 131367236991936 -> hwthread 42 - OK[0m[1;34m
[0m[1;34m	threadid 131367228591168 -> hwthread 43 - OK[0m[1;34m
[0m[1;34m	threadid 131366742125760 -> hwthread 44 - OK[0m[1;34m
[0m[1;34m	threadid 131366733724992 -> hwthread 45 - OK[0m[1;34m
[0m[1;34m	threadid 131366725324224 -> hwthread 46 - OK[0m[1;34m
[0m[1;34m	threadid 131366716923456 -> hwthread 47 - OK[0m[1;34m
[0m[1;34m	threadid 131366708522688 -> hwthread 48 - OK[0m[1;34m
[0m[1;34m	threadid 131366700121920 -> hwthread 49 - OK[0m[1;34m
[0m[1;34m	threadid 131366691721152 -> hwthread 50 - OK[0m[1;34m
[0m[1;34m	threadid 131366205255744 -> hwthread 51 - OK[0m[1;34m
[0m[1;34m	threadid 131366196854976 -> hwthread 52 - OK[0m[1;34m
[0m[1;34m	threadid 131366188454208 -> hwthread 53 - OK[0m[1;34m
[0m[1;34m	threadid 131366180053440 -> hwthread 54 - OK[0m[1;34m
[0m[1;34m	threadid 131366171652672 -> hwthread 55 - OK[0m[1;34m
[0m[1;34m	threadid 131366163251904 -> hwthread 56 - OK[0m[1;34m
[0m[1;34m	threadid 131366154851136 -> hwthread 57 - OK[0m[1;34m
[0m[1;34m	threadid 131365668385728 -> hwthread 58 - OK[0m[1;34m
[0m[1;34m	threadid 131365659984960 -> hwthread 59 - OK[0m[1;34m
[0m[1;34m	threadid 131365651584192 -> hwthread 60 - OK[0m[1;34m
[0m[1;34m	threadid 131365643183424 -> hwthread 61 - OK[0m[1;34m
[0m[1;34m	threadid 131365634782656 -> hwthread 62 - OK[0m[1;34m
[0m[1;34m	threadid 131365626381888 -> hwthread 63 - OK[0m[1;34m
[0m[1;34mRoundrobin placement triggered
	threadid 131365617981120 -> hwthread 0 - OK[0m[1;34m
[0m[1;34m	threadid 131365131515584 -> hwthread 1 - OK[0m[1;34m
[0mPITTS: version v0.9.6-2-g6da1bf0-dirty
PITTS: MPI #procs: 1
PITTS: OpenMP #threads: 64
PITTS: SIMD implementation: avx2
PITTS: Eigen SIMD implementation: AVX SSE, SSE2, SSE3, SSSE3, SSE4.1, SSE4.2
PITTS: cache sizes (L1/core, L2/core, L3/accessible) [byte]: (32768, 524288, 805306368)
PITTS: preprocessor definitions: PITTS_DIRECT_MKL_GEMM
Performance statistics:
function                                                                                                                                                                                                    	 time [s]  	 #calls    	 GFlop/s DP	 GFlop/s SP	 GByte/s   	Flops/Byte
<PITTS::MultiVector<double>> :: void PITTS::randomize(MultiVector<T>&) [with T = double](rows: 1073741824, cols: 1)                                                                                         	 0.620245  	 1         	 0         	 0         	 13.8493   	 0         
<PITTS::Tensor3<double>> :: void PITTS::fold_left(const MatrixType&, int, Tensor3<T>&) [with T = double; MatrixType = Eigen::Block<const Eigen::Matrix<double, -1, -1>, -1, -1, true>](r1: 15, n: 2, r2: 15)	 0.000266799	 22        	 0         	 0         	 0.593705  	 0         
<PITTS::Tensor3<double>> :: void PITTS::fold_left(const MatrixType&, int, Tensor3<T>&) [with T = double; MatrixType = Eigen::Block<const Eigen::Matrix<double, -1, -1>, -1, -1, true>](r1: 2, n: 2, r2: 4)  	 4.6221e-05	 1         	 0         	 0         	 0.00553861	 0         
<PITTS::Tensor3<double>> :: void PITTS::fold_left(const MatrixType&, int, Tensor3<T>&) [with T = double; MatrixType = Eigen::Block<const Eigen::Matrix<double, -1, -1>, -1, -1, true>](r1: 1, n: 2, r2: 2)  	 3.6311e-05	 1         	 0         	 0         	 0.00176255	 0         
<PITTS::Tensor3<double>> :: void PITTS::fold_left(const MatrixType&, int, Tensor3<T>&) [with T = double; MatrixType = Eigen::Block<const Eigen::Matrix<double, -1, -1>, -1, -1, true>](r1: 4, n: 2, r2: 8)  	 2.773e-05 	 1         	 0         	 0         	 0.0369275 	 0         
<PITTS::Tensor3<double>> :: void PITTS::fold_left(const MatrixType&, int, Tensor3<T>&) [with T = double; MatrixType = Eigen::Block<const Eigen::Matrix<double, -1, -1>, -1, -1, true>](r1: 8, n: 2, r2: 15) 	 2.7531e-05	 1         	 0         	 0         	 0.139479  	 0         
<PITTS::Tensor3<double>> :: void PITTS::fold_left(const MatrixType&, int, Tensor3<T>&) [with T = double; MatrixType = Eigen::Block<const Eigen::Matrix<double, -1, -1>, -1, -1, true>](r1: 15, n: 2, r2: 8) 	 1.16e-06  	 1         	 0         	 0         	 3.31034   	 0         
<PITTS::Tensor3<double>> :: void PITTS::fold_left(const MatrixType&, int, Tensor3<T>&) [with T = double; MatrixType = Eigen::Block<const Eigen::Matrix<double, -1, -1>, -1, -1, true>](r1: 8, n: 2, r2: 4)  	 8.9e-07   	 1         	 0         	 0         	 1.15056   	 0         
<PITTS::Tensor3<double>> :: void PITTS::fold_left(const MatrixType&, int, Tensor3<T>&) [with T = double; MatrixType = Eigen::Block<const Eigen::Matrix<double, -1, -1>, -1, -1, true>](r1: 4, n: 2, r2: 2)  	 8.4e-07   	 1         	 0         	 0         	 0.304762  	 0         
<PITTS::Tensor3<double>> :: void PITTS::fold_left(const MatrixType&, int, Tensor3<T>&) [with T = double; MatrixType = Eigen::Matrix<double, -1, -1>](r1: 2, n: 2, r2: 1)                                    	 4.8e-07   	 1         	 0         	 0         	 0.133333  	 0         
Timing statistics:
function                                                                                                                                                                              	 time [s]  	 #calls    
<PITTS::TensorTrain<double>> :: PITTS::TensorTrain<T> PITTS::fromDense_classical(Iter, Iter, const std::vector<int>&, T, int) [with Iter = const double*; T = double]                 	 401.065   	 1         
<PITTS::MultiVector<double>> :: void PITTS::randomize(MultiVector<T>&) [with T = double]                                                                                              	 0.620245  	 1         
<PITTS::Tensor3<double>> :: void PITTS::fold_left(const MatrixType&, int, Tensor3<T>&) [with T = double; MatrixType = Eigen::Block<const Eigen::Matrix<double, -1, -1>, -1, -1, true>]	 0.000407482	 29        
<PITTS::MultiVector<double>> :: void PITTS::MultiVector<T>::resize(long long int, long long int, bool, bool) [with T = double]                                                        	 0.000144914	 1         
<PITTS::Tensor3<double>> :: void PITTS::Tensor3<T>::resize(long long int, long long int, long long int, bool, bool) [with T = double]                                                 	 9.0822e-05	 60        
<PITTS::Tensor3<double>> :: void PITTS::fold_left(const MatrixType&, int, Tensor3<T>&) [with T = double; MatrixType = Eigen::Matrix<double, -1, -1>]                                  	 4.8e-07   	 1         
INFO: You are running LIKWID in a cpuset with 64 CPUs. Taking given IDs as logical ID in cpuset
[1;34m[pthread wrapper] 
[0m[1;34m[pthread wrapper] MAIN -> 0
[0m[1;34m[pthread wrapper] PIN_MASK: [0m[1;34m0->1  [0m[1;34m1->2  [0m[1;34m2->3  [0m[1;34m3->4  [0m[1;34m4->5  [0m[1;34m5->6  [0m[1;34m6->7  [0m[1;34m7->8  [0m[1;34m8->9  [0m[1;34m9->10  [0m[1;34m10->11  [0m[1;34m11->12  [0m[1;34m12->13  [0m[1;34m13->14  [0m[1;34m14->15  [0m[1;34m15->16  [0m[1;34m16->17  [0m[1;34m17->18  [0m[1;34m18->19  [0m[1;34m19->20  [0m[1;34m20->21  [0m[1;34m21->22  [0m[1;34m22->23  [0m[1;34m23->24  [0m[1;34m24->25  [0m[1;34m25->26  [0m[1;34m26->27  [0m[1;34m27->28  [0m[1;34m28->29  [0m[1;34m29->30  [0m[1;34m30->31  [0m[1;34m31->32  [0m[1;34m32->33  [0m[1;34m33->34  [0m[1;34m34->35  [0m[1;34m35->36  [0m[1;34m36->37  [0m[1;34m37->38  [0m[1;34m38->39  [0m[1;34m39->40  [0m[1;34m40->41  [0m[1;34m41->42  [0m[1;34m42->43  [0m[1;34m43->44  [0m[1;34m44->45  [0m[1;34m45->46  [0m[1;34m46->47  [0m[1;34m47->48  [0m[1;34m48->49  [0m[1;34m49->50  [0m[1;34m50->51  [0m[1;34m51->52  [0m[1;34m52->53  [0m[1;34m53->54  [0m[1;34m54->55  [0m[1;34m55->56  [0m[1;34m56->57  [0m[1;34m57->58  [0m[1;34m58->59  [0m[1;34m59->60  [0m[1;34m60->61  [0m[1;34m61->62  [0m[1;34m62->63  [0m[1;34m
[pthread wrapper] SKIP MASK: 0x0
[0m[1;34m	threadid 136354304337728 -> hwthread 1 - OK[0m[1;34m
[0m[1;34m	threadid 136354295941056 -> hwthread 2 - OK[0m[1;34m
[0m[1;34m	threadid 136354287544384 -> hwthread 3 - OK[0m[1;34m
[0m[1;34m	threadid 136354071570624 -> hwthread 4 - OK[0m[1;34m
[0m[1;34m	threadid 136354063173952 -> hwthread 5 - OK[0m[1;34m
[0m[1;34m	threadid 136354054777280 -> hwthread 6 - OK[0m[1;34m
[0m[1;34m	threadid 136354046380608 -> hwthread 7 - OK[0m[1;34m
[0m[1;34m	threadid 136354037983936 -> hwthread 8 - OK[0m[1;34m
[0m[1;34m	threadid 136354029587264 -> hwthread 9 - OK[0m[1;34m
[0m[1;34m	threadid 136354021190592 -> hwthread 10 - OK[0m[1;34m
[0m[1;34m	threadid 136353534700608 -> hwthread 11 - OK[0m[1;34m
[0m[1;34m	threadid 136353526303936 -> hwthread 12 - OK[0m[1;34m
[0m[1;34m	threadid 136353517907264 -> hwthread 13 - OK[0m[1;34m
[0m[1;34m	threadid 136353509510592 -> hwthread 14 - OK[0m[1;34m
[0m[1;34m	threadid 136353501113920 -> hwthread 15 - OK[0m[1;34m
[0m[1;34m	threadid 136353492717248 -> hwthread 16 - OK[0m[1;34m
[0m[1;34m	threadid 136353484320576 -> hwthread 17 - OK[0m[1;34m
[0m[1;34m	threadid 136352997830592 -> hwthread 18 - OK[0m[1;34m
[0m[1;34m	threadid 136352989433920 -> hwthread 19 - OK[0m[1;34m
[0m[1;34m	threadid 136352981037248 -> hwthread 20 - OK[0m[1;34m
[0m[1;34m	threadid 136352972640576 -> hwthread 21 - OK[0m[1;34m
[0m[1;34m	threadid 136352964243904 -> hwthread 22 - OK[0m[1;34m
[0m[1;34m	threadid 136352955847232 -> hwthread 23 - OK[0m[1;34m
[0m[1;34m	threadid 136352947450560 -> hwthread 24 - OK[0m[1;34m
[0m[1;34m	threadid 136352460960576 -> hwthread 25 - OK[0m[1;34m
[0m[1;34m	threadid 136352452563904 -> hwthread 26 - OK[0m[1;34m
[0m[1;34m	threadid 136352444167232 -> hwthread 27 - OK[0m[1;34m
[0m[1;34m	threadid 136352435770560 -> hwthread 28 - OK[0m[1;34m
[0m[1;34m	threadid 136352427373888 -> hwthread 29 - OK[0m[1;34m
[0m[1;34m	threadid 136352418977216 -> hwthread 30 - OK[0m[1;34m
[0m[1;34m	threadid 136352410580544 -> hwthread 31 - OK[0m[1;34m
[0m[1;34m	threadid 136351924090560 -> hwthread 32 - OK[0m[1;34m
[0m[1;34m	threadid 136351915689792 -> hwthread 33 - OK[0m[1;34m
[0m[1;34m	threadid 136351907289024 -> hwthread 34 - OK[0m[1;34m
[0m[1;34m	threadid 136351898888256 -> hwthread 35 - OK[0m[1;34m
[0m[1;34m	threadid 136351890487488 -> hwthread 36 - OK[0m[1;34m
[0m[1;34m	threadid 136351882086720 -> hwthread 37 - OK[0m[1;34m
[0m[1;34m	threadid 136351873685952 -> hwthread 38 - OK[0m[1;34m
[0m[1;34m	threadid 136351387216448 -> hwthread 39 - OK[0m[1;34m
[0m[1;34m	threadid 136351378815680 -> hwthread 40 - OK[0m[1;34m
[0m[1;34m	threadid 136351370414912 -> hwthread 41 - OK[0m[1;34m
[0m[1;34m	threadid 136351362014144 -> hwthread 42 - OK[0m[1;34m
[0m[1;34m	threadid 136351353613376 -> hwthread 43 - OK[0m[1;34m
[0m[1;34m	threadid 136351345212608 -> hwthread 44 - OK[0m[1;34m
[0m[1;34m	threadid 136351336811840 -> hwthread 45 - OK[0m[1;34m
[0m[1;34m	threadid 136350850346432 -> hwthread 46 - OK[0m[1;34m
[0m[1;34m	threadid 136350841945664 -> hwthread 47 - OK[0m[1;34m
[0m[1;34m	threadid 136350833544896 -> hwthread 48 - OK[0m[1;34m
[0m[1;34m	threadid 136350825144128 -> hwthread 49 - OK[0m[1;34m
[0m[1;34m	threadid 136350816743360 -> hwthread 50 - OK[0m[1;34m
[0m[1;34m	threadid 136350808342592 -> hwthread 51 - OK[0m[1;34m
[0m[1;34m	threadid 136350799941824 -> hwthread 52 - OK[0m[1;34m
[0m[1;34m	threadid 136350313476416 -> hwthread 53 - OK[0m[1;34m
[0m[1;34m	threadid 136350305075648 -> hwthread 54 - OK[0m[1;34m
[0m[1;34m	threadid 136350296674880 -> hwthread 55 - OK[0m[1;34m
[0m[1;34m	threadid 136350288274112 -> hwthread 56 - OK[0m[1;34m
[0m[1;34m	threadid 136350279873344 -> hwthread 57 - OK[0m[1;34m
[0m[1;34m	threadid 136350271472576 -> hwthread 58 - OK[0m[1;34m
[0m[1;34m	threadid 136350263071808 -> hwthread 59 - OK[0m[1;34m
[0m[1;34m	threadid 136349776606400 -> hwthread 60 - OK[0m[1;34m
[0m[1;34m	threadid 136349768205632 -> hwthread 61 - OK[0m[1;34m
[0m[1;34m	threadid 136349759804864 -> hwthread 62 - OK[0m[1;34m
[0m[1;34m	threadid 136349751404096 -> hwthread 63 - OK[0m[1;34m
[0m[1;34mRoundrobin placement triggered
	threadid 136349743003328 -> hwthread 0 - OK[0m[1;34m
[0m[1;34m	threadid 136349734610624 -> hwthread 1 - OK[0m[1;34m
[0mPITTS: version v0.9.6-2-g6da1bf0-dirty
PITTS: MPI #procs: 1
PITTS: OpenMP #threads: 64
PITTS: SIMD implementation: avx2
PITTS: Eigen SIMD implementation: AVX SSE, SSE2, SSE3, SSSE3, SSE4.1, SSE4.2
PITTS: cache sizes (L1/core, L2/core, L3/accessible) [byte]: (32768, 524288, 805306368)
PITTS: preprocessor definitions: PITTS_DIRECT_MKL_GEMM
Performance statistics:
function                                                                                                                                                                                                    	 time [s]  	 #calls    	 GFlop/s DP	 GFlop/s SP	 GByte/s   	Flops/Byte
<PITTS::MultiVector<double>> :: void PITTS::randomize(MultiVector<T>&) [with T = double](rows: 1073741824, cols: 1)                                                                                         	 0.616465  	 1         	 0         	 0         	 13.9342   	 0         
<PITTS::Tensor3<double>> :: void PITTS::fold_left(const MatrixType&, int, Tensor3<T>&) [with T = double; MatrixType = Eigen::Block<const Eigen::Matrix<double, -1, -1>, -1, -1, true>](r1: 16, n: 2, r2: 16)	 0.0042903 	 22        	 0         	 0         	 0.0420073 	 0         
<PITTS::Tensor3<double>> :: void PITTS::fold_left(const MatrixType&, int, Tensor3<T>&) [with T = double; MatrixType = Eigen::Block<const Eigen::Matrix<double, -1, -1>, -1, -1, true>](r1: 2, n: 2, r2: 4)  	 3.8081e-05	 1         	 0         	 0         	 0.00672251	 0         
<PITTS::Tensor3<double>> :: void PITTS::fold_left(const MatrixType&, int, Tensor3<T>&) [with T = double; MatrixType = Eigen::Block<const Eigen::Matrix<double, -1, -1>, -1, -1, true>](r1: 1, n: 2, r2: 2)  	 3.6641e-05	 1         	 0         	 0         	 0.00174668	 0         
<PITTS::Tensor3<double>> :: void PITTS::fold_left(const MatrixType&, int, Tensor3<T>&) [with T = double; MatrixType = Eigen::Block<const Eigen::Matrix<double, -1, -1>, -1, -1, true>](r1: 4, n: 2, r2: 8)  	 3.5211e-05	 1         	 0         	 0         	 0.0290818 	 0         
<PITTS::Tensor3<double>> :: void PITTS::fold_left(const MatrixType&, int, Tensor3<T>&) [with T = double; MatrixType = Eigen::Block<const Eigen::Matrix<double, -1, -1>, -1, -1, true>](r1: 8, n: 2, r2: 16) 	 2.5941e-05	 1         	 0         	 0         	 0.157897  	 0         
<PITTS::Tensor3<double>> :: void PITTS::fold_left(const MatrixType&, int, Tensor3<T>&) [with T = double; MatrixType = Eigen::Block<const Eigen::Matrix<double, -1, -1>, -1, -1, true>](r1: 16, n: 2, r2: 8) 	 1.516e-05 	 1         	 0         	 0         	 0.270185  	 0         
<PITTS::Tensor3<double>> :: void PITTS::fold_left(const MatrixType&, int, Tensor3<T>&) [with T = double; MatrixType = Eigen::Block<const Eigen::Matrix<double, -1, -1>, -1, -1, true>](r1: 8, n: 2, r2: 4)  	 4.26e-06  	 1         	 0         	 0         	 0.240376  	 0         
<PITTS::Tensor3<double>> :: void PITTS::fold_left(const MatrixType&, int, Tensor3<T>&) [with T = double; MatrixType = Eigen::Block<const Eigen::Matrix<double, -1, -1>, -1, -1, true>](r1: 4, n: 2, r2: 2)  	 1.07e-06  	 1         	 0         	 0         	 0.239252  	 0         
<PITTS::Tensor3<double>> :: void PITTS::fold_left(const MatrixType&, int, Tensor3<T>&) [with T = double; MatrixType = Eigen::Matrix<double, -1, -1>](r1: 2, n: 2, r2: 1)                                    	 5.3e-07   	 1         	 0         	 0         	 0.120755  	 0         
Timing statistics:
function                                                                                                                                                                              	 time [s]  	 #calls    
<PITTS::TensorTrain<double>> :: PITTS::TensorTrain<T> PITTS::fromDense_classical(Iter, Iter, const std::vector<int>&, T, int) [with Iter = const double*; T = double]                 	 399.078   	 1         
<PITTS::MultiVector<double>> :: void PITTS::randomize(MultiVector<T>&) [with T = double]                                                                                              	 0.616465  	 1         
<PITTS::Tensor3<double>> :: void PITTS::fold_left(const MatrixType&, int, Tensor3<T>&) [with T = double; MatrixType = Eigen::Block<const Eigen::Matrix<double, -1, -1>, -1, -1, true>]	 0.00444667	 29        
<PITTS::MultiVector<double>> :: void PITTS::MultiVector<T>::resize(long long int, long long int, bool, bool) [with T = double]                                                        	 0.000123914	 1         
<PITTS::Tensor3<double>> :: void PITTS::Tensor3<T>::resize(long long int, long long int, long long int, bool, bool) [with T = double]                                                 	 7.7442e-05	 60        
<PITTS::Tensor3<double>> :: void PITTS::fold_left(const MatrixType&, int, Tensor3<T>&) [with T = double; MatrixType = Eigen::Matrix<double, -1, -1>]                                  	 5.3e-07   	 1         
INFO: You are running LIKWID in a cpuset with 64 CPUs. Taking given IDs as logical ID in cpuset
[1;34m[pthread wrapper] 
[0m[1;34m[pthread wrapper] MAIN -> 0
[0m[1;34m[pthread wrapper] PIN_MASK: [0m[1;34m0->1  [0m[1;34m1->2  [0m[1;34m2->3  [0m[1;34m3->4  [0m[1;34m4->5  [0m[1;34m5->6  [0m[1;34m6->7  [0m[1;34m7->8  [0m[1;34m8->9  [0m[1;34m9->10  [0m[1;34m10->11  [0m[1;34m11->12  [0m[1;34m12->13  [0m[1;34m13->14  [0m[1;34m14->15  [0m[1;34m15->16  [0m[1;34m16->17  [0m[1;34m17->18  [0m[1;34m18->19  [0m[1;34m19->20  [0m[1;34m20->21  [0m[1;34m21->22  [0m[1;34m22->23  [0m[1;34m23->24  [0m[1;34m24->25  [0m[1;34m25->26  [0m[1;34m26->27  [0m[1;34m27->28  [0m[1;34m28->29  [0m[1;34m29->30  [0m[1;34m30->31  [0m[1;34m31->32  [0m[1;34m32->33  [0m[1;34m33->34  [0m[1;34m34->35  [0m[1;34m35->36  [0m[1;34m36->37  [0m[1;34m37->38  [0m[1;34m38->39  [0m[1;34m39->40  [0m[1;34m40->41  [0m[1;34m41->42  [0m[1;34m42->43  [0m[1;34m43->44  [0m[1;34m44->45  [0m[1;34m45->46  [0m[1;34m46->47  [0m[1;34m47->48  [0m[1;34m48->49  [0m[1;34m49->50  [0m[1;34m50->51  [0m[1;34m51->52  [0m[1;34m52->53  [0m[1;34m53->54  [0m[1;34m54->55  [0m[1;34m55->56  [0m[1;34m56->57  [0m[1;34m57->58  [0m[1;34m58->59  [0m[1;34m59->60  [0m[1;34m60->61  [0m[1;34m61->62  [0m[1;34m62->63  [0m[1;34m
[pthread wrapper] SKIP MASK: 0x0
[0m[1;34m	threadid 128509533988672 -> hwthread 1 - OK[0m[1;34m
[0m[1;34m	threadid 128509525592000 -> hwthread 2 - OK[0m[1;34m
[0m[1;34m	threadid 128509448022080 -> hwthread 3 - OK[0m[1;34m
[0m[1;34m	threadid 128509439625408 -> hwthread 4 - OK[0m[1;34m
[0m[1;34m	threadid 128509431228736 -> hwthread 5 - OK[0m[1;34m
[0m[1;34m	threadid 128509422832064 -> hwthread 6 - OK[0m[1;34m
[0m[1;34m	threadid 128509414435392 -> hwthread 7 - OK[0m[1;34m
[0m[1;34m	threadid 128509406038720 -> hwthread 8 - OK[0m[1;34m
[0m[1;34m	threadid 128509397642048 -> hwthread 9 - OK[0m[1;34m
[0m[1;34m	threadid 128508844043200 -> hwthread 10 - OK[0m[1;34m
[0m[1;34m	threadid 128508835646528 -> hwthread 11 - OK[0m[1;34m
[0m[1;34m	threadid 128508827249856 -> hwthread 12 - OK[0m[1;34m
[0m[1;34m	threadid 128508818853184 -> hwthread 13 - OK[0m[1;34m
[0m[1;34m	threadid 128508810456512 -> hwthread 14 - OK[0m[1;34m
[0m[1;34m	threadid 128508802059840 -> hwthread 15 - OK[0m[1;34m
[0m[1;34m	threadid 128508793663168 -> hwthread 16 - OK[0m[1;34m
[0m[1;34m	threadid 128508307173184 -> hwthread 17 - OK[0m[1;34m
[0m[1;34m	threadid 128508298776512 -> hwthread 18 - OK[0m[1;34m
[0m[1;34m	threadid 128508290379840 -> hwthread 19 - OK[0m[1;34m
[0m[1;34m	threadid 128508281983168 -> hwthread 20 - OK[0m[1;34m
[0m[1;34m	threadid 128508273586496 -> hwthread 21 - OK[0m[1;34m
[0m[1;34m	threadid 128508265189824 -> hwthread 22 - OK[0m[1;34m
[0m[1;34m	threadid 128508256793152 -> hwthread 23 - OK[0m[1;34m
[0m[1;34m	threadid 128507770303168 -> hwthread 24 - OK[0m[1;34m
[0m[1;34m	threadid 128507761906496 -> hwthread 25 - OK[0m[1;34m
[0m[1;34m	threadid 128507753509824 -> hwthread 26 - OK[0m[1;34m
[0m[1;34m	threadid 128507745113152 -> hwthread 27 - OK[0m[1;34m
[0m[1;34m	threadid 128507736716480 -> hwthread 28 - OK[0m[1;34m
[0m[1;34m	threadid 128507728319808 -> hwthread 29 - OK[0m[1;34m
[0m[1;34m	threadid 128507719923136 -> hwthread 30 - OK[0m[1;34m
[0m[1;34m	threadid 128507233433152 -> hwthread 31 - OK[0m[1;34m
[0m[1;34m	threadid 128507225036480 -> hwthread 32 - OK[0m[1;34m
[0m[1;34m	threadid 128507216635712 -> hwthread 33 - OK[0m[1;34m
[0m[1;34m	threadid 128507208234944 -> hwthread 34 - OK[0m[1;34m
[0m[1;34m	threadid 128507199834176 -> hwthread 35 - OK[0m[1;34m
[0m[1;34m	threadid 128507191433408 -> hwthread 36 - OK[0m[1;34m
[0m[1;34m	threadid 128507183032640 -> hwthread 37 - OK[0m[1;34m
[0m[1;34m	threadid 128506696559040 -> hwthread 38 - OK[0m[1;34m
[0m[1;34m	threadid 128506688158272 -> hwthread 39 - OK[0m[1;34m
[0m[1;34m	threadid 128506679757504 -> hwthread 40 - OK[0m[1;34m
[0m[1;34m	threadid 128506671356736 -> hwthread 41 - OK[0m[1;34m
[0m[1;34m	threadid 128506662955968 -> hwthread 42 - OK[0m[1;34m
[0m[1;34m	threadid 128506654555200 -> hwthread 43 - OK[0m[1;34m
[0m[1;34m	threadid 128506646154432 -> hwthread 44 - OK[0m[1;34m
[0m[1;34m	threadid 128506159689024 -> hwthread 45 - OK[0m[1;34m
[0m[1;34m	threadid 128506151288256 -> hwthread 46 - OK[0m[1;34m
[0m[1;34m	threadid 128506142887488 -> hwthread 47 - OK[0m[1;34m
[0m[1;34m	threadid 128506134486720 -> hwthread 48 - OK[0m[1;34m
[0m[1;34m	threadid 128506126085952 -> hwthread 49 - OK[0m[1;34m
[0m[1;34m	threadid 128506117685184 -> hwthread 50 - OK[0m[1;34m
[0m[1;34m	threadid 128506109284416 -> hwthread 51 - OK[0m[1;34m
[0m[1;34m	threadid 128505622819008 -> hwthread 52 - OK[0m[1;34m
[0m[1;34m	threadid 128505614418240 -> hwthread 53 - OK[0m[1;34m
[0m[1;34m	threadid 128505606017472 -> hwthread 54 - OK[0m[1;34m
[0m[1;34m	threadid 128505597616704 -> hwthread 55 - OK[0m[1;34m
[0m[1;34m	threadid 128505589215936 -> hwthread 56 - OK[0m[1;34m
[0m[1;34m	threadid 128505580815168 -> hwthread 57 - OK[0m[1;34m
[0m[1;34m	threadid 128505572414400 -> hwthread 58 - OK[0m[1;34m
[0m[1;34m	threadid 128505085948992 -> hwthread 59 - OK[0m[1;34m
[0m[1;34m	threadid 128505077548224 -> hwthread 60 - OK[0m[1;34m
[0m[1;34m	threadid 128505069147456 -> hwthread 61 - OK[0m[1;34m
[0m[1;34m	threadid 128505060746688 -> hwthread 62 - OK[0m[1;34m
[0m[1;34m	threadid 128505052345920 -> hwthread 63 - OK[0m[1;34m
[0m[1;34mRoundrobin placement triggered
	threadid 128505043945152 -> hwthread 0 - OK[0m[1;34m
[0m[1;34m	threadid 128505035552448 -> hwthread 1 - OK[0m[1;34m
[0mPITTS: version v0.9.6-2-g6da1bf0-dirty
PITTS: MPI #procs: 1
PITTS: OpenMP #threads: 64
PITTS: SIMD implementation: avx2
PITTS: Eigen SIMD implementation: AVX SSE, SSE2, SSE3, SSSE3, SSE4.1, SSE4.2
PITTS: cache sizes (L1/core, L2/core, L3/accessible) [byte]: (32768, 524288, 805306368)
PITTS: preprocessor definitions: PITTS_DIRECT_MKL_GEMM
Performance statistics:
function                                                                                                                                                                                                    	 time [s]  	 #calls    	 GFlop/s DP	 GFlop/s SP	 GByte/s   	Flops/Byte
<PITTS::MultiVector<double>> :: void PITTS::randomize(MultiVector<T>&) [with T = double](rows: 1073741824, cols: 1)                                                                                         	 0.618832  	 1         	 0         	 0         	 13.8809   	 0         
<PITTS::Tensor3<double>> :: void PITTS::fold_left(const MatrixType&, int, Tensor3<T>&) [with T = double; MatrixType = Eigen::Block<const Eigen::Matrix<double, -1, -1>, -1, -1, true>](r1: 17, n: 2, r2: 17)	 0.00323979	 20        	 0         	 0         	 0.0570901 	 0         
<PITTS::Tensor3<double>> :: void PITTS::fold_left(const MatrixType&, int, Tensor3<T>&) [with T = double; MatrixType = Eigen::Block<const Eigen::Matrix<double, -1, -1>, -1, -1, true>](r1: 16, n: 2, r2: 17)	 0.000665289	 1         	 0         	 0         	 0.013083  	 0         
<PITTS::Tensor3<double>> :: void PITTS::fold_left(const MatrixType&, int, Tensor3<T>&) [with T = double; MatrixType = Eigen::Block<const Eigen::Matrix<double, -1, -1>, -1, -1, true>](r1: 2, n: 2, r2: 4)  	 4.5122e-05	 1         	 0         	 0         	 0.00567351	 0         
<PITTS::Tensor3<double>> :: void PITTS::fold_left(const MatrixType&, int, Tensor3<T>&) [with T = double; MatrixType = Eigen::Block<const Eigen::Matrix<double, -1, -1>, -1, -1, true>](r1: 4, n: 2, r2: 8)  	 3.9711e-05	 1         	 0         	 0         	 0.0257863 	 0         
<PITTS::Tensor3<double>> :: void PITTS::fold_left(const MatrixType&, int, Tensor3<T>&) [with T = double; MatrixType = Eigen::Block<const Eigen::Matrix<double, -1, -1>, -1, -1, true>](r1: 1, n: 2, r2: 2)  	 3.6531e-05	 1         	 0         	 0         	 0.00175194	 0         
<PITTS::Tensor3<double>> :: void PITTS::fold_left(const MatrixType&, int, Tensor3<T>&) [with T = double; MatrixType = Eigen::Block<const Eigen::Matrix<double, -1, -1>, -1, -1, true>](r1: 8, n: 2, r2: 16) 	 2.7791e-05	 1         	 0         	 0         	 0.147386  	 0         
<PITTS::Tensor3<double>> :: void PITTS::fold_left(const MatrixType&, int, Tensor3<T>&) [with T = double; MatrixType = Eigen::Block<const Eigen::Matrix<double, -1, -1>, -1, -1, true>](r1: 16, n: 2, r2: 8) 	 1.172e-05 	 1         	 0         	 0         	 0.349488  	 0         
<PITTS::Tensor3<double>> :: void PITTS::fold_left(const MatrixType&, int, Tensor3<T>&) [with T = double; MatrixType = Eigen::Block<const Eigen::Matrix<double, -1, -1>, -1, -1, true>](r1: 8, n: 2, r2: 4)  	 7.21e-06  	 1         	 0         	 0         	 0.142025  	 0         
<PITTS::Tensor3<double>> :: void PITTS::fold_left(const MatrixType&, int, Tensor3<T>&) [with T = double; MatrixType = Eigen::Block<const Eigen::Matrix<double, -1, -1>, -1, -1, true>](r1: 17, n: 2, r2: 16)	 4.541e-06 	 1         	 0         	 0         	 1.91676   	 0         
<PITTS::Tensor3<double>> :: void PITTS::fold_left(const MatrixType&, int, Tensor3<T>&) [with T = double; MatrixType = Eigen::Block<const Eigen::Matrix<double, -1, -1>, -1, -1, true>](r1: 4, n: 2, r2: 2)  	 7.8e-07   	 1         	 0         	 0         	 0.328205  	 0         
<PITTS::Tensor3<double>> :: void PITTS::fold_left(const MatrixType&, int, Tensor3<T>&) [with T = double; MatrixType = Eigen::Matrix<double, -1, -1>](r1: 2, n: 2, r2: 1)                                    	 4.5e-07   	 1         	 0         	 0         	 0.142222  	 0         
Timing statistics:
function                                                                                                                                                                              	 time [s]  	 #calls    
<PITTS::TensorTrain<double>> :: PITTS::TensorTrain<T> PITTS::fromDense_classical(Iter, Iter, const std::vector<int>&, T, int) [with Iter = const double*; T = double]                 	 380.324   	 1         
<PITTS::MultiVector<double>> :: void PITTS::randomize(MultiVector<T>&) [with T = double]                                                                                              	 0.618832  	 1         
<PITTS::Tensor3<double>> :: void PITTS::fold_left(const MatrixType&, int, Tensor3<T>&) [with T = double; MatrixType = Eigen::Block<const Eigen::Matrix<double, -1, -1>, -1, -1, true>]	 0.00407848	 29        
<PITTS::MultiVector<double>> :: void PITTS::MultiVector<T>::resize(long long int, long long int, bool, bool) [with T = double]                                                        	 0.000124874	 1         
<PITTS::Tensor3<double>> :: void PITTS::Tensor3<T>::resize(long long int, long long int, long long int, bool, bool) [with T = double]                                                 	 8.7943e-05	 60        
<PITTS::Tensor3<double>> :: void PITTS::fold_left(const MatrixType&, int, Tensor3<T>&) [with T = double; MatrixType = Eigen::Matrix<double, -1, -1>]                                  	 4.5e-07   	 1         
INFO: You are running LIKWID in a cpuset with 64 CPUs. Taking given IDs as logical ID in cpuset
[1;34m[pthread wrapper] 
[0m[1;34m[pthread wrapper] MAIN -> 0
[0m[1;34m[pthread wrapper] PIN_MASK: [0m[1;34m0->1  [0m[1;34m1->2  [0m[1;34m2->3  [0m[1;34m3->4  [0m[1;34m4->5  [0m[1;34m5->6  [0m[1;34m6->7  [0m[1;34m7->8  [0m[1;34m8->9  [0m[1;34m9->10  [0m[1;34m10->11  [0m[1;34m11->12  [0m[1;34m12->13  [0m[1;34m13->14  [0m[1;34m14->15  [0m[1;34m15->16  [0m[1;34m16->17  [0m[1;34m17->18  [0m[1;34m18->19  [0m[1;34m19->20  [0m[1;34m20->21  [0m[1;34m21->22  [0m[1;34m22->23  [0m[1;34m23->24  [0m[1;34m24->25  [0m[1;34m25->26  [0m[1;34m26->27  [0m[1;34m27->28  [0m[1;34m28->29  [0m[1;34m29->30  [0m[1;34m30->31  [0m[1;34m31->32  [0m[1;34m32->33  [0m[1;34m33->34  [0m[1;34m34->35  [0m[1;34m35->36  [0m[1;34m36->37  [0m[1;34m37->38  [0m[1;34m38->39  [0m[1;34m39->40  [0m[1;34m40->41  [0m[1;34m41->42  [0m[1;34m42->43  [0m[1;34m43->44  [0m[1;34m44->45  [0m[1;34m45->46  [0m[1;34m46->47  [0m[1;34m47->48  [0m[1;34m48->49  [0m[1;34m49->50  [0m[1;34m50->51  [0m[1;34m51->52  [0m[1;34m52->53  [0m[1;34m53->54  [0m[1;34m54->55  [0m[1;34m55->56  [0m[1;34m56->57  [0m[1;34m57->58  [0m[1;34m58->59  [0m[1;34m59->60  [0m[1;34m60->61  [0m[1;34m61->62  [0m[1;34m62->63  [0m[1;34m
[pthread wrapper] SKIP MASK: 0x0
[0m[1;34m	threadid 133735554983744 -> hwthread 1 - OK[0m[1;34m
[0m[1;34m	threadid 133735546587072 -> hwthread 2 - OK[0m[1;34m
[0m[1;34m	threadid 133735538190400 -> hwthread 3 - OK[0m[1;34m
[0m[1;34m	threadid 133735529793728 -> hwthread 4 - OK[0m[1;34m
[0m[1;34m	threadid 133735521397056 -> hwthread 5 - OK[0m[1;34m
[0m[1;34m	threadid 133735513000384 -> hwthread 6 - OK[0m[1;34m
[0m[1;34m	threadid 133735504603712 -> hwthread 7 - OK[0m[1;34m
[0m[1;34m	threadid 133735496207040 -> hwthread 8 - OK[0m[1;34m
[0m[1;34m	threadid 133735013935936 -> hwthread 9 - OK[0m[1;34m
[0m[1;34m	threadid 133735005539264 -> hwthread 10 - OK[0m[1;34m
[0m[1;34m	threadid 133734997142592 -> hwthread 11 - OK[0m[1;34m
[0m[1;34m	threadid 133734988745920 -> hwthread 12 - OK[0m[1;34m
[0m[1;34m	threadid 133734980349248 -> hwthread 13 - OK[0m[1;34m
[0m[1;34m	threadid 133734971952576 -> hwthread 14 - OK[0m[1;34m
[0m[1;34m	threadid 133734963555904 -> hwthread 15 - OK[0m[1;34m
[0m[1;34m	threadid 133734409957056 -> hwthread 16 - OK[0m[1;34m
[0m[1;34m	threadid 133734401560384 -> hwthread 17 - OK[0m[1;34m
[0m[1;34m	threadid 133734393163712 -> hwthread 18 - OK[0m[1;34m
[0m[1;34m	threadid 133734384767040 -> hwthread 19 - OK[0m[1;34m
[0m[1;34m	threadid 133734376370368 -> hwthread 20 - OK[0m[1;34m
[0m[1;34m	threadid 133734367973696 -> hwthread 21 - OK[0m[1;34m
[0m[1;34m	threadid 133734359577024 -> hwthread 22 - OK[0m[1;34m
[0m[1;34m	threadid 133733873087040 -> hwthread 23 - OK[0m[1;34m
[0m[1;34m	threadid 133733864690368 -> hwthread 24 - OK[0m[1;34m
[0m[1;34m	threadid 133733856293696 -> hwthread 25 - OK[0m[1;34m
[0m[1;34m	threadid 133733847897024 -> hwthread 26 - OK[0m[1;34m
[0m[1;34m	threadid 133733839500352 -> hwthread 27 - OK[0m[1;34m
[0m[1;34m	threadid 133733831103680 -> hwthread 28 - OK[0m[1;34m
[0m[1;34m	threadid 133733822707008 -> hwthread 29 - OK[0m[1;34m
[0m[1;34m	threadid 133733336217024 -> hwthread 30 - OK[0m[1;34m
[0m[1;34m	threadid 133733327820352 -> hwthread 31 - OK[0m[1;34m
[0m[1;34m	threadid 133733319423680 -> hwthread 32 - OK[0m[1;34m
[0m[1;34m	threadid 133733311022912 -> hwthread 33 - OK[0m[1;34m
[0m[1;34m	threadid 133733302622144 -> hwthread 34 - OK[0m[1;34m
[0m[1;34m	threadid 133733294221376 -> hwthread 35 - OK[0m[1;34m
[0m[1;34m	threadid 133733285820608 -> hwthread 36 - OK[0m[1;34m
[0m[1;34m	threadid 133732799342912 -> hwthread 37 - OK[0m[1;34m
[0m[1;34m	threadid 133732790942144 -> hwthread 38 - OK[0m[1;34m
[0m[1;34m	threadid 133732782541376 -> hwthread 39 - OK[0m[1;34m
[0m[1;34m	threadid 133732774140608 -> hwthread 40 - OK[0m[1;34m
[0m[1;34m	threadid 133732765739840 -> hwthread 41 - OK[0m[1;34m
[0m[1;34m	threadid 133732757339072 -> hwthread 42 - OK[0m[1;34m
[0m[1;34m	threadid 133732748938304 -> hwthread 43 - OK[0m[1;34m
[0m[1;34m	threadid 133732262472896 -> hwthread 44 - OK[0m[1;34m
[0m[1;34m	threadid 133732254072128 -> hwthread 45 - OK[0m[1;34m
[0m[1;34m	threadid 133732245671360 -> hwthread 46 - OK[0m[1;34m
[0m[1;34m	threadid 133732237270592 -> hwthread 47 - OK[0m[1;34m
[0m[1;34m	threadid 133732228869824 -> hwthread 48 - OK[0m[1;34m
[0m[1;34m	threadid 133732220469056 -> hwthread 49 - OK[0m[1;34m
[0m[1;34m	threadid 133732212068288 -> hwthread 50 - OK[0m[1;34m
[0m[1;34m	threadid 133731725602880 -> hwthread 51 - OK[0m[1;34m
[0m[1;34m	threadid 133731717202112 -> hwthread 52 - OK[0m[1;34m
[0m[1;34m	threadid 133731708801344 -> hwthread 53 - OK[0m[1;34m
[0m[1;34m	threadid 133731700400576 -> hwthread 54 - OK[0m[1;34m
[0m[1;34m	threadid 133731691999808 -> hwthread 55 - OK[0m[1;34m
[0m[1;34m	threadid 133731683599040 -> hwthread 56 - OK[0m[1;34m
[0m[1;34m	threadid 133731675198272 -> hwthread 57 - OK[0m[1;34m
[0m[1;34m	threadid 133731188732864 -> hwthread 58 - OK[0m[1;34m
[0m[1;34m	threadid 133731180332096 -> hwthread 59 - OK[0m[1;34m
[0m[1;34m	threadid 133731171931328 -> hwthread 60 - OK[0m[1;34m
[0m[1;34m	threadid 133731163530560 -> hwthread 61 - OK[0m[1;34m
[0m[1;34m	threadid 133731155129792 -> hwthread 62 - OK[0m[1;34m
[0m[1;34m	threadid 133731146729024 -> hwthread 63 - OK[0m[1;34m
[0m[1;34mRoundrobin placement triggered
	threadid 133731138328256 -> hwthread 0 - OK[0m[1;34m
[0m[1;34m	threadid 133730651862720 -> hwthread 1 - OK[0m[1;34m
[0mPITTS: version v0.9.6-2-g6da1bf0-dirty
PITTS: MPI #procs: 1
PITTS: OpenMP #threads: 64
PITTS: SIMD implementation: avx2
PITTS: Eigen SIMD implementation: AVX SSE, SSE2, SSE3, SSSE3, SSE4.1, SSE4.2
PITTS: cache sizes (L1/core, L2/core, L3/accessible) [byte]: (32768, 524288, 805306368)
PITTS: preprocessor definitions: PITTS_DIRECT_MKL_GEMM
Performance statistics:
function                                                                                                                                                                                                    	 time [s]  	 #calls    	 GFlop/s DP	 GFlop/s SP	 GByte/s   	Flops/Byte
<PITTS::MultiVector<double>> :: void PITTS::randomize(MultiVector<T>&) [with T = double](rows: 1073741824, cols: 1)                                                                                         	 0.619337  	 1         	 0         	 0         	 13.8696   	 0         
<PITTS::Tensor3<double>> :: void PITTS::fold_left(const MatrixType&, int, Tensor3<T>&) [with T = double; MatrixType = Eigen::Block<const Eigen::Matrix<double, -1, -1>, -1, -1, true>](r1: 18, n: 2, r2: 18)	 0.00381358	 20        	 0         	 0         	 0.0543741 	 0         
<PITTS::Tensor3<double>> :: void PITTS::fold_left(const MatrixType&, int, Tensor3<T>&) [with T = double; MatrixType = Eigen::Block<const Eigen::Matrix<double, -1, -1>, -1, -1, true>](r1: 16, n: 2, r2: 18)	 0.000736341	 1         	 0         	 0         	 0.0125159 	 0         
<PITTS::Tensor3<double>> :: void PITTS::fold_left(const MatrixType&, int, Tensor3<T>&) [with T = double; MatrixType = Eigen::Block<const Eigen::Matrix<double, -1, -1>, -1, -1, true>](r1: 1, n: 2, r2: 2)  	 4.1081e-05	 1         	 0         	 0         	 0.0015579 	 0         
<PITTS::Tensor3<double>> :: void PITTS::fold_left(const MatrixType&, int, Tensor3<T>&) [with T = double; MatrixType = Eigen::Block<const Eigen::Matrix<double, -1, -1>, -1, -1, true>](r1: 4, n: 2, r2: 8)  	 3.4291e-05	 1         	 0         	 0         	 0.0298621 	 0         
<PITTS::Tensor3<double>> :: void PITTS::fold_left(const MatrixType&, int, Tensor3<T>&) [with T = double; MatrixType = Eigen::Block<const Eigen::Matrix<double, -1, -1>, -1, -1, true>](r1: 2, n: 2, r2: 4)  	 3.1691e-05	 1         	 0         	 0         	 0.008078  	 0         
<PITTS::Tensor3<double>> :: void PITTS::fold_left(const MatrixType&, int, Tensor3<T>&) [with T = double; MatrixType = Eigen::Block<const Eigen::Matrix<double, -1, -1>, -1, -1, true>](r1: 8, n: 2, r2: 16) 	 2.63e-05  	 1         	 0         	 0         	 0.155741  	 0         
<PITTS::Tensor3<double>> :: void PITTS::fold_left(const MatrixType&, int, Tensor3<T>&) [with T = double; MatrixType = Eigen::Block<const Eigen::Matrix<double, -1, -1>, -1, -1, true>](r1: 16, n: 2, r2: 8) 	 1.136e-05 	 1         	 0         	 0         	 0.360563  	 0         
<PITTS::Tensor3<double>> :: void PITTS::fold_left(const MatrixType&, int, Tensor3<T>&) [with T = double; MatrixType = Eigen::Block<const Eigen::Matrix<double, -1, -1>, -1, -1, true>](r1: 8, n: 2, r2: 4)  	 6.81e-06  	 1         	 0         	 0         	 0.150367  	 0         
<PITTS::Tensor3<double>> :: void PITTS::fold_left(const MatrixType&, int, Tensor3<T>&) [with T = double; MatrixType = Eigen::Block<const Eigen::Matrix<double, -1, -1>, -1, -1, true>](r1: 18, n: 2, r2: 16)	 4.34e-06  	 1         	 0         	 0         	 2.1235    	 0         
<PITTS::Tensor3<double>> :: void PITTS::fold_left(const MatrixType&, int, Tensor3<T>&) [with T = double; MatrixType = Eigen::Block<const Eigen::Matrix<double, -1, -1>, -1, -1, true>](r1: 4, n: 2, r2: 2)  	 8.4e-07   	 1         	 0         	 0         	 0.304762  	 0         
<PITTS::Tensor3<double>> :: void PITTS::fold_left(const MatrixType&, int, Tensor3<T>&) [with T = double; MatrixType = Eigen::Matrix<double, -1, -1>](r1: 2, n: 2, r2: 1)                                    	 4.9e-07   	 1         	 0         	 0         	 0.130612  	 0         
Timing statistics:
function                                                                                                                                                                              	 time [s]  	 #calls    
<PITTS::TensorTrain<double>> :: PITTS::TensorTrain<T> PITTS::fromDense_classical(Iter, Iter, const std::vector<int>&, T, int) [with Iter = const double*; T = double]                 	 380.712   	 1         
<PITTS::MultiVector<double>> :: void PITTS::randomize(MultiVector<T>&) [with T = double]                                                                                              	 0.619337  	 1         
<PITTS::Tensor3<double>> :: void PITTS::fold_left(const MatrixType&, int, Tensor3<T>&) [with T = double; MatrixType = Eigen::Block<const Eigen::Matrix<double, -1, -1>, -1, -1, true>]	 0.00470663	 29        
<PITTS::MultiVector<double>> :: void PITTS::MultiVector<T>::resize(long long int, long long int, bool, bool) [with T = double]                                                        	 0.000158254	 1         
<PITTS::Tensor3<double>> :: void PITTS::Tensor3<T>::resize(long long int, long long int, long long int, bool, bool) [with T = double]                                                 	 8.1982e-05	 60        
<PITTS::Tensor3<double>> :: void PITTS::fold_left(const MatrixType&, int, Tensor3<T>&) [with T = double; MatrixType = Eigen::Matrix<double, -1, -1>]                                  	 4.9e-07   	 1         
INFO: You are running LIKWID in a cpuset with 64 CPUs. Taking given IDs as logical ID in cpuset
[1;34m[pthread wrapper] 
[0m[1;34m[pthread wrapper] MAIN -> 0
[0m[1;34m[pthread wrapper] PIN_MASK: [0m[1;34m0->1  [0m[1;34m1->2  [0m[1;34m2->3  [0m[1;34m3->4  [0m[1;34m4->5  [0m[1;34m5->6  [0m[1;34m6->7  [0m[1;34m7->8  [0m[1;34m8->9  [0m[1;34m9->10  [0m[1;34m10->11  [0m[1;34m11->12  [0m[1;34m12->13  [0m[1;34m13->14  [0m[1;34m14->15  [0m[1;34m15->16  [0m[1;34m16->17  [0m[1;34m17->18  [0m[1;34m18->19  [0m[1;34m19->20  [0m[1;34m20->21  [0m[1;34m21->22  [0m[1;34m22->23  [0m[1;34m23->24  [0m[1;34m24->25  [0m[1;34m25->26  [0m[1;34m26->27  [0m[1;34m27->28  [0m[1;34m28->29  [0m[1;34m29->30  [0m[1;34m30->31  [0m[1;34m31->32  [0m[1;34m32->33  [0m[1;34m33->34  [0m[1;34m34->35  [0m[1;34m35->36  [0m[1;34m36->37  [0m[1;34m37->38  [0m[1;34m38->39  [0m[1;34m39->40  [0m[1;34m40->41  [0m[1;34m41->42  [0m[1;34m42->43  [0m[1;34m43->44  [0m[1;34m44->45  [0m[1;34m45->46  [0m[1;34m46->47  [0m[1;34m47->48  [0m[1;34m48->49  [0m[1;34m49->50  [0m[1;34m50->51  [0m[1;34m51->52  [0m[1;34m52->53  [0m[1;34m53->54  [0m[1;34m54->55  [0m[1;34m55->56  [0m[1;34m56->57  [0m[1;34m57->58  [0m[1;34m58->59  [0m[1;34m59->60  [0m[1;34m60->61  [0m[1;34m61->62  [0m[1;34m62->63  [0m[1;34m
[pthread wrapper] SKIP MASK: 0x0
[0m[1;34m	threadid 125235910129472 -> hwthread 1 - OK[0m[1;34m
[0m[1;34m	threadid 125235901732800 -> hwthread 2 - OK[0m[1;34m
[0m[1;34m	threadid 125235893336128 -> hwthread 3 - OK[0m[1;34m
[0m[1;34m	threadid 125235676309696 -> hwthread 4 - OK[0m[1;34m
[0m[1;34m	threadid 125235667913024 -> hwthread 5 - OK[0m[1;34m
[0m[1;34m	threadid 125235659516352 -> hwthread 6 - OK[0m[1;34m
[0m[1;34m	threadid 125235651119680 -> hwthread 7 - OK[0m[1;34m
[0m[1;34m	threadid 125235642723008 -> hwthread 8 - OK[0m[1;34m
[0m[1;34m	threadid 125235634326336 -> hwthread 9 - OK[0m[1;34m
[0m[1;34m	threadid 125235625929664 -> hwthread 10 - OK[0m[1;34m
[0m[1;34m	threadid 125235139439680 -> hwthread 11 - OK[0m[1;34m
[0m[1;34m	threadid 125235131043008 -> hwthread 12 - OK[0m[1;34m
[0m[1;34m	threadid 125235122646336 -> hwthread 13 - OK[0m[1;34m
[0m[1;34m	threadid 125235114249664 -> hwthread 14 - OK[0m[1;34m
[0m[1;34m	threadid 125235105852992 -> hwthread 15 - OK[0m[1;34m
[0m[1;34m	threadid 125235097456320 -> hwthread 16 - OK[0m[1;34m
[0m[1;34m	threadid 125235089059648 -> hwthread 17 - OK[0m[1;34m
[0m[1;34m	threadid 125234602569664 -> hwthread 18 - OK[0m[1;34m
[0m[1;34m	threadid 125234594172992 -> hwthread 19 - OK[0m[1;34m
[0m[1;34m	threadid 125234585776320 -> hwthread 20 - OK[0m[1;34m
[0m[1;34m	threadid 125234577379648 -> hwthread 21 - OK[0m[1;34m
[0m[1;34m	threadid 125234568982976 -> hwthread 22 - OK[0m[1;34m
[0m[1;34m	threadid 125234560586304 -> hwthread 23 - OK[0m[1;34m
[0m[1;34m	threadid 125234552189632 -> hwthread 24 - OK[0m[1;34m
[0m[1;34m	threadid 125234065699648 -> hwthread 25 - OK[0m[1;34m
[0m[1;34m	threadid 125234057302976 -> hwthread 26 - OK[0m[1;34m
[0m[1;34m	threadid 125234048906304 -> hwthread 27 - OK[0m[1;34m
[0m[1;34m	threadid 125234040509632 -> hwthread 28 - OK[0m[1;34m
[0m[1;34m	threadid 125234032112960 -> hwthread 29 - OK[0m[1;34m
[0m[1;34m	threadid 125234023716288 -> hwthread 30 - OK[0m[1;34m
[0m[1;34m	threadid 125234015319616 -> hwthread 31 - OK[0m[1;34m
[0m[1;34m	threadid 125233528829632 -> hwthread 32 - OK[0m[1;34m
[0m[1;34m	threadid 125233520428864 -> hwthread 33 - OK[0m[1;34m
[0m[1;34m	threadid 125233512028096 -> hwthread 34 - OK[0m[1;34m
[0m[1;34m	threadid 125233503627328 -> hwthread 35 - OK[0m[1;34m
[0m[1;34m	threadid 125233495226560 -> hwthread 36 - OK[0m[1;34m
[0m[1;34m	threadid 125233486825792 -> hwthread 37 - OK[0m[1;34m
[0m[1;34m	threadid 125233478425024 -> hwthread 38 - OK[0m[1;34m
[0m[1;34m	threadid 125232991955520 -> hwthread 39 - OK[0m[1;34m
[0m[1;34m	threadid 125232983554752 -> hwthread 40 - OK[0m[1;34m
[0m[1;34m	threadid 125232975153984 -> hwthread 41 - OK[0m[1;34m
[0m[1;34m	threadid 125232966753216 -> hwthread 42 - OK[0m[1;34m
[0m[1;34m	threadid 125232958352448 -> hwthread 43 - OK[0m[1;34m
[0m[1;34m	threadid 125232949951680 -> hwthread 44 - OK[0m[1;34m
[0m[1;34m	threadid 125232941550912 -> hwthread 45 - OK[0m[1;34m
[0m[1;34m	threadid 125232455085504 -> hwthread 46 - OK[0m[1;34m
[0m[1;34m	threadid 125232446684736 -> hwthread 47 - OK[0m[1;34m
[0m[1;34m	threadid 125232438283968 -> hwthread 48 - OK[0m[1;34m
[0m[1;34m	threadid 125232429883200 -> hwthread 49 - OK[0m[1;34m
[0m[1;34m	threadid 125232421482432 -> hwthread 50 - OK[0m[1;34m
[0m[1;34m	threadid 125232413081664 -> hwthread 51 - OK[0m[1;34m
[0m[1;34m	threadid 125232404680896 -> hwthread 52 - OK[0m[1;34m
[0m[1;34m	threadid 125231918215488 -> hwthread 53 - OK[0m[1;34m
[0m[1;34m	threadid 125231909814720 -> hwthread 54 - OK[0m[1;34m
[0m[1;34m	threadid 125231901413952 -> hwthread 55 - OK[0m[1;34m
[0m[1;34m	threadid 125231893013184 -> hwthread 56 - OK[0m[1;34m
[0m[1;34m	threadid 125231884612416 -> hwthread 57 - OK[0m[1;34m
[0m[1;34m	threadid 125231876211648 -> hwthread 58 - OK[0m[1;34m
[0m[1;34m	threadid 125231867810880 -> hwthread 59 - OK[0m[1;34m
[0m[1;34m	threadid 125231381345472 -> hwthread 60 - OK[0m[1;34m
[0m[1;34m	threadid 125231372944704 -> hwthread 61 - OK[0m[1;34m
[0m[1;34m	threadid 125231364543936 -> hwthread 62 - OK[0m[1;34m
[0m[1;34m	threadid 125231356143168 -> hwthread 63 - OK[0m[1;34m
[0m[1;34mRoundrobin placement triggered
	threadid 125231347742400 -> hwthread 0 - OK[0m[1;34m
[0m[1;34m	threadid 125231339349696 -> hwthread 1 - OK[0m[1;34m
[0mPITTS: version v0.9.6-2-g6da1bf0-dirty
PITTS: MPI #procs: 1
PITTS: OpenMP #threads: 64
PITTS: SIMD implementation: avx2
PITTS: Eigen SIMD implementation: AVX SSE, SSE2, SSE3, SSSE3, SSE4.1, SSE4.2
PITTS: cache sizes (L1/core, L2/core, L3/accessible) [byte]: (32768, 524288, 805306368)
PITTS: preprocessor definitions: PITTS_DIRECT_MKL_GEMM
Performance statistics:
function                                                                                                                                                                                                    	 time [s]  	 #calls    	 GFlop/s DP	 GFlop/s SP	 GByte/s   	Flops/Byte
<PITTS::MultiVector<double>> :: void PITTS::randomize(MultiVector<T>&) [with T = double](rows: 1073741824, cols: 1)                                                                                         	 0.638781  	 1         	 0         	 0         	 13.4474   	 0         
<PITTS::Tensor3<double>> :: void PITTS::fold_left(const MatrixType&, int, Tensor3<T>&) [with T = double; MatrixType = Eigen::Block<const Eigen::Matrix<double, -1, -1>, -1, -1, true>](r1: 19, n: 2, r2: 19)	 0.00419586	 20        	 0         	 0         	 0.0550638 	 0         
<PITTS::Tensor3<double>> :: void PITTS::fold_left(const MatrixType&, int, Tensor3<T>&) [with T = double; MatrixType = Eigen::Block<const Eigen::Matrix<double, -1, -1>, -1, -1, true>](r1: 16, n: 2, r2: 19)	 0.00065694	 1         	 0         	 0         	 0.014808  	 0         
<PITTS::Tensor3<double>> :: void PITTS::fold_left(const MatrixType&, int, Tensor3<T>&) [with T = double; MatrixType = Eigen::Block<const Eigen::Matrix<double, -1, -1>, -1, -1, true>](r1: 1, n: 2, r2: 2)  	 3.6291e-05	 1         	 0         	 0         	 0.00176352	 0         
<PITTS::Tensor3<double>> :: void PITTS::fold_left(const MatrixType&, int, Tensor3<T>&) [with T = double; MatrixType = Eigen::Block<const Eigen::Matrix<double, -1, -1>, -1, -1, true>](r1: 2, n: 2, r2: 4)  	 3.3881e-05	 1         	 0         	 0         	 0.00755586	 0         
<PITTS::Tensor3<double>> :: void PITTS::fold_left(const MatrixType&, int, Tensor3<T>&) [with T = double; MatrixType = Eigen::Block<const Eigen::Matrix<double, -1, -1>, -1, -1, true>](r1: 8, n: 2, r2: 16) 	 3.0181e-05	 1         	 0         	 0         	 0.135715  	 0         
<PITTS::Tensor3<double>> :: void PITTS::fold_left(const MatrixType&, int, Tensor3<T>&) [with T = double; MatrixType = Eigen::Block<const Eigen::Matrix<double, -1, -1>, -1, -1, true>](r1: 4, n: 2, r2: 8)  	 2.965e-05 	 1         	 0         	 0         	 0.0345363 	 0         
<PITTS::Tensor3<double>> :: void PITTS::fold_left(const MatrixType&, int, Tensor3<T>&) [with T = double; MatrixType = Eigen::Block<const Eigen::Matrix<double, -1, -1>, -1, -1, true>](r1: 16, n: 2, r2: 8) 	 1.178e-05 	 1         	 0         	 0         	 0.347708  	 0         
<PITTS::Tensor3<double>> :: void PITTS::fold_left(const MatrixType&, int, Tensor3<T>&) [with T = double; MatrixType = Eigen::Block<const Eigen::Matrix<double, -1, -1>, -1, -1, true>](r1: 8, n: 2, r2: 4)  	 6.321e-06 	 1         	 0         	 0         	 0.162     	 0         
<PITTS::Tensor3<double>> :: void PITTS::fold_left(const MatrixType&, int, Tensor3<T>&) [with T = double; MatrixType = Eigen::Block<const Eigen::Matrix<double, -1, -1>, -1, -1, true>](r1: 19, n: 2, r2: 16)	 4.49e-06  	 1         	 0         	 0         	 2.16659   	 0         
<PITTS::Tensor3<double>> :: void PITTS::fold_left(const MatrixType&, int, Tensor3<T>&) [with T = double; MatrixType = Eigen::Block<const Eigen::Matrix<double, -1, -1>, -1, -1, true>](r1: 4, n: 2, r2: 2)  	 9.2e-07   	 1         	 0         	 0         	 0.278261  	 0         
<PITTS::Tensor3<double>> :: void PITTS::fold_left(const MatrixType&, int, Tensor3<T>&) [with T = double; MatrixType = Eigen::Matrix<double, -1, -1>](r1: 2, n: 2, r2: 1)                                    	 4.7e-07   	 1         	 0         	 0         	 0.13617   	 0         
Timing statistics:
function                                                                                                                                                                              	 time [s]  	 #calls    
<PITTS::TensorTrain<double>> :: PITTS::TensorTrain<T> PITTS::fromDense_classical(Iter, Iter, const std::vector<int>&, T, int) [with Iter = const double*; T = double]                 	 387.107   	 1         
<PITTS::MultiVector<double>> :: void PITTS::randomize(MultiVector<T>&) [with T = double]                                                                                              	 0.638781  	 1         
<PITTS::Tensor3<double>> :: void PITTS::fold_left(const MatrixType&, int, Tensor3<T>&) [with T = double; MatrixType = Eigen::Block<const Eigen::Matrix<double, -1, -1>, -1, -1, true>]	 0.00500632	 29        
<PITTS::MultiVector<double>> :: void PITTS::MultiVector<T>::resize(long long int, long long int, bool, bool) [with T = double]                                                        	 0.000125664	 1         
<PITTS::Tensor3<double>> :: void PITTS::Tensor3<T>::resize(long long int, long long int, long long int, bool, bool) [with T = double]                                                 	 9.2332e-05	 60        
<PITTS::Tensor3<double>> :: void PITTS::fold_left(const MatrixType&, int, Tensor3<T>&) [with T = double; MatrixType = Eigen::Matrix<double, -1, -1>]                                  	 4.7e-07   	 1         
INFO: You are running LIKWID in a cpuset with 64 CPUs. Taking given IDs as logical ID in cpuset
[1;34m[pthread wrapper] 
[0m[1;34m[pthread wrapper] MAIN -> 0
[0m[1;34m[pthread wrapper] PIN_MASK: [0m[1;34m0->1  [0m[1;34m1->2  [0m[1;34m2->3  [0m[1;34m3->4  [0m[1;34m4->5  [0m[1;34m5->6  [0m[1;34m6->7  [0m[1;34m7->8  [0m[1;34m8->9  [0m[1;34m9->10  [0m[1;34m10->11  [0m[1;34m11->12  [0m[1;34m12->13  [0m[1;34m13->14  [0m[1;34m14->15  [0m[1;34m15->16  [0m[1;34m16->17  [0m[1;34m17->18  [0m[1;34m18->19  [0m[1;34m19->20  [0m[1;34m20->21  [0m[1;34m21->22  [0m[1;34m22->23  [0m[1;34m23->24  [0m[1;34m24->25  [0m[1;34m25->26  [0m[1;34m26->27  [0m[1;34m27->28  [0m[1;34m28->29  [0m[1;34m29->30  [0m[1;34m30->31  [0m[1;34m31->32  [0m[1;34m32->33  [0m[1;34m33->34  [0m[1;34m34->35  [0m[1;34m35->36  [0m[1;34m36->37  [0m[1;34m37->38  [0m[1;34m38->39  [0m[1;34m39->40  [0m[1;34m40->41  [0m[1;34m41->42  [0m[1;34m42->43  [0m[1;34m43->44  [0m[1;34m44->45  [0m[1;34m45->46  [0m[1;34m46->47  [0m[1;34m47->48  [0m[1;34m48->49  [0m[1;34m49->50  [0m[1;34m50->51  [0m[1;34m51->52  [0m[1;34m52->53  [0m[1;34m53->54  [0m[1;34m54->55  [0m[1;34m55->56  [0m[1;34m56->57  [0m[1;34m57->58  [0m[1;34m58->59  [0m[1;34m59->60  [0m[1;34m60->61  [0m[1;34m61->62  [0m[1;34m62->63  [0m[1;34m
[pthread wrapper] SKIP MASK: 0x0
[0m[1;34m	threadid 129224360830784 -> hwthread 1 - OK[0m[1;34m
[0m[1;34m	threadid 129224352434112 -> hwthread 2 - OK[0m[1;34m
[0m[1;34m	threadid 129224344037440 -> hwthread 3 - OK[0m[1;34m
[0m[1;34m	threadid 129224335640768 -> hwthread 4 - OK[0m[1;34m
[0m[1;34m	threadid 129224327244096 -> hwthread 5 - OK[0m[1;34m
[0m[1;34m	threadid 129224318847424 -> hwthread 6 - OK[0m[1;34m
[0m[1;34m	threadid 129224310450752 -> hwthread 7 - OK[0m[1;34m
[0m[1;34m	threadid 129224302054080 -> hwthread 8 - OK[0m[1;34m
[0m[1;34m	threadid 129223821880128 -> hwthread 9 - OK[0m[1;34m
[0m[1;34m	threadid 129223813483456 -> hwthread 10 - OK[0m[1;34m
[0m[1;34m	threadid 129223805086784 -> hwthread 11 - OK[0m[1;34m
[0m[1;34m	threadid 129223796690112 -> hwthread 12 - OK[0m[1;34m
[0m[1;34m	threadid 129223788293440 -> hwthread 13 - OK[0m[1;34m
[0m[1;34m	threadid 129223779896768 -> hwthread 14 - OK[0m[1;34m
[0m[1;34m	threadid 129223771500096 -> hwthread 15 - OK[0m[1;34m
[0m[1;34m	threadid 129223217901248 -> hwthread 16 - OK[0m[1;34m
[0m[1;34m	threadid 129223209504576 -> hwthread 17 - OK[0m[1;34m
[0m[1;34m	threadid 129223201107904 -> hwthread 18 - OK[0m[1;34m
[0m[1;34m	threadid 129223192711232 -> hwthread 19 - OK[0m[1;34m
[0m[1;34m	threadid 129223184314560 -> hwthread 20 - OK[0m[1;34m
[0m[1;34m	threadid 129223175917888 -> hwthread 21 - OK[0m[1;34m
[0m[1;34m	threadid 129223167521216 -> hwthread 22 - OK[0m[1;34m
[0m[1;34m	threadid 129222681031232 -> hwthread 23 - OK[0m[1;34m
[0m[1;34m	threadid 129222672634560 -> hwthread 24 - OK[0m[1;34m
[0m[1;34m	threadid 129222664237888 -> hwthread 25 - OK[0m[1;34m
[0m[1;34m	threadid 129222655841216 -> hwthread 26 - OK[0m[1;34m
[0m[1;34m	threadid 129222647444544 -> hwthread 27 - OK[0m[1;34m
[0m[1;34m	threadid 129222639047872 -> hwthread 28 - OK[0m[1;34m
[0m[1;34m	threadid 129222630651200 -> hwthread 29 - OK[0m[1;34m
[0m[1;34m	threadid 129222144161216 -> hwthread 30 - OK[0m[1;34m
[0m[1;34m	threadid 129222135764544 -> hwthread 31 - OK[0m[1;34m
[0m[1;34m	threadid 129222127367872 -> hwthread 32 - OK[0m[1;34m
[0m[1;34m	threadid 129222118967104 -> hwthread 33 - OK[0m[1;34m
[0m[1;34m	threadid 129222110566336 -> hwthread 34 - OK[0m[1;34m
[0m[1;34m	threadid 129222102165568 -> hwthread 35 - OK[0m[1;34m
[0m[1;34m	threadid 129222093764800 -> hwthread 36 - OK[0m[1;34m
[0m[1;34m	threadid 129221607287104 -> hwthread 37 - OK[0m[1;34m
[0m[1;34m	threadid 129221598886336 -> hwthread 38 - OK[0m[1;34m
[0m[1;34m	threadid 129221590485568 -> hwthread 39 - OK[0m[1;34m
[0m[1;34m	threadid 129221582084800 -> hwthread 40 - OK[0m[1;34m
[0m[1;34m	threadid 129221573684032 -> hwthread 41 - OK[0m[1;34m
[0m[1;34m	threadid 129221565283264 -> hwthread 42 - OK[0m[1;34m
[0m[1;34m	threadid 129221556882496 -> hwthread 43 - OK[0m[1;34m
[0m[1;34m	threadid 129221070417088 -> hwthread 44 - OK[0m[1;34m
[0m[1;34m	threadid 129221062016320 -> hwthread 45 - OK[0m[1;34m
[0m[1;34m	threadid 129221053615552 -> hwthread 46 - OK[0m[1;34m
[0m[1;34m	threadid 129221045214784 -> hwthread 47 - OK[0m[1;34m
[0m[1;34m	threadid 129221036814016 -> hwthread 48 - OK[0m[1;34m
[0m[1;34m	threadid 129221028413248 -> hwthread 49 - OK[0m[1;34m
[0m[1;34m	threadid 129221020012480 -> hwthread 50 - OK[0m[1;34m
[0m[1;34m	threadid 129220533547072 -> hwthread 51 - OK[0m[1;34m
[0m[1;34m	threadid 129220525146304 -> hwthread 52 - OK[0m[1;34m
[0m[1;34m	threadid 129220516745536 -> hwthread 53 - OK[0m[1;34m
[0m[1;34m	threadid 129220508344768 -> hwthread 54 - OK[0m[1;34m
[0m[1;34m	threadid 129220499944000 -> hwthread 55 - OK[0m[1;34m
[0m[1;34m	threadid 129220491543232 -> hwthread 56 - OK[0m[1;34m
[0m[1;34m	threadid 129220483142464 -> hwthread 57 - OK[0m[1;34m
[0m[1;34m	threadid 129219996677056 -> hwthread 58 - OK[0m[1;34m
[0m[1;34m	threadid 129219988276288 -> hwthread 59 - OK[0m[1;34m
[0m[1;34m	threadid 129219979875520 -> hwthread 60 - OK[0m[1;34m
[0m[1;34m	threadid 129219971474752 -> hwthread 61 - OK[0m[1;34m
[0m[1;34m	threadid 129219963073984 -> hwthread 62 - OK[0m[1;34m
[0m[1;34m	threadid 129219954673216 -> hwthread 63 - OK[0m[1;34m
[0m[1;34mRoundrobin placement triggered
	threadid 129219946272448 -> hwthread 0 - OK[0m[1;34m
[0m[1;34m	threadid 129219459806912 -> hwthread 1 - OK[0m[1;34m
[0mPITTS: version v0.9.6-2-g6da1bf0-dirty
PITTS: MPI #procs: 1
PITTS: OpenMP #threads: 64
PITTS: SIMD implementation: avx2
PITTS: Eigen SIMD implementation: AVX SSE, SSE2, SSE3, SSSE3, SSE4.1, SSE4.2
PITTS: cache sizes (L1/core, L2/core, L3/accessible) [byte]: (32768, 524288, 805306368)
PITTS: preprocessor definitions: PITTS_DIRECT_MKL_GEMM
Performance statistics:
function                                                                                                                                                                                                    	 time [s]  	 #calls    	 GFlop/s DP	 GFlop/s SP	 GByte/s   	Flops/Byte
<PITTS::MultiVector<double>> :: void PITTS::randomize(MultiVector<T>&) [with T = double](rows: 1073741824, cols: 1)                                                                                         	 0.619548  	 1         	 0         	 0         	 13.8648   	 0         
<PITTS::Tensor3<double>> :: void PITTS::fold_left(const MatrixType&, int, Tensor3<T>&) [with T = double; MatrixType = Eigen::Block<const Eigen::Matrix<double, -1, -1>, -1, -1, true>](r1: 20, n: 2, r2: 20)	 0.00402833	 20        	 0         	 0         	 0.0635499 	 0         
<PITTS::Tensor3<double>> :: void PITTS::fold_left(const MatrixType&, int, Tensor3<T>&) [with T = double; MatrixType = Eigen::Block<const Eigen::Matrix<double, -1, -1>, -1, -1, true>](r1: 16, n: 2, r2: 20)	 0.00064509	 1         	 0         	 0         	 0.0158738 	 0         
<PITTS::Tensor3<double>> :: void PITTS::fold_left(const MatrixType&, int, Tensor3<T>&) [with T = double; MatrixType = Eigen::Block<const Eigen::Matrix<double, -1, -1>, -1, -1, true>](r1: 4, n: 2, r2: 8)  	 4.4151e-05	 1         	 0         	 0         	 0.0231931 	 0         
<PITTS::Tensor3<double>> :: void PITTS::fold_left(const MatrixType&, int, Tensor3<T>&) [with T = double; MatrixType = Eigen::Block<const Eigen::Matrix<double, -1, -1>, -1, -1, true>](r1: 1, n: 2, r2: 2)  	 3.6221e-05	 1         	 0         	 0         	 0.00176693	 0         
<PITTS::Tensor3<double>> :: void PITTS::fold_left(const MatrixType&, int, Tensor3<T>&) [with T = double; MatrixType = Eigen::Block<const Eigen::Matrix<double, -1, -1>, -1, -1, true>](r1: 2, n: 2, r2: 4)  	 3.5161e-05	 1         	 0         	 0         	 0.00728079	 0         
<PITTS::Tensor3<double>> :: void PITTS::fold_left(const MatrixType&, int, Tensor3<T>&) [with T = double; MatrixType = Eigen::Block<const Eigen::Matrix<double, -1, -1>, -1, -1, true>](r1: 8, n: 2, r2: 16) 	 3.2701e-05	 1         	 0         	 0         	 0.125256  	 0         
<PITTS::Tensor3<double>> :: void PITTS::fold_left(const MatrixType&, int, Tensor3<T>&) [with T = double; MatrixType = Eigen::Block<const Eigen::Matrix<double, -1, -1>, -1, -1, true>](r1: 16, n: 2, r2: 8) 	 1.172e-05 	 1         	 0         	 0         	 0.349488  	 0         
<PITTS::Tensor3<double>> :: void PITTS::fold_left(const MatrixType&, int, Tensor3<T>&) [with T = double; MatrixType = Eigen::Block<const Eigen::Matrix<double, -1, -1>, -1, -1, true>](r1: 20, n: 2, r2: 16)	 4.17e-06  	 1         	 0         	 0         	 2.45564   	 0         
<PITTS::Tensor3<double>> :: void PITTS::fold_left(const MatrixType&, int, Tensor3<T>&) [with T = double; MatrixType = Eigen::Block<const Eigen::Matrix<double, -1, -1>, -1, -1, true>](r1: 8, n: 2, r2: 4)  	 3.72e-06  	 1         	 0         	 0         	 0.275269  	 0         
<PITTS::Tensor3<double>> :: void PITTS::fold_left(const MatrixType&, int, Tensor3<T>&) [with T = double; MatrixType = Eigen::Block<const Eigen::Matrix<double, -1, -1>, -1, -1, true>](r1: 4, n: 2, r2: 2)  	 8.7e-07   	 1         	 0         	 0         	 0.294253  	 0         
<PITTS::Tensor3<double>> :: void PITTS::fold_left(const MatrixType&, int, Tensor3<T>&) [with T = double; MatrixType = Eigen::Matrix<double, -1, -1>](r1: 2, n: 2, r2: 1)                                    	 4.4e-07   	 1         	 0         	 0         	 0.145455  	 0         
Timing statistics:
function                                                                                                                                                                              	 time [s]  	 #calls    
<PITTS::TensorTrain<double>> :: PITTS::TensorTrain<T> PITTS::fromDense_classical(Iter, Iter, const std::vector<int>&, T, int) [with Iter = const double*; T = double]                 	 388.579   	 1         
<PITTS::MultiVector<double>> :: void PITTS::randomize(MultiVector<T>&) [with T = double]                                                                                              	 0.619548  	 1         
<PITTS::Tensor3<double>> :: void PITTS::fold_left(const MatrixType&, int, Tensor3<T>&) [with T = double; MatrixType = Eigen::Block<const Eigen::Matrix<double, -1, -1>, -1, -1, true>]	 0.00484214	 29        
<PITTS::MultiVector<double>> :: void PITTS::MultiVector<T>::resize(long long int, long long int, bool, bool) [with T = double]                                                        	 0.000139215	 1         
<PITTS::Tensor3<double>> :: void PITTS::Tensor3<T>::resize(long long int, long long int, long long int, bool, bool) [with T = double]                                                 	 9.1043e-05	 60        
<PITTS::Tensor3<double>> :: void PITTS::fold_left(const MatrixType&, int, Tensor3<T>&) [with T = double; MatrixType = Eigen::Matrix<double, -1, -1>]                                  	 4.4e-07   	 1         
INFO: You are running LIKWID in a cpuset with 64 CPUs. Taking given IDs as logical ID in cpuset
[1;34m[pthread wrapper] 
[0m[1;34m[pthread wrapper] MAIN -> 0
[0m[1;34m[pthread wrapper] PIN_MASK: [0m[1;34m0->1  [0m[1;34m1->2  [0m[1;34m2->3  [0m[1;34m3->4  [0m[1;34m4->5  [0m[1;34m5->6  [0m[1;34m6->7  [0m[1;34m7->8  [0m[1;34m8->9  [0m[1;34m9->10  [0m[1;34m10->11  [0m[1;34m11->12  [0m[1;34m12->13  [0m[1;34m13->14  [0m[1;34m14->15  [0m[1;34m15->16  [0m[1;34m16->17  [0m[1;34m17->18  [0m[1;34m18->19  [0m[1;34m19->20  [0m[1;34m20->21  [0m[1;34m21->22  [0m[1;34m22->23  [0m[1;34m23->24  [0m[1;34m24->25  [0m[1;34m25->26  [0m[1;34m26->27  [0m[1;34m27->28  [0m[1;34m28->29  [0m[1;34m29->30  [0m[1;34m30->31  [0m[1;34m31->32  [0m[1;34m32->33  [0m[1;34m33->34  [0m[1;34m34->35  [0m[1;34m35->36  [0m[1;34m36->37  [0m[1;34m37->38  [0m[1;34m38->39  [0m[1;34m39->40  [0m[1;34m40->41  [0m[1;34m41->42  [0m[1;34m42->43  [0m[1;34m43->44  [0m[1;34m44->45  [0m[1;34m45->46  [0m[1;34m46->47  [0m[1;34m47->48  [0m[1;34m48->49  [0m[1;34m49->50  [0m[1;34m50->51  [0m[1;34m51->52  [0m[1;34m52->53  [0m[1;34m53->54  [0m[1;34m54->55  [0m[1;34m55->56  [0m[1;34m56->57  [0m[1;34m57->58  [0m[1;34m58->59  [0m[1;34m59->60  [0m[1;34m60->61  [0m[1;34m61->62  [0m[1;34m62->63  [0m[1;34m
[pthread wrapper] SKIP MASK: 0x0
[0m[1;34m	threadid 139205624706880 -> hwthread 1 - OK[0m[1;34m
[0m[1;34m	threadid 139205616310208 -> hwthread 2 - OK[0m[1;34m
[0m[1;34m	threadid 139205607913536 -> hwthread 3 - OK[0m[1;34m
[0m[1;34m	threadid 139205392984256 -> hwthread 4 - OK[0m[1;34m
[0m[1;34m	threadid 139205384587584 -> hwthread 5 - OK[0m[1;34m
[0m[1;34m	threadid 139205376190912 -> hwthread 6 - OK[0m[1;34m
[0m[1;34m	threadid 139205367794240 -> hwthread 7 - OK[0m[1;34m
[0m[1;34m	threadid 139205359397568 -> hwthread 8 - OK[0m[1;34m
[0m[1;34m	threadid 139205351000896 -> hwthread 9 - OK[0m[1;34m
[0m[1;34m	threadid 139205342604224 -> hwthread 10 - OK[0m[1;34m
[0m[1;34m	threadid 139204856114240 -> hwthread 11 - OK[0m[1;34m
[0m[1;34m	threadid 139204847717568 -> hwthread 12 - OK[0m[1;34m
[0m[1;34m	threadid 139204839320896 -> hwthread 13 - OK[0m[1;34m
[0m[1;34m	threadid 139204830924224 -> hwthread 14 - OK[0m[1;34m
[0m[1;34m	threadid 139204822527552 -> hwthread 15 - OK[0m[1;34m
[0m[1;34m	threadid 139204814130880 -> hwthread 16 - OK[0m[1;34m
[0m[1;34m	threadid 139204805734208 -> hwthread 17 - OK[0m[1;34m
[0m[1;34m	threadid 139204319244224 -> hwthread 18 - OK[0m[1;34m
[0m[1;34m	threadid 139204310847552 -> hwthread 19 - OK[0m[1;34m
[0m[1;34m	threadid 139204302450880 -> hwthread 20 - OK[0m[1;34m
[0m[1;34m	threadid 139204294054208 -> hwthread 21 - OK[0m[1;34m
[0m[1;34m	threadid 139204285657536 -> hwthread 22 - OK[0m[1;34m
[0m[1;34m	threadid 139204277260864 -> hwthread 23 - OK[0m[1;34m
[0m[1;34m	threadid 139204268864192 -> hwthread 24 - OK[0m[1;34m
[0m[1;34m	threadid 139203782374208 -> hwthread 25 - OK[0m[1;34m
[0m[1;34m	threadid 139203773977536 -> hwthread 26 - OK[0m[1;34m
[0m[1;34m	threadid 139203765580864 -> hwthread 27 - OK[0m[1;34m
[0m[1;34m	threadid 139203757184192 -> hwthread 28 - OK[0m[1;34m
[0m[1;34m	threadid 139203748787520 -> hwthread 29 - OK[0m[1;34m
[0m[1;34m	threadid 139203740390848 -> hwthread 30 - OK[0m[1;34m
[0m[1;34m	threadid 139203731994176 -> hwthread 31 - OK[0m[1;34m
[0m[1;34m	threadid 139203245504192 -> hwthread 32 - OK[0m[1;34m
[0m[1;34m	threadid 139203237103424 -> hwthread 33 - OK[0m[1;34m
[0m[1;34m	threadid 139203228702656 -> hwthread 34 - OK[0m[1;34m
[0m[1;34m	threadid 139203220301888 -> hwthread 35 - OK[0m[1;34m
[0m[1;34m	threadid 139203211901120 -> hwthread 36 - OK[0m[1;34m
[0m[1;34m	threadid 139203203500352 -> hwthread 37 - OK[0m[1;34m
[0m[1;34m	threadid 139203195099584 -> hwthread 38 - OK[0m[1;34m
[0m[1;34m	threadid 139202708630080 -> hwthread 39 - OK[0m[1;34m
[0m[1;34m	threadid 139202700229312 -> hwthread 40 - OK[0m[1;34m
[0m[1;34m	threadid 139202691828544 -> hwthread 41 - OK[0m[1;34m
[0m[1;34m	threadid 139202683427776 -> hwthread 42 - OK[0m[1;34m
[0m[1;34m	threadid 139202675027008 -> hwthread 43 - OK[0m[1;34m
[0m[1;34m	threadid 139202666626240 -> hwthread 44 - OK[0m[1;34m
[0m[1;34m	threadid 139202658225472 -> hwthread 45 - OK[0m[1;34m
[0m[1;34m	threadid 139202171760064 -> hwthread 46 - OK[0m[1;34m
[0m[1;34m	threadid 139202163359296 -> hwthread 47 - OK[0m[1;34m
[0m[1;34m	threadid 139202154958528 -> hwthread 48 - OK[0m[1;34m
[0m[1;34m	threadid 139202146557760 -> hwthread 49 - OK[0m[1;34m
[0m[1;34m	threadid 139202138156992 -> hwthread 50 - OK[0m[1;34m
[0m[1;34m	threadid 139202129756224 -> hwthread 51 - OK[0m[1;34m
[0m[1;34m	threadid 139202121355456 -> hwthread 52 - OK[0m[1;34m
[0m[1;34m	threadid 139201634890048 -> hwthread 53 - OK[0m[1;34m
[0m[1;34m	threadid 139201626489280 -> hwthread 54 - OK[0m[1;34m
[0m[1;34m	threadid 139201618088512 -> hwthread 55 - OK[0m[1;34m
[0m[1;34m	threadid 139201609687744 -> hwthread 56 - OK[0m[1;34m
[0m[1;34m	threadid 139201601286976 -> hwthread 57 - OK[0m[1;34m
[0m[1;34m	threadid 139201592886208 -> hwthread 58 - OK[0m[1;34m
[0m[1;34m	threadid 139201584485440 -> hwthread 59 - OK[0m[1;34m
[0m[1;34m	threadid 139201098020032 -> hwthread 60 - OK[0m[1;34m
[0m[1;34m	threadid 139201089619264 -> hwthread 61 - OK[0m[1;34m
[0m[1;34m	threadid 139201081218496 -> hwthread 62 - OK[0m[1;34m
[0m[1;34m	threadid 139201072817728 -> hwthread 63 - OK[0m[1;34m
[0m[1;34mRoundrobin placement triggered
	threadid 139201064416960 -> hwthread 0 - OK[0m[1;34m
[0m[1;34m	threadid 139201056024256 -> hwthread 1 - OK[0m[1;34m
[0mPITTS: version v0.9.6-2-g6da1bf0-dirty
PITTS: MPI #procs: 1
PITTS: OpenMP #threads: 64
PITTS: SIMD implementation: avx2
PITTS: Eigen SIMD implementation: AVX SSE, SSE2, SSE3, SSSE3, SSE4.1, SSE4.2
PITTS: cache sizes (L1/core, L2/core, L3/accessible) [byte]: (32768, 524288, 805306368)
PITTS: preprocessor definitions: PITTS_DIRECT_MKL_GEMM
Performance statistics:
function                                                                                                                                                                                                    	 time [s]  	 #calls    	 GFlop/s DP	 GFlop/s SP	 GByte/s   	Flops/Byte
<PITTS::MultiVector<double>> :: void PITTS::randomize(MultiVector<T>&) [with T = double](rows: 1073741824, cols: 1)                                                                                         	 0.61848   	 1         	 0         	 0         	 13.8888   	 0         
<PITTS::Tensor3<double>> :: void PITTS::fold_left(const MatrixType&, int, Tensor3<T>&) [with T = double; MatrixType = Eigen::Block<const Eigen::Matrix<double, -1, -1>, -1, -1, true>](r1: 21, n: 2, r2: 21)	 0.00924645	 20        	 0         	 0         	 0.0305242 	 0         
<PITTS::Tensor3<double>> :: void PITTS::fold_left(const MatrixType&, int, Tensor3<T>&) [with T = double; MatrixType = Eigen::Block<const Eigen::Matrix<double, -1, -1>, -1, -1, true>](r1: 16, n: 2, r2: 21)	 0.000693171	 1         	 0         	 0         	 0.0155113 	 0         
<PITTS::Tensor3<double>> :: void PITTS::fold_left(const MatrixType&, int, Tensor3<T>&) [with T = double; MatrixType = Eigen::Block<const Eigen::Matrix<double, -1, -1>, -1, -1, true>](r1: 2, n: 2, r2: 4)  	 4.2112e-05	 1         	 0         	 0         	 0.00607903	 0         
<PITTS::Tensor3<double>> :: void PITTS::fold_left(const MatrixType&, int, Tensor3<T>&) [with T = double; MatrixType = Eigen::Block<const Eigen::Matrix<double, -1, -1>, -1, -1, true>](r1: 1, n: 2, r2: 2)  	 3.7142e-05	 1         	 0         	 0         	 0.00172312	 0         
<PITTS::Tensor3<double>> :: void PITTS::fold_left(const MatrixType&, int, Tensor3<T>&) [with T = double; MatrixType = Eigen::Block<const Eigen::Matrix<double, -1, -1>, -1, -1, true>](r1: 8, n: 2, r2: 16) 	 3.3671e-05	 1         	 0         	 0         	 0.121648  	 0         
<PITTS::Tensor3<double>> :: void PITTS::fold_left(const MatrixType&, int, Tensor3<T>&) [with T = double; MatrixType = Eigen::Block<const Eigen::Matrix<double, -1, -1>, -1, -1, true>](r1: 4, n: 2, r2: 8)  	 3.0681e-05	 1         	 0         	 0         	 0.0333757 	 0         
<PITTS::Tensor3<double>> :: void PITTS::fold_left(const MatrixType&, int, Tensor3<T>&) [with T = double; MatrixType = Eigen::Block<const Eigen::Matrix<double, -1, -1>, -1, -1, true>](r1: 16, n: 2, r2: 8) 	 1.14e-05  	 1         	 0         	 0         	 0.359298  	 0         
<PITTS::Tensor3<double>> :: void PITTS::fold_left(const MatrixType&, int, Tensor3<T>&) [with T = double; MatrixType = Eigen::Block<const Eigen::Matrix<double, -1, -1>, -1, -1, true>](r1: 8, n: 2, r2: 4)  	 7.55e-06  	 1         	 0         	 0         	 0.135629  	 0         
<PITTS::Tensor3<double>> :: void PITTS::fold_left(const MatrixType&, int, Tensor3<T>&) [with T = double; MatrixType = Eigen::Block<const Eigen::Matrix<double, -1, -1>, -1, -1, true>](r1: 21, n: 2, r2: 16)	 4.84e-06  	 1         	 0         	 0         	 2.22149   	 0         
<PITTS::Tensor3<double>> :: void PITTS::fold_left(const MatrixType&, int, Tensor3<T>&) [with T = double; MatrixType = Eigen::Block<const Eigen::Matrix<double, -1, -1>, -1, -1, true>](r1: 4, n: 2, r2: 2)  	 8.9e-07   	 1         	 0         	 0         	 0.28764   	 0         
<PITTS::Tensor3<double>> :: void PITTS::fold_left(const MatrixType&, int, Tensor3<T>&) [with T = double; MatrixType = Eigen::Matrix<double, -1, -1>](r1: 2, n: 2, r2: 1)                                    	 4.7e-07   	 1         	 0         	 0         	 0.13617   	 0         
Timing statistics:
function                                                                                                                                                                              	 time [s]  	 #calls    
<PITTS::TensorTrain<double>> :: PITTS::TensorTrain<T> PITTS::fromDense_classical(Iter, Iter, const std::vector<int>&, T, int) [with Iter = const double*; T = double]                 	 404.718   	 1         
<PITTS::MultiVector<double>> :: void PITTS::randomize(MultiVector<T>&) [with T = double]                                                                                              	 0.61848   	 1         
<PITTS::Tensor3<double>> :: void PITTS::fold_left(const MatrixType&, int, Tensor3<T>&) [with T = double; MatrixType = Eigen::Block<const Eigen::Matrix<double, -1, -1>, -1, -1, true>]	 0.0101079 	 29        
<PITTS::MultiVector<double>> :: void PITTS::MultiVector<T>::resize(long long int, long long int, bool, bool) [with T = double]                                                        	 0.000124694	 1         
<PITTS::Tensor3<double>> :: void PITTS::Tensor3<T>::resize(long long int, long long int, long long int, bool, bool) [with T = double]                                                 	 8.8964e-05	 60        
<PITTS::Tensor3<double>> :: void PITTS::fold_left(const MatrixType&, int, Tensor3<T>&) [with T = double; MatrixType = Eigen::Matrix<double, -1, -1>]                                  	 4.7e-07   	 1         
INFO: You are running LIKWID in a cpuset with 64 CPUs. Taking given IDs as logical ID in cpuset
[1;34m[pthread wrapper] 
[0m[1;34m[pthread wrapper] MAIN -> 0
[0m[1;34m[pthread wrapper] PIN_MASK: [0m[1;34m0->1  [0m[1;34m1->2  [0m[1;34m2->3  [0m[1;34m3->4  [0m[1;34m4->5  [0m[1;34m5->6  [0m[1;34m6->7  [0m[1;34m7->8  [0m[1;34m8->9  [0m[1;34m9->10  [0m[1;34m10->11  [0m[1;34m11->12  [0m[1;34m12->13  [0m[1;34m13->14  [0m[1;34m14->15  [0m[1;34m15->16  [0m[1;34m16->17  [0m[1;34m17->18  [0m[1;34m18->19  [0m[1;34m19->20  [0m[1;34m20->21  [0m[1;34m21->22  [0m[1;34m22->23  [0m[1;34m23->24  [0m[1;34m24->25  [0m[1;34m25->26  [0m[1;34m26->27  [0m[1;34m27->28  [0m[1;34m28->29  [0m[1;34m29->30  [0m[1;34m30->31  [0m[1;34m31->32  [0m[1;34m32->33  [0m[1;34m33->34  [0m[1;34m34->35  [0m[1;34m35->36  [0m[1;34m36->37  [0m[1;34m37->38  [0m[1;34m38->39  [0m[1;34m39->40  [0m[1;34m40->41  [0m[1;34m41->42  [0m[1;34m42->43  [0m[1;34m43->44  [0m[1;34m44->45  [0m[1;34m45->46  [0m[1;34m46->47  [0m[1;34m47->48  [0m[1;34m48->49  [0m[1;34m49->50  [0m[1;34m50->51  [0m[1;34m51->52  [0m[1;34m52->53  [0m[1;34m53->54  [0m[1;34m54->55  [0m[1;34m55->56  [0m[1;34m56->57  [0m[1;34m57->58  [0m[1;34m58->59  [0m[1;34m59->60  [0m[1;34m60->61  [0m[1;34m61->62  [0m[1;34m62->63  [0m[1;34m
[pthread wrapper] SKIP MASK: 0x0
[0m[1;34m	threadid 133879841138496 -> hwthread 1 - OK[0m[1;34m
[0m[1;34m	threadid 133879832741824 -> hwthread 2 - OK[0m[1;34m
[0m[1;34m	threadid 133879824345152 -> hwthread 3 - OK[0m[1;34m
[0m[1;34m	threadid 133879815948480 -> hwthread 4 - OK[0m[1;34m
[0m[1;34m	threadid 133879807551808 -> hwthread 5 - OK[0m[1;34m
[0m[1;34m	threadid 133879799155136 -> hwthread 6 - OK[0m[1;34m
[0m[1;34m	threadid 133879790758464 -> hwthread 7 - OK[0m[1;34m
[0m[1;34m	threadid 133879782361792 -> hwthread 8 - OK[0m[1;34m
[0m[1;34m	threadid 133879297993536 -> hwthread 9 - OK[0m[1;34m
[0m[1;34m	threadid 133879289596864 -> hwthread 10 - OK[0m[1;34m
[0m[1;34m	threadid 133879281200192 -> hwthread 11 - OK[0m[1;34m
[0m[1;34m	threadid 133879272803520 -> hwthread 12 - OK[0m[1;34m
[0m[1;34m	threadid 133879264406848 -> hwthread 13 - OK[0m[1;34m
[0m[1;34m	threadid 133879256010176 -> hwthread 14 - OK[0m[1;34m
[0m[1;34m	threadid 133879247613504 -> hwthread 15 - OK[0m[1;34m
[0m[1;34m	threadid 133878694014656 -> hwthread 16 - OK[0m[1;34m
[0m[1;34m	threadid 133878685617984 -> hwthread 17 - OK[0m[1;34m
[0m[1;34m	threadid 133878677221312 -> hwthread 18 - OK[0m[1;34m
[0m[1;34m	threadid 133878668824640 -> hwthread 19 - OK[0m[1;34m
[0m[1;34m	threadid 133878660427968 -> hwthread 20 - OK[0m[1;34m
[0m[1;34m	threadid 133878652031296 -> hwthread 21 - OK[0m[1;34m
[0m[1;34m	threadid 133878643634624 -> hwthread 22 - OK[0m[1;34m
[0m[1;34m	threadid 133878157144640 -> hwthread 23 - OK[0m[1;34m
[0m[1;34m	threadid 133878148747968 -> hwthread 24 - OK[0m[1;34m
[0m[1;34m	threadid 133878140351296 -> hwthread 25 - OK[0m[1;34m
[0m[1;34m	threadid 133878131954624 -> hwthread 26 - OK[0m[1;34m
[0m[1;34m	threadid 133878123557952 -> hwthread 27 - OK[0m[1;34m
[0m[1;34m	threadid 133878115161280 -> hwthread 28 - OK[0m[1;34m
[0m[1;34m	threadid 133878106764608 -> hwthread 29 - OK[0m[1;34m
[0m[1;34m	threadid 133877620274624 -> hwthread 30 - OK[0m[1;34m
[0m[1;34m	threadid 133877611877952 -> hwthread 31 - OK[0m[1;34m
[0m[1;34m	threadid 133877603481280 -> hwthread 32 - OK[0m[1;34m
[0m[1;34m	threadid 133877595080512 -> hwthread 33 - OK[0m[1;34m
[0m[1;34m	threadid 133877586679744 -> hwthread 34 - OK[0m[1;34m
[0m[1;34m	threadid 133877578278976 -> hwthread 35 - OK[0m[1;34m
[0m[1;34m	threadid 133877569878208 -> hwthread 36 - OK[0m[1;34m
[0m[1;34m	threadid 133877083400512 -> hwthread 37 - OK[0m[1;34m
[0m[1;34m	threadid 133877074999744 -> hwthread 38 - OK[0m[1;34m
[0m[1;34m	threadid 133877066598976 -> hwthread 39 - OK[0m[1;34m
[0m[1;34m	threadid 133877058198208 -> hwthread 40 - OK[0m[1;34m
[0m[1;34m	threadid 133877049797440 -> hwthread 41 - OK[0m[1;34m
[0m[1;34m	threadid 133877041396672 -> hwthread 42 - OK[0m[1;34m
[0m[1;34m	threadid 133877032995904 -> hwthread 43 - OK[0m[1;34m
[0m[1;34m	threadid 133876546530496 -> hwthread 44 - OK[0m[1;34m
[0m[1;34m	threadid 133876538129728 -> hwthread 45 - OK[0m[1;34m
[0m[1;34m	threadid 133876529728960 -> hwthread 46 - OK[0m[1;34m
[0m[1;34m	threadid 133876521328192 -> hwthread 47 - OK[0m[1;34m
[0m[1;34m	threadid 133876512927424 -> hwthread 48 - OK[0m[1;34m
[0m[1;34m	threadid 133876504526656 -> hwthread 49 - OK[0m[1;34m
[0m[1;34m	threadid 133876496125888 -> hwthread 50 - OK[0m[1;34m
[0m[1;34m	threadid 133876009660480 -> hwthread 51 - OK[0m[1;34m
[0m[1;34m	threadid 133876001259712 -> hwthread 52 - OK[0m[1;34m
[0m[1;34m	threadid 133875992858944 -> hwthread 53 - OK[0m[1;34m
[0m[1;34m	threadid 133875984458176 -> hwthread 54 - OK[0m[1;34m
[0m[1;34m	threadid 133875976057408 -> hwthread 55 - OK[0m[1;34m
[0m[1;34m	threadid 133875967656640 -> hwthread 56 - OK[0m[1;34m
[0m[1;34m	threadid 133875959255872 -> hwthread 57 - OK[0m[1;34m
[0m[1;34m	threadid 133875472790464 -> hwthread 58 - OK[0m[1;34m
[0m[1;34m	threadid 133875464389696 -> hwthread 59 - OK[0m[1;34m
[0m[1;34m	threadid 133875455988928 -> hwthread 60 - OK[0m[1;34m
[0m[1;34m	threadid 133875447588160 -> hwthread 61 - OK[0m[1;34m
[0m[1;34m	threadid 133875439187392 -> hwthread 62 - OK[0m[1;34m
[0m[1;34m	threadid 133875430786624 -> hwthread 63 - OK[0m[1;34m
[0m[1;34mRoundrobin placement triggered
	threadid 133875422385856 -> hwthread 0 - OK[0m[1;34m
[0m[1;34m	threadid 133874935920320 -> hwthread 1 - OK[0m[1;34m
[0mPITTS: version v0.9.6-2-g6da1bf0-dirty
PITTS: MPI #procs: 1
PITTS: OpenMP #threads: 64
PITTS: SIMD implementation: avx2
PITTS: Eigen SIMD implementation: AVX SSE, SSE2, SSE3, SSSE3, SSE4.1, SSE4.2
PITTS: cache sizes (L1/core, L2/core, L3/accessible) [byte]: (32768, 524288, 805306368)
PITTS: preprocessor definitions: PITTS_DIRECT_MKL_GEMM
Performance statistics:
function                                                                                                                                                                                                    	 time [s]  	 #calls    	 GFlop/s DP	 GFlop/s SP	 GByte/s   	Flops/Byte
<PITTS::MultiVector<double>> :: void PITTS::randomize(MultiVector<T>&) [with T = double](rows: 1073741824, cols: 1)                                                                                         	 0.617713  	 1         	 0         	 0         	 13.906    	 0         
<PITTS::Tensor3<double>> :: void PITTS::fold_left(const MatrixType&, int, Tensor3<T>&) [with T = double; MatrixType = Eigen::Block<const Eigen::Matrix<double, -1, -1>, -1, -1, true>](r1: 22, n: 2, r2: 22)	 0.00384777	 20        	 0         	 0         	 0.0805038 	 0         
<PITTS::Tensor3<double>> :: void PITTS::fold_left(const MatrixType&, int, Tensor3<T>&) [with T = double; MatrixType = Eigen::Block<const Eigen::Matrix<double, -1, -1>, -1, -1, true>](r1: 16, n: 2, r2: 22)	 0.00063145	 1         	 0         	 0         	 0.0178383 	 0         
<PITTS::Tensor3<double>> :: void PITTS::fold_left(const MatrixType&, int, Tensor3<T>&) [with T = double; MatrixType = Eigen::Block<const Eigen::Matrix<double, -1, -1>, -1, -1, true>](r1: 2, n: 2, r2: 4)  	 4.6621e-05	 1         	 0         	 0         	 0.00549109	 0         
<PITTS::Tensor3<double>> :: void PITTS::fold_left(const MatrixType&, int, Tensor3<T>&) [with T = double; MatrixType = Eigen::Block<const Eigen::Matrix<double, -1, -1>, -1, -1, true>](r1: 1, n: 2, r2: 2)  	 3.6432e-05	 1         	 0         	 0         	 0.0017567 	 0         
<PITTS::Tensor3<double>> :: void PITTS::fold_left(const MatrixType&, int, Tensor3<T>&) [with T = double; MatrixType = Eigen::Block<const Eigen::Matrix<double, -1, -1>, -1, -1, true>](r1: 4, n: 2, r2: 8)  	 2.9731e-05	 1         	 0         	 0         	 0.0344422 	 0         
<PITTS::Tensor3<double>> :: void PITTS::fold_left(const MatrixType&, int, Tensor3<T>&) [with T = double; MatrixType = Eigen::Block<const Eigen::Matrix<double, -1, -1>, -1, -1, true>](r1: 8, n: 2, r2: 16) 	 2.8991e-05	 1         	 0         	 0         	 0.141285  	 0         
<PITTS::Tensor3<double>> :: void PITTS::fold_left(const MatrixType&, int, Tensor3<T>&) [with T = double; MatrixType = Eigen::Block<const Eigen::Matrix<double, -1, -1>, -1, -1, true>](r1: 16, n: 2, r2: 8) 	 1.4231e-05	 1         	 0         	 0         	 0.287822  	 0         
<PITTS::Tensor3<double>> :: void PITTS::fold_left(const MatrixType&, int, Tensor3<T>&) [with T = double; MatrixType = Eigen::Block<const Eigen::Matrix<double, -1, -1>, -1, -1, true>](r1: 8, n: 2, r2: 4)  	 9.121e-06 	 1         	 0         	 0         	 0.112268  	 0         
<PITTS::Tensor3<double>> :: void PITTS::fold_left(const MatrixType&, int, Tensor3<T>&) [with T = double; MatrixType = Eigen::Block<const Eigen::Matrix<double, -1, -1>, -1, -1, true>](r1: 22, n: 2, r2: 16)	 4.29e-06  	 1         	 0         	 0         	 2.62564   	 0         
<PITTS::Tensor3<double>> :: void PITTS::fold_left(const MatrixType&, int, Tensor3<T>&) [with T = double; MatrixType = Eigen::Block<const Eigen::Matrix<double, -1, -1>, -1, -1, true>](r1: 4, n: 2, r2: 2)  	 9.9e-07   	 1         	 0         	 0         	 0.258586  	 0         
<PITTS::Tensor3<double>> :: void PITTS::fold_left(const MatrixType&, int, Tensor3<T>&) [with T = double; MatrixType = Eigen::Matrix<double, -1, -1>](r1: 2, n: 2, r2: 1)                                    	 5.6e-07   	 1         	 0         	 0         	 0.114286  	 0         
Timing statistics:
function                                                                                                                                                                              	 time [s]  	 #calls    
<PITTS::TensorTrain<double>> :: PITTS::TensorTrain<T> PITTS::fromDense_classical(Iter, Iter, const std::vector<int>&, T, int) [with Iter = const double*; T = double]                 	 415.311   	 1         
<PITTS::MultiVector<double>> :: void PITTS::randomize(MultiVector<T>&) [with T = double]                                                                                              	 0.617713  	 1         
<PITTS::Tensor3<double>> :: void PITTS::fold_left(const MatrixType&, int, Tensor3<T>&) [with T = double; MatrixType = Eigen::Block<const Eigen::Matrix<double, -1, -1>, -1, -1, true>]	 0.00464963	 29        
<PITTS::MultiVector<double>> :: void PITTS::MultiVector<T>::resize(long long int, long long int, bool, bool) [with T = double]                                                        	 0.000120713	 1         
<PITTS::Tensor3<double>> :: void PITTS::Tensor3<T>::resize(long long int, long long int, long long int, bool, bool) [with T = double]                                                 	 8.6394e-05	 60        
<PITTS::Tensor3<double>> :: void PITTS::fold_left(const MatrixType&, int, Tensor3<T>&) [with T = double; MatrixType = Eigen::Matrix<double, -1, -1>]                                  	 5.6e-07   	 1         
INFO: You are running LIKWID in a cpuset with 64 CPUs. Taking given IDs as logical ID in cpuset
[1;34m[pthread wrapper] 
[0m[1;34m[pthread wrapper] MAIN -> 0
[0m[1;34m[pthread wrapper] PIN_MASK: [0m[1;34m0->1  [0m[1;34m1->2  [0m[1;34m2->3  [0m[1;34m3->4  [0m[1;34m4->5  [0m[1;34m5->6  [0m[1;34m6->7  [0m[1;34m7->8  [0m[1;34m8->9  [0m[1;34m9->10  [0m[1;34m10->11  [0m[1;34m11->12  [0m[1;34m12->13  [0m[1;34m13->14  [0m[1;34m14->15  [0m[1;34m15->16  [0m[1;34m16->17  [0m[1;34m17->18  [0m[1;34m18->19  [0m[1;34m19->20  [0m[1;34m20->21  [0m[1;34m21->22  [0m[1;34m22->23  [0m[1;34m23->24  [0m[1;34m24->25  [0m[1;34m25->26  [0m[1;34m26->27  [0m[1;34m27->28  [0m[1;34m28->29  [0m[1;34m29->30  [0m[1;34m30->31  [0m[1;34m31->32  [0m[1;34m32->33  [0m[1;34m33->34  [0m[1;34m34->35  [0m[1;34m35->36  [0m[1;34m36->37  [0m[1;34m37->38  [0m[1;34m38->39  [0m[1;34m39->40  [0m[1;34m40->41  [0m[1;34m41->42  [0m[1;34m42->43  [0m[1;34m43->44  [0m[1;34m44->45  [0m[1;34m45->46  [0m[1;34m46->47  [0m[1;34m47->48  [0m[1;34m48->49  [0m[1;34m49->50  [0m[1;34m50->51  [0m[1;34m51->52  [0m[1;34m52->53  [0m[1;34m53->54  [0m[1;34m54->55  [0m[1;34m55->56  [0m[1;34m56->57  [0m[1;34m57->58  [0m[1;34m58->59  [0m[1;34m59->60  [0m[1;34m60->61  [0m[1;34m61->62  [0m[1;34m62->63  [0m[1;34m
[pthread wrapper] SKIP MASK: 0x0
[0m[1;34m	threadid 124164895647552 -> hwthread 1 - OK[0m[1;34m
[0m[1;34m	threadid 124164887250880 -> hwthread 2 - OK[0m[1;34m
[0m[1;34m	threadid 124164878854208 -> hwthread 3 - OK[0m[1;34m
[0m[1;34m	threadid 124164870457536 -> hwthread 4 - OK[0m[1;34m
[0m[1;34m	threadid 124164862060864 -> hwthread 5 - OK[0m[1;34m
[0m[1;34m	threadid 124164853664192 -> hwthread 6 - OK[0m[1;34m
[0m[1;34m	threadid 124164845267520 -> hwthread 7 - OK[0m[1;34m
[0m[1;34m	threadid 124164836870848 -> hwthread 8 - OK[0m[1;34m
[0m[1;34m	threadid 124164350405440 -> hwthread 9 - OK[0m[1;34m
[0m[1;34m	threadid 124164342008768 -> hwthread 10 - OK[0m[1;34m
[0m[1;34m	threadid 124164333612096 -> hwthread 11 - OK[0m[1;34m
[0m[1;34m	threadid 124164325215424 -> hwthread 12 - OK[0m[1;34m
[0m[1;34m	threadid 124164316818752 -> hwthread 13 - OK[0m[1;34m
[0m[1;34m	threadid 124164308422080 -> hwthread 14 - OK[0m[1;34m
[0m[1;34m	threadid 124164300025408 -> hwthread 15 - OK[0m[1;34m
[0m[1;34m	threadid 124163746426560 -> hwthread 16 - OK[0m[1;34m
[0m[1;34m	threadid 124163738029888 -> hwthread 17 - OK[0m[1;34m
[0m[1;34m	threadid 124163729633216 -> hwthread 18 - OK[0m[1;34m
[0m[1;34m	threadid 124163721236544 -> hwthread 19 - OK[0m[1;34m
[0m[1;34m	threadid 124163712839872 -> hwthread 20 - OK[0m[1;34m
[0m[1;34m	threadid 124163704443200 -> hwthread 21 - OK[0m[1;34m
[0m[1;34m	threadid 124163696046528 -> hwthread 22 - OK[0m[1;34m
[0m[1;34m	threadid 124163209556544 -> hwthread 23 - OK[0m[1;34m
[0m[1;34m	threadid 124163201159872 -> hwthread 24 - OK[0m[1;34m
[0m[1;34m	threadid 124163192763200 -> hwthread 25 - OK[0m[1;34m
[0m[1;34m	threadid 124163184366528 -> hwthread 26 - OK[0m[1;34m
[0m[1;34m	threadid 124163175969856 -> hwthread 27 - OK[0m[1;34m
[0m[1;34m	threadid 124163167573184 -> hwthread 28 - OK[0m[1;34m
[0m[1;34m	threadid 124163159176512 -> hwthread 29 - OK[0m[1;34m
[0m[1;34m	threadid 124162672686528 -> hwthread 30 - OK[0m[1;34m
[0m[1;34m	threadid 124162664289856 -> hwthread 31 - OK[0m[1;34m
[0m[1;34m	threadid 124162655893184 -> hwthread 32 - OK[0m[1;34m
[0m[1;34m	threadid 124162647492416 -> hwthread 33 - OK[0m[1;34m
[0m[1;34m	threadid 124162639091648 -> hwthread 34 - OK[0m[1;34m
[0m[1;34m	threadid 124162630690880 -> hwthread 35 - OK[0m[1;34m
[0m[1;34m	threadid 124162622290112 -> hwthread 36 - OK[0m[1;34m
[0m[1;34m	threadid 124162135812416 -> hwthread 37 - OK[0m[1;34m
[0m[1;34m	threadid 124162127411648 -> hwthread 38 - OK[0m[1;34m
[0m[1;34m	threadid 124162119010880 -> hwthread 39 - OK[0m[1;34m
[0m[1;34m	threadid 124162110610112 -> hwthread 40 - OK[0m[1;34m
[0m[1;34m	threadid 124162102209344 -> hwthread 41 - OK[0m[1;34m
[0m[1;34m	threadid 124162093808576 -> hwthread 42 - OK[0m[1;34m
[0m[1;34m	threadid 124162085407808 -> hwthread 43 - OK[0m[1;34m
[0m[1;34m	threadid 124161598942400 -> hwthread 44 - OK[0m[1;34m
[0m[1;34m	threadid 124161590541632 -> hwthread 45 - OK[0m[1;34m
[0m[1;34m	threadid 124161582140864 -> hwthread 46 - OK[0m[1;34m
[0m[1;34m	threadid 124161573740096 -> hwthread 47 - OK[0m[1;34m
[0m[1;34m	threadid 124161565339328 -> hwthread 48 - OK[0m[1;34m
[0m[1;34m	threadid 124161556938560 -> hwthread 49 - OK[0m[1;34m
[0m[1;34m	threadid 124161548537792 -> hwthread 50 - OK[0m[1;34m
[0m[1;34m	threadid 124161062072384 -> hwthread 51 - OK[0m[1;34m
[0m[1;34m	threadid 124161053671616 -> hwthread 52 - OK[0m[1;34m
[0m[1;34m	threadid 124161045270848 -> hwthread 53 - OK[0m[1;34m
[0m[1;34m	threadid 124161036870080 -> hwthread 54 - OK[0m[1;34m
[0m[1;34m	threadid 124161028469312 -> hwthread 55 - OK[0m[1;34m
[0m[1;34m	threadid 124161020068544 -> hwthread 56 - OK[0m[1;34m
[0m[1;34m	threadid 124161011667776 -> hwthread 57 - OK[0m[1;34m
[0m[1;34m	threadid 124160525202368 -> hwthread 58 - OK[0m[1;34m
[0m[1;34m	threadid 124160516801600 -> hwthread 59 - OK[0m[1;34m
[0m[1;34m	threadid 124160508400832 -> hwthread 60 - OK[0m[1;34m
[0m[1;34m	threadid 124160500000064 -> hwthread 61 - OK[0m[1;34m
[0m[1;34m	threadid 124160491599296 -> hwthread 62 - OK[0m[1;34m
[0m[1;34m	threadid 124160483198528 -> hwthread 63 - OK[0m[1;34m
[0m[1;34mRoundrobin placement triggered
	threadid 124160474797760 -> hwthread 0 - OK[0m[1;34m
[0m[1;34m	threadid 124159988332224 -> hwthread 1 - OK[0m[1;34m
[0mPITTS: version v0.9.6-2-g6da1bf0-dirty
PITTS: MPI #procs: 1
PITTS: OpenMP #threads: 64
PITTS: SIMD implementation: avx2
PITTS: Eigen SIMD implementation: AVX SSE, SSE2, SSE3, SSSE3, SSE4.1, SSE4.2
PITTS: cache sizes (L1/core, L2/core, L3/accessible) [byte]: (32768, 524288, 805306368)
PITTS: preprocessor definitions: PITTS_DIRECT_MKL_GEMM
Performance statistics:
function                                                                                                                                                                                                    	 time [s]  	 #calls    	 GFlop/s DP	 GFlop/s SP	 GByte/s   	Flops/Byte
<PITTS::MultiVector<double>> :: void PITTS::randomize(MultiVector<T>&) [with T = double](rows: 1073741824, cols: 1)                                                                                         	 0.662066  	 1         	 0         	 0         	 12.9744   	 0         
<PITTS::Tensor3<double>> :: void PITTS::fold_left(const MatrixType&, int, Tensor3<T>&) [with T = double; MatrixType = Eigen::Block<const Eigen::Matrix<double, -1, -1>, -1, -1, true>](r1: 23, n: 2, r2: 23)	 0.00394818	 20        	 0         	 0         	 0.085751  	 0         
<PITTS::Tensor3<double>> :: void PITTS::fold_left(const MatrixType&, int, Tensor3<T>&) [with T = double; MatrixType = Eigen::Block<const Eigen::Matrix<double, -1, -1>, -1, -1, true>](r1: 16, n: 2, r2: 23)	 0.000636431	 1         	 0         	 0         	 0.0185032 	 0         
<PITTS::Tensor3<double>> :: void PITTS::fold_left(const MatrixType&, int, Tensor3<T>&) [with T = double; MatrixType = Eigen::Block<const Eigen::Matrix<double, -1, -1>, -1, -1, true>](r1: 1, n: 2, r2: 2)  	 4.4241e-05	 1         	 0         	 0         	 0.00144662	 0         
<PITTS::Tensor3<double>> :: void PITTS::fold_left(const MatrixType&, int, Tensor3<T>&) [with T = double; MatrixType = Eigen::Block<const Eigen::Matrix<double, -1, -1>, -1, -1, true>](r1: 4, n: 2, r2: 8)  	 3.2351e-05	 1         	 0         	 0         	 0.0316528 	 0         
<PITTS::Tensor3<double>> :: void PITTS::fold_left(const MatrixType&, int, Tensor3<T>&) [with T = double; MatrixType = Eigen::Block<const Eigen::Matrix<double, -1, -1>, -1, -1, true>](r1: 2, n: 2, r2: 4)  	 3.2291e-05	 1         	 0         	 0         	 0.00792791	 0         
<PITTS::Tensor3<double>> :: void PITTS::fold_left(const MatrixType&, int, Tensor3<T>&) [with T = double; MatrixType = Eigen::Block<const Eigen::Matrix<double, -1, -1>, -1, -1, true>](r1: 8, n: 2, r2: 16) 	 2.4421e-05	 1         	 0         	 0         	 0.167724  	 0         
<PITTS::Tensor3<double>> :: void PITTS::fold_left(const MatrixType&, int, Tensor3<T>&) [with T = double; MatrixType = Eigen::Block<const Eigen::Matrix<double, -1, -1>, -1, -1, true>](r1: 16, n: 2, r2: 8) 	 1.1401e-05	 1         	 0         	 0         	 0.359267  	 0         
<PITTS::Tensor3<double>> :: void PITTS::fold_left(const MatrixType&, int, Tensor3<T>&) [with T = double; MatrixType = Eigen::Block<const Eigen::Matrix<double, -1, -1>, -1, -1, true>](r1: 23, n: 2, r2: 16)	 4.431e-06 	 1         	 0         	 0         	 2.65764   	 0         
<PITTS::Tensor3<double>> :: void PITTS::fold_left(const MatrixType&, int, Tensor3<T>&) [with T = double; MatrixType = Eigen::Block<const Eigen::Matrix<double, -1, -1>, -1, -1, true>](r1: 8, n: 2, r2: 4)  	 4.161e-06 	 1         	 0         	 0         	 0.246095  	 0         
<PITTS::Tensor3<double>> :: void PITTS::fold_left(const MatrixType&, int, Tensor3<T>&) [with T = double; MatrixType = Eigen::Block<const Eigen::Matrix<double, -1, -1>, -1, -1, true>](r1: 4, n: 2, r2: 2)  	 9.5e-07   	 1         	 0         	 0         	 0.269474  	 0         
<PITTS::Tensor3<double>> :: void PITTS::fold_left(const MatrixType&, int, Tensor3<T>&) [with T = double; MatrixType = Eigen::Matrix<double, -1, -1>](r1: 2, n: 2, r2: 1)                                    	 4.6e-07   	 1         	 0         	 0         	 0.13913   	 0         
Timing statistics:
function                                                                                                                                                                              	 time [s]  	 #calls    
<PITTS::TensorTrain<double>> :: PITTS::TensorTrain<T> PITTS::fromDense_classical(Iter, Iter, const std::vector<int>&, T, int) [with Iter = const double*; T = double]                 	 428.629   	 1         
<PITTS::MultiVector<double>> :: void PITTS::randomize(MultiVector<T>&) [with T = double]                                                                                              	 0.662066  	 1         
<PITTS::Tensor3<double>> :: void PITTS::fold_left(const MatrixType&, int, Tensor3<T>&) [with T = double; MatrixType = Eigen::Block<const Eigen::Matrix<double, -1, -1>, -1, -1, true>]	 0.00473885	 29        
<PITTS::MultiVector<double>> :: void PITTS::MultiVector<T>::resize(long long int, long long int, bool, bool) [with T = double]                                                        	 0.000128964	 1         
<PITTS::Tensor3<double>> :: void PITTS::Tensor3<T>::resize(long long int, long long int, long long int, bool, bool) [with T = double]                                                 	 9.3982e-05	 60        
<PITTS::Tensor3<double>> :: void PITTS::fold_left(const MatrixType&, int, Tensor3<T>&) [with T = double; MatrixType = Eigen::Matrix<double, -1, -1>]                                  	 4.6e-07   	 1         
INFO: You are running LIKWID in a cpuset with 64 CPUs. Taking given IDs as logical ID in cpuset
[1;34m[pthread wrapper] 
[0m[1;34m[pthread wrapper] MAIN -> 0
[0m[1;34m[pthread wrapper] PIN_MASK: [0m[1;34m0->1  [0m[1;34m1->2  [0m[1;34m2->3  [0m[1;34m3->4  [0m[1;34m4->5  [0m[1;34m5->6  [0m[1;34m6->7  [0m[1;34m7->8  [0m[1;34m8->9  [0m[1;34m9->10  [0m[1;34m10->11  [0m[1;34m11->12  [0m[1;34m12->13  [0m[1;34m13->14  [0m[1;34m14->15  [0m[1;34m15->16  [0m[1;34m16->17  [0m[1;34m17->18  [0m[1;34m18->19  [0m[1;34m19->20  [0m[1;34m20->21  [0m[1;34m21->22  [0m[1;34m22->23  [0m[1;34m23->24  [0m[1;34m24->25  [0m[1;34m25->26  [0m[1;34m26->27  [0m[1;34m27->28  [0m[1;34m28->29  [0m[1;34m29->30  [0m[1;34m30->31  [0m[1;34m31->32  [0m[1;34m32->33  [0m[1;34m33->34  [0m[1;34m34->35  [0m[1;34m35->36  [0m[1;34m36->37  [0m[1;34m37->38  [0m[1;34m38->39  [0m[1;34m39->40  [0m[1;34m40->41  [0m[1;34m41->42  [0m[1;34m42->43  [0m[1;34m43->44  [0m[1;34m44->45  [0m[1;34m45->46  [0m[1;34m46->47  [0m[1;34m47->48  [0m[1;34m48->49  [0m[1;34m49->50  [0m[1;34m50->51  [0m[1;34m51->52  [0m[1;34m52->53  [0m[1;34m53->54  [0m[1;34m54->55  [0m[1;34m55->56  [0m[1;34m56->57  [0m[1;34m57->58  [0m[1;34m58->59  [0m[1;34m59->60  [0m[1;34m60->61  [0m[1;34m61->62  [0m[1;34m62->63  [0m[1;34m
[pthread wrapper] SKIP MASK: 0x0
[0m[1;34m	threadid 140588417529664 -> hwthread 1 - OK[0m[1;34m
[0m[1;34m	threadid 140588409132992 -> hwthread 2 - OK[0m[1;34m
[0m[1;34m	threadid 140588400736320 -> hwthread 3 - OK[0m[1;34m
[0m[1;34m	threadid 140588392339648 -> hwthread 4 - OK[0m[1;34m
[0m[1;34m	threadid 140588383942976 -> hwthread 5 - OK[0m[1;34m
[0m[1;34m	threadid 140588036909504 -> hwthread 6 - OK[0m[1;34m
[0m[1;34m	threadid 140588028512832 -> hwthread 7 - OK[0m[1;34m
[0m[1;34m	threadid 140588020116160 -> hwthread 8 - OK[0m[1;34m
[0m[1;34m	threadid 140588011719488 -> hwthread 9 - OK[0m[1;34m
[0m[1;34m	threadid 140588003322816 -> hwthread 10 - OK[0m[1;34m
[0m[1;34m	threadid 140587994926144 -> hwthread 11 - OK[0m[1;34m
[0m[1;34m	threadid 140587986529472 -> hwthread 12 - OK[0m[1;34m
[0m[1;34m	threadid 140587500039488 -> hwthread 13 - OK[0m[1;34m
[0m[1;34m	threadid 140587491642816 -> hwthread 14 - OK[0m[1;34m
[0m[1;34m	threadid 140587483246144 -> hwthread 15 - OK[0m[1;34m
[0m[1;34m	threadid 140587474849472 -> hwthread 16 - OK[0m[1;34m
[0m[1;34m	threadid 140587466452800 -> hwthread 17 - OK[0m[1;34m
[0m[1;34m	threadid 140587458056128 -> hwthread 18 - OK[0m[1;34m
[0m[1;34m	threadid 140587449659456 -> hwthread 19 - OK[0m[1;34m
[0m[1;34m	threadid 140586963169472 -> hwthread 20 - OK[0m[1;34m
[0m[1;34m	threadid 140586954772800 -> hwthread 21 - OK[0m[1;34m
[0m[1;34m	threadid 140586946376128 -> hwthread 22 - OK[0m[1;34m
[0m[1;34m	threadid 140586937979456 -> hwthread 23 - OK[0m[1;34m
[0m[1;34m	threadid 140586929582784 -> hwthread 24 - OK[0m[1;34m
[0m[1;34m	threadid 140586921186112 -> hwthread 25 - OK[0m[1;34m
[0m[1;34m	threadid 140586912789440 -> hwthread 26 - OK[0m[1;34m
[0m[1;34m	threadid 140586426299456 -> hwthread 27 - OK[0m[1;34m
[0m[1;34m	threadid 140586417902784 -> hwthread 28 - OK[0m[1;34m
[0m[1;34m	threadid 140586409506112 -> hwthread 29 - OK[0m[1;34m
[0m[1;34m	threadid 140586401109440 -> hwthread 30 - OK[0m[1;34m
[0m[1;34m	threadid 140586392712768 -> hwthread 31 - OK[0m[1;34m
[0m[1;34m	threadid 140586384316096 -> hwthread 32 - OK[0m[1;34m
[0m[1;34m	threadid 140586375915328 -> hwthread 33 - OK[0m[1;34m
[0m[1;34m	threadid 140585889425344 -> hwthread 34 - OK[0m[1;34m
[0m[1;34m	threadid 140585881024576 -> hwthread 35 - OK[0m[1;34m
[0m[1;34m	threadid 140585872623808 -> hwthread 36 - OK[0m[1;34m
[0m[1;34m	threadid 140585864223040 -> hwthread 37 - OK[0m[1;34m
[0m[1;34m	threadid 140585855822272 -> hwthread 38 - OK[0m[1;34m
[0m[1;34m	threadid 140585847421504 -> hwthread 39 - OK[0m[1;34m
[0m[1;34m	threadid 140585839020736 -> hwthread 40 - OK[0m[1;34m
[0m[1;34m	threadid 140585352555328 -> hwthread 41 - OK[0m[1;34m
[0m[1;34m	threadid 140585344154560 -> hwthread 42 - OK[0m[1;34m
[0m[1;34m	threadid 140585335753792 -> hwthread 43 - OK[0m[1;34m
[0m[1;34m	threadid 140585327353024 -> hwthread 44 - OK[0m[1;34m
[0m[1;34m	threadid 140585318952256 -> hwthread 45 - OK[0m[1;34m
[0m[1;34m	threadid 140585310551488 -> hwthread 46 - OK[0m[1;34m
[0m[1;34m	threadid 140585302150720 -> hwthread 47 - OK[0m[1;34m
[0m[1;34m	threadid 140584815685312 -> hwthread 48 - OK[0m[1;34m
[0m[1;34m	threadid 140584807284544 -> hwthread 49 - OK[0m[1;34m
[0m[1;34m	threadid 140584798883776 -> hwthread 50 - OK[0m[1;34m
[0m[1;34m	threadid 140584790483008 -> hwthread 51 - OK[0m[1;34m
[0m[1;34m	threadid 140584782082240 -> hwthread 52 - OK[0m[1;34m
[0m[1;34m	threadid 140584773681472 -> hwthread 53 - OK[0m[1;34m
[0m[1;34m	threadid 140584765280704 -> hwthread 54 - OK[0m[1;34m
[0m[1;34m	threadid 140584278815296 -> hwthread 55 - OK[0m[1;34m
[0m[1;34m	threadid 140584270414528 -> hwthread 56 - OK[0m[1;34m
[0m[1;34m	threadid 140584262013760 -> hwthread 57 - OK[0m[1;34m
[0m[1;34m	threadid 140584253612992 -> hwthread 58 - OK[0m[1;34m
[0m[1;34m	threadid 140584245212224 -> hwthread 59 - OK[0m[1;34m
[0m[1;34m	threadid 140584236811456 -> hwthread 60 - OK[0m[1;34m
[0m[1;34m	threadid 140584228410688 -> hwthread 61 - OK[0m[1;34m
[0m[1;34m	threadid 140583741945280 -> hwthread 62 - OK[0m[1;34m
[0m[1;34m	threadid 140583733544512 -> hwthread 63 - OK[0m[1;34m
[0m[1;34mRoundrobin placement triggered
	threadid 140583725143744 -> hwthread 0 - OK[0m[1;34m
[0m[1;34m	threadid 140583716751040 -> hwthread 1 - OK[0m[1;34m
[0mPITTS: version v0.9.6-2-g6da1bf0-dirty
PITTS: MPI #procs: 1
PITTS: OpenMP #threads: 64
PITTS: SIMD implementation: avx2
PITTS: Eigen SIMD implementation: AVX SSE, SSE2, SSE3, SSSE3, SSE4.1, SSE4.2
PITTS: cache sizes (L1/core, L2/core, L3/accessible) [byte]: (32768, 524288, 805306368)
PITTS: preprocessor definitions: PITTS_DIRECT_MKL_GEMM
Performance statistics:
function                                                                                                                                                                                                    	 time [s]  	 #calls    	 GFlop/s DP	 GFlop/s SP	 GByte/s   	Flops/Byte
<PITTS::MultiVector<double>> :: void PITTS::randomize(MultiVector<T>&) [with T = double](rows: 1073741824, cols: 1)                                                                                         	 0.617944  	 1         	 0         	 0         	 13.9008   	 0         
<PITTS::Tensor3<double>> :: void PITTS::fold_left(const MatrixType&, int, Tensor3<T>&) [with T = double; MatrixType = Eigen::Block<const Eigen::Matrix<double, -1, -1>, -1, -1, true>](r1: 24, n: 2, r2: 24)	 0.00377679	 20        	 0         	 0         	 0.0976066 	 0         
<PITTS::Tensor3<double>> :: void PITTS::fold_left(const MatrixType&, int, Tensor3<T>&) [with T = double; MatrixType = Eigen::Block<const Eigen::Matrix<double, -1, -1>, -1, -1, true>](r1: 16, n: 2, r2: 24)	 0.00061883	 1         	 0         	 0         	 0.0198568 	 0         
<PITTS::Tensor3<double>> :: void PITTS::fold_left(const MatrixType&, int, Tensor3<T>&) [with T = double; MatrixType = Eigen::Block<const Eigen::Matrix<double, -1, -1>, -1, -1, true>](r1: 2, n: 2, r2: 4)  	 3.5551e-05	 1         	 0         	 0         	 0.00720092	 0         
<PITTS::Tensor3<double>> :: void PITTS::fold_left(const MatrixType&, int, Tensor3<T>&) [with T = double; MatrixType = Eigen::Block<const Eigen::Matrix<double, -1, -1>, -1, -1, true>](r1: 8, n: 2, r2: 16) 	 3.5191e-05	 1         	 0         	 0         	 0.116393  	 0         
<PITTS::Tensor3<double>> :: void PITTS::fold_left(const MatrixType&, int, Tensor3<T>&) [with T = double; MatrixType = Eigen::Block<const Eigen::Matrix<double, -1, -1>, -1, -1, true>](r1: 1, n: 2, r2: 2)  	 3.5021e-05	 1         	 0         	 0         	 0.00182747	 0         
<PITTS::Tensor3<double>> :: void PITTS::fold_left(const MatrixType&, int, Tensor3<T>&) [with T = double; MatrixType = Eigen::Block<const Eigen::Matrix<double, -1, -1>, -1, -1, true>](r1: 4, n: 2, r2: 8)  	 3.3501e-05	 1         	 0         	 0         	 0.0305663 	 0         
<PITTS::Tensor3<double>> :: void PITTS::fold_left(const MatrixType&, int, Tensor3<T>&) [with T = double; MatrixType = Eigen::Block<const Eigen::Matrix<double, -1, -1>, -1, -1, true>](r1: 16, n: 2, r2: 8) 	 1.166e-05 	 1         	 0         	 0         	 0.351286  	 0         
<PITTS::Tensor3<double>> :: void PITTS::fold_left(const MatrixType&, int, Tensor3<T>&) [with T = double; MatrixType = Eigen::Block<const Eigen::Matrix<double, -1, -1>, -1, -1, true>](r1: 24, n: 2, r2: 16)	 4.52e-06  	 1         	 0         	 0         	 2.71858   	 0         
<PITTS::Tensor3<double>> :: void PITTS::fold_left(const MatrixType&, int, Tensor3<T>&) [with T = double; MatrixType = Eigen::Block<const Eigen::Matrix<double, -1, -1>, -1, -1, true>](r1: 8, n: 2, r2: 4)  	 3.551e-06 	 1         	 0         	 0         	 0.288369  	 0         
<PITTS::Tensor3<double>> :: void PITTS::fold_left(const MatrixType&, int, Tensor3<T>&) [with T = double; MatrixType = Eigen::Block<const Eigen::Matrix<double, -1, -1>, -1, -1, true>](r1: 4, n: 2, r2: 2)  	 8.6e-07   	 1         	 0         	 0         	 0.297674  	 0         
<PITTS::Tensor3<double>> :: void PITTS::fold_left(const MatrixType&, int, Tensor3<T>&) [with T = double; MatrixType = Eigen::Matrix<double, -1, -1>](r1: 2, n: 2, r2: 1)                                    	 4.5e-07   	 1         	 0         	 0         	 0.142222  	 0         
Timing statistics:
function                                                                                                                                                                              	 time [s]  	 #calls    
<PITTS::TensorTrain<double>> :: PITTS::TensorTrain<T> PITTS::fromDense_classical(Iter, Iter, const std::vector<int>&, T, int) [with Iter = const double*; T = double]                 	 431.342   	 1         
<PITTS::MultiVector<double>> :: void PITTS::randomize(MultiVector<T>&) [with T = double]                                                                                              	 0.617944  	 1         
<PITTS::Tensor3<double>> :: void PITTS::fold_left(const MatrixType&, int, Tensor3<T>&) [with T = double; MatrixType = Eigen::Block<const Eigen::Matrix<double, -1, -1>, -1, -1, true>]	 0.00455548	 29        
<PITTS::MultiVector<double>> :: void PITTS::MultiVector<T>::resize(long long int, long long int, bool, bool) [with T = double]                                                        	 0.000114313	 1         
<PITTS::Tensor3<double>> :: void PITTS::Tensor3<T>::resize(long long int, long long int, long long int, bool, bool) [with T = double]                                                 	 8.6943e-05	 60        
<PITTS::Tensor3<double>> :: void PITTS::fold_left(const MatrixType&, int, Tensor3<T>&) [with T = double; MatrixType = Eigen::Matrix<double, -1, -1>]                                  	 4.5e-07   	 1         
INFO: You are running LIKWID in a cpuset with 64 CPUs. Taking given IDs as logical ID in cpuset
[1;34m[pthread wrapper] 
[0m[1;34m[pthread wrapper] MAIN -> 0
[0m[1;34m[pthread wrapper] PIN_MASK: [0m[1;34m0->1  [0m[1;34m1->2  [0m[1;34m2->3  [0m[1;34m3->4  [0m[1;34m4->5  [0m[1;34m5->6  [0m[1;34m6->7  [0m[1;34m7->8  [0m[1;34m8->9  [0m[1;34m9->10  [0m[1;34m10->11  [0m[1;34m11->12  [0m[1;34m12->13  [0m[1;34m13->14  [0m[1;34m14->15  [0m[1;34m15->16  [0m[1;34m16->17  [0m[1;34m17->18  [0m[1;34m18->19  [0m[1;34m19->20  [0m[1;34m20->21  [0m[1;34m21->22  [0m[1;34m22->23  [0m[1;34m23->24  [0m[1;34m24->25  [0m[1;34m25->26  [0m[1;34m26->27  [0m[1;34m27->28  [0m[1;34m28->29  [0m[1;34m29->30  [0m[1;34m30->31  [0m[1;34m31->32  [0m[1;34m32->33  [0m[1;34m33->34  [0m[1;34m34->35  [0m[1;34m35->36  [0m[1;34m36->37  [0m[1;34m37->38  [0m[1;34m38->39  [0m[1;34m39->40  [0m[1;34m40->41  [0m[1;34m41->42  [0m[1;34m42->43  [0m[1;34m43->44  [0m[1;34m44->45  [0m[1;34m45->46  [0m[1;34m46->47  [0m[1;34m47->48  [0m[1;34m48->49  [0m[1;34m49->50  [0m[1;34m50->51  [0m[1;34m51->52  [0m[1;34m52->53  [0m[1;34m53->54  [0m[1;34m54->55  [0m[1;34m55->56  [0m[1;34m56->57  [0m[1;34m57->58  [0m[1;34m58->59  [0m[1;34m59->60  [0m[1;34m60->61  [0m[1;34m61->62  [0m[1;34m62->63  [0m[1;34m
[pthread wrapper] SKIP MASK: 0x0
[0m[1;34m	threadid 131600387909440 -> hwthread 1 - OK[0m[1;34m
[0m[1;34m	threadid 131600379512768 -> hwthread 2 - OK[0m[1;34m
[0m[1;34m	threadid 131600371116096 -> hwthread 3 - OK[0m[1;34m
[0m[1;34m	threadid 131600362719424 -> hwthread 4 - OK[0m[1;34m
[0m[1;34m	threadid 131600146753856 -> hwthread 5 - OK[0m[1;34m
[0m[1;34m	threadid 131600138357184 -> hwthread 6 - OK[0m[1;34m
[0m[1;34m	threadid 131600129960512 -> hwthread 7 - OK[0m[1;34m
[0m[1;34m	threadid 131600121563840 -> hwthread 8 - OK[0m[1;34m
[0m[1;34m	threadid 131600113167168 -> hwthread 9 - OK[0m[1;34m
[0m[1;34m	threadid 131600104770496 -> hwthread 10 - OK[0m[1;34m
[0m[1;34m	threadid 131600096373824 -> hwthread 11 - OK[0m[1;34m
[0m[1;34m	threadid 131599542774976 -> hwthread 12 - OK[0m[1;34m
[0m[1;34m	threadid 131599534378304 -> hwthread 13 - OK[0m[1;34m
[0m[1;34m	threadid 131599525981632 -> hwthread 14 - OK[0m[1;34m
[0m[1;34m	threadid 131599517584960 -> hwthread 15 - OK[0m[1;34m
[0m[1;34m	threadid 131599509188288 -> hwthread 16 - OK[0m[1;34m
[0m[1;34m	threadid 131599500791616 -> hwthread 17 - OK[0m[1;34m
[0m[1;34m	threadid 131599492394944 -> hwthread 18 - OK[0m[1;34m
[0m[1;34m	threadid 131599005904960 -> hwthread 19 - OK[0m[1;34m
[0m[1;34m	threadid 131598997508288 -> hwthread 20 - OK[0m[1;34m
[0m[1;34m	threadid 131598989111616 -> hwthread 21 - OK[0m[1;34m
[0m[1;34m	threadid 131598980714944 -> hwthread 22 - OK[0m[1;34m
[0m[1;34m	threadid 131598972318272 -> hwthread 23 - OK[0m[1;34m
[0m[1;34m	threadid 131598963921600 -> hwthread 24 - OK[0m[1;34m
[0m[1;34m	threadid 131598955524928 -> hwthread 25 - OK[0m[1;34m
[0m[1;34m	threadid 131598469034944 -> hwthread 26 - OK[0m[1;34m
[0m[1;34m	threadid 131598460638272 -> hwthread 27 - OK[0m[1;34m
[0m[1;34m	threadid 131598452241600 -> hwthread 28 - OK[0m[1;34m
[0m[1;34m	threadid 131598443844928 -> hwthread 29 - OK[0m[1;34m
[0m[1;34m	threadid 131598435448256 -> hwthread 30 - OK[0m[1;34m
[0m[1;34m	threadid 131598427051584 -> hwthread 31 - OK[0m[1;34m
[0m[1;34m	threadid 131598418654912 -> hwthread 32 - OK[0m[1;34m
[0m[1;34m	threadid 131597932160832 -> hwthread 33 - OK[0m[1;34m
[0m[1;34m	threadid 131597923760064 -> hwthread 34 - OK[0m[1;34m
[0m[1;34m	threadid 131597915359296 -> hwthread 35 - OK[0m[1;34m
[0m[1;34m	threadid 131597906958528 -> hwthread 36 - OK[0m[1;34m
[0m[1;34m	threadid 131597898557760 -> hwthread 37 - OK[0m[1;34m
[0m[1;34m	threadid 131597890156992 -> hwthread 38 - OK[0m[1;34m
[0m[1;34m	threadid 131597881756224 -> hwthread 39 - OK[0m[1;34m
[0m[1;34m	threadid 131597395290816 -> hwthread 40 - OK[0m[1;34m
[0m[1;34m	threadid 131597386890048 -> hwthread 41 - OK[0m[1;34m
[0m[1;34m	threadid 131597378489280 -> hwthread 42 - OK[0m[1;34m
[0m[1;34m	threadid 131597370088512 -> hwthread 43 - OK[0m[1;34m
[0m[1;34m	threadid 131597361687744 -> hwthread 44 - OK[0m[1;34m
[0m[1;34m	threadid 131597353286976 -> hwthread 45 - OK[0m[1;34m
[0m[1;34m	threadid 131597344886208 -> hwthread 46 - OK[0m[1;34m
[0m[1;34m	threadid 131596858420800 -> hwthread 47 - OK[0m[1;34m
[0m[1;34m	threadid 131596850020032 -> hwthread 48 - OK[0m[1;34m
[0m[1;34m	threadid 131596841619264 -> hwthread 49 - OK[0m[1;34m
[0m[1;34m	threadid 131596833218496 -> hwthread 50 - OK[0m[1;34m
[0m[1;34m	threadid 131596824817728 -> hwthread 51 - OK[0m[1;34m
[0m[1;34m	threadid 131596816416960 -> hwthread 52 - OK[0m[1;34m
[0m[1;34m	threadid 131596808016192 -> hwthread 53 - OK[0m[1;34m
[0m[1;34m	threadid 131596321550784 -> hwthread 54 - OK[0m[1;34m
[0m[1;34m	threadid 131596313150016 -> hwthread 55 - OK[0m[1;34m
[0m[1;34m	threadid 131596304749248 -> hwthread 56 - OK[0m[1;34m
[0m[1;34m	threadid 131596296348480 -> hwthread 57 - OK[0m[1;34m
[0m[1;34m	threadid 131596287947712 -> hwthread 58 - OK[0m[1;34m
[0m[1;34m	threadid 131596279546944 -> hwthread 59 - OK[0m[1;34m
[0m[1;34m	threadid 131596271146176 -> hwthread 60 - OK[0m[1;34m
[0m[1;34m	threadid 131595784680768 -> hwthread 61 - OK[0m[1;34m
[0m[1;34m	threadid 131595776280000 -> hwthread 62 - OK[0m[1;34m
[0m[1;34m	threadid 131595767879232 -> hwthread 63 - OK[0m[1;34m
[0m[1;34mRoundrobin placement triggered
	threadid 131595759478464 -> hwthread 0 - OK[0m[1;34m
[0m[1;34m	threadid 131595751085760 -> hwthread 1 - OK[0m[1;34m
[0mPITTS: version v0.9.6-2-g6da1bf0-dirty
PITTS: MPI #procs: 1
PITTS: OpenMP #threads: 64
PITTS: SIMD implementation: avx2
PITTS: Eigen SIMD implementation: AVX SSE, SSE2, SSE3, SSSE3, SSE4.1, SSE4.2
PITTS: cache sizes (L1/core, L2/core, L3/accessible) [byte]: (32768, 524288, 805306368)
PITTS: preprocessor definitions: PITTS_DIRECT_MKL_GEMM
Performance statistics:
function                                                                                                                                                                                                    	 time [s]  	 #calls    	 GFlop/s DP	 GFlop/s SP	 GByte/s   	Flops/Byte
<PITTS::MultiVector<double>> :: void PITTS::randomize(MultiVector<T>&) [with T = double](rows: 1073741824, cols: 1)                                                                                         	 0.620091  	 1         	 0         	 0         	 13.8527   	 0         
<PITTS::Tensor3<double>> :: void PITTS::fold_left(const MatrixType&, int, Tensor3<T>&) [with T = double; MatrixType = Eigen::Block<const Eigen::Matrix<double, -1, -1>, -1, -1, true>](r1: 25, n: 2, r2: 25)	 0.00411889	 20        	 0         	 0         	 0.0971136 	 0         
<PITTS::Tensor3<double>> :: void PITTS::fold_left(const MatrixType&, int, Tensor3<T>&) [with T = double; MatrixType = Eigen::Block<const Eigen::Matrix<double, -1, -1>, -1, -1, true>](r1: 16, n: 2, r2: 25)	 0.000699874	 1         	 0         	 0         	 0.018289  	 0         
<PITTS::Tensor3<double>> :: void PITTS::fold_left(const MatrixType&, int, Tensor3<T>&) [with T = double; MatrixType = Eigen::Block<const Eigen::Matrix<double, -1, -1>, -1, -1, true>](r1: 2, n: 2, r2: 4)  	 4.5372e-05	 1         	 0         	 0         	 0.00564225	 0         
<PITTS::Tensor3<double>> :: void PITTS::fold_left(const MatrixType&, int, Tensor3<T>&) [with T = double; MatrixType = Eigen::Block<const Eigen::Matrix<double, -1, -1>, -1, -1, true>](r1: 8, n: 2, r2: 16) 	 3.7252e-05	 1         	 0         	 0         	 0.109954  	 0         
<PITTS::Tensor3<double>> :: void PITTS::fold_left(const MatrixType&, int, Tensor3<T>&) [with T = double; MatrixType = Eigen::Block<const Eigen::Matrix<double, -1, -1>, -1, -1, true>](r1: 1, n: 2, r2: 2)  	 3.6752e-05	 1         	 0         	 0         	 0.0017414 	 0         
<PITTS::Tensor3<double>> :: void PITTS::fold_left(const MatrixType&, int, Tensor3<T>&) [with T = double; MatrixType = Eigen::Block<const Eigen::Matrix<double, -1, -1>, -1, -1, true>](r1: 4, n: 2, r2: 8)  	 3.0611e-05	 1         	 0         	 0         	 0.033452  	 0         
<PITTS::Tensor3<double>> :: void PITTS::fold_left(const MatrixType&, int, Tensor3<T>&) [with T = double; MatrixType = Eigen::Block<const Eigen::Matrix<double, -1, -1>, -1, -1, true>](r1: 16, n: 2, r2: 8) 	 1.385e-05 	 1         	 0         	 0         	 0.29574   	 0         
<PITTS::Tensor3<double>> :: void PITTS::fold_left(const MatrixType&, int, Tensor3<T>&) [with T = double; MatrixType = Eigen::Block<const Eigen::Matrix<double, -1, -1>, -1, -1, true>](r1: 8, n: 2, r2: 4)  	 4.08e-06  	 1         	 0         	 0         	 0.25098   	 0         
<PITTS::Tensor3<double>> :: void PITTS::fold_left(const MatrixType&, int, Tensor3<T>&) [with T = double; MatrixType = Eigen::Block<const Eigen::Matrix<double, -1, -1>, -1, -1, true>](r1: 25, n: 2, r2: 16)	 4.01e-06  	 1         	 0         	 0         	 3.19202   	 0         
<PITTS::Tensor3<double>> :: void PITTS::fold_left(const MatrixType&, int, Tensor3<T>&) [with T = double; MatrixType = Eigen::Block<const Eigen::Matrix<double, -1, -1>, -1, -1, true>](r1: 4, n: 2, r2: 2)  	 1.06e-06  	 1         	 0         	 0         	 0.241509  	 0         
<PITTS::Tensor3<double>> :: void PITTS::fold_left(const MatrixType&, int, Tensor3<T>&) [with T = double; MatrixType = Eigen::Matrix<double, -1, -1>](r1: 2, n: 2, r2: 1)                                    	 5.1e-07   	 1         	 0         	 0         	 0.12549   	 0         
Timing statistics:
function                                                                                                                                                                              	 time [s]  	 #calls    
<PITTS::TensorTrain<double>> :: PITTS::TensorTrain<T> PITTS::fromDense_classical(Iter, Iter, const std::vector<int>&, T, int) [with Iter = const double*; T = double]                 	 425.145   	 1         
<PITTS::MultiVector<double>> :: void PITTS::randomize(MultiVector<T>&) [with T = double]                                                                                              	 0.620091  	 1         
<PITTS::Tensor3<double>> :: void PITTS::fold_left(const MatrixType&, int, Tensor3<T>&) [with T = double; MatrixType = Eigen::Block<const Eigen::Matrix<double, -1, -1>, -1, -1, true>]	 0.00499175	 29        
<PITTS::MultiVector<double>> :: void PITTS::MultiVector<T>::resize(long long int, long long int, bool, bool) [with T = double]                                                        	 0.000124294	 1         
<PITTS::Tensor3<double>> :: void PITTS::Tensor3<T>::resize(long long int, long long int, long long int, bool, bool) [with T = double]                                                 	 8.2762e-05	 60        
<PITTS::Tensor3<double>> :: void PITTS::fold_left(const MatrixType&, int, Tensor3<T>&) [with T = double; MatrixType = Eigen::Matrix<double, -1, -1>]                                  	 5.1e-07   	 1         
INFO: You are running LIKWID in a cpuset with 64 CPUs. Taking given IDs as logical ID in cpuset
[1;34m[pthread wrapper] 
[0m[1;34m[pthread wrapper] MAIN -> 0
[0m[1;34m[pthread wrapper] PIN_MASK: [0m[1;34m0->1  [0m[1;34m1->2  [0m[1;34m2->3  [0m[1;34m3->4  [0m[1;34m4->5  [0m[1;34m5->6  [0m[1;34m6->7  [0m[1;34m7->8  [0m[1;34m8->9  [0m[1;34m9->10  [0m[1;34m10->11  [0m[1;34m11->12  [0m[1;34m12->13  [0m[1;34m13->14  [0m[1;34m14->15  [0m[1;34m15->16  [0m[1;34m16->17  [0m[1;34m17->18  [0m[1;34m18->19  [0m[1;34m19->20  [0m[1;34m20->21  [0m[1;34m21->22  [0m[1;34m22->23  [0m[1;34m23->24  [0m[1;34m24->25  [0m[1;34m25->26  [0m[1;34m26->27  [0m[1;34m27->28  [0m[1;34m28->29  [0m[1;34m29->30  [0m[1;34m30->31  [0m[1;34m31->32  [0m[1;34m32->33  [0m[1;34m33->34  [0m[1;34m34->35  [0m[1;34m35->36  [0m[1;34m36->37  [0m[1;34m37->38  [0m[1;34m38->39  [0m[1;34m39->40  [0m[1;34m40->41  [0m[1;34m41->42  [0m[1;34m42->43  [0m[1;34m43->44  [0m[1;34m44->45  [0m[1;34m45->46  [0m[1;34m46->47  [0m[1;34m47->48  [0m[1;34m48->49  [0m[1;34m49->50  [0m[1;34m50->51  [0m[1;34m51->52  [0m[1;34m52->53  [0m[1;34m53->54  [0m[1;34m54->55  [0m[1;34m55->56  [0m[1;34m56->57  [0m[1;34m57->58  [0m[1;34m58->59  [0m[1;34m59->60  [0m[1;34m60->61  [0m[1;34m61->62  [0m[1;34m62->63  [0m[1;34m
[pthread wrapper] SKIP MASK: 0x0
[0m[1;34m	threadid 133499462858560 -> hwthread 1 - OK[0m[1;34m
[0m[1;34m	threadid 133499454461888 -> hwthread 2 - OK[0m[1;34m
[0m[1;34m	threadid 133499446065216 -> hwthread 3 - OK[0m[1;34m
[0m[1;34m	threadid 133499437668544 -> hwthread 4 - OK[0m[1;34m
[0m[1;34m	threadid 133499429271872 -> hwthread 5 - OK[0m[1;34m
[0m[1;34m	threadid 133499420875200 -> hwthread 6 - OK[0m[1;34m
[0m[1;34m	threadid 133499412478528 -> hwthread 7 - OK[0m[1;34m
[0m[1;34m	threadid 133499404081856 -> hwthread 8 - OK[0m[1;34m
[0m[1;34m	threadid 133498924952384 -> hwthread 9 - OK[0m[1;34m
[0m[1;34m	threadid 133498916555712 -> hwthread 10 - OK[0m[1;34m
[0m[1;34m	threadid 133498908159040 -> hwthread 11 - OK[0m[1;34m
[0m[1;34m	threadid 133498899762368 -> hwthread 12 - OK[0m[1;34m
[0m[1;34m	threadid 133498891365696 -> hwthread 13 - OK[0m[1;34m
[0m[1;34m	threadid 133498882969024 -> hwthread 14 - OK[0m[1;34m
[0m[1;34m	threadid 133498874572352 -> hwthread 15 - OK[0m[1;34m
[0m[1;34m	threadid 133498320973504 -> hwthread 16 - OK[0m[1;34m
[0m[1;34m	threadid 133498312576832 -> hwthread 17 - OK[0m[1;34m
[0m[1;34m	threadid 133498304180160 -> hwthread 18 - OK[0m[1;34m
[0m[1;34m	threadid 133498295783488 -> hwthread 19 - OK[0m[1;34m
[0m[1;34m	threadid 133498287386816 -> hwthread 20 - OK[0m[1;34m
[0m[1;34m	threadid 133498278990144 -> hwthread 21 - OK[0m[1;34m
[0m[1;34m	threadid 133498270593472 -> hwthread 22 - OK[0m[1;34m
[0m[1;34m	threadid 133497784103488 -> hwthread 23 - OK[0m[1;34m
[0m[1;34m	threadid 133497775706816 -> hwthread 24 - OK[0m[1;34m
[0m[1;34m	threadid 133497767310144 -> hwthread 25 - OK[0m[1;34m
[0m[1;34m	threadid 133497758913472 -> hwthread 26 - OK[0m[1;34m
[0m[1;34m	threadid 133497750516800 -> hwthread 27 - OK[0m[1;34m
[0m[1;34m	threadid 133497742120128 -> hwthread 28 - OK[0m[1;34m
[0m[1;34m	threadid 133497733723456 -> hwthread 29 - OK[0m[1;34m
[0m[1;34m	threadid 133497247233472 -> hwthread 30 - OK[0m[1;34m
[0m[1;34m	threadid 133497238836800 -> hwthread 31 - OK[0m[1;34m
[0m[1;34m	threadid 133497230440128 -> hwthread 32 - OK[0m[1;34m
[0m[1;34m	threadid 133497222039360 -> hwthread 33 - OK[0m[1;34m
[0m[1;34m	threadid 133497213638592 -> hwthread 34 - OK[0m[1;34m
[0m[1;34m	threadid 133497205237824 -> hwthread 35 - OK[0m[1;34m
[0m[1;34m	threadid 133497196837056 -> hwthread 36 - OK[0m[1;34m
[0m[1;34m	threadid 133496710359360 -> hwthread 37 - OK[0m[1;34m
[0m[1;34m	threadid 133496701958592 -> hwthread 38 - OK[0m[1;34m
[0m[1;34m	threadid 133496693557824 -> hwthread 39 - OK[0m[1;34m
[0m[1;34m	threadid 133496685157056 -> hwthread 40 - OK[0m[1;34m
[0m[1;34m	threadid 133496676756288 -> hwthread 41 - OK[0m[1;34m
[0m[1;34m	threadid 133496668355520 -> hwthread 42 - OK[0m[1;34m
[0m[1;34m	threadid 133496659954752 -> hwthread 43 - OK[0m[1;34m
[0m[1;34m	threadid 133496173489344 -> hwthread 44 - OK[0m[1;34m
[0m[1;34m	threadid 133496165088576 -> hwthread 45 - OK[0m[1;34m
[0m[1;34m	threadid 133496156687808 -> hwthread 46 - OK[0m[1;34m
[0m[1;34m	threadid 133496148287040 -> hwthread 47 - OK[0m[1;34m
[0m[1;34m	threadid 133496139886272 -> hwthread 48 - OK[0m[1;34m
[0m[1;34m	threadid 133496131485504 -> hwthread 49 - OK[0m[1;34m
[0m[1;34m	threadid 133496123084736 -> hwthread 50 - OK[0m[1;34m
[0m[1;34m	threadid 133495636619328 -> hwthread 51 - OK[0m[1;34m
[0m[1;34m	threadid 133495628218560 -> hwthread 52 - OK[0m[1;34m
[0m[1;34m	threadid 133495619817792 -> hwthread 53 - OK[0m[1;34m
[0m[1;34m	threadid 133495611417024 -> hwthread 54 - OK[0m[1;34m
[0m[1;34m	threadid 133495603016256 -> hwthread 55 - OK[0m[1;34m
[0m[1;34m	threadid 133495594615488 -> hwthread 56 - OK[0m[1;34m
[0m[1;34m	threadid 133495586214720 -> hwthread 57 - OK[0m[1;34m
[0m[1;34m	threadid 133495099749312 -> hwthread 58 - OK[0m[1;34m
[0m[1;34m	threadid 133495091348544 -> hwthread 59 - OK[0m[1;34m
[0m[1;34m	threadid 133495082947776 -> hwthread 60 - OK[0m[1;34m
[0m[1;34m	threadid 133495074547008 -> hwthread 61 - OK[0m[1;34m
[0m[1;34m	threadid 133495066146240 -> hwthread 62 - OK[0m[1;34m
[0m[1;34m	threadid 133495057745472 -> hwthread 63 - OK[0m[1;34m
[0m[1;34mRoundrobin placement triggered
	threadid 133495049344704 -> hwthread 0 - OK[0m[1;34m
[0m[1;34m	threadid 133494562879168 -> hwthread 1 - OK[0m[1;34m
[0mPITTS: version v0.9.6-2-g6da1bf0-dirty
PITTS: MPI #procs: 1
PITTS: OpenMP #threads: 64
PITTS: SIMD implementation: avx2
PITTS: Eigen SIMD implementation: AVX SSE, SSE2, SSE3, SSSE3, SSE4.1, SSE4.2
PITTS: cache sizes (L1/core, L2/core, L3/accessible) [byte]: (32768, 524288, 805306368)
PITTS: preprocessor definitions: PITTS_DIRECT_MKL_GEMM
Performance statistics:
function                                                                                                                                                                                                    	 time [s]  	 #calls    	 GFlop/s DP	 GFlop/s SP	 GByte/s   	Flops/Byte
<PITTS::MultiVector<double>> :: void PITTS::randomize(MultiVector<T>&) [with T = double](rows: 1073741824, cols: 1)                                                                                         	 0.619423  	 1         	 0         	 0         	 13.8676   	 0         
<PITTS::Tensor3<double>> :: void PITTS::fold_left(const MatrixType&, int, Tensor3<T>&) [with T = double; MatrixType = Eigen::Block<const Eigen::Matrix<double, -1, -1>, -1, -1, true>](r1: 26, n: 2, r2: 26)	 0.00367826	 20        	 0         	 0         	 0.117621  	 0         
<PITTS::Tensor3<double>> :: void PITTS::fold_left(const MatrixType&, int, Tensor3<T>&) [with T = double; MatrixType = Eigen::Block<const Eigen::Matrix<double, -1, -1>, -1, -1, true>](r1: 16, n: 2, r2: 26)	 0.000669722	 1         	 0         	 0         	 0.0198769 	 0         
<PITTS::Tensor3<double>> :: void PITTS::fold_left(const MatrixType&, int, Tensor3<T>&) [with T = double; MatrixType = Eigen::Block<const Eigen::Matrix<double, -1, -1>, -1, -1, true>](r1: 2, n: 2, r2: 4)  	 4.6241e-05	 1         	 0         	 0         	 0.00553621	 0         
<PITTS::Tensor3<double>> :: void PITTS::fold_left(const MatrixType&, int, Tensor3<T>&) [with T = double; MatrixType = Eigen::Block<const Eigen::Matrix<double, -1, -1>, -1, -1, true>](r1: 1, n: 2, r2: 2)  	 3.9001e-05	 1         	 0         	 0         	 0.00164098	 0         
<PITTS::Tensor3<double>> :: void PITTS::fold_left(const MatrixType&, int, Tensor3<T>&) [with T = double; MatrixType = Eigen::Block<const Eigen::Matrix<double, -1, -1>, -1, -1, true>](r1: 4, n: 2, r2: 8)  	 3.3891e-05	 1         	 0         	 0         	 0.0302145 	 0         
<PITTS::Tensor3<double>> :: void PITTS::fold_left(const MatrixType&, int, Tensor3<T>&) [with T = double; MatrixType = Eigen::Block<const Eigen::Matrix<double, -1, -1>, -1, -1, true>](r1: 8, n: 2, r2: 16) 	 3.3291e-05	 1         	 0         	 0         	 0.123036  	 0         
<PITTS::Tensor3<double>> :: void PITTS::fold_left(const MatrixType&, int, Tensor3<T>&) [with T = double; MatrixType = Eigen::Block<const Eigen::Matrix<double, -1, -1>, -1, -1, true>](r1: 16, n: 2, r2: 8) 	 1.2281e-05	 1         	 0         	 0         	 0.333523  	 0         
<PITTS::Tensor3<double>> :: void PITTS::fold_left(const MatrixType&, int, Tensor3<T>&) [with T = double; MatrixType = Eigen::Block<const Eigen::Matrix<double, -1, -1>, -1, -1, true>](r1: 26, n: 2, r2: 16)	 4.58e-06  	 1         	 0         	 0         	 2.90655   	 0         
<PITTS::Tensor3<double>> :: void PITTS::fold_left(const MatrixType&, int, Tensor3<T>&) [with T = double; MatrixType = Eigen::Block<const Eigen::Matrix<double, -1, -1>, -1, -1, true>](r1: 8, n: 2, r2: 4)  	 3.571e-06 	 1         	 0         	 0         	 0.286754  	 0         
<PITTS::Tensor3<double>> :: void PITTS::fold_left(const MatrixType&, int, Tensor3<T>&) [with T = double; MatrixType = Eigen::Block<const Eigen::Matrix<double, -1, -1>, -1, -1, true>](r1: 4, n: 2, r2: 2)  	 8.5e-07   	 1         	 0         	 0         	 0.301176  	 0         
<PITTS::Tensor3<double>> :: void PITTS::fold_left(const MatrixType&, int, Tensor3<T>&) [with T = double; MatrixType = Eigen::Matrix<double, -1, -1>](r1: 2, n: 2, r2: 1)                                    	 4.7e-07   	 1         	 0         	 0         	 0.13617   	 0         
Timing statistics:
function                                                                                                                                                                              	 time [s]  	 #calls    
<PITTS::TensorTrain<double>> :: PITTS::TensorTrain<T> PITTS::fromDense_classical(Iter, Iter, const std::vector<int>&, T, int) [with Iter = const double*; T = double]                 	 427.864   	 1         
<PITTS::MultiVector<double>> :: void PITTS::randomize(MultiVector<T>&) [with T = double]                                                                                              	 0.619423  	 1         
<PITTS::Tensor3<double>> :: void PITTS::fold_left(const MatrixType&, int, Tensor3<T>&) [with T = double; MatrixType = Eigen::Block<const Eigen::Matrix<double, -1, -1>, -1, -1, true>]	 0.00452169	 29        
<PITTS::MultiVector<double>> :: void PITTS::MultiVector<T>::resize(long long int, long long int, bool, bool) [with T = double]                                                        	 0.000141305	 1         
<PITTS::Tensor3<double>> :: void PITTS::Tensor3<T>::resize(long long int, long long int, long long int, bool, bool) [with T = double]                                                 	 8.1372e-05	 60        
<PITTS::Tensor3<double>> :: void PITTS::fold_left(const MatrixType&, int, Tensor3<T>&) [with T = double; MatrixType = Eigen::Matrix<double, -1, -1>]                                  	 4.7e-07   	 1         
INFO: You are running LIKWID in a cpuset with 64 CPUs. Taking given IDs as logical ID in cpuset
[1;34m[pthread wrapper] 
[0m[1;34m[pthread wrapper] MAIN -> 0
[0m[1;34m[pthread wrapper] PIN_MASK: [0m[1;34m0->1  [0m[1;34m1->2  [0m[1;34m2->3  [0m[1;34m3->4  [0m[1;34m4->5  [0m[1;34m5->6  [0m[1;34m6->7  [0m[1;34m7->8  [0m[1;34m8->9  [0m[1;34m9->10  [0m[1;34m10->11  [0m[1;34m11->12  [0m[1;34m12->13  [0m[1;34m13->14  [0m[1;34m14->15  [0m[1;34m15->16  [0m[1;34m16->17  [0m[1;34m17->18  [0m[1;34m18->19  [0m[1;34m19->20  [0m[1;34m20->21  [0m[1;34m21->22  [0m[1;34m22->23  [0m[1;34m23->24  [0m[1;34m24->25  [0m[1;34m25->26  [0m[1;34m26->27  [0m[1;34m27->28  [0m[1;34m28->29  [0m[1;34m29->30  [0m[1;34m30->31  [0m[1;34m31->32  [0m[1;34m32->33  [0m[1;34m33->34  [0m[1;34m34->35  [0m[1;34m35->36  [0m[1;34m36->37  [0m[1;34m37->38  [0m[1;34m38->39  [0m[1;34m39->40  [0m[1;34m40->41  [0m[1;34m41->42  [0m[1;34m42->43  [0m[1;34m43->44  [0m[1;34m44->45  [0m[1;34m45->46  [0m[1;34m46->47  [0m[1;34m47->48  [0m[1;34m48->49  [0m[1;34m49->50  [0m[1;34m50->51  [0m[1;34m51->52  [0m[1;34m52->53  [0m[1;34m53->54  [0m[1;34m54->55  [0m[1;34m55->56  [0m[1;34m56->57  [0m[1;34m57->58  [0m[1;34m58->59  [0m[1;34m59->60  [0m[1;34m60->61  [0m[1;34m61->62  [0m[1;34m62->63  [0m[1;34m
[pthread wrapper] SKIP MASK: 0x0
[0m[1;34m	threadid 136358947432256 -> hwthread 1 - OK[0m[1;34m
[0m[1;34m	threadid 136358939035584 -> hwthread 2 - OK[0m[1;34m
[0m[1;34m	threadid 136358930638912 -> hwthread 3 - OK[0m[1;34m
[0m[1;34m	threadid 136358922242240 -> hwthread 4 - OK[0m[1;34m
[0m[1;34m	threadid 136358913845568 -> hwthread 5 - OK[0m[1;34m
[0m[1;34m	threadid 136358567864768 -> hwthread 6 - OK[0m[1;34m
[0m[1;34m	threadid 136358559468096 -> hwthread 7 - OK[0m[1;34m
[0m[1;34m	threadid 136358551071424 -> hwthread 8 - OK[0m[1;34m
[0m[1;34m	threadid 136358542674752 -> hwthread 9 - OK[0m[1;34m
[0m[1;34m	threadid 136358534278080 -> hwthread 10 - OK[0m[1;34m
[0m[1;34m	threadid 136358525881408 -> hwthread 11 - OK[0m[1;34m
[0m[1;34m	threadid 136358517484736 -> hwthread 12 - OK[0m[1;34m
[0m[1;34m	threadid 136358030994752 -> hwthread 13 - OK[0m[1;34m
[0m[1;34m	threadid 136358022598080 -> hwthread 14 - OK[0m[1;34m
[0m[1;34m	threadid 136358014201408 -> hwthread 15 - OK[0m[1;34m
[0m[1;34m	threadid 136358005804736 -> hwthread 16 - OK[0m[1;34m
[0m[1;34m	threadid 136357997408064 -> hwthread 17 - OK[0m[1;34m
[0m[1;34m	threadid 136357989011392 -> hwthread 18 - OK[0m[1;34m
[0m[1;34m	threadid 136357980614720 -> hwthread 19 - OK[0m[1;34m
[0m[1;34m	threadid 136357494124736 -> hwthread 20 - OK[0m[1;34m
[0m[1;34m	threadid 136357485728064 -> hwthread 21 - OK[0m[1;34m
[0m[1;34m	threadid 136357477331392 -> hwthread 22 - OK[0m[1;34m
[0m[1;34m	threadid 136357468934720 -> hwthread 23 - OK[0m[1;34m
[0m[1;34m	threadid 136357460538048 -> hwthread 24 - OK[0m[1;34m
[0m[1;34m	threadid 136357452141376 -> hwthread 25 - OK[0m[1;34m
[0m[1;34m	threadid 136357443744704 -> hwthread 26 - OK[0m[1;34m
[0m[1;34m	threadid 136356957254720 -> hwthread 27 - OK[0m[1;34m
[0m[1;34m	threadid 136356948858048 -> hwthread 28 - OK[0m[1;34m
[0m[1;34m	threadid 136356940461376 -> hwthread 29 - OK[0m[1;34m
[0m[1;34m	threadid 136356932064704 -> hwthread 30 - OK[0m[1;34m
[0m[1;34m	threadid 136356923668032 -> hwthread 31 - OK[0m[1;34m
[0m[1;34m	threadid 136356915271360 -> hwthread 32 - OK[0m[1;34m
[0m[1;34m	threadid 136356906870592 -> hwthread 33 - OK[0m[1;34m
[0m[1;34m	threadid 136356420380608 -> hwthread 34 - OK[0m[1;34m
[0m[1;34m	threadid 136356411979840 -> hwthread 35 - OK[0m[1;34m
[0m[1;34m	threadid 136356403579072 -> hwthread 36 - OK[0m[1;34m
[0m[1;34m	threadid 136356395178304 -> hwthread 37 - OK[0m[1;34m
[0m[1;34m	threadid 136356386777536 -> hwthread 38 - OK[0m[1;34m
[0m[1;34m	threadid 136356378376768 -> hwthread 39 - OK[0m[1;34m
[0m[1;34m	threadid 136356369976000 -> hwthread 40 - OK[0m[1;34m
[0m[1;34m	threadid 136355883510592 -> hwthread 41 - OK[0m[1;34m
[0m[1;34m	threadid 136355875109824 -> hwthread 42 - OK[0m[1;34m
[0m[1;34m	threadid 136355866709056 -> hwthread 43 - OK[0m[1;34m
[0m[1;34m	threadid 136355858308288 -> hwthread 44 - OK[0m[1;34m
[0m[1;34m	threadid 136355849907520 -> hwthread 45 - OK[0m[1;34m
[0m[1;34m	threadid 136355841506752 -> hwthread 46 - OK[0m[1;34m
[0m[1;34m	threadid 136355833105984 -> hwthread 47 - OK[0m[1;34m
[0m[1;34m	threadid 136355346640576 -> hwthread 48 - OK[0m[1;34m
[0m[1;34m	threadid 136355338239808 -> hwthread 49 - OK[0m[1;34m
[0m[1;34m	threadid 136355329839040 -> hwthread 50 - OK[0m[1;34m
[0m[1;34m	threadid 136355321438272 -> hwthread 51 - OK[0m[1;34m
[0m[1;34m	threadid 136355313037504 -> hwthread 52 - OK[0m[1;34m
[0m[1;34m	threadid 136355304636736 -> hwthread 53 - OK[0m[1;34m
[0m[1;34m	threadid 136355296235968 -> hwthread 54 - OK[0m[1;34m
[0m[1;34m	threadid 136354809770560 -> hwthread 55 - OK[0m[1;34m
[0m[1;34m	threadid 136354801369792 -> hwthread 56 - OK[0m[1;34m
[0m[1;34m	threadid 136354792969024 -> hwthread 57 - OK[0m[1;34m
[0m[1;34m	threadid 136354784568256 -> hwthread 58 - OK[0m[1;34m
[0m[1;34m	threadid 136354776167488 -> hwthread 59 - OK[0m[1;34m
[0m[1;34m	threadid 136354767766720 -> hwthread 60 - OK[0m[1;34m
[0m[1;34m	threadid 136354759365952 -> hwthread 61 - OK[0m[1;34m
[0m[1;34m	threadid 136354272900544 -> hwthread 62 - OK[0m[1;34m
[0m[1;34m	threadid 136354264499776 -> hwthread 63 - OK[0m[1;34m
[0m[1;34mRoundrobin placement triggered
	threadid 136354256099008 -> hwthread 0 - OK[0m[1;34m
[0m[1;34m	threadid 136354247706304 -> hwthread 1 - OK[0m[1;34m
[0mPITTS: version v0.9.6-2-g6da1bf0-dirty
PITTS: MPI #procs: 1
PITTS: OpenMP #threads: 64
PITTS: SIMD implementation: avx2
PITTS: Eigen SIMD implementation: AVX SSE, SSE2, SSE3, SSSE3, SSE4.1, SSE4.2
PITTS: cache sizes (L1/core, L2/core, L3/accessible) [byte]: (32768, 524288, 805306368)
PITTS: preprocessor definitions: PITTS_DIRECT_MKL_GEMM
Performance statistics:
function                                                                                                                                                                                                    	 time [s]  	 #calls    	 GFlop/s DP	 GFlop/s SP	 GByte/s   	Flops/Byte
<PITTS::MultiVector<double>> :: void PITTS::randomize(MultiVector<T>&) [with T = double](rows: 1073741824, cols: 1)                                                                                         	 0.625008  	 1         	 0         	 0         	 13.7437   	 0         
<PITTS::Tensor3<double>> :: void PITTS::fold_left(const MatrixType&, int, Tensor3<T>&) [with T = double; MatrixType = Eigen::Block<const Eigen::Matrix<double, -1, -1>, -1, -1, true>](r1: 27, n: 2, r2: 27)	 0.00385804	 20        	 0         	 0         	 0.120932  	 0         
<PITTS::Tensor3<double>> :: void PITTS::fold_left(const MatrixType&, int, Tensor3<T>&) [with T = double; MatrixType = Eigen::Block<const Eigen::Matrix<double, -1, -1>, -1, -1, true>](r1: 16, n: 2, r2: 27)	 0.000662634	 1         	 0         	 0         	 0.0208622 	 0         
<PITTS::Tensor3<double>> :: void PITTS::fold_left(const MatrixType&, int, Tensor3<T>&) [with T = double; MatrixType = Eigen::Block<const Eigen::Matrix<double, -1, -1>, -1, -1, true>](r1: 4, n: 2, r2: 8)  	 3.9042e-05	 1         	 0         	 0         	 0.0262282 	 0         
<PITTS::Tensor3<double>> :: void PITTS::fold_left(const MatrixType&, int, Tensor3<T>&) [with T = double; MatrixType = Eigen::Block<const Eigen::Matrix<double, -1, -1>, -1, -1, true>](r1: 1, n: 2, r2: 2)  	 3.7461e-05	 1         	 0         	 0         	 0.00170844	 0         
<PITTS::Tensor3<double>> :: void PITTS::fold_left(const MatrixType&, int, Tensor3<T>&) [with T = double; MatrixType = Eigen::Block<const Eigen::Matrix<double, -1, -1>, -1, -1, true>](r1: 2, n: 2, r2: 4)  	 3.5831e-05	 1         	 0         	 0         	 0.00714465	 0         
<PITTS::Tensor3<double>> :: void PITTS::fold_left(const MatrixType&, int, Tensor3<T>&) [with T = double; MatrixType = Eigen::Block<const Eigen::Matrix<double, -1, -1>, -1, -1, true>](r1: 8, n: 2, r2: 16) 	 3.1371e-05	 1         	 0         	 0         	 0.130566  	 0         
<PITTS::Tensor3<double>> :: void PITTS::fold_left(const MatrixType&, int, Tensor3<T>&) [with T = double; MatrixType = Eigen::Block<const Eigen::Matrix<double, -1, -1>, -1, -1, true>](r1: 16, n: 2, r2: 8) 	 1.274e-05 	 1         	 0         	 0         	 0.321507  	 0         
<PITTS::Tensor3<double>> :: void PITTS::fold_left(const MatrixType&, int, Tensor3<T>&) [with T = double; MatrixType = Eigen::Block<const Eigen::Matrix<double, -1, -1>, -1, -1, true>](r1: 8, n: 2, r2: 4)  	 5.39e-06  	 1         	 0         	 0         	 0.189981  	 0         
<PITTS::Tensor3<double>> :: void PITTS::fold_left(const MatrixType&, int, Tensor3<T>&) [with T = double; MatrixType = Eigen::Block<const Eigen::Matrix<double, -1, -1>, -1, -1, true>](r1: 27, n: 2, r2: 16)	 4.53e-06  	 1         	 0         	 0         	 3.05166   	 0         
<PITTS::Tensor3<double>> :: void PITTS::fold_left(const MatrixType&, int, Tensor3<T>&) [with T = double; MatrixType = Eigen::Block<const Eigen::Matrix<double, -1, -1>, -1, -1, true>](r1: 4, n: 2, r2: 2)  	 6.7e-07   	 1         	 0         	 0         	 0.38209   	 0         
<PITTS::Tensor3<double>> :: void PITTS::fold_left(const MatrixType&, int, Tensor3<T>&) [with T = double; MatrixType = Eigen::Matrix<double, -1, -1>](r1: 2, n: 2, r2: 1)                                    	 3.9e-07   	 1         	 0         	 0         	 0.164103  	 0         
Timing statistics:
function                                                                                                                                                                              	 time [s]  	 #calls    
<PITTS::TensorTrain<double>> :: PITTS::TensorTrain<T> PITTS::fromDense_classical(Iter, Iter, const std::vector<int>&, T, int) [with Iter = const double*; T = double]                 	 440.171   	 1         
<PITTS::MultiVector<double>> :: void PITTS::randomize(MultiVector<T>&) [with T = double]                                                                                              	 0.625008  	 1         
<PITTS::Tensor3<double>> :: void PITTS::fold_left(const MatrixType&, int, Tensor3<T>&) [with T = double; MatrixType = Eigen::Block<const Eigen::Matrix<double, -1, -1>, -1, -1, true>]	 0.00468771	 29        
<PITTS::MultiVector<double>> :: void PITTS::MultiVector<T>::resize(long long int, long long int, bool, bool) [with T = double]                                                        	 0.000122834	 1         
<PITTS::Tensor3<double>> :: void PITTS::Tensor3<T>::resize(long long int, long long int, long long int, bool, bool) [with T = double]                                                 	 9.6783e-05	 60        
<PITTS::Tensor3<double>> :: void PITTS::fold_left(const MatrixType&, int, Tensor3<T>&) [with T = double; MatrixType = Eigen::Matrix<double, -1, -1>]                                  	 3.9e-07   	 1         
INFO: You are running LIKWID in a cpuset with 64 CPUs. Taking given IDs as logical ID in cpuset
[1;34m[pthread wrapper] 
[0m[1;34m[pthread wrapper] MAIN -> 0
[0m[1;34m[pthread wrapper] PIN_MASK: [0m[1;34m0->1  [0m[1;34m1->2  [0m[1;34m2->3  [0m[1;34m3->4  [0m[1;34m4->5  [0m[1;34m5->6  [0m[1;34m6->7  [0m[1;34m7->8  [0m[1;34m8->9  [0m[1;34m9->10  [0m[1;34m10->11  [0m[1;34m11->12  [0m[1;34m12->13  [0m[1;34m13->14  [0m[1;34m14->15  [0m[1;34m15->16  [0m[1;34m16->17  [0m[1;34m17->18  [0m[1;34m18->19  [0m[1;34m19->20  [0m[1;34m20->21  [0m[1;34m21->22  [0m[1;34m22->23  [0m[1;34m23->24  [0m[1;34m24->25  [0m[1;34m25->26  [0m[1;34m26->27  [0m[1;34m27->28  [0m[1;34m28->29  [0m[1;34m29->30  [0m[1;34m30->31  [0m[1;34m31->32  [0m[1;34m32->33  [0m[1;34m33->34  [0m[1;34m34->35  [0m[1;34m35->36  [0m[1;34m36->37  [0m[1;34m37->38  [0m[1;34m38->39  [0m[1;34m39->40  [0m[1;34m40->41  [0m[1;34m41->42  [0m[1;34m42->43  [0m[1;34m43->44  [0m[1;34m44->45  [0m[1;34m45->46  [0m[1;34m46->47  [0m[1;34m47->48  [0m[1;34m48->49  [0m[1;34m49->50  [0m[1;34m50->51  [0m[1;34m51->52  [0m[1;34m52->53  [0m[1;34m53->54  [0m[1;34m54->55  [0m[1;34m55->56  [0m[1;34m56->57  [0m[1;34m57->58  [0m[1;34m58->59  [0m[1;34m59->60  [0m[1;34m60->61  [0m[1;34m61->62  [0m[1;34m62->63  [0m[1;34m
[pthread wrapper] SKIP MASK: 0x0
[0m[1;34m	threadid 130586424358720 -> hwthread 1 - OK[0m[1;34m
[0m[1;34m	threadid 130586415962048 -> hwthread 2 - OK[0m[1;34m
[0m[1;34m	threadid 130586333145152 -> hwthread 3 - OK[0m[1;34m
[0m[1;34m	threadid 130586324748480 -> hwthread 4 - OK[0m[1;34m
[0m[1;34m	threadid 130586316351808 -> hwthread 5 - OK[0m[1;34m
[0m[1;34m	threadid 130586307955136 -> hwthread 6 - OK[0m[1;34m
[0m[1;34m	threadid 130586299558464 -> hwthread 7 - OK[0m[1;34m
[0m[1;34m	threadid 130586291161792 -> hwthread 8 - OK[0m[1;34m
[0m[1;34m	threadid 130586282765120 -> hwthread 9 - OK[0m[1;34m
[0m[1;34m	threadid 130585729166272 -> hwthread 10 - OK[0m[1;34m
[0m[1;34m	threadid 130585720769600 -> hwthread 11 - OK[0m[1;34m
[0m[1;34m	threadid 130585712372928 -> hwthread 12 - OK[0m[1;34m
[0m[1;34m	threadid 130585703976256 -> hwthread 13 - OK[0m[1;34m
[0m[1;34m	threadid 130585695579584 -> hwthread 14 - OK[0m[1;34m
[0m[1;34m	threadid 130585687182912 -> hwthread 15 - OK[0m[1;34m
[0m[1;34m	threadid 130585678786240 -> hwthread 16 - OK[0m[1;34m
[0m[1;34m	threadid 130585192296256 -> hwthread 17 - OK[0m[1;34m
[0m[1;34m	threadid 130585183899584 -> hwthread 18 - OK[0m[1;34m
[0m[1;34m	threadid 130585175502912 -> hwthread 19 - OK[0m[1;34m
[0m[1;34m	threadid 130585167106240 -> hwthread 20 - OK[0m[1;34m
[0m[1;34m	threadid 130585158709568 -> hwthread 21 - OK[0m[1;34m
[0m[1;34m	threadid 130585150312896 -> hwthread 22 - OK[0m[1;34m
[0m[1;34m	threadid 130585141916224 -> hwthread 23 - OK[0m[1;34m
[0m[1;34m	threadid 130584655426240 -> hwthread 24 - OK[0m[1;34m
[0m[1;34m	threadid 130584647029568 -> hwthread 25 - OK[0m[1;34m
[0m[1;34m	threadid 130584638632896 -> hwthread 26 - OK[0m[1;34m
[0m[1;34m	threadid 130584630236224 -> hwthread 27 - OK[0m[1;34m
[0m[1;34m	threadid 130584621839552 -> hwthread 28 - OK[0m[1;34m
[0m[1;34m	threadid 130584613442880 -> hwthread 29 - OK[0m[1;34m
[0m[1;34m	threadid 130584605046208 -> hwthread 30 - OK[0m[1;34m
[0m[1;34m	threadid 130584118556224 -> hwthread 31 - OK[0m[1;34m
[0m[1;34m	threadid 130584110159552 -> hwthread 32 - OK[0m[1;34m
[0m[1;34m	threadid 130584101758784 -> hwthread 33 - OK[0m[1;34m
[0m[1;34m	threadid 130584093358016 -> hwthread 34 - OK[0m[1;34m
[0m[1;34m	threadid 130584084957248 -> hwthread 35 - OK[0m[1;34m
[0m[1;34m	threadid 130584076556480 -> hwthread 36 - OK[0m[1;34m
[0m[1;34m	threadid 130584068155712 -> hwthread 37 - OK[0m[1;34m
[0m[1;34m	threadid 130583581682112 -> hwthread 38 - OK[0m[1;34m
[0m[1;34m	threadid 130583573281344 -> hwthread 39 - OK[0m[1;34m
[0m[1;34m	threadid 130583564880576 -> hwthread 40 - OK[0m[1;34m
[0m[1;34m	threadid 130583556479808 -> hwthread 41 - OK[0m[1;34m
[0m[1;34m	threadid 130583548079040 -> hwthread 42 - OK[0m[1;34m
[0m[1;34m	threadid 130583539678272 -> hwthread 43 - OK[0m[1;34m
[0m[1;34m	threadid 130583531277504 -> hwthread 44 - OK[0m[1;34m
[0m[1;34m	threadid 130583044812096 -> hwthread 45 - OK[0m[1;34m
[0m[1;34m	threadid 130583036411328 -> hwthread 46 - OK[0m[1;34m
[0m[1;34m	threadid 130583028010560 -> hwthread 47 - OK[0m[1;34m
[0m[1;34m	threadid 130583019609792 -> hwthread 48 - OK[0m[1;34m
[0m[1;34m	threadid 130583011209024 -> hwthread 49 - OK[0m[1;34m
[0m[1;34m	threadid 130583002808256 -> hwthread 50 - OK[0m[1;34m
[0m[1;34m	threadid 130582994407488 -> hwthread 51 - OK[0m[1;34m
[0m[1;34m	threadid 130582507942080 -> hwthread 52 - OK[0m[1;34m
[0m[1;34m	threadid 130582499541312 -> hwthread 53 - OK[0m[1;34m
[0m[1;34m	threadid 130582491140544 -> hwthread 54 - OK[0m[1;34m
[0m[1;34m	threadid 130582482739776 -> hwthread 55 - OK[0m[1;34m
[0m[1;34m	threadid 130582474339008 -> hwthread 56 - OK[0m[1;34m
[0m[1;34m	threadid 130582465938240 -> hwthread 57 - OK[0m[1;34m
[0m[1;34m	threadid 130582457537472 -> hwthread 58 - OK[0m[1;34m
[0m[1;34m	threadid 130581971072064 -> hwthread 59 - OK[0m[1;34m
[0m[1;34m	threadid 130581962671296 -> hwthread 60 - OK[0m[1;34m
[0m[1;34m	threadid 130581954270528 -> hwthread 61 - OK[0m[1;34m
[0m[1;34m	threadid 130581945869760 -> hwthread 62 - OK[0m[1;34m
[0m[1;34m	threadid 130581937468992 -> hwthread 63 - OK[0m[1;34m
[0m[1;34mRoundrobin placement triggered
	threadid 130581929068224 -> hwthread 0 - OK[0m[1;34m
[0m[1;34m	threadid 130581920675520 -> hwthread 1 - OK[0m[1;34m
[0mPITTS: version v0.9.6-2-g6da1bf0-dirty
PITTS: MPI #procs: 1
PITTS: OpenMP #threads: 64
PITTS: SIMD implementation: avx2
PITTS: Eigen SIMD implementation: AVX SSE, SSE2, SSE3, SSSE3, SSE4.1, SSE4.2
PITTS: cache sizes (L1/core, L2/core, L3/accessible) [byte]: (32768, 524288, 805306368)
PITTS: preprocessor definitions: PITTS_DIRECT_MKL_GEMM
Performance statistics:
function                                                                                                                                                                                                    	 time [s]  	 #calls    	 GFlop/s DP	 GFlop/s SP	 GByte/s   	Flops/Byte
<PITTS::MultiVector<double>> :: void PITTS::randomize(MultiVector<T>&) [with T = double](rows: 1073741824, cols: 1)                                                                                         	 0.620383  	 1         	 0         	 0         	 13.8462   	 0         
<PITTS::Tensor3<double>> :: void PITTS::fold_left(const MatrixType&, int, Tensor3<T>&) [with T = double; MatrixType = Eigen::Block<const Eigen::Matrix<double, -1, -1>, -1, -1, true>](r1: 28, n: 2, r2: 28)	 0.00361159	 20        	 0         	 0         	 0.13893   	 0         
<PITTS::Tensor3<double>> :: void PITTS::fold_left(const MatrixType&, int, Tensor3<T>&) [with T = double; MatrixType = Eigen::Block<const Eigen::Matrix<double, -1, -1>, -1, -1, true>](r1: 16, n: 2, r2: 28)	 0.000844565	 1         	 0         	 0         	 0.0169744 	 0         
<PITTS::Tensor3<double>> :: void PITTS::fold_left(const MatrixType&, int, Tensor3<T>&) [with T = double; MatrixType = Eigen::Block<const Eigen::Matrix<double, -1, -1>, -1, -1, true>](r1: 1, n: 2, r2: 2)  	 3.5691e-05	 1         	 0         	 0         	 0.00179317	 0         
<PITTS::Tensor3<double>> :: void PITTS::fold_left(const MatrixType&, int, Tensor3<T>&) [with T = double; MatrixType = Eigen::Block<const Eigen::Matrix<double, -1, -1>, -1, -1, true>](r1: 2, n: 2, r2: 4)  	 3.3091e-05	 1         	 0         	 0         	 0.00773624	 0         
<PITTS::Tensor3<double>> :: void PITTS::fold_left(const MatrixType&, int, Tensor3<T>&) [with T = double; MatrixType = Eigen::Block<const Eigen::Matrix<double, -1, -1>, -1, -1, true>](r1: 4, n: 2, r2: 8)  	 2.6381e-05	 1         	 0         	 0         	 0.0388158 	 0         
<PITTS::Tensor3<double>> :: void PITTS::fold_left(const MatrixType&, int, Tensor3<T>&) [with T = double; MatrixType = Eigen::Block<const Eigen::Matrix<double, -1, -1>, -1, -1, true>](r1: 8, n: 2, r2: 16) 	 2.6081e-05	 1         	 0         	 0         	 0.157049  	 0         
<PITTS::Tensor3<double>> :: void PITTS::fold_left(const MatrixType&, int, Tensor3<T>&) [with T = double; MatrixType = Eigen::Block<const Eigen::Matrix<double, -1, -1>, -1, -1, true>](r1: 16, n: 2, r2: 8) 	 1.444e-05 	 1         	 0         	 0         	 0.283657  	 0         
<PITTS::Tensor3<double>> :: void PITTS::fold_left(const MatrixType&, int, Tensor3<T>&) [with T = double; MatrixType = Eigen::Block<const Eigen::Matrix<double, -1, -1>, -1, -1, true>](r1: 8, n: 2, r2: 4)  	 4.45e-06  	 1         	 0         	 0         	 0.230112  	 0         
<PITTS::Tensor3<double>> :: void PITTS::fold_left(const MatrixType&, int, Tensor3<T>&) [with T = double; MatrixType = Eigen::Block<const Eigen::Matrix<double, -1, -1>, -1, -1, true>](r1: 28, n: 2, r2: 16)	 4.051e-06 	 1         	 0         	 0         	 3.53888   	 0         
<PITTS::Tensor3<double>> :: void PITTS::fold_left(const MatrixType&, int, Tensor3<T>&) [with T = double; MatrixType = Eigen::Block<const Eigen::Matrix<double, -1, -1>, -1, -1, true>](r1: 4, n: 2, r2: 2)  	 1.38e-06  	 1         	 0         	 0         	 0.185507  	 0         
<PITTS::Tensor3<double>> :: void PITTS::fold_left(const MatrixType&, int, Tensor3<T>&) [with T = double; MatrixType = Eigen::Matrix<double, -1, -1>](r1: 2, n: 2, r2: 1)                                    	 6.5e-07   	 1         	 0         	 0         	 0.0984615 	 0         
Timing statistics:
function                                                                                                                                                                              	 time [s]  	 #calls    
<PITTS::TensorTrain<double>> :: PITTS::TensorTrain<T> PITTS::fromDense_classical(Iter, Iter, const std::vector<int>&, T, int) [with Iter = const double*; T = double]                 	 441.92    	 1         
<PITTS::MultiVector<double>> :: void PITTS::randomize(MultiVector<T>&) [with T = double]                                                                                              	 0.620383  	 1         
<PITTS::Tensor3<double>> :: void PITTS::fold_left(const MatrixType&, int, Tensor3<T>&) [with T = double; MatrixType = Eigen::Block<const Eigen::Matrix<double, -1, -1>, -1, -1, true>]	 0.00460172	 29        
<PITTS::MultiVector<double>> :: void PITTS::MultiVector<T>::resize(long long int, long long int, bool, bool) [with T = double]                                                        	 0.000116754	 1         
<PITTS::Tensor3<double>> :: void PITTS::Tensor3<T>::resize(long long int, long long int, long long int, bool, bool) [with T = double]                                                 	 8.4352e-05	 60        
<PITTS::Tensor3<double>> :: void PITTS::fold_left(const MatrixType&, int, Tensor3<T>&) [with T = double; MatrixType = Eigen::Matrix<double, -1, -1>]                                  	 6.5e-07   	 1         
INFO: You are running LIKWID in a cpuset with 64 CPUs. Taking given IDs as logical ID in cpuset
[1;34m[pthread wrapper] 
[0m[1;34m[pthread wrapper] MAIN -> 0
[0m[1;34m[pthread wrapper] PIN_MASK: [0m[1;34m0->1  [0m[1;34m1->2  [0m[1;34m2->3  [0m[1;34m3->4  [0m[1;34m4->5  [0m[1;34m5->6  [0m[1;34m6->7  [0m[1;34m7->8  [0m[1;34m8->9  [0m[1;34m9->10  [0m[1;34m10->11  [0m[1;34m11->12  [0m[1;34m12->13  [0m[1;34m13->14  [0m[1;34m14->15  [0m[1;34m15->16  [0m[1;34m16->17  [0m[1;34m17->18  [0m[1;34m18->19  [0m[1;34m19->20  [0m[1;34m20->21  [0m[1;34m21->22  [0m[1;34m22->23  [0m[1;34m23->24  [0m[1;34m24->25  [0m[1;34m25->26  [0m[1;34m26->27  [0m[1;34m27->28  [0m[1;34m28->29  [0m[1;34m29->30  [0m[1;34m30->31  [0m[1;34m31->32  [0m[1;34m32->33  [0m[1;34m33->34  [0m[1;34m34->35  [0m[1;34m35->36  [0m[1;34m36->37  [0m[1;34m37->38  [0m[1;34m38->39  [0m[1;34m39->40  [0m[1;34m40->41  [0m[1;34m41->42  [0m[1;34m42->43  [0m[1;34m43->44  [0m[1;34m44->45  [0m[1;34m45->46  [0m[1;34m46->47  [0m[1;34m47->48  [0m[1;34m48->49  [0m[1;34m49->50  [0m[1;34m50->51  [0m[1;34m51->52  [0m[1;34m52->53  [0m[1;34m53->54  [0m[1;34m54->55  [0m[1;34m55->56  [0m[1;34m56->57  [0m[1;34m57->58  [0m[1;34m58->59  [0m[1;34m59->60  [0m[1;34m60->61  [0m[1;34m61->62  [0m[1;34m62->63  [0m[1;34m
[pthread wrapper] SKIP MASK: 0x0
[0m[1;34m	threadid 123199915276096 -> hwthread 1 - OK[0m[1;34m
[0m[1;34m	threadid 123199906879424 -> hwthread 2 - OK[0m[1;34m
[0m[1;34m	threadid 123199898482752 -> hwthread 3 - OK[0m[1;34m
[0m[1;34m	threadid 123199890086080 -> hwthread 4 - OK[0m[1;34m
[0m[1;34m	threadid 123199881689408 -> hwthread 5 - OK[0m[1;34m
[0m[1;34m	threadid 123199873292736 -> hwthread 6 - OK[0m[1;34m
[0m[1;34m	threadid 123199526267456 -> hwthread 7 - OK[0m[1;34m
[0m[1;34m	threadid 123199517870784 -> hwthread 8 - OK[0m[1;34m
[0m[1;34m	threadid 123199509474112 -> hwthread 9 - OK[0m[1;34m
[0m[1;34m	threadid 123199501077440 -> hwthread 10 - OK[0m[1;34m
[0m[1;34m	threadid 123199492680768 -> hwthread 11 - OK[0m[1;34m
[0m[1;34m	threadid 123199484284096 -> hwthread 12 - OK[0m[1;34m
[0m[1;34m	threadid 123199475887424 -> hwthread 13 - OK[0m[1;34m
[0m[1;34m	threadid 123198922288576 -> hwthread 14 - OK[0m[1;34m
[0m[1;34m	threadid 123198913891904 -> hwthread 15 - OK[0m[1;34m
[0m[1;34m	threadid 123198905495232 -> hwthread 16 - OK[0m[1;34m
[0m[1;34m	threadid 123198897098560 -> hwthread 17 - OK[0m[1;34m
[0m[1;34m	threadid 123198888701888 -> hwthread 18 - OK[0m[1;34m
[0m[1;34m	threadid 123198880305216 -> hwthread 19 - OK[0m[1;34m
[0m[1;34m	threadid 123198871908544 -> hwthread 20 - OK[0m[1;34m
[0m[1;34m	threadid 123198385418560 -> hwthread 21 - OK[0m[1;34m
[0m[1;34m	threadid 123198377021888 -> hwthread 22 - OK[0m[1;34m
[0m[1;34m	threadid 123198368625216 -> hwthread 23 - OK[0m[1;34m
[0m[1;34m	threadid 123198360228544 -> hwthread 24 - OK[0m[1;34m
[0m[1;34m	threadid 123198351831872 -> hwthread 25 - OK[0m[1;34m
[0m[1;34m	threadid 123198343435200 -> hwthread 26 - OK[0m[1;34m
[0m[1;34m	threadid 123198335038528 -> hwthread 27 - OK[0m[1;34m
[0m[1;34m	threadid 123197848548544 -> hwthread 28 - OK[0m[1;34m
[0m[1;34m	threadid 123197840151872 -> hwthread 29 - OK[0m[1;34m
[0m[1;34m	threadid 123197831755200 -> hwthread 30 - OK[0m[1;34m
[0m[1;34m	threadid 123197823358528 -> hwthread 31 - OK[0m[1;34m
[0m[1;34m	threadid 123197814961856 -> hwthread 32 - OK[0m[1;34m
[0m[1;34m	threadid 123197806561088 -> hwthread 33 - OK[0m[1;34m
[0m[1;34m	threadid 123197798160320 -> hwthread 34 - OK[0m[1;34m
[0m[1;34m	threadid 123197311674432 -> hwthread 35 - OK[0m[1;34m
[0m[1;34m	threadid 123197303273664 -> hwthread 36 - OK[0m[1;34m
[0m[1;34m	threadid 123197294872896 -> hwthread 37 - OK[0m[1;34m
[0m[1;34m	threadid 123197286472128 -> hwthread 38 - OK[0m[1;34m
[0m[1;34m	threadid 123197278071360 -> hwthread 39 - OK[0m[1;34m
[0m[1;34m	threadid 123197269670592 -> hwthread 40 - OK[0m[1;34m
[0m[1;34m	threadid 123197261269824 -> hwthread 41 - OK[0m[1;34m
[0m[1;34m	threadid 123196774804416 -> hwthread 42 - OK[0m[1;34m
[0m[1;34m	threadid 123196766403648 -> hwthread 43 - OK[0m[1;34m
[0m[1;34m	threadid 123196758002880 -> hwthread 44 - OK[0m[1;34m
[0m[1;34m	threadid 123196749602112 -> hwthread 45 - OK[0m[1;34m
[0m[1;34m	threadid 123196741201344 -> hwthread 46 - OK[0m[1;34m
[0m[1;34m	threadid 123196732800576 -> hwthread 47 - OK[0m[1;34m
[0m[1;34m	threadid 123196724399808 -> hwthread 48 - OK[0m[1;34m
[0m[1;34m	threadid 123196237934400 -> hwthread 49 - OK[0m[1;34m
[0m[1;34m	threadid 123196229533632 -> hwthread 50 - OK[0m[1;34m
[0m[1;34m	threadid 123196221132864 -> hwthread 51 - OK[0m[1;34m
[0m[1;34m	threadid 123196212732096 -> hwthread 52 - OK[0m[1;34m
[0m[1;34m	threadid 123196204331328 -> hwthread 53 - OK[0m[1;34m
[0m[1;34m	threadid 123196195930560 -> hwthread 54 - OK[0m[1;34m
[0m[1;34m	threadid 123196187529792 -> hwthread 55 - OK[0m[1;34m
[0m[1;34m	threadid 123195701064384 -> hwthread 56 - OK[0m[1;34m
[0m[1;34m	threadid 123195692663616 -> hwthread 57 - OK[0m[1;34m
[0m[1;34m	threadid 123195684262848 -> hwthread 58 - OK[0m[1;34m
[0m[1;34m	threadid 123195675862080 -> hwthread 59 - OK[0m[1;34m
[0m[1;34m	threadid 123195667461312 -> hwthread 60 - OK[0m[1;34m
[0m[1;34m	threadid 123195659060544 -> hwthread 61 - OK[0m[1;34m
[0m[1;34m	threadid 123195650659776 -> hwthread 62 - OK[0m[1;34m
[0m[1;34m	threadid 123195164194368 -> hwthread 63 - OK[0m[1;34m
[0m[1;34mRoundrobin placement triggered
	threadid 123195155793600 -> hwthread 0 - OK[0m[1;34m
[0m[1;34m	threadid 123195147400896 -> hwthread 1 - OK[0m[1;34m
[0mPITTS: version v0.9.6-2-g6da1bf0-dirty
PITTS: MPI #procs: 1
PITTS: OpenMP #threads: 64
PITTS: SIMD implementation: avx2
PITTS: Eigen SIMD implementation: AVX SSE, SSE2, SSE3, SSSE3, SSE4.1, SSE4.2
PITTS: cache sizes (L1/core, L2/core, L3/accessible) [byte]: (32768, 524288, 805306368)
PITTS: preprocessor definitions: PITTS_DIRECT_MKL_GEMM
Performance statistics:
function                                                                                                                                                                                                    	 time [s]  	 #calls    	 GFlop/s DP	 GFlop/s SP	 GByte/s   	Flops/Byte
<PITTS::MultiVector<double>> :: void PITTS::randomize(MultiVector<T>&) [with T = double](rows: 1073741824, cols: 1)                                                                                         	 0.618768  	 1         	 0         	 0         	 13.8823   	 0         
<PITTS::Tensor3<double>> :: void PITTS::fold_left(const MatrixType&, int, Tensor3<T>&) [with T = double; MatrixType = Eigen::Block<const Eigen::Matrix<double, -1, -1>, -1, -1, true>](r1: 29, n: 2, r2: 29)	 0.00423123	 20        	 0         	 0         	 0.127206  	 0         
<PITTS::Tensor3<double>> :: void PITTS::fold_left(const MatrixType&, int, Tensor3<T>&) [with T = double; MatrixType = Eigen::Block<const Eigen::Matrix<double, -1, -1>, -1, -1, true>](r1: 16, n: 2, r2: 29)	 0.000844119	 1         	 0         	 0         	 0.0175899 	 0         
<PITTS::Tensor3<double>> :: void PITTS::fold_left(const MatrixType&, int, Tensor3<T>&) [with T = double; MatrixType = Eigen::Block<const Eigen::Matrix<double, -1, -1>, -1, -1, true>](r1: 1, n: 2, r2: 2)  	 3.5142e-05	 1         	 0         	 0         	 0.00182118	 0         
<PITTS::Tensor3<double>> :: void PITTS::fold_left(const MatrixType&, int, Tensor3<T>&) [with T = double; MatrixType = Eigen::Block<const Eigen::Matrix<double, -1, -1>, -1, -1, true>](r1: 4, n: 2, r2: 8)  	 2.9291e-05	 1         	 0         	 0         	 0.0349595 	 0         
<PITTS::Tensor3<double>> :: void PITTS::fold_left(const MatrixType&, int, Tensor3<T>&) [with T = double; MatrixType = Eigen::Block<const Eigen::Matrix<double, -1, -1>, -1, -1, true>](r1: 2, n: 2, r2: 4)  	 2.8211e-05	 1         	 0         	 0         	 0.00907447	 0         
<PITTS::Tensor3<double>> :: void PITTS::fold_left(const MatrixType&, int, Tensor3<T>&) [with T = double; MatrixType = Eigen::Block<const Eigen::Matrix<double, -1, -1>, -1, -1, true>](r1: 8, n: 2, r2: 16) 	 2.7881e-05	 1         	 0         	 0         	 0.14691   	 0         
<PITTS::Tensor3<double>> :: void PITTS::fold_left(const MatrixType&, int, Tensor3<T>&) [with T = double; MatrixType = Eigen::Block<const Eigen::Matrix<double, -1, -1>, -1, -1, true>](r1: 16, n: 2, r2: 8) 	 1.286e-05 	 1         	 0         	 0         	 0.318507  	 0         
<PITTS::Tensor3<double>> :: void PITTS::fold_left(const MatrixType&, int, Tensor3<T>&) [with T = double; MatrixType = Eigen::Block<const Eigen::Matrix<double, -1, -1>, -1, -1, true>](r1: 8, n: 2, r2: 4)  	 6.56e-06  	 1         	 0         	 0         	 0.156098  	 0         
<PITTS::Tensor3<double>> :: void PITTS::fold_left(const MatrixType&, int, Tensor3<T>&) [with T = double; MatrixType = Eigen::Block<const Eigen::Matrix<double, -1, -1>, -1, -1, true>](r1: 29, n: 2, r2: 16)	 4.43e-06  	 1         	 0         	 0         	 3.35169   	 0         
<PITTS::Tensor3<double>> :: void PITTS::fold_left(const MatrixType&, int, Tensor3<T>&) [with T = double; MatrixType = Eigen::Block<const Eigen::Matrix<double, -1, -1>, -1, -1, true>](r1: 4, n: 2, r2: 2)  	 9.3e-07   	 1         	 0         	 0         	 0.275269  	 0         
<PITTS::Tensor3<double>> :: void PITTS::fold_left(const MatrixType&, int, Tensor3<T>&) [with T = double; MatrixType = Eigen::Matrix<double, -1, -1>](r1: 2, n: 2, r2: 1)                                    	 5e-07     	 1         	 0         	 0         	 0.128     	 0         
Timing statistics:
function                                                                                                                                                                              	 time [s]  	 #calls    
<PITTS::TensorTrain<double>> :: PITTS::TensorTrain<T> PITTS::fromDense_classical(Iter, Iter, const std::vector<int>&, T, int) [with Iter = const double*; T = double]                 	 458.163   	 1         
<PITTS::MultiVector<double>> :: void PITTS::randomize(MultiVector<T>&) [with T = double]                                                                                              	 0.618768  	 1         
<PITTS::Tensor3<double>> :: void PITTS::fold_left(const MatrixType&, int, Tensor3<T>&) [with T = double; MatrixType = Eigen::Block<const Eigen::Matrix<double, -1, -1>, -1, -1, true>]	 0.00522066	 29        
<PITTS::MultiVector<double>> :: void PITTS::MultiVector<T>::resize(long long int, long long int, bool, bool) [with T = double]                                                        	 0.000134835	 1         
<PITTS::Tensor3<double>> :: void PITTS::Tensor3<T>::resize(long long int, long long int, long long int, bool, bool) [with T = double]                                                 	 8.9963e-05	 60        
<PITTS::Tensor3<double>> :: void PITTS::fold_left(const MatrixType&, int, Tensor3<T>&) [with T = double; MatrixType = Eigen::Matrix<double, -1, -1>]                                  	 5e-07     	 1         
INFO: You are running LIKWID in a cpuset with 64 CPUs. Taking given IDs as logical ID in cpuset
[1;34m[pthread wrapper] 
[0m[1;34m[pthread wrapper] MAIN -> 0
[0m[1;34m[pthread wrapper] PIN_MASK: [0m[1;34m0->1  [0m[1;34m1->2  [0m[1;34m2->3  [0m[1;34m3->4  [0m[1;34m4->5  [0m[1;34m5->6  [0m[1;34m6->7  [0m[1;34m7->8  [0m[1;34m8->9  [0m[1;34m9->10  [0m[1;34m10->11  [0m[1;34m11->12  [0m[1;34m12->13  [0m[1;34m13->14  [0m[1;34m14->15  [0m[1;34m15->16  [0m[1;34m16->17  [0m[1;34m17->18  [0m[1;34m18->19  [0m[1;34m19->20  [0m[1;34m20->21  [0m[1;34m21->22  [0m[1;34m22->23  [0m[1;34m23->24  [0m[1;34m24->25  [0m[1;34m25->26  [0m[1;34m26->27  [0m[1;34m27->28  [0m[1;34m28->29  [0m[1;34m29->30  [0m[1;34m30->31  [0m[1;34m31->32  [0m[1;34m32->33  [0m[1;34m33->34  [0m[1;34m34->35  [0m[1;34m35->36  [0m[1;34m36->37  [0m[1;34m37->38  [0m[1;34m38->39  [0m[1;34m39->40  [0m[1;34m40->41  [0m[1;34m41->42  [0m[1;34m42->43  [0m[1;34m43->44  [0m[1;34m44->45  [0m[1;34m45->46  [0m[1;34m46->47  [0m[1;34m47->48  [0m[1;34m48->49  [0m[1;34m49->50  [0m[1;34m50->51  [0m[1;34m51->52  [0m[1;34m52->53  [0m[1;34m53->54  [0m[1;34m54->55  [0m[1;34m55->56  [0m[1;34m56->57  [0m[1;34m57->58  [0m[1;34m58->59  [0m[1;34m59->60  [0m[1;34m60->61  [0m[1;34m61->62  [0m[1;34m62->63  [0m[1;34m
[pthread wrapper] SKIP MASK: 0x0
[0m[1;34m	threadid 124594519258944 -> hwthread 1 - OK[0m[1;34m
[0m[1;34m	threadid 124594510862272 -> hwthread 2 - OK[0m[1;34m
[0m[1;34m	threadid 124594502465600 -> hwthread 3 - OK[0m[1;34m
[0m[1;34m	threadid 124594494068928 -> hwthread 4 - OK[0m[1;34m
[0m[1;34m	threadid 124594485672256 -> hwthread 5 - OK[0m[1;34m
[0m[1;34m	threadid 124594477275584 -> hwthread 6 - OK[0m[1;34m
[0m[1;34m	threadid 124594468878912 -> hwthread 7 - OK[0m[1;34m
[0m[1;34m	threadid 124594460482240 -> hwthread 8 - OK[0m[1;34m
[0m[1;34m	threadid 124593981352768 -> hwthread 9 - OK[0m[1;34m
[0m[1;34m	threadid 124593972956096 -> hwthread 10 - OK[0m[1;34m
[0m[1;34m	threadid 124593964559424 -> hwthread 11 - OK[0m[1;34m
[0m[1;34m	threadid 124593956162752 -> hwthread 12 - OK[0m[1;34m
[0m[1;34m	threadid 124593947766080 -> hwthread 13 - OK[0m[1;34m
[0m[1;34m	threadid 124593939369408 -> hwthread 14 - OK[0m[1;34m
[0m[1;34m	threadid 124593930972736 -> hwthread 15 - OK[0m[1;34m
[0m[1;34m	threadid 124593377373888 -> hwthread 16 - OK[0m[1;34m
[0m[1;34m	threadid 124593368977216 -> hwthread 17 - OK[0m[1;34m
[0m[1;34m	threadid 124593360580544 -> hwthread 18 - OK[0m[1;34m
[0m[1;34m	threadid 124593352183872 -> hwthread 19 - OK[0m[1;34m
[0m[1;34m	threadid 124593343787200 -> hwthread 20 - OK[0m[1;34m
[0m[1;34m	threadid 124593335390528 -> hwthread 21 - OK[0m[1;34m
[0m[1;34m	threadid 124593326993856 -> hwthread 22 - OK[0m[1;34m
[0m[1;34m	threadid 124592840503872 -> hwthread 23 - OK[0m[1;34m
[0m[1;34m	threadid 124592832107200 -> hwthread 24 - OK[0m[1;34m
[0m[1;34m	threadid 124592823710528 -> hwthread 25 - OK[0m[1;34m
[0m[1;34m	threadid 124592815313856 -> hwthread 26 - OK[0m[1;34m
[0m[1;34m	threadid 124592806917184 -> hwthread 27 - OK[0m[1;34m
[0m[1;34m	threadid 124592798520512 -> hwthread 28 - OK[0m[1;34m
[0m[1;34m	threadid 124592790123840 -> hwthread 29 - OK[0m[1;34m
[0m[1;34m	threadid 124592303633856 -> hwthread 30 - OK[0m[1;34m
[0m[1;34m	threadid 124592295237184 -> hwthread 31 - OK[0m[1;34m
[0m[1;34m	threadid 124592286840512 -> hwthread 32 - OK[0m[1;34m
[0m[1;34m	threadid 124592278439744 -> hwthread 33 - OK[0m[1;34m
[0m[1;34m	threadid 124592270038976 -> hwthread 34 - OK[0m[1;34m
[0m[1;34m	threadid 124592261638208 -> hwthread 35 - OK[0m[1;34m
[0m[1;34m	threadid 124592253237440 -> hwthread 36 - OK[0m[1;34m
[0m[1;34m	threadid 124591766759744 -> hwthread 37 - OK[0m[1;34m
[0m[1;34m	threadid 124591758358976 -> hwthread 38 - OK[0m[1;34m
[0m[1;34m	threadid 124591749958208 -> hwthread 39 - OK[0m[1;34m
[0m[1;34m	threadid 124591741557440 -> hwthread 40 - OK[0m[1;34m
[0m[1;34m	threadid 124591733156672 -> hwthread 41 - OK[0m[1;34m
[0m[1;34m	threadid 124591724755904 -> hwthread 42 - OK[0m[1;34m
[0m[1;34m	threadid 124591716355136 -> hwthread 43 - OK[0m[1;34m
[0m[1;34m	threadid 124591229889728 -> hwthread 44 - OK[0m[1;34m
[0m[1;34m	threadid 124591221488960 -> hwthread 45 - OK[0m[1;34m
[0m[1;34m	threadid 124591213088192 -> hwthread 46 - OK[0m[1;34m
[0m[1;34m	threadid 124591204687424 -> hwthread 47 - OK[0m[1;34m
[0m[1;34m	threadid 124591196286656 -> hwthread 48 - OK[0m[1;34m
[0m[1;34m	threadid 124591187885888 -> hwthread 49 - OK[0m[1;34m
[0m[1;34m	threadid 124591179485120 -> hwthread 50 - OK[0m[1;34m
[0m[1;34m	threadid 124590693019712 -> hwthread 51 - OK[0m[1;34m
[0m[1;34m	threadid 124590684618944 -> hwthread 52 - OK[0m[1;34m
[0m[1;34m	threadid 124590676218176 -> hwthread 53 - OK[0m[1;34m
[0m[1;34m	threadid 124590667817408 -> hwthread 54 - OK[0m[1;34m
[0m[1;34m	threadid 124590659416640 -> hwthread 55 - OK[0m[1;34m
[0m[1;34m	threadid 124590651015872 -> hwthread 56 - OK[0m[1;34m
[0m[1;34m	threadid 124590642615104 -> hwthread 57 - OK[0m[1;34m
[0m[1;34m	threadid 124590156149696 -> hwthread 58 - OK[0m[1;34m
[0m[1;34m	threadid 124590147748928 -> hwthread 59 - OK[0m[1;34m
[0m[1;34m	threadid 124590139348160 -> hwthread 60 - OK[0m[1;34m
[0m[1;34m	threadid 124590130947392 -> hwthread 61 - OK[0m[1;34m
[0m[1;34m	threadid 124590122546624 -> hwthread 62 - OK[0m[1;34m
[0m[1;34m	threadid 124590114145856 -> hwthread 63 - OK[0m[1;34m
[0m[1;34mRoundrobin placement triggered
	threadid 124590105745088 -> hwthread 0 - OK[0m[1;34m
[0m[1;34m	threadid 124589619279552 -> hwthread 1 - OK[0m[1;34m
[0mPITTS: version v0.9.6-2-g6da1bf0-dirty
PITTS: MPI #procs: 1
PITTS: OpenMP #threads: 64
PITTS: SIMD implementation: avx2
PITTS: Eigen SIMD implementation: AVX SSE, SSE2, SSE3, SSSE3, SSE4.1, SSE4.2
PITTS: cache sizes (L1/core, L2/core, L3/accessible) [byte]: (32768, 524288, 805306368)
PITTS: preprocessor definitions: PITTS_DIRECT_MKL_GEMM
Performance statistics:
function                                                                                                                                                                                                    	 time [s]  	 #calls    	 GFlop/s DP	 GFlop/s SP	 GByte/s   	Flops/Byte
<PITTS::MultiVector<double>> :: void PITTS::randomize(MultiVector<T>&) [with T = double](rows: 1073741824, cols: 1)                                                                                         	 0.620204  	 1         	 0         	 0         	 13.8502   	 0         
<PITTS::Tensor3<double>> :: void PITTS::fold_left(const MatrixType&, int, Tensor3<T>&) [with T = double; MatrixType = Eigen::Block<const Eigen::Matrix<double, -1, -1>, -1, -1, true>](r1: 30, n: 2, r2: 30)	 0.00397292	 20        	 0         	 0         	 0.144981  	 0         
<PITTS::Tensor3<double>> :: void PITTS::fold_left(const MatrixType&, int, Tensor3<T>&) [with T = double; MatrixType = Eigen::Block<const Eigen::Matrix<double, -1, -1>, -1, -1, true>](r1: 16, n: 2, r2: 30)	 0.000727785	 1         	 0         	 0         	 0.0211051 	 0         
<PITTS::Tensor3<double>> :: void PITTS::fold_left(const MatrixType&, int, Tensor3<T>&) [with T = double; MatrixType = Eigen::Block<const Eigen::Matrix<double, -1, -1>, -1, -1, true>](r1: 2, n: 2, r2: 4)  	 3.6902e-05	 1         	 0         	 0         	 0.00693729	 0         
<PITTS::Tensor3<double>> :: void PITTS::fold_left(const MatrixType&, int, Tensor3<T>&) [with T = double; MatrixType = Eigen::Block<const Eigen::Matrix<double, -1, -1>, -1, -1, true>](r1: 1, n: 2, r2: 2)  	 3.6772e-05	 1         	 0         	 0         	 0.00174045	 0         
<PITTS::Tensor3<double>> :: void PITTS::fold_left(const MatrixType&, int, Tensor3<T>&) [with T = double; MatrixType = Eigen::Block<const Eigen::Matrix<double, -1, -1>, -1, -1, true>](r1: 8, n: 2, r2: 16) 	 3.0831e-05	 1         	 0         	 0         	 0.132853  	 0         
<PITTS::Tensor3<double>> :: void PITTS::fold_left(const MatrixType&, int, Tensor3<T>&) [with T = double; MatrixType = Eigen::Block<const Eigen::Matrix<double, -1, -1>, -1, -1, true>](r1: 4, n: 2, r2: 8)  	 2.6891e-05	 1         	 0         	 0         	 0.0380797 	 0         
<PITTS::Tensor3<double>> :: void PITTS::fold_left(const MatrixType&, int, Tensor3<T>&) [with T = double; MatrixType = Eigen::Block<const Eigen::Matrix<double, -1, -1>, -1, -1, true>](r1: 16, n: 2, r2: 8) 	 1.1881e-05	 1         	 0         	 0         	 0.344752  	 0         
<PITTS::Tensor3<double>> :: void PITTS::fold_left(const MatrixType&, int, Tensor3<T>&) [with T = double; MatrixType = Eigen::Block<const Eigen::Matrix<double, -1, -1>, -1, -1, true>](r1: 30, n: 2, r2: 16)	 4.56e-06  	 1         	 0         	 0         	 3.36842   	 0         
<PITTS::Tensor3<double>> :: void PITTS::fold_left(const MatrixType&, int, Tensor3<T>&) [with T = double; MatrixType = Eigen::Block<const Eigen::Matrix<double, -1, -1>, -1, -1, true>](r1: 8, n: 2, r2: 4)  	 1.35e-06  	 1         	 0         	 0         	 0.758519  	 0         
<PITTS::Tensor3<double>> :: void PITTS::fold_left(const MatrixType&, int, Tensor3<T>&) [with T = double; MatrixType = Eigen::Block<const Eigen::Matrix<double, -1, -1>, -1, -1, true>](r1: 4, n: 2, r2: 2)  	 8.8e-07   	 1         	 0         	 0         	 0.290909  	 0         
<PITTS::Tensor3<double>> :: void PITTS::fold_left(const MatrixType&, int, Tensor3<T>&) [with T = double; MatrixType = Eigen::Matrix<double, -1, -1>](r1: 2, n: 2, r2: 1)                                    	 5e-07     	 1         	 0         	 0         	 0.128     	 0         
Timing statistics:
function                                                                                                                                                                              	 time [s]  	 #calls    
<PITTS::TensorTrain<double>> :: PITTS::TensorTrain<T> PITTS::fromDense_classical(Iter, Iter, const std::vector<int>&, T, int) [with Iter = const double*; T = double]                 	 456.824   	 1         
<PITTS::MultiVector<double>> :: void PITTS::randomize(MultiVector<T>&) [with T = double]                                                                                              	 0.620204  	 1         
<PITTS::Tensor3<double>> :: void PITTS::fold_left(const MatrixType&, int, Tensor3<T>&) [with T = double; MatrixType = Eigen::Block<const Eigen::Matrix<double, -1, -1>, -1, -1, true>]	 0.00485077	 29        
<PITTS::MultiVector<double>> :: void PITTS::MultiVector<T>::resize(long long int, long long int, bool, bool) [with T = double]                                                        	 0.000118833	 1         
<PITTS::Tensor3<double>> :: void PITTS::Tensor3<T>::resize(long long int, long long int, long long int, bool, bool) [with T = double]                                                 	 7.8283e-05	 60        
<PITTS::Tensor3<double>> :: void PITTS::fold_left(const MatrixType&, int, Tensor3<T>&) [with T = double; MatrixType = Eigen::Matrix<double, -1, -1>]                                  	 5e-07     	 1         
INFO: You are running LIKWID in a cpuset with 64 CPUs. Taking given IDs as logical ID in cpuset
[1;34m[pthread wrapper] 
[0m[1;34m[pthread wrapper] MAIN -> 0
[0m[1;34m[pthread wrapper] PIN_MASK: [0m[1;34m0->1  [0m[1;34m1->2  [0m[1;34m2->3  [0m[1;34m3->4  [0m[1;34m4->5  [0m[1;34m5->6  [0m[1;34m6->7  [0m[1;34m7->8  [0m[1;34m8->9  [0m[1;34m9->10  [0m[1;34m10->11  [0m[1;34m11->12  [0m[1;34m12->13  [0m[1;34m13->14  [0m[1;34m14->15  [0m[1;34m15->16  [0m[1;34m16->17  [0m[1;34m17->18  [0m[1;34m18->19  [0m[1;34m19->20  [0m[1;34m20->21  [0m[1;34m21->22  [0m[1;34m22->23  [0m[1;34m23->24  [0m[1;34m24->25  [0m[1;34m25->26  [0m[1;34m26->27  [0m[1;34m27->28  [0m[1;34m28->29  [0m[1;34m29->30  [0m[1;34m30->31  [0m[1;34m31->32  [0m[1;34m32->33  [0m[1;34m33->34  [0m[1;34m34->35  [0m[1;34m35->36  [0m[1;34m36->37  [0m[1;34m37->38  [0m[1;34m38->39  [0m[1;34m39->40  [0m[1;34m40->41  [0m[1;34m41->42  [0m[1;34m42->43  [0m[1;34m43->44  [0m[1;34m44->45  [0m[1;34m45->46  [0m[1;34m46->47  [0m[1;34m47->48  [0m[1;34m48->49  [0m[1;34m49->50  [0m[1;34m50->51  [0m[1;34m51->52  [0m[1;34m52->53  [0m[1;34m53->54  [0m[1;34m54->55  [0m[1;34m55->56  [0m[1;34m56->57  [0m[1;34m57->58  [0m[1;34m58->59  [0m[1;34m59->60  [0m[1;34m60->61  [0m[1;34m61->62  [0m[1;34m62->63  [0m[1;34m
[pthread wrapper] SKIP MASK: 0x0
[0m[1;34m	threadid 124078695364416 -> hwthread 1 - OK[0m[1;34m
[0m[1;34m	threadid 124078686967744 -> hwthread 2 - OK[0m[1;34m
[0m[1;34m	threadid 124078678571072 -> hwthread 3 - OK[0m[1;34m
[0m[1;34m	threadid 124078670174400 -> hwthread 4 - OK[0m[1;34m
[0m[1;34m	threadid 124078661777728 -> hwthread 5 - OK[0m[1;34m
[0m[1;34m	threadid 124078316841408 -> hwthread 6 - OK[0m[1;34m
[0m[1;34m	threadid 124078308444736 -> hwthread 7 - OK[0m[1;34m
[0m[1;34m	threadid 124078300048064 -> hwthread 8 - OK[0m[1;34m
[0m[1;34m	threadid 124078291651392 -> hwthread 9 - OK[0m[1;34m
[0m[1;34m	threadid 124078283254720 -> hwthread 10 - OK[0m[1;34m
[0m[1;34m	threadid 124078274858048 -> hwthread 11 - OK[0m[1;34m
[0m[1;34m	threadid 124078266461376 -> hwthread 12 - OK[0m[1;34m
[0m[1;34m	threadid 124077779971392 -> hwthread 13 - OK[0m[1;34m
[0m[1;34m	threadid 124077771574720 -> hwthread 14 - OK[0m[1;34m
[0m[1;34m	threadid 124077763178048 -> hwthread 15 - OK[0m[1;34m
[0m[1;34m	threadid 124077754781376 -> hwthread 16 - OK[0m[1;34m
[0m[1;34m	threadid 124077746384704 -> hwthread 17 - OK[0m[1;34m
[0m[1;34m	threadid 124077737988032 -> hwthread 18 - OK[0m[1;34m
[0m[1;34m	threadid 124077729591360 -> hwthread 19 - OK[0m[1;34m
[0m[1;34m	threadid 124077243101376 -> hwthread 20 - OK[0m[1;34m
[0m[1;34m	threadid 124077234704704 -> hwthread 21 - OK[0m[1;34m
[0m[1;34m	threadid 124077226308032 -> hwthread 22 - OK[0m[1;34m
[0m[1;34m	threadid 124077217911360 -> hwthread 23 - OK[0m[1;34m
[0m[1;34m	threadid 124077209514688 -> hwthread 24 - OK[0m[1;34m
[0m[1;34m	threadid 124077201118016 -> hwthread 25 - OK[0m[1;34m
[0m[1;34m	threadid 124077192721344 -> hwthread 26 - OK[0m[1;34m
[0m[1;34m	threadid 124076706231360 -> hwthread 27 - OK[0m[1;34m
[0m[1;34m	threadid 124076697834688 -> hwthread 28 - OK[0m[1;34m
[0m[1;34m	threadid 124076689438016 -> hwthread 29 - OK[0m[1;34m
[0m[1;34m	threadid 124076681041344 -> hwthread 30 - OK[0m[1;34m
[0m[1;34m	threadid 124076672644672 -> hwthread 31 - OK[0m[1;34m
[0m[1;34m	threadid 124076664248000 -> hwthread 32 - OK[0m[1;34m
[0m[1;34m	threadid 124076655847232 -> hwthread 33 - OK[0m[1;34m
[0m[1;34m	threadid 124076169357248 -> hwthread 34 - OK[0m[1;34m
[0m[1;34m	threadid 124076160956480 -> hwthread 35 - OK[0m[1;34m
[0m[1;34m	threadid 124076152555712 -> hwthread 36 - OK[0m[1;34m
[0m[1;34m	threadid 124076144154944 -> hwthread 37 - OK[0m[1;34m
[0m[1;34m	threadid 124076135754176 -> hwthread 38 - OK[0m[1;34m
[0m[1;34m	threadid 124076127353408 -> hwthread 39 - OK[0m[1;34m
[0m[1;34m	threadid 124076118952640 -> hwthread 40 - OK[0m[1;34m
[0m[1;34m	threadid 124075632487232 -> hwthread 41 - OK[0m[1;34m
[0m[1;34m	threadid 124075624086464 -> hwthread 42 - OK[0m[1;34m
[0m[1;34m	threadid 124075615685696 -> hwthread 43 - OK[0m[1;34m
[0m[1;34m	threadid 124075607284928 -> hwthread 44 - OK[0m[1;34m
[0m[1;34m	threadid 124075598884160 -> hwthread 45 - OK[0m[1;34m
[0m[1;34m	threadid 124075590483392 -> hwthread 46 - OK[0m[1;34m
[0m[1;34m	threadid 124075582082624 -> hwthread 47 - OK[0m[1;34m
[0m[1;34m	threadid 124075095617216 -> hwthread 48 - OK[0m[1;34m
[0m[1;34m	threadid 124075087216448 -> hwthread 49 - OK[0m[1;34m
[0m[1;34m	threadid 124075078815680 -> hwthread 50 - OK[0m[1;34m
[0m[1;34m	threadid 124075070414912 -> hwthread 51 - OK[0m[1;34m
[0m[1;34m	threadid 124075062014144 -> hwthread 52 - OK[0m[1;34m
[0m[1;34m	threadid 124075053613376 -> hwthread 53 - OK[0m[1;34m
[0m[1;34m	threadid 124075045212608 -> hwthread 54 - OK[0m[1;34m
[0m[1;34m	threadid 124074558747200 -> hwthread 55 - OK[0m[1;34m
[0m[1;34m	threadid 124074550346432 -> hwthread 56 - OK[0m[1;34m
[0m[1;34m	threadid 124074541945664 -> hwthread 57 - OK[0m[1;34m
[0m[1;34m	threadid 124074533544896 -> hwthread 58 - OK[0m[1;34m
[0m[1;34m	threadid 124074525144128 -> hwthread 59 - OK[0m[1;34m
[0m[1;34m	threadid 124074516743360 -> hwthread 60 - OK[0m[1;34m
[0m[1;34m	threadid 124074508342592 -> hwthread 61 - OK[0m[1;34m
[0m[1;34m	threadid 124074021877184 -> hwthread 62 - OK[0m[1;34m
[0m[1;34m	threadid 124074013476416 -> hwthread 63 - OK[0m[1;34m
[0m[1;34mRoundrobin placement triggered
	threadid 124074005075648 -> hwthread 0 - OK[0m[1;34m
[0m[1;34m	threadid 124073996682944 -> hwthread 1 - OK[0m[1;34m
[0mPITTS: version v0.9.6-2-g6da1bf0-dirty
PITTS: MPI #procs: 1
PITTS: OpenMP #threads: 64
PITTS: SIMD implementation: avx2
PITTS: Eigen SIMD implementation: AVX SSE, SSE2, SSE3, SSSE3, SSE4.1, SSE4.2
PITTS: cache sizes (L1/core, L2/core, L3/accessible) [byte]: (32768, 524288, 805306368)
PITTS: preprocessor definitions: PITTS_DIRECT_MKL_GEMM
Performance statistics:
function                                                                                                                                                                                                    	 time [s]  	 #calls    	 GFlop/s DP	 GFlop/s SP	 GByte/s   	Flops/Byte
<PITTS::MultiVector<double>> :: void PITTS::randomize(MultiVector<T>&) [with T = double](rows: 1073741824, cols: 1)                                                                                         	 0.619544  	 1         	 0         	 0         	 13.8649   	 0         
<PITTS::Tensor3<double>> :: void PITTS::fold_left(const MatrixType&, int, Tensor3<T>&) [with T = double; MatrixType = Eigen::Block<const Eigen::Matrix<double, -1, -1>, -1, -1, true>](r1: 31, n: 2, r2: 31)	 0.00367967	 20        	 0         	 0         	 0.167146  	 0         
<PITTS::Tensor3<double>> :: void PITTS::fold_left(const MatrixType&, int, Tensor3<T>&) [with T = double; MatrixType = Eigen::Block<const Eigen::Matrix<double, -1, -1>, -1, -1, true>](r1: 16, n: 2, r2: 31)	 0.000656171	 1         	 0         	 0         	 0.0241888 	 0         
<PITTS::Tensor3<double>> :: void PITTS::fold_left(const MatrixType&, int, Tensor3<T>&) [with T = double; MatrixType = Eigen::Block<const Eigen::Matrix<double, -1, -1>, -1, -1, true>](r1: 1, n: 2, r2: 2)  	 3.5931e-05	 1         	 0         	 0         	 0.00178119	 0         
<PITTS::Tensor3<double>> :: void PITTS::fold_left(const MatrixType&, int, Tensor3<T>&) [with T = double; MatrixType = Eigen::Block<const Eigen::Matrix<double, -1, -1>, -1, -1, true>](r1: 2, n: 2, r2: 4)  	 3.3701e-05	 1         	 0         	 0         	 0.00759621	 0         
<PITTS::Tensor3<double>> :: void PITTS::fold_left(const MatrixType&, int, Tensor3<T>&) [with T = double; MatrixType = Eigen::Block<const Eigen::Matrix<double, -1, -1>, -1, -1, true>](r1: 4, n: 2, r2: 8)  	 2.9961e-05	 1         	 0         	 0         	 0.0341778 	 0         
<PITTS::Tensor3<double>> :: void PITTS::fold_left(const MatrixType&, int, Tensor3<T>&) [with T = double; MatrixType = Eigen::Block<const Eigen::Matrix<double, -1, -1>, -1, -1, true>](r1: 8, n: 2, r2: 16) 	 2.6201e-05	 1         	 0         	 0         	 0.15633   	 0         
<PITTS::Tensor3<double>> :: void PITTS::fold_left(const MatrixType&, int, Tensor3<T>&) [with T = double; MatrixType = Eigen::Block<const Eigen::Matrix<double, -1, -1>, -1, -1, true>](r1: 16, n: 2, r2: 8) 	 1.1941e-05	 1         	 0         	 0         	 0.34302   	 0         
<PITTS::Tensor3<double>> :: void PITTS::fold_left(const MatrixType&, int, Tensor3<T>&) [with T = double; MatrixType = Eigen::Block<const Eigen::Matrix<double, -1, -1>, -1, -1, true>](r1: 8, n: 2, r2: 4)  	 6.411e-06 	 1         	 0         	 0         	 0.159725  	 0         
<PITTS::Tensor3<double>> :: void PITTS::fold_left(const MatrixType&, int, Tensor3<T>&) [with T = double; MatrixType = Eigen::Block<const Eigen::Matrix<double, -1, -1>, -1, -1, true>](r1: 31, n: 2, r2: 16)	 4.71e-06  	 1         	 0         	 0         	 3.36985   	 0         
<PITTS::Tensor3<double>> :: void PITTS::fold_left(const MatrixType&, int, Tensor3<T>&) [with T = double; MatrixType = Eigen::Block<const Eigen::Matrix<double, -1, -1>, -1, -1, true>](r1: 4, n: 2, r2: 2)  	 8.4e-07   	 1         	 0         	 0         	 0.304762  	 0         
<PITTS::Tensor3<double>> :: void PITTS::fold_left(const MatrixType&, int, Tensor3<T>&) [with T = double; MatrixType = Eigen::Matrix<double, -1, -1>](r1: 2, n: 2, r2: 1)                                    	 4.6e-07   	 1         	 0         	 0         	 0.13913   	 0         
Timing statistics:
function                                                                                                                                                                              	 time [s]  	 #calls    
<PITTS::TensorTrain<double>> :: PITTS::TensorTrain<T> PITTS::fromDense_classical(Iter, Iter, const std::vector<int>&, T, int) [with Iter = const double*; T = double]                 	 478.726   	 1         
<PITTS::MultiVector<double>> :: void PITTS::randomize(MultiVector<T>&) [with T = double]                                                                                              	 0.619544  	 1         
<PITTS::Tensor3<double>> :: void PITTS::fold_left(const MatrixType&, int, Tensor3<T>&) [with T = double; MatrixType = Eigen::Block<const Eigen::Matrix<double, -1, -1>, -1, -1, true>]	 0.00448554	 29        
<PITTS::MultiVector<double>> :: void PITTS::MultiVector<T>::resize(long long int, long long int, bool, bool) [with T = double]                                                        	 0.000146505	 1         
<PITTS::Tensor3<double>> :: void PITTS::Tensor3<T>::resize(long long int, long long int, long long int, bool, bool) [with T = double]                                                 	 8.6973e-05	 60        
<PITTS::Tensor3<double>> :: void PITTS::fold_left(const MatrixType&, int, Tensor3<T>&) [with T = double; MatrixType = Eigen::Matrix<double, -1, -1>]                                  	 4.6e-07   	 1         
INFO: You are running LIKWID in a cpuset with 64 CPUs. Taking given IDs as logical ID in cpuset
[1;34m[pthread wrapper] 
[0m[1;34m[pthread wrapper] MAIN -> 0
[0m[1;34m[pthread wrapper] PIN_MASK: [0m[1;34m0->1  [0m[1;34m1->2  [0m[1;34m2->3  [0m[1;34m3->4  [0m[1;34m4->5  [0m[1;34m5->6  [0m[1;34m6->7  [0m[1;34m7->8  [0m[1;34m8->9  [0m[1;34m9->10  [0m[1;34m10->11  [0m[1;34m11->12  [0m[1;34m12->13  [0m[1;34m13->14  [0m[1;34m14->15  [0m[1;34m15->16  [0m[1;34m16->17  [0m[1;34m17->18  [0m[1;34m18->19  [0m[1;34m19->20  [0m[1;34m20->21  [0m[1;34m21->22  [0m[1;34m22->23  [0m[1;34m23->24  [0m[1;34m24->25  [0m[1;34m25->26  [0m[1;34m26->27  [0m[1;34m27->28  [0m[1;34m28->29  [0m[1;34m29->30  [0m[1;34m30->31  [0m[1;34m31->32  [0m[1;34m32->33  [0m[1;34m33->34  [0m[1;34m34->35  [0m[1;34m35->36  [0m[1;34m36->37  [0m[1;34m37->38  [0m[1;34m38->39  [0m[1;34m39->40  [0m[1;34m40->41  [0m[1;34m41->42  [0m[1;34m42->43  [0m[1;34m43->44  [0m[1;34m44->45  [0m[1;34m45->46  [0m[1;34m46->47  [0m[1;34m47->48  [0m[1;34m48->49  [0m[1;34m49->50  [0m[1;34m50->51  [0m[1;34m51->52  [0m[1;34m52->53  [0m[1;34m53->54  [0m[1;34m54->55  [0m[1;34m55->56  [0m[1;34m56->57  [0m[1;34m57->58  [0m[1;34m58->59  [0m[1;34m59->60  [0m[1;34m60->61  [0m[1;34m61->62  [0m[1;34m62->63  [0m[1;34m
[pthread wrapper] SKIP MASK: 0x0
[0m[1;34m	threadid 124830622922560 -> hwthread 1 - OK[0m[1;34m
[0m[1;34m	threadid 124830540097472 -> hwthread 2 - OK[0m[1;34m
[0m[1;34m	threadid 124830531700800 -> hwthread 3 - OK[0m[1;34m
[0m[1;34m	threadid 124830523304128 -> hwthread 4 - OK[0m[1;34m
[0m[1;34m	threadid 124830514907456 -> hwthread 5 - OK[0m[1;34m
[0m[1;34m	threadid 124830506510784 -> hwthread 6 - OK[0m[1;34m
[0m[1;34m	threadid 124830498114112 -> hwthread 7 - OK[0m[1;34m
[0m[1;34m	threadid 124830489717440 -> hwthread 8 - OK[0m[1;34m
[0m[1;34m	threadid 124830003227456 -> hwthread 9 - OK[0m[1;34m
[0m[1;34m	threadid 124829994830784 -> hwthread 10 - OK[0m[1;34m
[0m[1;34m	threadid 124829986434112 -> hwthread 11 - OK[0m[1;34m
[0m[1;34m	threadid 124829978037440 -> hwthread 12 - OK[0m[1;34m
[0m[1;34m	threadid 124829969640768 -> hwthread 13 - OK[0m[1;34m
[0m[1;34m	threadid 124829961244096 -> hwthread 14 - OK[0m[1;34m
[0m[1;34m	threadid 124829952847424 -> hwthread 15 - OK[0m[1;34m
[0m[1;34m	threadid 124829466357440 -> hwthread 16 - OK[0m[1;34m
[0m[1;34m	threadid 124829457960768 -> hwthread 17 - OK[0m[1;34m
[0m[1;34m	threadid 124829449564096 -> hwthread 18 - OK[0m[1;34m
[0m[1;34m	threadid 124829441167424 -> hwthread 19 - OK[0m[1;34m
[0m[1;34m	threadid 124829432770752 -> hwthread 20 - OK[0m[1;34m
[0m[1;34m	threadid 124829424374080 -> hwthread 21 - OK[0m[1;34m
[0m[1;34m	threadid 124829415977408 -> hwthread 22 - OK[0m[1;34m
[0m[1;34m	threadid 124828929487424 -> hwthread 23 - OK[0m[1;34m
[0m[1;34m	threadid 124828921090752 -> hwthread 24 - OK[0m[1;34m
[0m[1;34m	threadid 124828912694080 -> hwthread 25 - OK[0m[1;34m
[0m[1;34m	threadid 124828904297408 -> hwthread 26 - OK[0m[1;34m
[0m[1;34m	threadid 124828895900736 -> hwthread 27 - OK[0m[1;34m
[0m[1;34m	threadid 124828887504064 -> hwthread 28 - OK[0m[1;34m
[0m[1;34m	threadid 124828879107392 -> hwthread 29 - OK[0m[1;34m
[0m[1;34m	threadid 124828392617408 -> hwthread 30 - OK[0m[1;34m
[0m[1;34m	threadid 124828384220736 -> hwthread 31 - OK[0m[1;34m
[0m[1;34m	threadid 124828375824064 -> hwthread 32 - OK[0m[1;34m
[0m[1;34m	threadid 124828367423296 -> hwthread 33 - OK[0m[1;34m
[0m[1;34m	threadid 124828359022528 -> hwthread 34 - OK[0m[1;34m
[0m[1;34m	threadid 124828350621760 -> hwthread 35 - OK[0m[1;34m
[0m[1;34m	threadid 124828342220992 -> hwthread 36 - OK[0m[1;34m
[0m[1;34m	threadid 124827855743296 -> hwthread 37 - OK[0m[1;34m
[0m[1;34m	threadid 124827847342528 -> hwthread 38 - OK[0m[1;34m
[0m[1;34m	threadid 124827838941760 -> hwthread 39 - OK[0m[1;34m
[0m[1;34m	threadid 124827830540992 -> hwthread 40 - OK[0m[1;34m
[0m[1;34m	threadid 124827822140224 -> hwthread 41 - OK[0m[1;34m
[0m[1;34m	threadid 124827813739456 -> hwthread 42 - OK[0m[1;34m
[0m[1;34m	threadid 124827805338688 -> hwthread 43 - OK[0m[1;34m
[0m[1;34m	threadid 124827318873280 -> hwthread 44 - OK[0m[1;34m
[0m[1;34m	threadid 124827310472512 -> hwthread 45 - OK[0m[1;34m
[0m[1;34m	threadid 124827302071744 -> hwthread 46 - OK[0m[1;34m
[0m[1;34m	threadid 124827293670976 -> hwthread 47 - OK[0m[1;34m
[0m[1;34m	threadid 124827285270208 -> hwthread 48 - OK[0m[1;34m
[0m[1;34m	threadid 124827276869440 -> hwthread 49 - OK[0m[1;34m
[0m[1;34m	threadid 124827268468672 -> hwthread 50 - OK[0m[1;34m
[0m[1;34m	threadid 124826782003264 -> hwthread 51 - OK[0m[1;34m
[0m[1;34m	threadid 124826773602496 -> hwthread 52 - OK[0m[1;34m
[0m[1;34m	threadid 124826765201728 -> hwthread 53 - OK[0m[1;34m
[0m[1;34m	threadid 124826756800960 -> hwthread 54 - OK[0m[1;34m
[0m[1;34m	threadid 124826748400192 -> hwthread 55 - OK[0m[1;34m
[0m[1;34m	threadid 124826739999424 -> hwthread 56 - OK[0m[1;34m
[0m[1;34m	threadid 124826731598656 -> hwthread 57 - OK[0m[1;34m
[0m[1;34m	threadid 124826245133248 -> hwthread 58 - OK[0m[1;34m
[0m[1;34m	threadid 124826236732480 -> hwthread 59 - OK[0m[1;34m
[0m[1;34m	threadid 124826228331712 -> hwthread 60 - OK[0m[1;34m
[0m[1;34m	threadid 124826219930944 -> hwthread 61 - OK[0m[1;34m
[0m[1;34m	threadid 124826211530176 -> hwthread 62 - OK[0m[1;34m
[0m[1;34m	threadid 124826203129408 -> hwthread 63 - OK[0m[1;34m
[0m[1;34mRoundrobin placement triggered
	threadid 124826194728640 -> hwthread 0 - OK[0m[1;34m
[0m[1;34m	threadid 124825708263104 -> hwthread 1 - OK[0m[1;34m
[0mPITTS: version v0.9.6-2-g6da1bf0-dirty
PITTS: MPI #procs: 1
PITTS: OpenMP #threads: 64
PITTS: SIMD implementation: avx2
PITTS: Eigen SIMD implementation: AVX SSE, SSE2, SSE3, SSSE3, SSE4.1, SSE4.2
PITTS: cache sizes (L1/core, L2/core, L3/accessible) [byte]: (32768, 524288, 805306368)
PITTS: preprocessor definitions: PITTS_DIRECT_MKL_GEMM
Performance statistics:
function                                                                                                                                                                                                    	 time [s]  	 #calls    	 GFlop/s DP	 GFlop/s SP	 GByte/s   	Flops/Byte
<PITTS::MultiVector<double>> :: void PITTS::randomize(MultiVector<T>&) [with T = double](rows: 1073741824, cols: 1)                                                                                         	 0.620712  	 1         	 0         	 0         	 13.8388   	 0         
<PITTS::Tensor3<double>> :: void PITTS::fold_left(const MatrixType&, int, Tensor3<T>&) [with T = double; MatrixType = Eigen::Block<const Eigen::Matrix<double, -1, -1>, -1, -1, true>](r1: 32, n: 2, r2: 32)	 0.00453732	 20        	 0         	 0         	 0.144438  	 0         
<PITTS::Tensor3<double>> :: void PITTS::fold_left(const MatrixType&, int, Tensor3<T>&) [with T = double; MatrixType = Eigen::Block<const Eigen::Matrix<double, -1, -1>, -1, -1, true>](r1: 16, n: 2, r2: 32)	 0.000664331	 1         	 0         	 0         	 0.0246624 	 0         
<PITTS::Tensor3<double>> :: void PITTS::fold_left(const MatrixType&, int, Tensor3<T>&) [with T = double; MatrixType = Eigen::Block<const Eigen::Matrix<double, -1, -1>, -1, -1, true>](r1: 2, n: 2, r2: 4)  	 4.0812e-05	 1         	 0         	 0         	 0.00627266	 0         
<PITTS::Tensor3<double>> :: void PITTS::fold_left(const MatrixType&, int, Tensor3<T>&) [with T = double; MatrixType = Eigen::Block<const Eigen::Matrix<double, -1, -1>, -1, -1, true>](r1: 1, n: 2, r2: 2)  	 3.8151e-05	 1         	 0         	 0         	 0.00167754	 0         
<PITTS::Tensor3<double>> :: void PITTS::fold_left(const MatrixType&, int, Tensor3<T>&) [with T = double; MatrixType = Eigen::Block<const Eigen::Matrix<double, -1, -1>, -1, -1, true>](r1: 4, n: 2, r2: 8)  	 3.4911e-05	 1         	 0         	 0         	 0.0293317 	 0         
<PITTS::Tensor3<double>> :: void PITTS::fold_left(const MatrixType&, int, Tensor3<T>&) [with T = double; MatrixType = Eigen::Block<const Eigen::Matrix<double, -1, -1>, -1, -1, true>](r1: 8, n: 2, r2: 16) 	 2.6641e-05	 1         	 0         	 0         	 0.153748  	 0         
<PITTS::Tensor3<double>> :: void PITTS::fold_left(const MatrixType&, int, Tensor3<T>&) [with T = double; MatrixType = Eigen::Block<const Eigen::Matrix<double, -1, -1>, -1, -1, true>](r1: 16, n: 2, r2: 8) 	 1.375e-05 	 1         	 0         	 0         	 0.297891  	 0         
<PITTS::Tensor3<double>> :: void PITTS::fold_left(const MatrixType&, int, Tensor3<T>&) [with T = double; MatrixType = Eigen::Block<const Eigen::Matrix<double, -1, -1>, -1, -1, true>](r1: 8, n: 2, r2: 4)  	 6.68e-06  	 1         	 0         	 0         	 0.153293  	 0         
<PITTS::Tensor3<double>> :: void PITTS::fold_left(const MatrixType&, int, Tensor3<T>&) [with T = double; MatrixType = Eigen::Block<const Eigen::Matrix<double, -1, -1>, -1, -1, true>](r1: 32, n: 2, r2: 16)	 4.8e-06   	 1         	 0         	 0         	 3.41333   	 0         
<PITTS::Tensor3<double>> :: void PITTS::fold_left(const MatrixType&, int, Tensor3<T>&) [with T = double; MatrixType = Eigen::Block<const Eigen::Matrix<double, -1, -1>, -1, -1, true>](r1: 4, n: 2, r2: 2)  	 8.61e-07  	 1         	 0         	 0         	 0.297329  	 0         
<PITTS::Tensor3<double>> :: void PITTS::fold_left(const MatrixType&, int, Tensor3<T>&) [with T = double; MatrixType = Eigen::Matrix<double, -1, -1>](r1: 2, n: 2, r2: 1)                                    	 5.4e-07   	 1         	 0         	 0         	 0.118519  	 0         
Timing statistics:
function                                                                                                                                                                              	 time [s]  	 #calls    
<PITTS::TensorTrain<double>> :: PITTS::TensorTrain<T> PITTS::fromDense_classical(Iter, Iter, const std::vector<int>&, T, int) [with Iter = const double*; T = double]                 	 478.254   	 1         
<PITTS::MultiVector<double>> :: void PITTS::randomize(MultiVector<T>&) [with T = double]                                                                                              	 0.620712  	 1         
<PITTS::Tensor3<double>> :: void PITTS::fold_left(const MatrixType&, int, Tensor3<T>&) [with T = double; MatrixType = Eigen::Block<const Eigen::Matrix<double, -1, -1>, -1, -1, true>]	 0.00536826	 29        
<PITTS::MultiVector<double>> :: void PITTS::MultiVector<T>::resize(long long int, long long int, bool, bool) [with T = double]                                                        	 0.000141755	 1         
<PITTS::Tensor3<double>> :: void PITTS::Tensor3<T>::resize(long long int, long long int, long long int, bool, bool) [with T = double]                                                 	 9.3672e-05	 60        
<PITTS::Tensor3<double>> :: void PITTS::fold_left(const MatrixType&, int, Tensor3<T>&) [with T = double; MatrixType = Eigen::Matrix<double, -1, -1>]                                  	 5.4e-07   	 1         
INFO: You are running LIKWID in a cpuset with 64 CPUs. Taking given IDs as logical ID in cpuset
[1;34m[pthread wrapper] 
[0m[1;34m[pthread wrapper] MAIN -> 0
[0m[1;34m[pthread wrapper] PIN_MASK: [0m[1;34m0->1  [0m[1;34m1->2  [0m[1;34m2->3  [0m[1;34m3->4  [0m[1;34m4->5  [0m[1;34m5->6  [0m[1;34m6->7  [0m[1;34m7->8  [0m[1;34m8->9  [0m[1;34m9->10  [0m[1;34m10->11  [0m[1;34m11->12  [0m[1;34m12->13  [0m[1;34m13->14  [0m[1;34m14->15  [0m[1;34m15->16  [0m[1;34m16->17  [0m[1;34m17->18  [0m[1;34m18->19  [0m[1;34m19->20  [0m[1;34m20->21  [0m[1;34m21->22  [0m[1;34m22->23  [0m[1;34m23->24  [0m[1;34m24->25  [0m[1;34m25->26  [0m[1;34m26->27  [0m[1;34m27->28  [0m[1;34m28->29  [0m[1;34m29->30  [0m[1;34m30->31  [0m[1;34m31->32  [0m[1;34m32->33  [0m[1;34m33->34  [0m[1;34m34->35  [0m[1;34m35->36  [0m[1;34m36->37  [0m[1;34m37->38  [0m[1;34m38->39  [0m[1;34m39->40  [0m[1;34m40->41  [0m[1;34m41->42  [0m[1;34m42->43  [0m[1;34m43->44  [0m[1;34m44->45  [0m[1;34m45->46  [0m[1;34m46->47  [0m[1;34m47->48  [0m[1;34m48->49  [0m[1;34m49->50  [0m[1;34m50->51  [0m[1;34m51->52  [0m[1;34m52->53  [0m[1;34m53->54  [0m[1;34m54->55  [0m[1;34m55->56  [0m[1;34m56->57  [0m[1;34m57->58  [0m[1;34m58->59  [0m[1;34m59->60  [0m[1;34m60->61  [0m[1;34m61->62  [0m[1;34m62->63  [0m[1;34m
[pthread wrapper] SKIP MASK: 0x0
[0m[1;34m	threadid 123688726800192 -> hwthread 1 - OK[0m[1;34m
[0m[1;34m	threadid 123688718403520 -> hwthread 2 - OK[0m[1;34m
[0m[1;34m	threadid 123688710006848 -> hwthread 3 - OK[0m[1;34m
[0m[1;34m	threadid 123688701610176 -> hwthread 4 - OK[0m[1;34m
[0m[1;34m	threadid 123688693213504 -> hwthread 5 - OK[0m[1;34m
[0m[1;34m	threadid 123688347232704 -> hwthread 6 - OK[0m[1;34m
[0m[1;34m	threadid 123688338836032 -> hwthread 7 - OK[0m[1;34m
[0m[1;34m	threadid 123688330439360 -> hwthread 8 - OK[0m[1;34m
[0m[1;34m	threadid 123688322042688 -> hwthread 9 - OK[0m[1;34m
[0m[1;34m	threadid 123688313646016 -> hwthread 10 - OK[0m[1;34m
[0m[1;34m	threadid 123688305249344 -> hwthread 11 - OK[0m[1;34m
[0m[1;34m	threadid 123688296852672 -> hwthread 12 - OK[0m[1;34m
[0m[1;34m	threadid 123687810362688 -> hwthread 13 - OK[0m[1;34m
[0m[1;34m	threadid 123687801966016 -> hwthread 14 - OK[0m[1;34m
[0m[1;34m	threadid 123687793569344 -> hwthread 15 - OK[0m[1;34m
[0m[1;34m	threadid 123687785172672 -> hwthread 16 - OK[0m[1;34m
[0m[1;34m	threadid 123687776776000 -> hwthread 17 - OK[0m[1;34m
[0m[1;34m	threadid 123687768379328 -> hwthread 18 - OK[0m[1;34m
[0m[1;34m	threadid 123687759982656 -> hwthread 19 - OK[0m[1;34m
[0m[1;34m	threadid 123687273492672 -> hwthread 20 - OK[0m[1;34m
[0m[1;34m	threadid 123687265096000 -> hwthread 21 - OK[0m[1;34m
[0m[1;34m	threadid 123687256699328 -> hwthread 22 - OK[0m[1;34m
[0m[1;34m	threadid 123687248302656 -> hwthread 23 - OK[0m[1;34m
[0m[1;34m	threadid 123687239905984 -> hwthread 24 - OK[0m[1;34m
[0m[1;34m	threadid 123687231509312 -> hwthread 25 - OK[0m[1;34m
[0m[1;34m	threadid 123687223112640 -> hwthread 26 - OK[0m[1;34m
[0m[1;34m	threadid 123686736622656 -> hwthread 27 - OK[0m[1;34m
[0m[1;34m	threadid 123686728225984 -> hwthread 28 - OK[0m[1;34m
[0m[1;34m	threadid 123686719829312 -> hwthread 29 - OK[0m[1;34m
[0m[1;34m	threadid 123686711432640 -> hwthread 30 - OK[0m[1;34m
[0m[1;34m	threadid 123686703035968 -> hwthread 31 - OK[0m[1;34m
[0m[1;34m	threadid 123686694639296 -> hwthread 32 - OK[0m[1;34m
[0m[1;34m	threadid 123686686238528 -> hwthread 33 - OK[0m[1;34m
[0m[1;34m	threadid 123686199748544 -> hwthread 34 - OK[0m[1;34m
[0m[1;34m	threadid 123686191347776 -> hwthread 35 - OK[0m[1;34m
[0m[1;34m	threadid 123686182947008 -> hwthread 36 - OK[0m[1;34m
[0m[1;34m	threadid 123686174546240 -> hwthread 37 - OK[0m[1;34m
[0m[1;34m	threadid 123686166145472 -> hwthread 38 - OK[0m[1;34m
[0m[1;34m	threadid 123686157744704 -> hwthread 39 - OK[0m[1;34m
[0m[1;34m	threadid 123686149343936 -> hwthread 40 - OK[0m[1;34m
[0m[1;34m	threadid 123685662878528 -> hwthread 41 - OK[0m[1;34m
[0m[1;34m	threadid 123685654477760 -> hwthread 42 - OK[0m[1;34m
[0m[1;34m	threadid 123685646076992 -> hwthread 43 - OK[0m[1;34m
[0m[1;34m	threadid 123685637676224 -> hwthread 44 - OK[0m[1;34m
[0m[1;34m	threadid 123685629275456 -> hwthread 45 - OK[0m[1;34m
[0m[1;34m	threadid 123685620874688 -> hwthread 46 - OK[0m[1;34m
[0m[1;34m	threadid 123685612473920 -> hwthread 47 - OK[0m[1;34m
[0m[1;34m	threadid 123685126008512 -> hwthread 48 - OK[0m[1;34m
[0m[1;34m	threadid 123685117607744 -> hwthread 49 - OK[0m[1;34m
[0m[1;34m	threadid 123685109206976 -> hwthread 50 - OK[0m[1;34m
[0m[1;34m	threadid 123685100806208 -> hwthread 51 - OK[0m[1;34m
[0m[1;34m	threadid 123685092405440 -> hwthread 52 - OK[0m[1;34m
[0m[1;34m	threadid 123685084004672 -> hwthread 53 - OK[0m[1;34m
[0m[1;34m	threadid 123685075603904 -> hwthread 54 - OK[0m[1;34m
[0m[1;34m	threadid 123684589138496 -> hwthread 55 - OK[0m[1;34m
[0m[1;34m	threadid 123684580737728 -> hwthread 56 - OK[0m[1;34m
[0m[1;34m	threadid 123684572336960 -> hwthread 57 - OK[0m[1;34m
[0m[1;34m	threadid 123684563936192 -> hwthread 58 - OK[0m[1;34m
[0m[1;34m	threadid 123684555535424 -> hwthread 59 - OK[0m[1;34m
[0m[1;34m	threadid 123684547134656 -> hwthread 60 - OK[0m[1;34m
[0m[1;34m	threadid 123684538733888 -> hwthread 61 - OK[0m[1;34m
[0m[1;34m	threadid 123684052268480 -> hwthread 62 - OK[0m[1;34m
[0m[1;34m	threadid 123684043867712 -> hwthread 63 - OK[0m[1;34m
[0m[1;34mRoundrobin placement triggered
	threadid 123684035466944 -> hwthread 0 - OK[0m[1;34m
[0m[1;34m	threadid 123684027074240 -> hwthread 1 - OK[0m[1;34m
[0mPITTS: version v0.9.6-2-g6da1bf0-dirty
PITTS: MPI #procs: 1
PITTS: OpenMP #threads: 64
PITTS: SIMD implementation: avx2
PITTS: Eigen SIMD implementation: AVX SSE, SSE2, SSE3, SSSE3, SSE4.1, SSE4.2
PITTS: cache sizes (L1/core, L2/core, L3/accessible) [byte]: (32768, 524288, 805306368)
PITTS: preprocessor definitions: PITTS_DIRECT_MKL_GEMM
Performance statistics:
function                                                                                                                                                                                                    	 time [s]  	 #calls    	 GFlop/s DP	 GFlop/s SP	 GByte/s   	Flops/Byte
<PITTS::MultiVector<double>> :: void PITTS::randomize(MultiVector<T>&) [with T = double](rows: 1073741824, cols: 1)                                                                                         	 0.621307  	 1         	 0         	 0         	 13.8256   	 0         
<PITTS::Tensor3<double>> :: void PITTS::fold_left(const MatrixType&, int, Tensor3<T>&) [with T = double; MatrixType = Eigen::Block<const Eigen::Matrix<double, -1, -1>, -1, -1, true>](r1: 33, n: 2, r2: 33)	 0.00393906	 18        	 0         	 0         	 0.159242  	 0         
<PITTS::Tensor3<double>> :: void PITTS::fold_left(const MatrixType&, int, Tensor3<T>&) [with T = double; MatrixType = Eigen::Block<const Eigen::Matrix<double, -1, -1>, -1, -1, true>](r1: 32, n: 2, r2: 33)	 0.00111087	 1         	 0         	 0         	 0.0304193 	 0         
<PITTS::Tensor3<double>> :: void PITTS::fold_left(const MatrixType&, int, Tensor3<T>&) [with T = double; MatrixType = Eigen::Block<const Eigen::Matrix<double, -1, -1>, -1, -1, true>](r1: 16, n: 2, r2: 32)	 0.000921238	 1         	 0         	 0         	 0.0177848 	 0         
<PITTS::Tensor3<double>> :: void PITTS::fold_left(const MatrixType&, int, Tensor3<T>&) [with T = double; MatrixType = Eigen::Block<const Eigen::Matrix<double, -1, -1>, -1, -1, true>](r1: 2, n: 2, r2: 4)  	 4.2322e-05	 1         	 0         	 0         	 0.00604886	 0         
<PITTS::Tensor3<double>> :: void PITTS::fold_left(const MatrixType&, int, Tensor3<T>&) [with T = double; MatrixType = Eigen::Block<const Eigen::Matrix<double, -1, -1>, -1, -1, true>](r1: 1, n: 2, r2: 2)  	 3.6451e-05	 1         	 0         	 0         	 0.00175578	 0         
<PITTS::Tensor3<double>> :: void PITTS::fold_left(const MatrixType&, int, Tensor3<T>&) [with T = double; MatrixType = Eigen::Block<const Eigen::Matrix<double, -1, -1>, -1, -1, true>](r1: 8, n: 2, r2: 16) 	 2.9261e-05	 1         	 0         	 0         	 0.139982  	 0         
<PITTS::Tensor3<double>> :: void PITTS::fold_left(const MatrixType&, int, Tensor3<T>&) [with T = double; MatrixType = Eigen::Block<const Eigen::Matrix<double, -1, -1>, -1, -1, true>](r1: 4, n: 2, r2: 8)  	 2.5361e-05	 1         	 0         	 0         	 0.040377  	 0         
<PITTS::Tensor3<double>> :: void PITTS::fold_left(const MatrixType&, int, Tensor3<T>&) [with T = double; MatrixType = Eigen::Block<const Eigen::Matrix<double, -1, -1>, -1, -1, true>](r1: 16, n: 2, r2: 8) 	 1.26e-05  	 1         	 0         	 0         	 0.325079  	 0         
<PITTS::Tensor3<double>> :: void PITTS::fold_left(const MatrixType&, int, Tensor3<T>&) [with T = double; MatrixType = Eigen::Block<const Eigen::Matrix<double, -1, -1>, -1, -1, true>](r1: 33, n: 2, r2: 32)	 4.711e-06 	 1         	 0         	 0         	 7.173     	 0         
<PITTS::Tensor3<double>> :: void PITTS::fold_left(const MatrixType&, int, Tensor3<T>&) [with T = double; MatrixType = Eigen::Block<const Eigen::Matrix<double, -1, -1>, -1, -1, true>](r1: 32, n: 2, r2: 16)	 4.491e-06 	 1         	 0         	 0         	 3.64819   	 0         
<PITTS::Tensor3<double>> :: void PITTS::fold_left(const MatrixType&, int, Tensor3<T>&) [with T = double; MatrixType = Eigen::Block<const Eigen::Matrix<double, -1, -1>, -1, -1, true>](r1: 8, n: 2, r2: 4)  	 3.56e-06  	 1         	 0         	 0         	 0.28764   	 0         
<PITTS::Tensor3<double>> :: void PITTS::fold_left(const MatrixType&, int, Tensor3<T>&) [with T = double; MatrixType = Eigen::Block<const Eigen::Matrix<double, -1, -1>, -1, -1, true>](r1: 4, n: 2, r2: 2)  	 1.01e-06  	 1         	 0         	 0         	 0.253465  	 0         
<PITTS::Tensor3<double>> :: void PITTS::fold_left(const MatrixType&, int, Tensor3<T>&) [with T = double; MatrixType = Eigen::Matrix<double, -1, -1>](r1: 2, n: 2, r2: 1)                                    	 5.5e-07   	 1         	 0         	 0         	 0.116364  	 0         
Timing statistics:
function                                                                                                                                                                              	 time [s]  	 #calls    
<PITTS::TensorTrain<double>> :: PITTS::TensorTrain<T> PITTS::fromDense_classical(Iter, Iter, const std::vector<int>&, T, int) [with Iter = const double*; T = double]                 	 485.87    	 1         
<PITTS::MultiVector<double>> :: void PITTS::randomize(MultiVector<T>&) [with T = double]                                                                                              	 0.621307  	 1         
<PITTS::Tensor3<double>> :: void PITTS::fold_left(const MatrixType&, int, Tensor3<T>&) [with T = double; MatrixType = Eigen::Block<const Eigen::Matrix<double, -1, -1>, -1, -1, true>]	 0.00613094	 29        
<PITTS::MultiVector<double>> :: void PITTS::MultiVector<T>::resize(long long int, long long int, bool, bool) [with T = double]                                                        	 0.000137884	 1         
<PITTS::Tensor3<double>> :: void PITTS::Tensor3<T>::resize(long long int, long long int, long long int, bool, bool) [with T = double]                                                 	 8.7081e-05	 60        
<PITTS::Tensor3<double>> :: void PITTS::fold_left(const MatrixType&, int, Tensor3<T>&) [with T = double; MatrixType = Eigen::Matrix<double, -1, -1>]                                  	 5.5e-07   	 1         
INFO: You are running LIKWID in a cpuset with 64 CPUs. Taking given IDs as logical ID in cpuset
[1;34m[pthread wrapper] 
[0m[1;34m[pthread wrapper] MAIN -> 0
[0m[1;34m[pthread wrapper] PIN_MASK: [0m[1;34m0->1  [0m[1;34m1->2  [0m[1;34m2->3  [0m[1;34m3->4  [0m[1;34m4->5  [0m[1;34m5->6  [0m[1;34m6->7  [0m[1;34m7->8  [0m[1;34m8->9  [0m[1;34m9->10  [0m[1;34m10->11  [0m[1;34m11->12  [0m[1;34m12->13  [0m[1;34m13->14  [0m[1;34m14->15  [0m[1;34m15->16  [0m[1;34m16->17  [0m[1;34m17->18  [0m[1;34m18->19  [0m[1;34m19->20  [0m[1;34m20->21  [0m[1;34m21->22  [0m[1;34m22->23  [0m[1;34m23->24  [0m[1;34m24->25  [0m[1;34m25->26  [0m[1;34m26->27  [0m[1;34m27->28  [0m[1;34m28->29  [0m[1;34m29->30  [0m[1;34m30->31  [0m[1;34m31->32  [0m[1;34m32->33  [0m[1;34m33->34  [0m[1;34m34->35  [0m[1;34m35->36  [0m[1;34m36->37  [0m[1;34m37->38  [0m[1;34m38->39  [0m[1;34m39->40  [0m[1;34m40->41  [0m[1;34m41->42  [0m[1;34m42->43  [0m[1;34m43->44  [0m[1;34m44->45  [0m[1;34m45->46  [0m[1;34m46->47  [0m[1;34m47->48  [0m[1;34m48->49  [0m[1;34m49->50  [0m[1;34m50->51  [0m[1;34m51->52  [0m[1;34m52->53  [0m[1;34m53->54  [0m[1;34m54->55  [0m[1;34m55->56  [0m[1;34m56->57  [0m[1;34m57->58  [0m[1;34m58->59  [0m[1;34m59->60  [0m[1;34m60->61  [0m[1;34m61->62  [0m[1;34m62->63  [0m[1;34m
[pthread wrapper] SKIP MASK: 0x0
[0m[1;34m	threadid 128858678339392 -> hwthread 1 - OK[0m[1;34m
[0m[1;34m	threadid 128858669942720 -> hwthread 2 - OK[0m[1;34m
[0m[1;34m	threadid 128858661546048 -> hwthread 3 - OK[0m[1;34m
[0m[1;34m	threadid 128858653149376 -> hwthread 4 - OK[0m[1;34m
[0m[1;34m	threadid 128858644752704 -> hwthread 5 - OK[0m[1;34m
[0m[1;34m	threadid 128858636356032 -> hwthread 6 - OK[0m[1;34m
[0m[1;34m	threadid 128858627959360 -> hwthread 7 - OK[0m[1;34m
[0m[1;34m	threadid 128858145680064 -> hwthread 8 - OK[0m[1;34m
[0m[1;34m	threadid 128858137283392 -> hwthread 9 - OK[0m[1;34m
[0m[1;34m	threadid 128858128886720 -> hwthread 10 - OK[0m[1;34m
[0m[1;34m	threadid 128858120490048 -> hwthread 11 - OK[0m[1;34m
[0m[1;34m	threadid 128858112093376 -> hwthread 12 - OK[0m[1;34m
[0m[1;34m	threadid 128858103696704 -> hwthread 13 - OK[0m[1;34m
[0m[1;34m	threadid 128858095300032 -> hwthread 14 - OK[0m[1;34m
[0m[1;34m	threadid 128857608810048 -> hwthread 15 - OK[0m[1;34m
[0m[1;34m	threadid 128857600413376 -> hwthread 16 - OK[0m[1;34m
[0m[1;34m	threadid 128857592016704 -> hwthread 17 - OK[0m[1;34m
[0m[1;34m	threadid 128857583620032 -> hwthread 18 - OK[0m[1;34m
[0m[1;34m	threadid 128857575223360 -> hwthread 19 - OK[0m[1;34m
[0m[1;34m	threadid 128857566826688 -> hwthread 20 - OK[0m[1;34m
[0m[1;34m	threadid 128857558430016 -> hwthread 21 - OK[0m[1;34m
[0m[1;34m	threadid 128857071940032 -> hwthread 22 - OK[0m[1;34m
[0m[1;34m	threadid 128857063543360 -> hwthread 23 - OK[0m[1;34m
[0m[1;34m	threadid 128857055146688 -> hwthread 24 - OK[0m[1;34m
[0m[1;34m	threadid 128857046750016 -> hwthread 25 - OK[0m[1;34m
[0m[1;34m	threadid 128857038353344 -> hwthread 26 - OK[0m[1;34m
[0m[1;34m	threadid 128857029956672 -> hwthread 27 - OK[0m[1;34m
[0m[1;34m	threadid 128857021560000 -> hwthread 28 - OK[0m[1;34m
[0m[1;34m	threadid 128856535070016 -> hwthread 29 - OK[0m[1;34m
[0m[1;34m	threadid 128856526673344 -> hwthread 30 - OK[0m[1;34m
[0m[1;34m	threadid 128856518276672 -> hwthread 31 - OK[0m[1;34m
[0m[1;34m	threadid 128856509880000 -> hwthread 32 - OK[0m[1;34m
[0m[1;34m	threadid 128856501479232 -> hwthread 33 - OK[0m[1;34m
[0m[1;34m	threadid 128856493078464 -> hwthread 34 - OK[0m[1;34m
[0m[1;34m	threadid 128856484677696 -> hwthread 35 - OK[0m[1;34m
[0m[1;34m	threadid 128855998195904 -> hwthread 36 - OK[0m[1;34m
[0m[1;34m	threadid 128855989795136 -> hwthread 37 - OK[0m[1;34m
[0m[1;34m	threadid 128855981394368 -> hwthread 38 - OK[0m[1;34m
[0m[1;34m	threadid 128855972993600 -> hwthread 39 - OK[0m[1;34m
[0m[1;34m	threadid 128855964592832 -> hwthread 40 - OK[0m[1;34m
[0m[1;34m	threadid 128855956192064 -> hwthread 41 - OK[0m[1;34m
[0m[1;34m	threadid 128855947791296 -> hwthread 42 - OK[0m[1;34m
[0m[1;34m	threadid 128855461325888 -> hwthread 43 - OK[0m[1;34m
[0m[1;34m	threadid 128855452925120 -> hwthread 44 - OK[0m[1;34m
[0m[1;34m	threadid 128855444524352 -> hwthread 45 - OK[0m[1;34m
[0m[1;34m	threadid 128855436123584 -> hwthread 46 - OK[0m[1;34m
[0m[1;34m	threadid 128855427722816 -> hwthread 47 - OK[0m[1;34m
[0m[1;34m	threadid 128855419322048 -> hwthread 48 - OK[0m[1;34m
[0m[1;34m	threadid 128855410921280 -> hwthread 49 - OK[0m[1;34m
[0m[1;34m	threadid 128854924455872 -> hwthread 50 - OK[0m[1;34m
[0m[1;34m	threadid 128854916055104 -> hwthread 51 - OK[0m[1;34m
[0m[1;34m	threadid 128854907654336 -> hwthread 52 - OK[0m[1;34m
[0m[1;34m	threadid 128854899253568 -> hwthread 53 - OK[0m[1;34m
[0m[1;34m	threadid 128854890852800 -> hwthread 54 - OK[0m[1;34m
[0m[1;34m	threadid 128854882452032 -> hwthread 55 - OK[0m[1;34m
[0m[1;34m	threadid 128854874051264 -> hwthread 56 - OK[0m[1;34m
[0m[1;34m	threadid 128854387585856 -> hwthread 57 - OK[0m[1;34m
[0m[1;34m	threadid 128854379185088 -> hwthread 58 - OK[0m[1;34m
[0m[1;34m	threadid 128854370784320 -> hwthread 59 - OK[0m[1;34m
[0m[1;34m	threadid 128854362383552 -> hwthread 60 - OK[0m[1;34m
[0m[1;34m	threadid 128854353982784 -> hwthread 61 - OK[0m[1;34m
[0m[1;34m	threadid 128854345582016 -> hwthread 62 - OK[0m[1;34m
[0m[1;34m	threadid 128854337181248 -> hwthread 63 - OK[0m[1;34m
[0m[1;34mRoundrobin placement triggered
	threadid 128853850715840 -> hwthread 0 - OK[0m[1;34m
[0m[1;34m	threadid 128853842323136 -> hwthread 1 - OK[0m[1;34m
[0mPITTS: version v0.9.6-2-g6da1bf0-dirty
PITTS: MPI #procs: 1
PITTS: OpenMP #threads: 64
PITTS: SIMD implementation: avx2
PITTS: Eigen SIMD implementation: AVX SSE, SSE2, SSE3, SSSE3, SSE4.1, SSE4.2
PITTS: cache sizes (L1/core, L2/core, L3/accessible) [byte]: (32768, 524288, 805306368)
PITTS: preprocessor definitions: PITTS_DIRECT_MKL_GEMM
Performance statistics:
function                                                                                                                                                                                                    	 time [s]  	 #calls    	 GFlop/s DP	 GFlop/s SP	 GByte/s   	Flops/Byte
<PITTS::MultiVector<double>> :: void PITTS::randomize(MultiVector<T>&) [with T = double](rows: 1073741824, cols: 1)                                                                                         	 0.618956  	 1         	 0         	 0         	 13.8781   	 0         
<PITTS::Tensor3<double>> :: void PITTS::fold_left(const MatrixType&, int, Tensor3<T>&) [with T = double; MatrixType = Eigen::Block<const Eigen::Matrix<double, -1, -1>, -1, -1, true>](r1: 34, n: 2, r2: 34)	 0.00335905	 18        	 0         	 0         	 0.198228  	 0         
<PITTS::Tensor3<double>> :: void PITTS::fold_left(const MatrixType&, int, Tensor3<T>&) [with T = double; MatrixType = Eigen::Block<const Eigen::Matrix<double, -1, -1>, -1, -1, true>](r1: 32, n: 2, r2: 34)	 0.000727181	 1         	 0         	 0         	 0.047878  	 0         
<PITTS::Tensor3<double>> :: void PITTS::fold_left(const MatrixType&, int, Tensor3<T>&) [with T = double; MatrixType = Eigen::Block<const Eigen::Matrix<double, -1, -1>, -1, -1, true>](r1: 16, n: 2, r2: 32)	 0.00068407	 1         	 0         	 0         	 0.0239508 	 0         
<PITTS::Tensor3<double>> :: void PITTS::fold_left(const MatrixType&, int, Tensor3<T>&) [with T = double; MatrixType = Eigen::Block<const Eigen::Matrix<double, -1, -1>, -1, -1, true>](r1: 2, n: 2, r2: 4)  	 4.1872e-05	 1         	 0         	 0         	 0.00611387	 0         
<PITTS::Tensor3<double>> :: void PITTS::fold_left(const MatrixType&, int, Tensor3<T>&) [with T = double; MatrixType = Eigen::Block<const Eigen::Matrix<double, -1, -1>, -1, -1, true>](r1: 1, n: 2, r2: 2)  	 3.9912e-05	 1         	 0         	 0         	 0.00160353	 0         
<PITTS::Tensor3<double>> :: void PITTS::fold_left(const MatrixType&, int, Tensor3<T>&) [with T = double; MatrixType = Eigen::Block<const Eigen::Matrix<double, -1, -1>, -1, -1, true>](r1: 4, n: 2, r2: 8)  	 2.8231e-05	 1         	 0         	 0         	 0.0362722 	 0         
<PITTS::Tensor3<double>> :: void PITTS::fold_left(const MatrixType&, int, Tensor3<T>&) [with T = double; MatrixType = Eigen::Block<const Eigen::Matrix<double, -1, -1>, -1, -1, true>](r1: 8, n: 2, r2: 16) 	 2.6411e-05	 1         	 0         	 0         	 0.155087  	 0         
<PITTS::Tensor3<double>> :: void PITTS::fold_left(const MatrixType&, int, Tensor3<T>&) [with T = double; MatrixType = Eigen::Block<const Eigen::Matrix<double, -1, -1>, -1, -1, true>](r1: 16, n: 2, r2: 8) 	 1.1061e-05	 1         	 0         	 0         	 0.37031   	 0         
<PITTS::Tensor3<double>> :: void PITTS::fold_left(const MatrixType&, int, Tensor3<T>&) [with T = double; MatrixType = Eigen::Block<const Eigen::Matrix<double, -1, -1>, -1, -1, true>](r1: 34, n: 2, r2: 32)	 4.88e-06  	 1         	 0         	 0         	 7.13443   	 0         
<PITTS::Tensor3<double>> :: void PITTS::fold_left(const MatrixType&, int, Tensor3<T>&) [with T = double; MatrixType = Eigen::Block<const Eigen::Matrix<double, -1, -1>, -1, -1, true>](r1: 32, n: 2, r2: 16)	 4.78e-06  	 1         	 0         	 0         	 3.42762   	 0         
<PITTS::Tensor3<double>> :: void PITTS::fold_left(const MatrixType&, int, Tensor3<T>&) [with T = double; MatrixType = Eigen::Block<const Eigen::Matrix<double, -1, -1>, -1, -1, true>](r1: 8, n: 2, r2: 4)  	 3.7e-06   	 1         	 0         	 0         	 0.276757  	 0         
<PITTS::Tensor3<double>> :: void PITTS::fold_left(const MatrixType&, int, Tensor3<T>&) [with T = double; MatrixType = Eigen::Block<const Eigen::Matrix<double, -1, -1>, -1, -1, true>](r1: 4, n: 2, r2: 2)  	 1.04e-06  	 1         	 0         	 0         	 0.246154  	 0         
<PITTS::Tensor3<double>> :: void PITTS::fold_left(const MatrixType&, int, Tensor3<T>&) [with T = double; MatrixType = Eigen::Matrix<double, -1, -1>](r1: 2, n: 2, r2: 1)                                    	 5.4e-07   	 1         	 0         	 0         	 0.118519  	 0         
Timing statistics:
function                                                                                                                                                                              	 time [s]  	 #calls    
<PITTS::TensorTrain<double>> :: PITTS::TensorTrain<T> PITTS::fromDense_classical(Iter, Iter, const std::vector<int>&, T, int) [with Iter = const double*; T = double]                 	 491.375   	 1         
<PITTS::MultiVector<double>> :: void PITTS::randomize(MultiVector<T>&) [with T = double]                                                                                              	 0.618956  	 1         
<PITTS::Tensor3<double>> :: void PITTS::fold_left(const MatrixType&, int, Tensor3<T>&) [with T = double; MatrixType = Eigen::Block<const Eigen::Matrix<double, -1, -1>, -1, -1, true>]	 0.00493218	 29        
<PITTS::MultiVector<double>> :: void PITTS::MultiVector<T>::resize(long long int, long long int, bool, bool) [with T = double]                                                        	 0.000122454	 1         
<PITTS::Tensor3<double>> :: void PITTS::Tensor3<T>::resize(long long int, long long int, long long int, bool, bool) [with T = double]                                                 	 9.3744e-05	 60        
<PITTS::Tensor3<double>> :: void PITTS::fold_left(const MatrixType&, int, Tensor3<T>&) [with T = double; MatrixType = Eigen::Matrix<double, -1, -1>]                                  	 5.4e-07   	 1         
INFO: You are running LIKWID in a cpuset with 64 CPUs. Taking given IDs as logical ID in cpuset
[1;34m[pthread wrapper] 
[0m[1;34m[pthread wrapper] MAIN -> 0
[0m[1;34m[pthread wrapper] PIN_MASK: [0m[1;34m0->1  [0m[1;34m1->2  [0m[1;34m2->3  [0m[1;34m3->4  [0m[1;34m4->5  [0m[1;34m5->6  [0m[1;34m6->7  [0m[1;34m7->8  [0m[1;34m8->9  [0m[1;34m9->10  [0m[1;34m10->11  [0m[1;34m11->12  [0m[1;34m12->13  [0m[1;34m13->14  [0m[1;34m14->15  [0m[1;34m15->16  [0m[1;34m16->17  [0m[1;34m17->18  [0m[1;34m18->19  [0m[1;34m19->20  [0m[1;34m20->21  [0m[1;34m21->22  [0m[1;34m22->23  [0m[1;34m23->24  [0m[1;34m24->25  [0m[1;34m25->26  [0m[1;34m26->27  [0m[1;34m27->28  [0m[1;34m28->29  [0m[1;34m29->30  [0m[1;34m30->31  [0m[1;34m31->32  [0m[1;34m32->33  [0m[1;34m33->34  [0m[1;34m34->35  [0m[1;34m35->36  [0m[1;34m36->37  [0m[1;34m37->38  [0m[1;34m38->39  [0m[1;34m39->40  [0m[1;34m40->41  [0m[1;34m41->42  [0m[1;34m42->43  [0m[1;34m43->44  [0m[1;34m44->45  [0m[1;34m45->46  [0m[1;34m46->47  [0m[1;34m47->48  [0m[1;34m48->49  [0m[1;34m49->50  [0m[1;34m50->51  [0m[1;34m51->52  [0m[1;34m52->53  [0m[1;34m53->54  [0m[1;34m54->55  [0m[1;34m55->56  [0m[1;34m56->57  [0m[1;34m57->58  [0m[1;34m58->59  [0m[1;34m59->60  [0m[1;34m60->61  [0m[1;34m61->62  [0m[1;34m62->63  [0m[1;34m
[pthread wrapper] SKIP MASK: 0x0
[0m[1;34m	threadid 137463481739072 -> hwthread 1 - OK[0m[1;34m
[0m[1;34m	threadid 137463473342400 -> hwthread 2 - OK[0m[1;34m
[0m[1;34m	threadid 137463464945728 -> hwthread 3 - OK[0m[1;34m
[0m[1;34m	threadid 137463246874816 -> hwthread 4 - OK[0m[1;34m
[0m[1;34m	threadid 137463238478144 -> hwthread 5 - OK[0m[1;34m
[0m[1;34m	threadid 137463230081472 -> hwthread 6 - OK[0m[1;34m
[0m[1;34m	threadid 137463221684800 -> hwthread 7 - OK[0m[1;34m
[0m[1;34m	threadid 137463213288128 -> hwthread 8 - OK[0m[1;34m
[0m[1;34m	threadid 137463204891456 -> hwthread 9 - OK[0m[1;34m
[0m[1;34m	threadid 137463196494784 -> hwthread 10 - OK[0m[1;34m
[0m[1;34m	threadid 137462710004800 -> hwthread 11 - OK[0m[1;34m
[0m[1;34m	threadid 137462701608128 -> hwthread 12 - OK[0m[1;34m
[0m[1;34m	threadid 137462693211456 -> hwthread 13 - OK[0m[1;34m
[0m[1;34m	threadid 137462684814784 -> hwthread 14 - OK[0m[1;34m
[0m[1;34m	threadid 137462676418112 -> hwthread 15 - OK[0m[1;34m
[0m[1;34m	threadid 137462668021440 -> hwthread 16 - OK[0m[1;34m
[0m[1;34m	threadid 137462659624768 -> hwthread 17 - OK[0m[1;34m
[0m[1;34m	threadid 137462173134784 -> hwthread 18 - OK[0m[1;34m
[0m[1;34m	threadid 137462164738112 -> hwthread 19 - OK[0m[1;34m
[0m[1;34m	threadid 137462156341440 -> hwthread 20 - OK[0m[1;34m
[0m[1;34m	threadid 137462147944768 -> hwthread 21 - OK[0m[1;34m
[0m[1;34m	threadid 137462139548096 -> hwthread 22 - OK[0m[1;34m
[0m[1;34m	threadid 137462131151424 -> hwthread 23 - OK[0m[1;34m
[0m[1;34m	threadid 137462122754752 -> hwthread 24 - OK[0m[1;34m
[0m[1;34m	threadid 137461636264768 -> hwthread 25 - OK[0m[1;34m
[0m[1;34m	threadid 137461627868096 -> hwthread 26 - OK[0m[1;34m
[0m[1;34m	threadid 137461619471424 -> hwthread 27 - OK[0m[1;34m
[0m[1;34m	threadid 137461611074752 -> hwthread 28 - OK[0m[1;34m
[0m[1;34m	threadid 137461602678080 -> hwthread 29 - OK[0m[1;34m
[0m[1;34m	threadid 137461594281408 -> hwthread 30 - OK[0m[1;34m
[0m[1;34m	threadid 137461585884736 -> hwthread 31 - OK[0m[1;34m
[0m[1;34m	threadid 137461099394752 -> hwthread 32 - OK[0m[1;34m
[0m[1;34m	threadid 137461090993984 -> hwthread 33 - OK[0m[1;34m
[0m[1;34m	threadid 137461082593216 -> hwthread 34 - OK[0m[1;34m
[0m[1;34m	threadid 137461074192448 -> hwthread 35 - OK[0m[1;34m
[0m[1;34m	threadid 137461065791680 -> hwthread 36 - OK[0m[1;34m
[0m[1;34m	threadid 137461057390912 -> hwthread 37 - OK[0m[1;34m
[0m[1;34m	threadid 137461048990144 -> hwthread 38 - OK[0m[1;34m
[0m[1;34m	threadid 137460562520640 -> hwthread 39 - OK[0m[1;34m
[0m[1;34m	threadid 137460554119872 -> hwthread 40 - OK[0m[1;34m
[0m[1;34m	threadid 137460545719104 -> hwthread 41 - OK[0m[1;34m
[0m[1;34m	threadid 137460537318336 -> hwthread 42 - OK[0m[1;34m
[0m[1;34m	threadid 137460528917568 -> hwthread 43 - OK[0m[1;34m
[0m[1;34m	threadid 137460520516800 -> hwthread 44 - OK[0m[1;34m
[0m[1;34m	threadid 137460512116032 -> hwthread 45 - OK[0m[1;34m
[0m[1;34m	threadid 137460025650624 -> hwthread 46 - OK[0m[1;34m
[0m[1;34m	threadid 137460017249856 -> hwthread 47 - OK[0m[1;34m
[0m[1;34m	threadid 137460008849088 -> hwthread 48 - OK[0m[1;34m
[0m[1;34m	threadid 137460000448320 -> hwthread 49 - OK[0m[1;34m
[0m[1;34m	threadid 137459992047552 -> hwthread 50 - OK[0m[1;34m
[0m[1;34m	threadid 137459983646784 -> hwthread 51 - OK[0m[1;34m
[0m[1;34m	threadid 137459975246016 -> hwthread 52 - OK[0m[1;34m
[0m[1;34m	threadid 137459488780608 -> hwthread 53 - OK[0m[1;34m
[0m[1;34m	threadid 137459480379840 -> hwthread 54 - OK[0m[1;34m
[0m[1;34m	threadid 137459471979072 -> hwthread 55 - OK[0m[1;34m
[0m[1;34m	threadid 137459463578304 -> hwthread 56 - OK[0m[1;34m
[0m[1;34m	threadid 137459455177536 -> hwthread 57 - OK[0m[1;34m
[0m[1;34m	threadid 137459446776768 -> hwthread 58 - OK[0m[1;34m
[0m[1;34m	threadid 137459438376000 -> hwthread 59 - OK[0m[1;34m
[0m[1;34m	threadid 137458951910592 -> hwthread 60 - OK[0m[1;34m
[0m[1;34m	threadid 137458943509824 -> hwthread 61 - OK[0m[1;34m
[0m[1;34m	threadid 137458935109056 -> hwthread 62 - OK[0m[1;34m
[0m[1;34m	threadid 137458926708288 -> hwthread 63 - OK[0m[1;34m
[0m[1;34mRoundrobin placement triggered
	threadid 137458918307520 -> hwthread 0 - OK[0m[1;34m
[0m[1;34m	threadid 137458909914816 -> hwthread 1 - OK[0m[1;34m
[0mPITTS: version v0.9.6-2-g6da1bf0-dirty
PITTS: MPI #procs: 1
PITTS: OpenMP #threads: 64
PITTS: SIMD implementation: avx2
PITTS: Eigen SIMD implementation: AVX SSE, SSE2, SSE3, SSSE3, SSE4.1, SSE4.2
PITTS: cache sizes (L1/core, L2/core, L3/accessible) [byte]: (32768, 524288, 805306368)
PITTS: preprocessor definitions: PITTS_DIRECT_MKL_GEMM
Performance statistics:
function                                                                                                                                                                                                    	 time [s]  	 #calls    	 GFlop/s DP	 GFlop/s SP	 GByte/s   	Flops/Byte
<PITTS::MultiVector<double>> :: void PITTS::randomize(MultiVector<T>&) [with T = double](rows: 1073741824, cols: 1)                                                                                         	 0.619531  	 1         	 0         	 0         	 13.8652   	 0         
<PITTS::Tensor3<double>> :: void PITTS::fold_left(const MatrixType&, int, Tensor3<T>&) [with T = double; MatrixType = Eigen::Block<const Eigen::Matrix<double, -1, -1>, -1, -1, true>](r1: 35, n: 2, r2: 35)	 0.00349944	 18        	 0         	 0         	 0.201632  	 0         
<PITTS::Tensor3<double>> :: void PITTS::fold_left(const MatrixType&, int, Tensor3<T>&) [with T = double; MatrixType = Eigen::Block<const Eigen::Matrix<double, -1, -1>, -1, -1, true>](r1: 16, n: 2, r2: 32)	 0.000738751	 1         	 0         	 0         	 0.022178  	 0         
<PITTS::Tensor3<double>> :: void PITTS::fold_left(const MatrixType&, int, Tensor3<T>&) [with T = double; MatrixType = Eigen::Block<const Eigen::Matrix<double, -1, -1>, -1, -1, true>](r1: 32, n: 2, r2: 35)	 0.00066353	 1         	 0         	 0         	 0.0540141 	 0         
<PITTS::Tensor3<double>> :: void PITTS::fold_left(const MatrixType&, int, Tensor3<T>&) [with T = double; MatrixType = Eigen::Block<const Eigen::Matrix<double, -1, -1>, -1, -1, true>](r1: 1, n: 2, r2: 2)  	 3.7101e-05	 1         	 0         	 0         	 0.00172502	 0         
<PITTS::Tensor3<double>> :: void PITTS::fold_left(const MatrixType&, int, Tensor3<T>&) [with T = double; MatrixType = Eigen::Block<const Eigen::Matrix<double, -1, -1>, -1, -1, true>](r1: 2, n: 2, r2: 4)  	 3.6762e-05	 1         	 0         	 0         	 0.00696371	 0         
<PITTS::Tensor3<double>> :: void PITTS::fold_left(const MatrixType&, int, Tensor3<T>&) [with T = double; MatrixType = Eigen::Block<const Eigen::Matrix<double, -1, -1>, -1, -1, true>](r1: 8, n: 2, r2: 16) 	 3.2151e-05	 1         	 0         	 0         	 0.127399  	 0         
<PITTS::Tensor3<double>> :: void PITTS::fold_left(const MatrixType&, int, Tensor3<T>&) [with T = double; MatrixType = Eigen::Block<const Eigen::Matrix<double, -1, -1>, -1, -1, true>](r1: 4, n: 2, r2: 8)  	 3.0481e-05	 1         	 0         	 0         	 0.0335947 	 0         
<PITTS::Tensor3<double>> :: void PITTS::fold_left(const MatrixType&, int, Tensor3<T>&) [with T = double; MatrixType = Eigen::Block<const Eigen::Matrix<double, -1, -1>, -1, -1, true>](r1: 16, n: 2, r2: 8) 	 1.293e-05 	 1         	 0         	 0         	 0.316783  	 0         
<PITTS::Tensor3<double>> :: void PITTS::fold_left(const MatrixType&, int, Tensor3<T>&) [with T = double; MatrixType = Eigen::Block<const Eigen::Matrix<double, -1, -1>, -1, -1, true>](r1: 8, n: 2, r2: 4)  	 8.65e-06  	 1         	 0         	 0         	 0.118382  	 0         
<PITTS::Tensor3<double>> :: void PITTS::fold_left(const MatrixType&, int, Tensor3<T>&) [with T = double; MatrixType = Eigen::Block<const Eigen::Matrix<double, -1, -1>, -1, -1, true>](r1: 35, n: 2, r2: 32)	 4.83e-06  	 1         	 0         	 0         	 7.42029   	 0         
<PITTS::Tensor3<double>> :: void PITTS::fold_left(const MatrixType&, int, Tensor3<T>&) [with T = double; MatrixType = Eigen::Block<const Eigen::Matrix<double, -1, -1>, -1, -1, true>](r1: 32, n: 2, r2: 16)	 4.39e-06  	 1         	 0         	 0         	 3.73212   	 0         
<PITTS::Tensor3<double>> :: void PITTS::fold_left(const MatrixType&, int, Tensor3<T>&) [with T = double; MatrixType = Eigen::Block<const Eigen::Matrix<double, -1, -1>, -1, -1, true>](r1: 4, n: 2, r2: 2)  	 8.6e-07   	 1         	 0         	 0         	 0.297674  	 0         
<PITTS::Tensor3<double>> :: void PITTS::fold_left(const MatrixType&, int, Tensor3<T>&) [with T = double; MatrixType = Eigen::Matrix<double, -1, -1>](r1: 2, n: 2, r2: 1)                                    	 6.3e-07   	 1         	 0         	 0         	 0.101587  	 0         
Timing statistics:
function                                                                                                                                                                              	 time [s]  	 #calls    
<PITTS::TensorTrain<double>> :: PITTS::TensorTrain<T> PITTS::fromDense_classical(Iter, Iter, const std::vector<int>&, T, int) [with Iter = const double*; T = double]                 	 500.646   	 1         
<PITTS::MultiVector<double>> :: void PITTS::randomize(MultiVector<T>&) [with T = double]                                                                                              	 0.619531  	 1         
<PITTS::Tensor3<double>> :: void PITTS::fold_left(const MatrixType&, int, Tensor3<T>&) [with T = double; MatrixType = Eigen::Block<const Eigen::Matrix<double, -1, -1>, -1, -1, true>]	 0.00506988	 29        
<PITTS::MultiVector<double>> :: void PITTS::MultiVector<T>::resize(long long int, long long int, bool, bool) [with T = double]                                                        	 0.000115253	 1         
<PITTS::Tensor3<double>> :: void PITTS::Tensor3<T>::resize(long long int, long long int, long long int, bool, bool) [with T = double]                                                 	 0.000102382	 60        
<PITTS::Tensor3<double>> :: void PITTS::fold_left(const MatrixType&, int, Tensor3<T>&) [with T = double; MatrixType = Eigen::Matrix<double, -1, -1>]                                  	 6.3e-07   	 1         
INFO: You are running LIKWID in a cpuset with 64 CPUs. Taking given IDs as logical ID in cpuset
[1;34m[pthread wrapper] 
[0m[1;34m[pthread wrapper] MAIN -> 0
[0m[1;34m[pthread wrapper] PIN_MASK: [0m[1;34m0->1  [0m[1;34m1->2  [0m[1;34m2->3  [0m[1;34m3->4  [0m[1;34m4->5  [0m[1;34m5->6  [0m[1;34m6->7  [0m[1;34m7->8  [0m[1;34m8->9  [0m[1;34m9->10  [0m[1;34m10->11  [0m[1;34m11->12  [0m[1;34m12->13  [0m[1;34m13->14  [0m[1;34m14->15  [0m[1;34m15->16  [0m[1;34m16->17  [0m[1;34m17->18  [0m[1;34m18->19  [0m[1;34m19->20  [0m[1;34m20->21  [0m[1;34m21->22  [0m[1;34m22->23  [0m[1;34m23->24  [0m[1;34m24->25  [0m[1;34m25->26  [0m[1;34m26->27  [0m[1;34m27->28  [0m[1;34m28->29  [0m[1;34m29->30  [0m[1;34m30->31  [0m[1;34m31->32  [0m[1;34m32->33  [0m[1;34m33->34  [0m[1;34m34->35  [0m[1;34m35->36  [0m[1;34m36->37  [0m[1;34m37->38  [0m[1;34m38->39  [0m[1;34m39->40  [0m[1;34m40->41  [0m[1;34m41->42  [0m[1;34m42->43  [0m[1;34m43->44  [0m[1;34m44->45  [0m[1;34m45->46  [0m[1;34m46->47  [0m[1;34m47->48  [0m[1;34m48->49  [0m[1;34m49->50  [0m[1;34m50->51  [0m[1;34m51->52  [0m[1;34m52->53  [0m[1;34m53->54  [0m[1;34m54->55  [0m[1;34m55->56  [0m[1;34m56->57  [0m[1;34m57->58  [0m[1;34m58->59  [0m[1;34m59->60  [0m[1;34m60->61  [0m[1;34m61->62  [0m[1;34m62->63  [0m[1;34m
[pthread wrapper] SKIP MASK: 0x0
[0m[1;34m	threadid 126941349787456 -> hwthread 1 - OK[0m[1;34m
[0m[1;34m	threadid 126941341390784 -> hwthread 2 - OK[0m[1;34m
[0m[1;34m	threadid 126941332994112 -> hwthread 3 - OK[0m[1;34m
[0m[1;34m	threadid 126941324597440 -> hwthread 4 - OK[0m[1;34m
[0m[1;34m	threadid 126941113870656 -> hwthread 5 - OK[0m[1;34m
[0m[1;34m	threadid 126941105473984 -> hwthread 6 - OK[0m[1;34m
[0m[1;34m	threadid 126941097077312 -> hwthread 7 - OK[0m[1;34m
[0m[1;34m	threadid 126941088680640 -> hwthread 8 - OK[0m[1;34m
[0m[1;34m	threadid 126941080283968 -> hwthread 9 - OK[0m[1;34m
[0m[1;34m	threadid 126941071887296 -> hwthread 10 - OK[0m[1;34m
[0m[1;34m	threadid 126941063490624 -> hwthread 11 - OK[0m[1;34m
[0m[1;34m	threadid 126940509891776 -> hwthread 12 - OK[0m[1;34m
[0m[1;34m	threadid 126940501495104 -> hwthread 13 - OK[0m[1;34m
[0m[1;34m	threadid 126940493098432 -> hwthread 14 - OK[0m[1;34m
[0m[1;34m	threadid 126940484701760 -> hwthread 15 - OK[0m[1;34m
[0m[1;34m	threadid 126940476305088 -> hwthread 16 - OK[0m[1;34m
[0m[1;34m	threadid 126940467908416 -> hwthread 17 - OK[0m[1;34m
[0m[1;34m	threadid 126940459511744 -> hwthread 18 - OK[0m[1;34m
[0m[1;34m	threadid 126939973021760 -> hwthread 19 - OK[0m[1;34m
[0m[1;34m	threadid 126939964625088 -> hwthread 20 - OK[0m[1;34m
[0m[1;34m	threadid 126939956228416 -> hwthread 21 - OK[0m[1;34m
[0m[1;34m	threadid 126939947831744 -> hwthread 22 - OK[0m[1;34m
[0m[1;34m	threadid 126939939435072 -> hwthread 23 - OK[0m[1;34m
[0m[1;34m	threadid 126939931038400 -> hwthread 24 - OK[0m[1;34m
[0m[1;34m	threadid 126939922641728 -> hwthread 25 - OK[0m[1;34m
[0m[1;34m	threadid 126939436151744 -> hwthread 26 - OK[0m[1;34m
[0m[1;34m	threadid 126939427755072 -> hwthread 27 - OK[0m[1;34m
[0m[1;34m	threadid 126939419358400 -> hwthread 28 - OK[0m[1;34m
[0m[1;34m	threadid 126939410961728 -> hwthread 29 - OK[0m[1;34m
[0m[1;34m	threadid 126939402565056 -> hwthread 30 - OK[0m[1;34m
[0m[1;34m	threadid 126939394168384 -> hwthread 31 - OK[0m[1;34m
[0m[1;34m	threadid 126939385771712 -> hwthread 32 - OK[0m[1;34m
[0m[1;34m	threadid 126938899277632 -> hwthread 33 - OK[0m[1;34m
[0m[1;34m	threadid 126938890876864 -> hwthread 34 - OK[0m[1;34m
[0m[1;34m	threadid 126938882476096 -> hwthread 35 - OK[0m[1;34m
[0m[1;34m	threadid 126938874075328 -> hwthread 36 - OK[0m[1;34m
[0m[1;34m	threadid 126938865674560 -> hwthread 37 - OK[0m[1;34m
[0m[1;34m	threadid 126938857273792 -> hwthread 38 - OK[0m[1;34m
[0m[1;34m	threadid 126938848873024 -> hwthread 39 - OK[0m[1;34m
[0m[1;34m	threadid 126938362407616 -> hwthread 40 - OK[0m[1;34m
[0m[1;34m	threadid 126938354006848 -> hwthread 41 - OK[0m[1;34m
[0m[1;34m	threadid 126938345606080 -> hwthread 42 - OK[0m[1;34m
[0m[1;34m	threadid 126938337205312 -> hwthread 43 - OK[0m[1;34m
[0m[1;34m	threadid 126938328804544 -> hwthread 44 - OK[0m[1;34m
[0m[1;34m	threadid 126938320403776 -> hwthread 45 - OK[0m[1;34m
[0m[1;34m	threadid 126938312003008 -> hwthread 46 - OK[0m[1;34m
[0m[1;34m	threadid 126937825537600 -> hwthread 47 - OK[0m[1;34m
[0m[1;34m	threadid 126937817136832 -> hwthread 48 - OK[0m[1;34m
[0m[1;34m	threadid 126937808736064 -> hwthread 49 - OK[0m[1;34m
[0m[1;34m	threadid 126937800335296 -> hwthread 50 - OK[0m[1;34m
[0m[1;34m	threadid 126937791934528 -> hwthread 51 - OK[0m[1;34m
[0m[1;34m	threadid 126937783533760 -> hwthread 52 - OK[0m[1;34m
[0m[1;34m	threadid 126937775132992 -> hwthread 53 - OK[0m[1;34m
[0m[1;34m	threadid 126937288667584 -> hwthread 54 - OK[0m[1;34m
[0m[1;34m	threadid 126937280266816 -> hwthread 55 - OK[0m[1;34m
[0m[1;34m	threadid 126937271866048 -> hwthread 56 - OK[0m[1;34m
[0m[1;34m	threadid 126937263465280 -> hwthread 57 - OK[0m[1;34m
[0m[1;34m	threadid 126937255064512 -> hwthread 58 - OK[0m[1;34m
[0m[1;34m	threadid 126937246663744 -> hwthread 59 - OK[0m[1;34m
[0m[1;34m	threadid 126937238262976 -> hwthread 60 - OK[0m[1;34m
[0m[1;34m	threadid 126936751797568 -> hwthread 61 - OK[0m[1;34m
[0m[1;34m	threadid 126936743396800 -> hwthread 62 - OK[0m[1;34m
[0m[1;34m	threadid 126936734996032 -> hwthread 63 - OK[0m[1;34m
[0m[1;34mRoundrobin placement triggered
	threadid 126936726595264 -> hwthread 0 - OK[0m[1;34m
[0m[1;34m	threadid 126936718202560 -> hwthread 1 - OK[0m[1;34m
[0mPITTS: version v0.9.6-2-g6da1bf0-dirty
PITTS: MPI #procs: 1
PITTS: OpenMP #threads: 64
PITTS: SIMD implementation: avx2
PITTS: Eigen SIMD implementation: AVX SSE, SSE2, SSE3, SSSE3, SSE4.1, SSE4.2
PITTS: cache sizes (L1/core, L2/core, L3/accessible) [byte]: (32768, 524288, 805306368)
PITTS: preprocessor definitions: PITTS_DIRECT_MKL_GEMM
Performance statistics:
function                                                                                                                                                                                                    	 time [s]  	 #calls    	 GFlop/s DP	 GFlop/s SP	 GByte/s   	Flops/Byte
<PITTS::MultiVector<double>> :: void PITTS::randomize(MultiVector<T>&) [with T = double](rows: 1073741824, cols: 1)                                                                                         	 0.620418  	 1         	 0         	 0         	 13.8454   	 0         
<PITTS::Tensor3<double>> :: void PITTS::fold_left(const MatrixType&, int, Tensor3<T>&) [with T = double; MatrixType = Eigen::Block<const Eigen::Matrix<double, -1, -1>, -1, -1, true>](r1: 16, n: 2, r2: 32)	 0.00481164	 1         	 0         	 0         	 0.00340507	 0         
<PITTS::Tensor3<double>> :: void PITTS::fold_left(const MatrixType&, int, Tensor3<T>&) [with T = double; MatrixType = Eigen::Block<const Eigen::Matrix<double, -1, -1>, -1, -1, true>](r1: 36, n: 2, r2: 36)	 0.00395351	 18        	 0         	 0         	 0.188819  	 0         
<PITTS::Tensor3<double>> :: void PITTS::fold_left(const MatrixType&, int, Tensor3<T>&) [with T = double; MatrixType = Eigen::Block<const Eigen::Matrix<double, -1, -1>, -1, -1, true>](r1: 32, n: 2, r2: 36)	 0.000695191	 1         	 0         	 0         	 0.0530272 	 0         
<PITTS::Tensor3<double>> :: void PITTS::fold_left(const MatrixType&, int, Tensor3<T>&) [with T = double; MatrixType = Eigen::Block<const Eigen::Matrix<double, -1, -1>, -1, -1, true>](r1: 1, n: 2, r2: 2)  	 5.3891e-05	 1         	 0         	 0         	 0.00118758	 0         
<PITTS::Tensor3<double>> :: void PITTS::fold_left(const MatrixType&, int, Tensor3<T>&) [with T = double; MatrixType = Eigen::Block<const Eigen::Matrix<double, -1, -1>, -1, -1, true>](r1: 2, n: 2, r2: 4)  	 3.6681e-05	 1         	 0         	 0         	 0.00697909	 0         
<PITTS::Tensor3<double>> :: void PITTS::fold_left(const MatrixType&, int, Tensor3<T>&) [with T = double; MatrixType = Eigen::Block<const Eigen::Matrix<double, -1, -1>, -1, -1, true>](r1: 4, n: 2, r2: 8)  	 3.5341e-05	 1         	 0         	 0         	 0.0289748 	 0         
<PITTS::Tensor3<double>> :: void PITTS::fold_left(const MatrixType&, int, Tensor3<T>&) [with T = double; MatrixType = Eigen::Block<const Eigen::Matrix<double, -1, -1>, -1, -1, true>](r1: 8, n: 2, r2: 16) 	 2.6481e-05	 1         	 0         	 0         	 0.154677  	 0         
<PITTS::Tensor3<double>> :: void PITTS::fold_left(const MatrixType&, int, Tensor3<T>&) [with T = double; MatrixType = Eigen::Block<const Eigen::Matrix<double, -1, -1>, -1, -1, true>](r1: 16, n: 2, r2: 8) 	 1.1171e-05	 1         	 0         	 0         	 0.366664  	 0         
<PITTS::Tensor3<double>> :: void PITTS::fold_left(const MatrixType&, int, Tensor3<T>&) [with T = double; MatrixType = Eigen::Block<const Eigen::Matrix<double, -1, -1>, -1, -1, true>](r1: 36, n: 2, r2: 32)	 4.92e-06  	 1         	 0         	 0         	 7.49268   	 0         
<PITTS::Tensor3<double>> :: void PITTS::fold_left(const MatrixType&, int, Tensor3<T>&) [with T = double; MatrixType = Eigen::Block<const Eigen::Matrix<double, -1, -1>, -1, -1, true>](r1: 32, n: 2, r2: 16)	 4.35e-06  	 1         	 0         	 0         	 3.76644   	 0         
<PITTS::Tensor3<double>> :: void PITTS::fold_left(const MatrixType&, int, Tensor3<T>&) [with T = double; MatrixType = Eigen::Block<const Eigen::Matrix<double, -1, -1>, -1, -1, true>](r1: 8, n: 2, r2: 4)  	 3.66e-06  	 1         	 0         	 0         	 0.279781  	 0         
<PITTS::Tensor3<double>> :: void PITTS::fold_left(const MatrixType&, int, Tensor3<T>&) [with T = double; MatrixType = Eigen::Block<const Eigen::Matrix<double, -1, -1>, -1, -1, true>](r1: 4, n: 2, r2: 2)  	 9.4e-07   	 1         	 0         	 0         	 0.27234   	 0         
<PITTS::Tensor3<double>> :: void PITTS::fold_left(const MatrixType&, int, Tensor3<T>&) [with T = double; MatrixType = Eigen::Matrix<double, -1, -1>](r1: 2, n: 2, r2: 1)                                    	 5.2e-07   	 1         	 0         	 0         	 0.123077  	 0         
Timing statistics:
function                                                                                                                                                                              	 time [s]  	 #calls    
<PITTS::TensorTrain<double>> :: PITTS::TensorTrain<T> PITTS::fromDense_classical(Iter, Iter, const std::vector<int>&, T, int) [with Iter = const double*; T = double]                 	 497.179   	 1         
<PITTS::MultiVector<double>> :: void PITTS::randomize(MultiVector<T>&) [with T = double]                                                                                              	 0.620418  	 1         
<PITTS::Tensor3<double>> :: void PITTS::fold_left(const MatrixType&, int, Tensor3<T>&) [with T = double; MatrixType = Eigen::Block<const Eigen::Matrix<double, -1, -1>, -1, -1, true>]	 0.00963778	 29        
<PITTS::MultiVector<double>> :: void PITTS::MultiVector<T>::resize(long long int, long long int, bool, bool) [with T = double]                                                        	 0.000145665	 1         
<PITTS::Tensor3<double>> :: void PITTS::Tensor3<T>::resize(long long int, long long int, long long int, bool, bool) [with T = double]                                                 	 9.5564e-05	 60        
<PITTS::Tensor3<double>> :: void PITTS::fold_left(const MatrixType&, int, Tensor3<T>&) [with T = double; MatrixType = Eigen::Matrix<double, -1, -1>]                                  	 5.2e-07   	 1         
INFO: You are running LIKWID in a cpuset with 64 CPUs. Taking given IDs as logical ID in cpuset
[1;34m[pthread wrapper] 
[0m[1;34m[pthread wrapper] MAIN -> 0
[0m[1;34m[pthread wrapper] PIN_MASK: [0m[1;34m0->1  [0m[1;34m1->2  [0m[1;34m2->3  [0m[1;34m3->4  [0m[1;34m4->5  [0m[1;34m5->6  [0m[1;34m6->7  [0m[1;34m7->8  [0m[1;34m8->9  [0m[1;34m9->10  [0m[1;34m10->11  [0m[1;34m11->12  [0m[1;34m12->13  [0m[1;34m13->14  [0m[1;34m14->15  [0m[1;34m15->16  [0m[1;34m16->17  [0m[1;34m17->18  [0m[1;34m18->19  [0m[1;34m19->20  [0m[1;34m20->21  [0m[1;34m21->22  [0m[1;34m22->23  [0m[1;34m23->24  [0m[1;34m24->25  [0m[1;34m25->26  [0m[1;34m26->27  [0m[1;34m27->28  [0m[1;34m28->29  [0m[1;34m29->30  [0m[1;34m30->31  [0m[1;34m31->32  [0m[1;34m32->33  [0m[1;34m33->34  [0m[1;34m34->35  [0m[1;34m35->36  [0m[1;34m36->37  [0m[1;34m37->38  [0m[1;34m38->39  [0m[1;34m39->40  [0m[1;34m40->41  [0m[1;34m41->42  [0m[1;34m42->43  [0m[1;34m43->44  [0m[1;34m44->45  [0m[1;34m45->46  [0m[1;34m46->47  [0m[1;34m47->48  [0m[1;34m48->49  [0m[1;34m49->50  [0m[1;34m50->51  [0m[1;34m51->52  [0m[1;34m52->53  [0m[1;34m53->54  [0m[1;34m54->55  [0m[1;34m55->56  [0m[1;34m56->57  [0m[1;34m57->58  [0m[1;34m58->59  [0m[1;34m59->60  [0m[1;34m60->61  [0m[1;34m61->62  [0m[1;34m62->63  [0m[1;34m
[pthread wrapper] SKIP MASK: 0x0
[0m[1;34m	threadid 135671050118976 -> hwthread 1 - OK[0m[1;34m
[0m[1;34m	threadid 135670970443712 -> hwthread 2 - OK[0m[1;34m
[0m[1;34m	threadid 135670962047040 -> hwthread 3 - OK[0m[1;34m
[0m[1;34m	threadid 135670953650368 -> hwthread 4 - OK[0m[1;34m
[0m[1;34m	threadid 135670945253696 -> hwthread 5 - OK[0m[1;34m
[0m[1;34m	threadid 135670936857024 -> hwthread 6 - OK[0m[1;34m
[0m[1;34m	threadid 135670928460352 -> hwthread 7 - OK[0m[1;34m
[0m[1;34m	threadid 135670920063680 -> hwthread 8 - OK[0m[1;34m
[0m[1;34m	threadid 135670433573696 -> hwthread 9 - OK[0m[1;34m
[0m[1;34m	threadid 135670425177024 -> hwthread 10 - OK[0m[1;34m
[0m[1;34m	threadid 135670416780352 -> hwthread 11 - OK[0m[1;34m
[0m[1;34m	threadid 135670408383680 -> hwthread 12 - OK[0m[1;34m
[0m[1;34m	threadid 135670399987008 -> hwthread 13 - OK[0m[1;34m
[0m[1;34m	threadid 135670391590336 -> hwthread 14 - OK[0m[1;34m
[0m[1;34m	threadid 135670383193664 -> hwthread 15 - OK[0m[1;34m
[0m[1;34m	threadid 135669896703680 -> hwthread 16 - OK[0m[1;34m
[0m[1;34m	threadid 135669888307008 -> hwthread 17 - OK[0m[1;34m
[0m[1;34m	threadid 135669879910336 -> hwthread 18 - OK[0m[1;34m
[0m[1;34m	threadid 135669871513664 -> hwthread 19 - OK[0m[1;34m
[0m[1;34m	threadid 135669863116992 -> hwthread 20 - OK[0m[1;34m
[0m[1;34m	threadid 135669854720320 -> hwthread 21 - OK[0m[1;34m
[0m[1;34m	threadid 135669846323648 -> hwthread 22 - OK[0m[1;34m
[0m[1;34m	threadid 135669359833664 -> hwthread 23 - OK[0m[1;34m
[0m[1;34m	threadid 135669351436992 -> hwthread 24 - OK[0m[1;34m
[0m[1;34m	threadid 135669343040320 -> hwthread 25 - OK[0m[1;34m
[0m[1;34m	threadid 135669334643648 -> hwthread 26 - OK[0m[1;34m
[0m[1;34m	threadid 135669326246976 -> hwthread 27 - OK[0m[1;34m
[0m[1;34m	threadid 135669317850304 -> hwthread 28 - OK[0m[1;34m
[0m[1;34m	threadid 135669309453632 -> hwthread 29 - OK[0m[1;34m
[0m[1;34m	threadid 135668822963648 -> hwthread 30 - OK[0m[1;34m
[0m[1;34m	threadid 135668814566976 -> hwthread 31 - OK[0m[1;34m
[0m[1;34m	threadid 135668806170304 -> hwthread 32 - OK[0m[1;34m
[0m[1;34m	threadid 135668797769536 -> hwthread 33 - OK[0m[1;34m
[0m[1;34m	threadid 135668789368768 -> hwthread 34 - OK[0m[1;34m
[0m[1;34m	threadid 135668780968000 -> hwthread 35 - OK[0m[1;34m
[0m[1;34m	threadid 135668772567232 -> hwthread 36 - OK[0m[1;34m
[0m[1;34m	threadid 135668286089536 -> hwthread 37 - OK[0m[1;34m
[0m[1;34m	threadid 135668277688768 -> hwthread 38 - OK[0m[1;34m
[0m[1;34m	threadid 135668269288000 -> hwthread 39 - OK[0m[1;34m
[0m[1;34m	threadid 135668260887232 -> hwthread 40 - OK[0m[1;34m
[0m[1;34m	threadid 135668252486464 -> hwthread 41 - OK[0m[1;34m
[0m[1;34m	threadid 135668244085696 -> hwthread 42 - OK[0m[1;34m
[0m[1;34m	threadid 135668235684928 -> hwthread 43 - OK[0m[1;34m
[0m[1;34m	threadid 135667749219520 -> hwthread 44 - OK[0m[1;34m
[0m[1;34m	threadid 135667740818752 -> hwthread 45 - OK[0m[1;34m
[0m[1;34m	threadid 135667732417984 -> hwthread 46 - OK[0m[1;34m
[0m[1;34m	threadid 135667724017216 -> hwthread 47 - OK[0m[1;34m
[0m[1;34m	threadid 135667715616448 -> hwthread 48 - OK[0m[1;34m
[0m[1;34m	threadid 135667707215680 -> hwthread 49 - OK[0m[1;34m
[0m[1;34m	threadid 135667698814912 -> hwthread 50 - OK[0m[1;34m
[0m[1;34m	threadid 135667212349504 -> hwthread 51 - OK[0m[1;34m
[0m[1;34m	threadid 135667203948736 -> hwthread 52 - OK[0m[1;34m
[0m[1;34m	threadid 135667195547968 -> hwthread 53 - OK[0m[1;34m
[0m[1;34m	threadid 135667187147200 -> hwthread 54 - OK[0m[1;34m
[0m[1;34m	threadid 135667178746432 -> hwthread 55 - OK[0m[1;34m
[0m[1;34m	threadid 135667170345664 -> hwthread 56 - OK[0m[1;34m
[0m[1;34m	threadid 135667161944896 -> hwthread 57 - OK[0m[1;34m
[0m[1;34m	threadid 135666675479488 -> hwthread 58 - OK[0m[1;34m
[0m[1;34m	threadid 135666667078720 -> hwthread 59 - OK[0m[1;34m
[0m[1;34m	threadid 135666658677952 -> hwthread 60 - OK[0m[1;34m
[0m[1;34m	threadid 135666650277184 -> hwthread 61 - OK[0m[1;34m
[0m[1;34m	threadid 135666641876416 -> hwthread 62 - OK[0m[1;34m
[0m[1;34m	threadid 135666633475648 -> hwthread 63 - OK[0m[1;34m
[0m[1;34mRoundrobin placement triggered
	threadid 135666625074880 -> hwthread 0 - OK[0m[1;34m
[0m[1;34m	threadid 135666138609344 -> hwthread 1 - OK[0m[1;34m
[0mPITTS: version v0.9.6-2-g6da1bf0-dirty
PITTS: MPI #procs: 1
PITTS: OpenMP #threads: 64
PITTS: SIMD implementation: avx2
PITTS: Eigen SIMD implementation: AVX SSE, SSE2, SSE3, SSSE3, SSE4.1, SSE4.2
PITTS: cache sizes (L1/core, L2/core, L3/accessible) [byte]: (32768, 524288, 805306368)
PITTS: preprocessor definitions: PITTS_DIRECT_MKL_GEMM
Performance statistics:
function                                                                                                                                                                                                    	 time [s]  	 #calls    	 GFlop/s DP	 GFlop/s SP	 GByte/s   	Flops/Byte
<PITTS::MultiVector<double>> :: void PITTS::randomize(MultiVector<T>&) [with T = double](rows: 1073741824, cols: 1)                                                                                         	 0.619814  	 1         	 0         	 0         	 13.8589   	 0         
<PITTS::Tensor3<double>> :: void PITTS::fold_left(const MatrixType&, int, Tensor3<T>&) [with T = double; MatrixType = Eigen::Block<const Eigen::Matrix<double, -1, -1>, -1, -1, true>](r1: 37, n: 2, r2: 37)	 0.00423863	 18        	 0         	 0         	 0.186038  	 0         
<PITTS::Tensor3<double>> :: void PITTS::fold_left(const MatrixType&, int, Tensor3<T>&) [with T = double; MatrixType = Eigen::Block<const Eigen::Matrix<double, -1, -1>, -1, -1, true>](r1: 32, n: 2, r2: 37)	 0.000741832	 1         	 0         	 0         	 0.0510736 	 0         
<PITTS::Tensor3<double>> :: void PITTS::fold_left(const MatrixType&, int, Tensor3<T>&) [with T = double; MatrixType = Eigen::Block<const Eigen::Matrix<double, -1, -1>, -1, -1, true>](r1: 16, n: 2, r2: 32)	 0.0006817 	 1         	 0         	 0         	 0.024034  	 0         
<PITTS::Tensor3<double>> :: void PITTS::fold_left(const MatrixType&, int, Tensor3<T>&) [with T = double; MatrixType = Eigen::Block<const Eigen::Matrix<double, -1, -1>, -1, -1, true>](r1: 1, n: 2, r2: 2)  	 3.9331e-05	 1         	 0         	 0         	 0.00162722	 0         
<PITTS::Tensor3<double>> :: void PITTS::fold_left(const MatrixType&, int, Tensor3<T>&) [with T = double; MatrixType = Eigen::Block<const Eigen::Matrix<double, -1, -1>, -1, -1, true>](r1: 8, n: 2, r2: 16) 	 3.6871e-05	 1         	 0         	 0         	 0.11109   	 0         
<PITTS::Tensor3<double>> :: void PITTS::fold_left(const MatrixType&, int, Tensor3<T>&) [with T = double; MatrixType = Eigen::Block<const Eigen::Matrix<double, -1, -1>, -1, -1, true>](r1: 2, n: 2, r2: 4)  	 3.2521e-05	 1         	 0         	 0         	 0.00787184	 0         
<PITTS::Tensor3<double>> :: void PITTS::fold_left(const MatrixType&, int, Tensor3<T>&) [with T = double; MatrixType = Eigen::Block<const Eigen::Matrix<double, -1, -1>, -1, -1, true>](r1: 4, n: 2, r2: 8)  	 2.916e-05 	 1         	 0         	 0         	 0.0351166 	 0         
<PITTS::Tensor3<double>> :: void PITTS::fold_left(const MatrixType&, int, Tensor3<T>&) [with T = double; MatrixType = Eigen::Block<const Eigen::Matrix<double, -1, -1>, -1, -1, true>](r1: 16, n: 2, r2: 8) 	 1.1541e-05	 1         	 0         	 0         	 0.354909  	 0         
<PITTS::Tensor3<double>> :: void PITTS::fold_left(const MatrixType&, int, Tensor3<T>&) [with T = double; MatrixType = Eigen::Block<const Eigen::Matrix<double, -1, -1>, -1, -1, true>](r1: 8, n: 2, r2: 4)  	 6.301e-06 	 1         	 0         	 0         	 0.162514  	 0         
<PITTS::Tensor3<double>> :: void PITTS::fold_left(const MatrixType&, int, Tensor3<T>&) [with T = double; MatrixType = Eigen::Block<const Eigen::Matrix<double, -1, -1>, -1, -1, true>](r1: 37, n: 2, r2: 32)	 4.92e-06  	 1         	 0         	 0         	 7.70081   	 0         
<PITTS::Tensor3<double>> :: void PITTS::fold_left(const MatrixType&, int, Tensor3<T>&) [with T = double; MatrixType = Eigen::Block<const Eigen::Matrix<double, -1, -1>, -1, -1, true>](r1: 32, n: 2, r2: 16)	 4.49e-06  	 1         	 0         	 0         	 3.649     	 0         
<PITTS::Tensor3<double>> :: void PITTS::fold_left(const MatrixType&, int, Tensor3<T>&) [with T = double; MatrixType = Eigen::Block<const Eigen::Matrix<double, -1, -1>, -1, -1, true>](r1: 4, n: 2, r2: 2)  	 1e-06     	 1         	 0         	 0         	 0.256     	 0         
<PITTS::Tensor3<double>> :: void PITTS::fold_left(const MatrixType&, int, Tensor3<T>&) [with T = double; MatrixType = Eigen::Matrix<double, -1, -1>](r1: 2, n: 2, r2: 1)                                    	 6.1e-07   	 1         	 0         	 0         	 0.104918  	 0         
Timing statistics:
function                                                                                                                                                                              	 time [s]  	 #calls    
<PITTS::TensorTrain<double>> :: PITTS::TensorTrain<T> PITTS::fromDense_classical(Iter, Iter, const std::vector<int>&, T, int) [with Iter = const double*; T = double]                 	 509.829   	 1         
<PITTS::MultiVector<double>> :: void PITTS::randomize(MultiVector<T>&) [with T = double]                                                                                              	 0.619814  	 1         
<PITTS::Tensor3<double>> :: void PITTS::fold_left(const MatrixType&, int, Tensor3<T>&) [with T = double; MatrixType = Eigen::Block<const Eigen::Matrix<double, -1, -1>, -1, -1, true>]	 0.0058283 	 29        
<PITTS::MultiVector<double>> :: void PITTS::MultiVector<T>::resize(long long int, long long int, bool, bool) [with T = double]                                                        	 0.000119854	 1         
<PITTS::Tensor3<double>> :: void PITTS::Tensor3<T>::resize(long long int, long long int, long long int, bool, bool) [with T = double]                                                 	 0.000101812	 60        
<PITTS::Tensor3<double>> :: void PITTS::fold_left(const MatrixType&, int, Tensor3<T>&) [with T = double; MatrixType = Eigen::Matrix<double, -1, -1>]                                  	 6.1e-07   	 1         
INFO: You are running LIKWID in a cpuset with 64 CPUs. Taking given IDs as logical ID in cpuset
[1;34m[pthread wrapper] 
[0m[1;34m[pthread wrapper] MAIN -> 0
[0m[1;34m[pthread wrapper] PIN_MASK: [0m[1;34m0->1  [0m[1;34m1->2  [0m[1;34m2->3  [0m[1;34m3->4  [0m[1;34m4->5  [0m[1;34m5->6  [0m[1;34m6->7  [0m[1;34m7->8  [0m[1;34m8->9  [0m[1;34m9->10  [0m[1;34m10->11  [0m[1;34m11->12  [0m[1;34m12->13  [0m[1;34m13->14  [0m[1;34m14->15  [0m[1;34m15->16  [0m[1;34m16->17  [0m[1;34m17->18  [0m[1;34m18->19  [0m[1;34m19->20  [0m[1;34m20->21  [0m[1;34m21->22  [0m[1;34m22->23  [0m[1;34m23->24  [0m[1;34m24->25  [0m[1;34m25->26  [0m[1;34m26->27  [0m[1;34m27->28  [0m[1;34m28->29  [0m[1;34m29->30  [0m[1;34m30->31  [0m[1;34m31->32  [0m[1;34m32->33  [0m[1;34m33->34  [0m[1;34m34->35  [0m[1;34m35->36  [0m[1;34m36->37  [0m[1;34m37->38  [0m[1;34m38->39  [0m[1;34m39->40  [0m[1;34m40->41  [0m[1;34m41->42  [0m[1;34m42->43  [0m[1;34m43->44  [0m[1;34m44->45  [0m[1;34m45->46  [0m[1;34m46->47  [0m[1;34m47->48  [0m[1;34m48->49  [0m[1;34m49->50  [0m[1;34m50->51  [0m[1;34m51->52  [0m[1;34m52->53  [0m[1;34m53->54  [0m[1;34m54->55  [0m[1;34m55->56  [0m[1;34m56->57  [0m[1;34m57->58  [0m[1;34m58->59  [0m[1;34m59->60  [0m[1;34m60->61  [0m[1;34m61->62  [0m[1;34m62->63  [0m[1;34m
[pthread wrapper] SKIP MASK: 0x0
[0m[1;34m	threadid 131934803961664 -> hwthread 1 - OK[0m[1;34m
[0m[1;34m	threadid 131934795564992 -> hwthread 2 - OK[0m[1;34m
[0m[1;34m	threadid 131934787168320 -> hwthread 3 - OK[0m[1;34m
[0m[1;34m	threadid 131934778771648 -> hwthread 4 - OK[0m[1;34m
[0m[1;34m	threadid 131934770374976 -> hwthread 5 - OK[0m[1;34m
[0m[1;34m	threadid 131934761978304 -> hwthread 6 - OK[0m[1;34m
[0m[1;34m	threadid 131934416005696 -> hwthread 7 - OK[0m[1;34m
[0m[1;34m	threadid 131934407609024 -> hwthread 8 - OK[0m[1;34m
[0m[1;34m	threadid 131934399212352 -> hwthread 9 - OK[0m[1;34m
[0m[1;34m	threadid 131934390815680 -> hwthread 10 - OK[0m[1;34m
[0m[1;34m	threadid 131934382419008 -> hwthread 11 - OK[0m[1;34m
[0m[1;34m	threadid 131934374022336 -> hwthread 12 - OK[0m[1;34m
[0m[1;34m	threadid 131934365625664 -> hwthread 13 - OK[0m[1;34m
[0m[1;34m	threadid 131933812026816 -> hwthread 14 - OK[0m[1;34m
[0m[1;34m	threadid 131933803630144 -> hwthread 15 - OK[0m[1;34m
[0m[1;34m	threadid 131933795233472 -> hwthread 16 - OK[0m[1;34m
[0m[1;34m	threadid 131933786836800 -> hwthread 17 - OK[0m[1;34m
[0m[1;34m	threadid 131933778440128 -> hwthread 18 - OK[0m[1;34m
[0m[1;34m	threadid 131933770043456 -> hwthread 19 - OK[0m[1;34m
[0m[1;34m	threadid 131933761646784 -> hwthread 20 - OK[0m[1;34m
[0m[1;34m	threadid 131933275156800 -> hwthread 21 - OK[0m[1;34m
[0m[1;34m	threadid 131933266760128 -> hwthread 22 - OK[0m[1;34m
[0m[1;34m	threadid 131933258363456 -> hwthread 23 - OK[0m[1;34m
[0m[1;34m	threadid 131933249966784 -> hwthread 24 - OK[0m[1;34m
[0m[1;34m	threadid 131933241570112 -> hwthread 25 - OK[0m[1;34m
[0m[1;34m	threadid 131933233173440 -> hwthread 26 - OK[0m[1;34m
[0m[1;34m	threadid 131933224776768 -> hwthread 27 - OK[0m[1;34m
[0m[1;34m	threadid 131932738286784 -> hwthread 28 - OK[0m[1;34m
[0m[1;34m	threadid 131932729890112 -> hwthread 29 - OK[0m[1;34m
[0m[1;34m	threadid 131932721493440 -> hwthread 30 - OK[0m[1;34m
[0m[1;34m	threadid 131932713096768 -> hwthread 31 - OK[0m[1;34m
[0m[1;34m	threadid 131932704700096 -> hwthread 32 - OK[0m[1;34m
[0m[1;34m	threadid 131932696299328 -> hwthread 33 - OK[0m[1;34m
[0m[1;34m	threadid 131932687898560 -> hwthread 34 - OK[0m[1;34m
[0m[1;34m	threadid 131932201412672 -> hwthread 35 - OK[0m[1;34m
[0m[1;34m	threadid 131932193011904 -> hwthread 36 - OK[0m[1;34m
[0m[1;34m	threadid 131932184611136 -> hwthread 37 - OK[0m[1;34m
[0m[1;34m	threadid 131932176210368 -> hwthread 38 - OK[0m[1;34m
[0m[1;34m	threadid 131932167809600 -> hwthread 39 - OK[0m[1;34m
[0m[1;34m	threadid 131932159408832 -> hwthread 40 - OK[0m[1;34m
[0m[1;34m	threadid 131932151008064 -> hwthread 41 - OK[0m[1;34m
[0m[1;34m	threadid 131931664542656 -> hwthread 42 - OK[0m[1;34m
[0m[1;34m	threadid 131931656141888 -> hwthread 43 - OK[0m[1;34m
[0m[1;34m	threadid 131931647741120 -> hwthread 44 - OK[0m[1;34m
[0m[1;34m	threadid 131931639340352 -> hwthread 45 - OK[0m[1;34m
[0m[1;34m	threadid 131931630939584 -> hwthread 46 - OK[0m[1;34m
[0m[1;34m	threadid 131931622538816 -> hwthread 47 - OK[0m[1;34m
[0m[1;34m	threadid 131931614138048 -> hwthread 48 - OK[0m[1;34m
[0m[1;34m	threadid 131931127672640 -> hwthread 49 - OK[0m[1;34m
[0m[1;34m	threadid 131931119271872 -> hwthread 50 - OK[0m[1;34m
[0m[1;34m	threadid 131931110871104 -> hwthread 51 - OK[0m[1;34m
[0m[1;34m	threadid 131931102470336 -> hwthread 52 - OK[0m[1;34m
[0m[1;34m	threadid 131931094069568 -> hwthread 53 - OK[0m[1;34m
[0m[1;34m	threadid 131931085668800 -> hwthread 54 - OK[0m[1;34m
[0m[1;34m	threadid 131931077268032 -> hwthread 55 - OK[0m[1;34m
[0m[1;34m	threadid 131930590802624 -> hwthread 56 - OK[0m[1;34m
[0m[1;34m	threadid 131930582401856 -> hwthread 57 - OK[0m[1;34m
[0m[1;34m	threadid 131930574001088 -> hwthread 58 - OK[0m[1;34m
[0m[1;34m	threadid 131930565600320 -> hwthread 59 - OK[0m[1;34m
[0m[1;34m	threadid 131930557199552 -> hwthread 60 - OK[0m[1;34m
[0m[1;34m	threadid 131930548798784 -> hwthread 61 - OK[0m[1;34m
[0m[1;34m	threadid 131930540398016 -> hwthread 62 - OK[0m[1;34m
[0m[1;34m	threadid 131930053932608 -> hwthread 63 - OK[0m[1;34m
[0m[1;34mRoundrobin placement triggered
	threadid 131930045531840 -> hwthread 0 - OK[0m[1;34m
[0m[1;34m	threadid 131930037139136 -> hwthread 1 - OK[0m[1;34m
[0mPITTS: version v0.9.6-2-g6da1bf0-dirty
PITTS: MPI #procs: 1
PITTS: OpenMP #threads: 64
PITTS: SIMD implementation: avx2
PITTS: Eigen SIMD implementation: AVX SSE, SSE2, SSE3, SSSE3, SSE4.1, SSE4.2
PITTS: cache sizes (L1/core, L2/core, L3/accessible) [byte]: (32768, 524288, 805306368)
PITTS: preprocessor definitions: PITTS_DIRECT_MKL_GEMM
Performance statistics:
function                                                                                                                                                                                                    	 time [s]  	 #calls    	 GFlop/s DP	 GFlop/s SP	 GByte/s   	Flops/Byte
<PITTS::MultiVector<double>> :: void PITTS::randomize(MultiVector<T>&) [with T = double](rows: 1073741824, cols: 1)                                                                                         	 0.626037  	 1         	 0         	 0         	 13.7211   	 0         
<PITTS::Tensor3<double>> :: void PITTS::fold_left(const MatrixType&, int, Tensor3<T>&) [with T = double; MatrixType = Eigen::Block<const Eigen::Matrix<double, -1, -1>, -1, -1, true>](r1: 38, n: 2, r2: 38)	 0.00414704	 18        	 0         	 0         	 0.200563  	 0         
<PITTS::Tensor3<double>> :: void PITTS::fold_left(const MatrixType&, int, Tensor3<T>&) [with T = double; MatrixType = Eigen::Block<const Eigen::Matrix<double, -1, -1>, -1, -1, true>](r1: 32, n: 2, r2: 38)	 0.000969579	 1         	 0         	 0         	 0.0401329 	 0         
<PITTS::Tensor3<double>> :: void PITTS::fold_left(const MatrixType&, int, Tensor3<T>&) [with T = double; MatrixType = Eigen::Block<const Eigen::Matrix<double, -1, -1>, -1, -1, true>](r1: 16, n: 2, r2: 32)	 0.000597878	 1         	 0         	 0         	 0.0274036 	 0         
<PITTS::Tensor3<double>> :: void PITTS::fold_left(const MatrixType&, int, Tensor3<T>&) [with T = double; MatrixType = Eigen::Block<const Eigen::Matrix<double, -1, -1>, -1, -1, true>](r1: 1, n: 2, r2: 2)  	 3.6921e-05	 1         	 0         	 0         	 0.00173343	 0         
<PITTS::Tensor3<double>> :: void PITTS::fold_left(const MatrixType&, int, Tensor3<T>&) [with T = double; MatrixType = Eigen::Block<const Eigen::Matrix<double, -1, -1>, -1, -1, true>](r1: 4, n: 2, r2: 8)  	 2.9601e-05	 1         	 0         	 0         	 0.0345934 	 0         
<PITTS::Tensor3<double>> :: void PITTS::fold_left(const MatrixType&, int, Tensor3<T>&) [with T = double; MatrixType = Eigen::Block<const Eigen::Matrix<double, -1, -1>, -1, -1, true>](r1: 8, n: 2, r2: 16) 	 2.8041e-05	 1         	 0         	 0         	 0.146072  	 0         
<PITTS::Tensor3<double>> :: void PITTS::fold_left(const MatrixType&, int, Tensor3<T>&) [with T = double; MatrixType = Eigen::Block<const Eigen::Matrix<double, -1, -1>, -1, -1, true>](r1: 2, n: 2, r2: 4)  	 2.7551e-05	 1         	 0         	 0         	 0.00929186	 0         
<PITTS::Tensor3<double>> :: void PITTS::fold_left(const MatrixType&, int, Tensor3<T>&) [with T = double; MatrixType = Eigen::Block<const Eigen::Matrix<double, -1, -1>, -1, -1, true>](r1: 16, n: 2, r2: 8) 	 1.3781e-05	 1         	 0         	 0         	 0.297221  	 0         
<PITTS::Tensor3<double>> :: void PITTS::fold_left(const MatrixType&, int, Tensor3<T>&) [with T = double; MatrixType = Eigen::Block<const Eigen::Matrix<double, -1, -1>, -1, -1, true>](r1: 8, n: 2, r2: 4)  	 6.701e-06 	 1         	 0         	 0         	 0.152813  	 0         
<PITTS::Tensor3<double>> :: void PITTS::fold_left(const MatrixType&, int, Tensor3<T>&) [with T = double; MatrixType = Eigen::Block<const Eigen::Matrix<double, -1, -1>, -1, -1, true>](r1: 32, n: 2, r2: 16)	 5.2e-06   	 1         	 0         	 0         	 3.15077   	 0         
<PITTS::Tensor3<double>> :: void PITTS::fold_left(const MatrixType&, int, Tensor3<T>&) [with T = double; MatrixType = Eigen::Block<const Eigen::Matrix<double, -1, -1>, -1, -1, true>](r1: 38, n: 2, r2: 32)	 4.58e-06  	 1         	 0         	 0         	 8.49607   	 0         
<PITTS::Tensor3<double>> :: void PITTS::fold_left(const MatrixType&, int, Tensor3<T>&) [with T = double; MatrixType = Eigen::Block<const Eigen::Matrix<double, -1, -1>, -1, -1, true>](r1: 4, n: 2, r2: 2)  	 9.3e-07   	 1         	 0         	 0         	 0.275269  	 0         
<PITTS::Tensor3<double>> :: void PITTS::fold_left(const MatrixType&, int, Tensor3<T>&) [with T = double; MatrixType = Eigen::Matrix<double, -1, -1>](r1: 2, n: 2, r2: 1)                                    	 5.9e-07   	 1         	 0         	 0         	 0.108475  	 0         
Timing statistics:
function                                                                                                                                                                              	 time [s]  	 #calls    
<PITTS::TensorTrain<double>> :: PITTS::TensorTrain<T> PITTS::fromDense_classical(Iter, Iter, const std::vector<int>&, T, int) [with Iter = const double*; T = double]                 	 509.294   	 1         
<PITTS::MultiVector<double>> :: void PITTS::randomize(MultiVector<T>&) [with T = double]                                                                                              	 0.626037  	 1         
<PITTS::Tensor3<double>> :: void PITTS::fold_left(const MatrixType&, int, Tensor3<T>&) [with T = double; MatrixType = Eigen::Block<const Eigen::Matrix<double, -1, -1>, -1, -1, true>]	 0.00586781	 29        
<PITTS::MultiVector<double>> :: void PITTS::MultiVector<T>::resize(long long int, long long int, bool, bool) [with T = double]                                                        	 0.000139084	 1         
<PITTS::Tensor3<double>> :: void PITTS::Tensor3<T>::resize(long long int, long long int, long long int, bool, bool) [with T = double]                                                 	 8.2201e-05	 60        
<PITTS::Tensor3<double>> :: void PITTS::fold_left(const MatrixType&, int, Tensor3<T>&) [with T = double; MatrixType = Eigen::Matrix<double, -1, -1>]                                  	 5.9e-07   	 1         
INFO: You are running LIKWID in a cpuset with 64 CPUs. Taking given IDs as logical ID in cpuset
[1;34m[pthread wrapper] 
[0m[1;34m[pthread wrapper] MAIN -> 0
[0m[1;34m[pthread wrapper] PIN_MASK: [0m[1;34m0->1  [0m[1;34m1->2  [0m[1;34m2->3  [0m[1;34m3->4  [0m[1;34m4->5  [0m[1;34m5->6  [0m[1;34m6->7  [0m[1;34m7->8  [0m[1;34m8->9  [0m[1;34m9->10  [0m[1;34m10->11  [0m[1;34m11->12  [0m[1;34m12->13  [0m[1;34m13->14  [0m[1;34m14->15  [0m[1;34m15->16  [0m[1;34m16->17  [0m[1;34m17->18  [0m[1;34m18->19  [0m[1;34m19->20  [0m[1;34m20->21  [0m[1;34m21->22  [0m[1;34m22->23  [0m[1;34m23->24  [0m[1;34m24->25  [0m[1;34m25->26  [0m[1;34m26->27  [0m[1;34m27->28  [0m[1;34m28->29  [0m[1;34m29->30  [0m[1;34m30->31  [0m[1;34m31->32  [0m[1;34m32->33  [0m[1;34m33->34  [0m[1;34m34->35  [0m[1;34m35->36  [0m[1;34m36->37  [0m[1;34m37->38  [0m[1;34m38->39  [0m[1;34m39->40  [0m[1;34m40->41  [0m[1;34m41->42  [0m[1;34m42->43  [0m[1;34m43->44  [0m[1;34m44->45  [0m[1;34m45->46  [0m[1;34m46->47  [0m[1;34m47->48  [0m[1;34m48->49  [0m[1;34m49->50  [0m[1;34m50->51  [0m[1;34m51->52  [0m[1;34m52->53  [0m[1;34m53->54  [0m[1;34m54->55  [0m[1;34m55->56  [0m[1;34m56->57  [0m[1;34m57->58  [0m[1;34m58->59  [0m[1;34m59->60  [0m[1;34m60->61  [0m[1;34m61->62  [0m[1;34m62->63  [0m[1;34m
[pthread wrapper] SKIP MASK: 0x0
[0m[1;34m	threadid 138931408447296 -> hwthread 1 - OK[0m[1;34m
[0m[1;34m	threadid 138931400050624 -> hwthread 2 - OK[0m[1;34m
[0m[1;34m	threadid 138931320383552 -> hwthread 3 - OK[0m[1;34m
[0m[1;34m	threadid 138931311986880 -> hwthread 4 - OK[0m[1;34m
[0m[1;34m	threadid 138931303590208 -> hwthread 5 - OK[0m[1;34m
[0m[1;34m	threadid 138931295193536 -> hwthread 6 - OK[0m[1;34m
[0m[1;34m	threadid 138931286796864 -> hwthread 7 - OK[0m[1;34m
[0m[1;34m	threadid 138931278400192 -> hwthread 8 - OK[0m[1;34m
[0m[1;34m	threadid 138931270003520 -> hwthread 9 - OK[0m[1;34m
[0m[1;34m	threadid 138930716404672 -> hwthread 10 - OK[0m[1;34m
[0m[1;34m	threadid 138930708008000 -> hwthread 11 - OK[0m[1;34m
[0m[1;34m	threadid 138930699611328 -> hwthread 12 - OK[0m[1;34m
[0m[1;34m	threadid 138930691214656 -> hwthread 13 - OK[0m[1;34m
[0m[1;34m	threadid 138930682817984 -> hwthread 14 - OK[0m[1;34m
[0m[1;34m	threadid 138930674421312 -> hwthread 15 - OK[0m[1;34m
[0m[1;34m	threadid 138930666024640 -> hwthread 16 - OK[0m[1;34m
[0m[1;34m	threadid 138930179534656 -> hwthread 17 - OK[0m[1;34m
[0m[1;34m	threadid 138930171137984 -> hwthread 18 - OK[0m[1;34m
[0m[1;34m	threadid 138930162741312 -> hwthread 19 - OK[0m[1;34m
[0m[1;34m	threadid 138930154344640 -> hwthread 20 - OK[0m[1;34m
[0m[1;34m	threadid 138930145947968 -> hwthread 21 - OK[0m[1;34m
[0m[1;34m	threadid 138930137551296 -> hwthread 22 - OK[0m[1;34m
[0m[1;34m	threadid 138930129154624 -> hwthread 23 - OK[0m[1;34m
[0m[1;34m	threadid 138929642664640 -> hwthread 24 - OK[0m[1;34m
[0m[1;34m	threadid 138929634267968 -> hwthread 25 - OK[0m[1;34m
[0m[1;34m	threadid 138929625871296 -> hwthread 26 - OK[0m[1;34m
[0m[1;34m	threadid 138929617474624 -> hwthread 27 - OK[0m[1;34m
[0m[1;34m	threadid 138929609077952 -> hwthread 28 - OK[0m[1;34m
[0m[1;34m	threadid 138929600681280 -> hwthread 29 - OK[0m[1;34m
[0m[1;34m	threadid 138929592284608 -> hwthread 30 - OK[0m[1;34m
[0m[1;34m	threadid 138929105794624 -> hwthread 31 - OK[0m[1;34m
[0m[1;34m	threadid 138929097397952 -> hwthread 32 - OK[0m[1;34m
[0m[1;34m	threadid 138929088997184 -> hwthread 33 - OK[0m[1;34m
[0m[1;34m	threadid 138929080596416 -> hwthread 34 - OK[0m[1;34m
[0m[1;34m	threadid 138929072195648 -> hwthread 35 - OK[0m[1;34m
[0m[1;34m	threadid 138929063794880 -> hwthread 36 - OK[0m[1;34m
[0m[1;34m	threadid 138929055394112 -> hwthread 37 - OK[0m[1;34m
[0m[1;34m	threadid 138928568920512 -> hwthread 38 - OK[0m[1;34m
[0m[1;34m	threadid 138928560519744 -> hwthread 39 - OK[0m[1;34m
[0m[1;34m	threadid 138928552118976 -> hwthread 40 - OK[0m[1;34m
[0m[1;34m	threadid 138928543718208 -> hwthread 41 - OK[0m[1;34m
[0m[1;34m	threadid 138928535317440 -> hwthread 42 - OK[0m[1;34m
[0m[1;34m	threadid 138928526916672 -> hwthread 43 - OK[0m[1;34m
[0m[1;34m	threadid 138928518515904 -> hwthread 44 - OK[0m[1;34m
[0m[1;34m	threadid 138928032050496 -> hwthread 45 - OK[0m[1;34m
[0m[1;34m	threadid 138928023649728 -> hwthread 46 - OK[0m[1;34m
[0m[1;34m	threadid 138928015248960 -> hwthread 47 - OK[0m[1;34m
[0m[1;34m	threadid 138928006848192 -> hwthread 48 - OK[0m[1;34m
[0m[1;34m	threadid 138927998447424 -> hwthread 49 - OK[0m[1;34m
[0m[1;34m	threadid 138927990046656 -> hwthread 50 - OK[0m[1;34m
[0m[1;34m	threadid 138927981645888 -> hwthread 51 - OK[0m[1;34m
[0m[1;34m	threadid 138927495180480 -> hwthread 52 - OK[0m[1;34m
[0m[1;34m	threadid 138927486779712 -> hwthread 53 - OK[0m[1;34m
[0m[1;34m	threadid 138927478378944 -> hwthread 54 - OK[0m[1;34m
[0m[1;34m	threadid 138927469978176 -> hwthread 55 - OK[0m[1;34m
[0m[1;34m	threadid 138927461577408 -> hwthread 56 - OK[0m[1;34m
[0m[1;34m	threadid 138927453176640 -> hwthread 57 - OK[0m[1;34m
[0m[1;34m	threadid 138927444775872 -> hwthread 58 - OK[0m[1;34m
[0m[1;34m	threadid 138926958310464 -> hwthread 59 - OK[0m[1;34m
[0m[1;34m	threadid 138926949909696 -> hwthread 60 - OK[0m[1;34m
[0m[1;34m	threadid 138926941508928 -> hwthread 61 - OK[0m[1;34m
[0m[1;34m	threadid 138926933108160 -> hwthread 62 - OK[0m[1;34m
[0m[1;34m	threadid 138926924707392 -> hwthread 63 - OK[0m[1;34m
[0m[1;34mRoundrobin placement triggered
	threadid 138926916306624 -> hwthread 0 - OK[0m[1;34m
[0m[1;34m	threadid 138926907913920 -> hwthread 1 - OK[0m[1;34m
[0mPITTS: version v0.9.6-2-g6da1bf0-dirty
PITTS: MPI #procs: 1
PITTS: OpenMP #threads: 64
PITTS: SIMD implementation: avx2
PITTS: Eigen SIMD implementation: AVX SSE, SSE2, SSE3, SSSE3, SSE4.1, SSE4.2
PITTS: cache sizes (L1/core, L2/core, L3/accessible) [byte]: (32768, 524288, 805306368)
PITTS: preprocessor definitions: PITTS_DIRECT_MKL_GEMM
Performance statistics:
function                                                                                                                                                                                                    	 time [s]  	 #calls    	 GFlop/s DP	 GFlop/s SP	 GByte/s   	Flops/Byte
<PITTS::MultiVector<double>> :: void PITTS::randomize(MultiVector<T>&) [with T = double](rows: 1073741824, cols: 1)                                                                                         	 0.620103  	 1         	 0         	 0         	 13.8524   	 0         
<PITTS::Tensor3<double>> :: void PITTS::fold_left(const MatrixType&, int, Tensor3<T>&) [with T = double; MatrixType = Eigen::Block<const Eigen::Matrix<double, -1, -1>, -1, -1, true>](r1: 39, n: 2, r2: 39)	 0.0042217 	 18        	 0         	 0         	 0.207522  	 0         
<PITTS::Tensor3<double>> :: void PITTS::fold_left(const MatrixType&, int, Tensor3<T>&) [with T = double; MatrixType = Eigen::Block<const Eigen::Matrix<double, -1, -1>, -1, -1, true>](r1: 16, n: 2, r2: 32)	 0.000781914	 1         	 0         	 0         	 0.0209537 	 0         
<PITTS::Tensor3<double>> :: void PITTS::fold_left(const MatrixType&, int, Tensor3<T>&) [with T = double; MatrixType = Eigen::Block<const Eigen::Matrix<double, -1, -1>, -1, -1, true>](r1: 32, n: 2, r2: 39)	 0.000714483	 1         	 0         	 0         	 0.055895  	 0         
<PITTS::Tensor3<double>> :: void PITTS::fold_left(const MatrixType&, int, Tensor3<T>&) [with T = double; MatrixType = Eigen::Block<const Eigen::Matrix<double, -1, -1>, -1, -1, true>](r1: 1, n: 2, r2: 2)  	 3.8231e-05	 1         	 0         	 0         	 0.00167403	 0         
<PITTS::Tensor3<double>> :: void PITTS::fold_left(const MatrixType&, int, Tensor3<T>&) [with T = double; MatrixType = Eigen::Block<const Eigen::Matrix<double, -1, -1>, -1, -1, true>](r1: 4, n: 2, r2: 8)  	 3.5622e-05	 1         	 0         	 0         	 0.0287463 	 0         
<PITTS::Tensor3<double>> :: void PITTS::fold_left(const MatrixType&, int, Tensor3<T>&) [with T = double; MatrixType = Eigen::Block<const Eigen::Matrix<double, -1, -1>, -1, -1, true>](r1: 2, n: 2, r2: 4)  	 3.0881e-05	 1         	 0         	 0         	 0.00828989	 0         
<PITTS::Tensor3<double>> :: void PITTS::fold_left(const MatrixType&, int, Tensor3<T>&) [with T = double; MatrixType = Eigen::Block<const Eigen::Matrix<double, -1, -1>, -1, -1, true>](r1: 8, n: 2, r2: 16) 	 2.9341e-05	 1         	 0         	 0         	 0.1396    	 0         
<PITTS::Tensor3<double>> :: void PITTS::fold_left(const MatrixType&, int, Tensor3<T>&) [with T = double; MatrixType = Eigen::Block<const Eigen::Matrix<double, -1, -1>, -1, -1, true>](r1: 16, n: 2, r2: 8) 	 1.271e-05 	 1         	 0         	 0         	 0.322266  	 0         
<PITTS::Tensor3<double>> :: void PITTS::fold_left(const MatrixType&, int, Tensor3<T>&) [with T = double; MatrixType = Eigen::Block<const Eigen::Matrix<double, -1, -1>, -1, -1, true>](r1: 8, n: 2, r2: 4)  	 6.181e-06 	 1         	 0         	 0         	 0.165669  	 0         
<PITTS::Tensor3<double>> :: void PITTS::fold_left(const MatrixType&, int, Tensor3<T>&) [with T = double; MatrixType = Eigen::Block<const Eigen::Matrix<double, -1, -1>, -1, -1, true>](r1: 39, n: 2, r2: 32)	 4.811e-06 	 1         	 0         	 0         	 8.30098   	 0         
<PITTS::Tensor3<double>> :: void PITTS::fold_left(const MatrixType&, int, Tensor3<T>&) [with T = double; MatrixType = Eigen::Block<const Eigen::Matrix<double, -1, -1>, -1, -1, true>](r1: 32, n: 2, r2: 16)	 4.291e-06 	 1         	 0         	 0         	 3.81822   	 0         
<PITTS::Tensor3<double>> :: void PITTS::fold_left(const MatrixType&, int, Tensor3<T>&) [with T = double; MatrixType = Eigen::Block<const Eigen::Matrix<double, -1, -1>, -1, -1, true>](r1: 4, n: 2, r2: 2)  	 1.01e-06  	 1         	 0         	 0         	 0.253465  	 0         
<PITTS::Tensor3<double>> :: void PITTS::fold_left(const MatrixType&, int, Tensor3<T>&) [with T = double; MatrixType = Eigen::Matrix<double, -1, -1>](r1: 2, n: 2, r2: 1)                                    	 7e-07     	 1         	 0         	 0         	 0.0914286 	 0         
Timing statistics:
function                                                                                                                                                                              	 time [s]  	 #calls    
<PITTS::TensorTrain<double>> :: PITTS::TensorTrain<T> PITTS::fromDense_classical(Iter, Iter, const std::vector<int>&, T, int) [with Iter = const double*; T = double]                 	 521.043   	 1         
<PITTS::MultiVector<double>> :: void PITTS::randomize(MultiVector<T>&) [with T = double]                                                                                              	 0.620103  	 1         
<PITTS::Tensor3<double>> :: void PITTS::fold_left(const MatrixType&, int, Tensor3<T>&) [with T = double; MatrixType = Eigen::Block<const Eigen::Matrix<double, -1, -1>, -1, -1, true>]	 0.00588118	 29        
<PITTS::MultiVector<double>> :: void PITTS::MultiVector<T>::resize(long long int, long long int, bool, bool) [with T = double]                                                        	 0.000118434	 1         
<PITTS::Tensor3<double>> :: void PITTS::Tensor3<T>::resize(long long int, long long int, long long int, bool, bool) [with T = double]                                                 	 8.9665e-05	 60        
<PITTS::Tensor3<double>> :: void PITTS::fold_left(const MatrixType&, int, Tensor3<T>&) [with T = double; MatrixType = Eigen::Matrix<double, -1, -1>]                                  	 7e-07     	 1         
INFO: You are running LIKWID in a cpuset with 64 CPUs. Taking given IDs as logical ID in cpuset
[1;34m[pthread wrapper] 
[0m[1;34m[pthread wrapper] MAIN -> 0
[0m[1;34m[pthread wrapper] PIN_MASK: [0m[1;34m0->1  [0m[1;34m1->2  [0m[1;34m2->3  [0m[1;34m3->4  [0m[1;34m4->5  [0m[1;34m5->6  [0m[1;34m6->7  [0m[1;34m7->8  [0m[1;34m8->9  [0m[1;34m9->10  [0m[1;34m10->11  [0m[1;34m11->12  [0m[1;34m12->13  [0m[1;34m13->14  [0m[1;34m14->15  [0m[1;34m15->16  [0m[1;34m16->17  [0m[1;34m17->18  [0m[1;34m18->19  [0m[1;34m19->20  [0m[1;34m20->21  [0m[1;34m21->22  [0m[1;34m22->23  [0m[1;34m23->24  [0m[1;34m24->25  [0m[1;34m25->26  [0m[1;34m26->27  [0m[1;34m27->28  [0m[1;34m28->29  [0m[1;34m29->30  [0m[1;34m30->31  [0m[1;34m31->32  [0m[1;34m32->33  [0m[1;34m33->34  [0m[1;34m34->35  [0m[1;34m35->36  [0m[1;34m36->37  [0m[1;34m37->38  [0m[1;34m38->39  [0m[1;34m39->40  [0m[1;34m40->41  [0m[1;34m41->42  [0m[1;34m42->43  [0m[1;34m43->44  [0m[1;34m44->45  [0m[1;34m45->46  [0m[1;34m46->47  [0m[1;34m47->48  [0m[1;34m48->49  [0m[1;34m49->50  [0m[1;34m50->51  [0m[1;34m51->52  [0m[1;34m52->53  [0m[1;34m53->54  [0m[1;34m54->55  [0m[1;34m55->56  [0m[1;34m56->57  [0m[1;34m57->58  [0m[1;34m58->59  [0m[1;34m59->60  [0m[1;34m60->61  [0m[1;34m61->62  [0m[1;34m62->63  [0m[1;34m
[pthread wrapper] SKIP MASK: 0x0
[0m[1;34m	threadid 126220273432384 -> hwthread 1 - OK[0m[1;34m
[0m[1;34m	threadid 126220265035712 -> hwthread 2 - OK[0m[1;34m
[0m[1;34m	threadid 126220256639040 -> hwthread 3 - OK[0m[1;34m
[0m[1;34m	threadid 126220248242368 -> hwthread 4 - OK[0m[1;34m
[0m[1;34m	threadid 126220239845696 -> hwthread 5 - OK[0m[1;34m
[0m[1;34m	threadid 126219894909376 -> hwthread 6 - OK[0m[1;34m
[0m[1;34m	threadid 126219886512704 -> hwthread 7 - OK[0m[1;34m
[0m[1;34m	threadid 126219878116032 -> hwthread 8 - OK[0m[1;34m
[0m[1;34m	threadid 126219869719360 -> hwthread 9 - OK[0m[1;34m
[0m[1;34m	threadid 126219861322688 -> hwthread 10 - OK[0m[1;34m
[0m[1;34m	threadid 126219852926016 -> hwthread 11 - OK[0m[1;34m
[0m[1;34m	threadid 126219844529344 -> hwthread 12 - OK[0m[1;34m
[0m[1;34m	threadid 126219358039360 -> hwthread 13 - OK[0m[1;34m
[0m[1;34m	threadid 126219349642688 -> hwthread 14 - OK[0m[1;34m
[0m[1;34m	threadid 126219341246016 -> hwthread 15 - OK[0m[1;34m
[0m[1;34m	threadid 126219332849344 -> hwthread 16 - OK[0m[1;34m
[0m[1;34m	threadid 126219324452672 -> hwthread 17 - OK[0m[1;34m
[0m[1;34m	threadid 126219316056000 -> hwthread 18 - OK[0m[1;34m
[0m[1;34m	threadid 126219307659328 -> hwthread 19 - OK[0m[1;34m
[0m[1;34m	threadid 126218821169344 -> hwthread 20 - OK[0m[1;34m
[0m[1;34m	threadid 126218812772672 -> hwthread 21 - OK[0m[1;34m
[0m[1;34m	threadid 126218804376000 -> hwthread 22 - OK[0m[1;34m
[0m[1;34m	threadid 126218795979328 -> hwthread 23 - OK[0m[1;34m
[0m[1;34m	threadid 126218787582656 -> hwthread 24 - OK[0m[1;34m
[0m[1;34m	threadid 126218779185984 -> hwthread 25 - OK[0m[1;34m
[0m[1;34m	threadid 126218770789312 -> hwthread 26 - OK[0m[1;34m
[0m[1;34m	threadid 126218284299328 -> hwthread 27 - OK[0m[1;34m
[0m[1;34m	threadid 126218275902656 -> hwthread 28 - OK[0m[1;34m
[0m[1;34m	threadid 126218267505984 -> hwthread 29 - OK[0m[1;34m
[0m[1;34m	threadid 126218259109312 -> hwthread 30 - OK[0m[1;34m
[0m[1;34m	threadid 126218250712640 -> hwthread 31 - OK[0m[1;34m
[0m[1;34m	threadid 126218242315968 -> hwthread 32 - OK[0m[1;34m
[0m[1;34m	threadid 126218233915200 -> hwthread 33 - OK[0m[1;34m
[0m[1;34m	threadid 126217747425216 -> hwthread 34 - OK[0m[1;34m
[0m[1;34m	threadid 126217739024448 -> hwthread 35 - OK[0m[1;34m
[0m[1;34m	threadid 126217730623680 -> hwthread 36 - OK[0m[1;34m
[0m[1;34m	threadid 126217722222912 -> hwthread 37 - OK[0m[1;34m
[0m[1;34m	threadid 126217713822144 -> hwthread 38 - OK[0m[1;34m
[0m[1;34m	threadid 126217705421376 -> hwthread 39 - OK[0m[1;34m
[0m[1;34m	threadid 126217697020608 -> hwthread 40 - OK[0m[1;34m
[0m[1;34m	threadid 126217210555200 -> hwthread 41 - OK[0m[1;34m
[0m[1;34m	threadid 126217202154432 -> hwthread 42 - OK[0m[1;34m
[0m[1;34m	threadid 126217193753664 -> hwthread 43 - OK[0m[1;34m
[0m[1;34m	threadid 126217185352896 -> hwthread 44 - OK[0m[1;34m
[0m[1;34m	threadid 126217176952128 -> hwthread 45 - OK[0m[1;34m
[0m[1;34m	threadid 126217168551360 -> hwthread 46 - OK[0m[1;34m
[0m[1;34m	threadid 126217160150592 -> hwthread 47 - OK[0m[1;34m
[0m[1;34m	threadid 126216673685184 -> hwthread 48 - OK[0m[1;34m
[0m[1;34m	threadid 126216665284416 -> hwthread 49 - OK[0m[1;34m
[0m[1;34m	threadid 126216656883648 -> hwthread 50 - OK[0m[1;34m
[0m[1;34m	threadid 126216648482880 -> hwthread 51 - OK[0m[1;34m
[0m[1;34m	threadid 126216640082112 -> hwthread 52 - OK[0m[1;34m
[0m[1;34m	threadid 126216631681344 -> hwthread 53 - OK[0m[1;34m
[0m[1;34m	threadid 126216623280576 -> hwthread 54 - OK[0m[1;34m
[0m[1;34m	threadid 126216136815168 -> hwthread 55 - OK[0m[1;34m
[0m[1;34m	threadid 126216128414400 -> hwthread 56 - OK[0m[1;34m
[0m[1;34m	threadid 126216120013632 -> hwthread 57 - OK[0m[1;34m
[0m[1;34m	threadid 126216111612864 -> hwthread 58 - OK[0m[1;34m
[0m[1;34m	threadid 126216103212096 -> hwthread 59 - OK[0m[1;34m
[0m[1;34m	threadid 126216094811328 -> hwthread 60 - OK[0m[1;34m
[0m[1;34m	threadid 126216086410560 -> hwthread 61 - OK[0m[1;34m
[0m[1;34m	threadid 126215599945152 -> hwthread 62 - OK[0m[1;34m
[0m[1;34m	threadid 126215591544384 -> hwthread 63 - OK[0m[1;34m
[0m[1;34mRoundrobin placement triggered
	threadid 126215583143616 -> hwthread 0 - OK[0m[1;34m
[0m[1;34m	threadid 126215574750912 -> hwthread 1 - OK[0m[1;34m
[0mPITTS: version v0.9.6-2-g6da1bf0-dirty
PITTS: MPI #procs: 1
PITTS: OpenMP #threads: 64
PITTS: SIMD implementation: avx2
PITTS: Eigen SIMD implementation: AVX SSE, SSE2, SSE3, SSSE3, SSE4.1, SSE4.2
PITTS: cache sizes (L1/core, L2/core, L3/accessible) [byte]: (32768, 524288, 805306368)
PITTS: preprocessor definitions: PITTS_DIRECT_MKL_GEMM
Performance statistics:
function                                                                                                                                                                                                    	 time [s]  	 #calls    	 GFlop/s DP	 GFlop/s SP	 GByte/s   	Flops/Byte
<PITTS::MultiVector<double>> :: void PITTS::randomize(MultiVector<T>&) [with T = double](rows: 1073741824, cols: 1)                                                                                         	 0.624125  	 1         	 0         	 0         	 13.7632   	 0         
<PITTS::Tensor3<double>> :: void PITTS::fold_left(const MatrixType&, int, Tensor3<T>&) [with T = double; MatrixType = Eigen::Block<const Eigen::Matrix<double, -1, -1>, -1, -1, true>](r1: 40, n: 2, r2: 40)	 0.00378203	 18        	 0         	 0         	 0.243679  	 0         
<PITTS::Tensor3<double>> :: void PITTS::fold_left(const MatrixType&, int, Tensor3<T>&) [with T = double; MatrixType = Eigen::Block<const Eigen::Matrix<double, -1, -1>, -1, -1, true>](r1: 16, n: 2, r2: 32)	 0.000620649	 1         	 0         	 0         	 0.0263982 	 0         
<PITTS::Tensor3<double>> :: void PITTS::fold_left(const MatrixType&, int, Tensor3<T>&) [with T = double; MatrixType = Eigen::Block<const Eigen::Matrix<double, -1, -1>, -1, -1, true>](r1: 32, n: 2, r2: 40)	 0.000618999	 1         	 0         	 0         	 0.0661714 	 0         
<PITTS::Tensor3<double>> :: void PITTS::fold_left(const MatrixType&, int, Tensor3<T>&) [with T = double; MatrixType = Eigen::Block<const Eigen::Matrix<double, -1, -1>, -1, -1, true>](r1: 2, n: 2, r2: 4)  	 4.1962e-05	 1         	 0         	 0         	 0.00610076	 0         
<PITTS::Tensor3<double>> :: void PITTS::fold_left(const MatrixType&, int, Tensor3<T>&) [with T = double; MatrixType = Eigen::Block<const Eigen::Matrix<double, -1, -1>, -1, -1, true>](r1: 1, n: 2, r2: 2)  	 3.7091e-05	 1         	 0         	 0         	 0.00172549	 0         
<PITTS::Tensor3<double>> :: void PITTS::fold_left(const MatrixType&, int, Tensor3<T>&) [with T = double; MatrixType = Eigen::Block<const Eigen::Matrix<double, -1, -1>, -1, -1, true>](r1: 4, n: 2, r2: 8)  	 3.4031e-05	 1         	 0         	 0         	 0.0300902 	 0         
<PITTS::Tensor3<double>> :: void PITTS::fold_left(const MatrixType&, int, Tensor3<T>&) [with T = double; MatrixType = Eigen::Block<const Eigen::Matrix<double, -1, -1>, -1, -1, true>](r1: 8, n: 2, r2: 16) 	 2.7351e-05	 1         	 0         	 0         	 0.149757  	 0         
<PITTS::Tensor3<double>> :: void PITTS::fold_left(const MatrixType&, int, Tensor3<T>&) [with T = double; MatrixType = Eigen::Block<const Eigen::Matrix<double, -1, -1>, -1, -1, true>](r1: 16, n: 2, r2: 8) 	 1.3951e-05	 1         	 0         	 0         	 0.293599  	 0         
<PITTS::Tensor3<double>> :: void PITTS::fold_left(const MatrixType&, int, Tensor3<T>&) [with T = double; MatrixType = Eigen::Block<const Eigen::Matrix<double, -1, -1>, -1, -1, true>](r1: 8, n: 2, r2: 4)  	 8.66e-06  	 1         	 0         	 0         	 0.118245  	 0         
<PITTS::Tensor3<double>> :: void PITTS::fold_left(const MatrixType&, int, Tensor3<T>&) [with T = double; MatrixType = Eigen::Block<const Eigen::Matrix<double, -1, -1>, -1, -1, true>](r1: 40, n: 2, r2: 32)	 6.1e-06   	 1         	 0         	 0         	 6.71475   	 0         
<PITTS::Tensor3<double>> :: void PITTS::fold_left(const MatrixType&, int, Tensor3<T>&) [with T = double; MatrixType = Eigen::Block<const Eigen::Matrix<double, -1, -1>, -1, -1, true>](r1: 32, n: 2, r2: 16)	 4.88e-06  	 1         	 0         	 0         	 3.35738   	 0         
<PITTS::Tensor3<double>> :: void PITTS::fold_left(const MatrixType&, int, Tensor3<T>&) [with T = double; MatrixType = Eigen::Block<const Eigen::Matrix<double, -1, -1>, -1, -1, true>](r1: 4, n: 2, r2: 2)  	 8.9e-07   	 1         	 0         	 0         	 0.28764   	 0         
<PITTS::Tensor3<double>> :: void PITTS::fold_left(const MatrixType&, int, Tensor3<T>&) [with T = double; MatrixType = Eigen::Matrix<double, -1, -1>](r1: 2, n: 2, r2: 1)                                    	 6.4e-07   	 1         	 0         	 0         	 0.1       	 0         
Timing statistics:
function                                                                                                                                                                              	 time [s]  	 #calls    
<PITTS::TensorTrain<double>> :: PITTS::TensorTrain<T> PITTS::fromDense_classical(Iter, Iter, const std::vector<int>&, T, int) [with Iter = const double*; T = double]                 	 528.219   	 1         
<PITTS::MultiVector<double>> :: void PITTS::randomize(MultiVector<T>&) [with T = double]                                                                                              	 0.624125  	 1         
<PITTS::Tensor3<double>> :: void PITTS::fold_left(const MatrixType&, int, Tensor3<T>&) [with T = double; MatrixType = Eigen::Block<const Eigen::Matrix<double, -1, -1>, -1, -1, true>]	 0.00519659	 29        
<PITTS::MultiVector<double>> :: void PITTS::MultiVector<T>::resize(long long int, long long int, bool, bool) [with T = double]                                                        	 0.000124374	 1         
<PITTS::Tensor3<double>> :: void PITTS::Tensor3<T>::resize(long long int, long long int, long long int, bool, bool) [with T = double]                                                 	 9.8952e-05	 60        
<PITTS::Tensor3<double>> :: void PITTS::fold_left(const MatrixType&, int, Tensor3<T>&) [with T = double; MatrixType = Eigen::Matrix<double, -1, -1>]                                  	 6.4e-07   	 1         
INFO: You are running LIKWID in a cpuset with 64 CPUs. Taking given IDs as logical ID in cpuset
[1;34m[pthread wrapper] 
[0m[1;34m[pthread wrapper] MAIN -> 0
[0m[1;34m[pthread wrapper] PIN_MASK: [0m[1;34m0->1  [0m[1;34m1->2  [0m[1;34m2->3  [0m[1;34m3->4  [0m[1;34m4->5  [0m[1;34m5->6  [0m[1;34m6->7  [0m[1;34m7->8  [0m[1;34m8->9  [0m[1;34m9->10  [0m[1;34m10->11  [0m[1;34m11->12  [0m[1;34m12->13  [0m[1;34m13->14  [0m[1;34m14->15  [0m[1;34m15->16  [0m[1;34m16->17  [0m[1;34m17->18  [0m[1;34m18->19  [0m[1;34m19->20  [0m[1;34m20->21  [0m[1;34m21->22  [0m[1;34m22->23  [0m[1;34m23->24  [0m[1;34m24->25  [0m[1;34m25->26  [0m[1;34m26->27  [0m[1;34m27->28  [0m[1;34m28->29  [0m[1;34m29->30  [0m[1;34m30->31  [0m[1;34m31->32  [0m[1;34m32->33  [0m[1;34m33->34  [0m[1;34m34->35  [0m[1;34m35->36  [0m[1;34m36->37  [0m[1;34m37->38  [0m[1;34m38->39  [0m[1;34m39->40  [0m[1;34m40->41  [0m[1;34m41->42  [0m[1;34m42->43  [0m[1;34m43->44  [0m[1;34m44->45  [0m[1;34m45->46  [0m[1;34m46->47  [0m[1;34m47->48  [0m[1;34m48->49  [0m[1;34m49->50  [0m[1;34m50->51  [0m[1;34m51->52  [0m[1;34m52->53  [0m[1;34m53->54  [0m[1;34m54->55  [0m[1;34m55->56  [0m[1;34m56->57  [0m[1;34m57->58  [0m[1;34m58->59  [0m[1;34m59->60  [0m[1;34m60->61  [0m[1;34m61->62  [0m[1;34m62->63  [0m[1;34m
[pthread wrapper] SKIP MASK: 0x0
[0m[1;34m	threadid 127442428606272 -> hwthread 1 - OK[0m[1;34m
[0m[1;34m	threadid 127442349975488 -> hwthread 2 - OK[0m[1;34m
[0m[1;34m	threadid 127442341578816 -> hwthread 3 - OK[0m[1;34m
[0m[1;34m	threadid 127442333182144 -> hwthread 4 - OK[0m[1;34m
[0m[1;34m	threadid 127442324785472 -> hwthread 5 - OK[0m[1;34m
[0m[1;34m	threadid 127442316388800 -> hwthread 6 - OK[0m[1;34m
[0m[1;34m	threadid 127442307992128 -> hwthread 7 - OK[0m[1;34m
[0m[1;34m	threadid 127442299595456 -> hwthread 8 - OK[0m[1;34m
[0m[1;34m	threadid 127441813105472 -> hwthread 9 - OK[0m[1;34m
[0m[1;34m	threadid 127441804708800 -> hwthread 10 - OK[0m[1;34m
[0m[1;34m	threadid 127441796312128 -> hwthread 11 - OK[0m[1;34m
[0m[1;34m	threadid 127441787915456 -> hwthread 12 - OK[0m[1;34m
[0m[1;34m	threadid 127441779518784 -> hwthread 13 - OK[0m[1;34m
[0m[1;34m	threadid 127441771122112 -> hwthread 14 - OK[0m[1;34m
[0m[1;34m	threadid 127441762725440 -> hwthread 15 - OK[0m[1;34m
[0m[1;34m	threadid 127441276235456 -> hwthread 16 - OK[0m[1;34m
[0m[1;34m	threadid 127441267838784 -> hwthread 17 - OK[0m[1;34m
[0m[1;34m	threadid 127441259442112 -> hwthread 18 - OK[0m[1;34m
[0m[1;34m	threadid 127441251045440 -> hwthread 19 - OK[0m[1;34m
[0m[1;34m	threadid 127441242648768 -> hwthread 20 - OK[0m[1;34m
[0m[1;34m	threadid 127441234252096 -> hwthread 21 - OK[0m[1;34m
[0m[1;34m	threadid 127441225855424 -> hwthread 22 - OK[0m[1;34m
[0m[1;34m	threadid 127440739365440 -> hwthread 23 - OK[0m[1;34m
[0m[1;34m	threadid 127440730968768 -> hwthread 24 - OK[0m[1;34m
[0m[1;34m	threadid 127440722572096 -> hwthread 25 - OK[0m[1;34m
[0m[1;34m	threadid 127440714175424 -> hwthread 26 - OK[0m[1;34m
[0m[1;34m	threadid 127440705778752 -> hwthread 27 - OK[0m[1;34m
[0m[1;34m	threadid 127440697382080 -> hwthread 28 - OK[0m[1;34m
[0m[1;34m	threadid 127440688985408 -> hwthread 29 - OK[0m[1;34m
[0m[1;34m	threadid 127440202495424 -> hwthread 30 - OK[0m[1;34m
[0m[1;34m	threadid 127440194098752 -> hwthread 31 - OK[0m[1;34m
[0m[1;34m	threadid 127440185702080 -> hwthread 32 - OK[0m[1;34m
[0m[1;34m	threadid 127440177301312 -> hwthread 33 - OK[0m[1;34m
[0m[1;34m	threadid 127440168900544 -> hwthread 34 - OK[0m[1;34m
[0m[1;34m	threadid 127440160499776 -> hwthread 35 - OK[0m[1;34m
[0m[1;34m	threadid 127440152099008 -> hwthread 36 - OK[0m[1;34m
[0m[1;34m	threadid 127439665621312 -> hwthread 37 - OK[0m[1;34m
[0m[1;34m	threadid 127439657220544 -> hwthread 38 - OK[0m[1;34m
[0m[1;34m	threadid 127439648819776 -> hwthread 39 - OK[0m[1;34m
[0m[1;34m	threadid 127439640419008 -> hwthread 40 - OK[0m[1;34m
[0m[1;34m	threadid 127439632018240 -> hwthread 41 - OK[0m[1;34m
[0m[1;34m	threadid 127439623617472 -> hwthread 42 - OK[0m[1;34m
[0m[1;34m	threadid 127439615216704 -> hwthread 43 - OK[0m[1;34m
[0m[1;34m	threadid 127439128751296 -> hwthread 44 - OK[0m[1;34m
[0m[1;34m	threadid 127439120350528 -> hwthread 45 - OK[0m[1;34m
[0m[1;34m	threadid 127439111949760 -> hwthread 46 - OK[0m[1;34m
[0m[1;34m	threadid 127439103548992 -> hwthread 47 - OK[0m[1;34m
[0m[1;34m	threadid 127439095148224 -> hwthread 48 - OK[0m[1;34m
[0m[1;34m	threadid 127439086747456 -> hwthread 49 - OK[0m[1;34m
[0m[1;34m	threadid 127439078346688 -> hwthread 50 - OK[0m[1;34m
[0m[1;34m	threadid 127438591881280 -> hwthread 51 - OK[0m[1;34m
[0m[1;34m	threadid 127438583480512 -> hwthread 52 - OK[0m[1;34m
[0m[1;34m	threadid 127438575079744 -> hwthread 53 - OK[0m[1;34m
[0m[1;34m	threadid 127438566678976 -> hwthread 54 - OK[0m[1;34m
[0m[1;34m	threadid 127438558278208 -> hwthread 55 - OK[0m[1;34m
[0m[1;34m	threadid 127438549877440 -> hwthread 56 - OK[0m[1;34m
[0m[1;34m	threadid 127438541476672 -> hwthread 57 - OK[0m[1;34m
[0m[1;34m	threadid 127438055011264 -> hwthread 58 - OK[0m[1;34m
[0m[1;34m	threadid 127438046610496 -> hwthread 59 - OK[0m[1;34m
[0m[1;34m	threadid 127438038209728 -> hwthread 60 - OK[0m[1;34m
[0m[1;34m	threadid 127438029808960 -> hwthread 61 - OK[0m[1;34m
[0m[1;34m	threadid 127438021408192 -> hwthread 62 - OK[0m[1;34m
[0m[1;34m	threadid 127438013007424 -> hwthread 63 - OK[0m[1;34m
[0m[1;34mRoundrobin placement triggered
	threadid 127438004606656 -> hwthread 0 - OK[0m[1;34m
[0m[1;34m	threadid 127437518141120 -> hwthread 1 - OK[0m[1;34m
[0mPITTS: version v0.9.6-2-g6da1bf0-dirty
PITTS: MPI #procs: 1
PITTS: OpenMP #threads: 64
PITTS: SIMD implementation: avx2
PITTS: Eigen SIMD implementation: AVX SSE, SSE2, SSE3, SSSE3, SSE4.1, SSE4.2
PITTS: cache sizes (L1/core, L2/core, L3/accessible) [byte]: (32768, 524288, 805306368)
PITTS: preprocessor definitions: PITTS_DIRECT_MKL_GEMM
Performance statistics:
function                                                                                                                                                                                                    	 time [s]  	 #calls    	 GFlop/s DP	 GFlop/s SP	 GByte/s   	Flops/Byte
<PITTS::MultiVector<double>> :: void PITTS::randomize(MultiVector<T>&) [with T = double](rows: 1073741824, cols: 1)                                                                                         	 0.620286  	 1         	 0         	 0         	 13.8483   	 0         
<PITTS::Tensor3<double>> :: void PITTS::fold_left(const MatrixType&, int, Tensor3<T>&) [with T = double; MatrixType = Eigen::Block<const Eigen::Matrix<double, -1, -1>, -1, -1, true>](r1: 41, n: 2, r2: 41)	 0.00415347	 18        	 0         	 0         	 0.23312   	 0         
<PITTS::Tensor3<double>> :: void PITTS::fold_left(const MatrixType&, int, Tensor3<T>&) [with T = double; MatrixType = Eigen::Block<const Eigen::Matrix<double, -1, -1>, -1, -1, true>](r1: 32, n: 2, r2: 41)	 0.000753434	 1         	 0         	 0         	 0.0557235 	 0         
<PITTS::Tensor3<double>> :: void PITTS::fold_left(const MatrixType&, int, Tensor3<T>&) [with T = double; MatrixType = Eigen::Block<const Eigen::Matrix<double, -1, -1>, -1, -1, true>](r1: 16, n: 2, r2: 32)	 0.000718192	 1         	 0         	 0         	 0.0228128 	 0         
<PITTS::Tensor3<double>> :: void PITTS::fold_left(const MatrixType&, int, Tensor3<T>&) [with T = double; MatrixType = Eigen::Block<const Eigen::Matrix<double, -1, -1>, -1, -1, true>](r1: 1, n: 2, r2: 2)  	 3.5782e-05	 1         	 0         	 0         	 0.00178861	 0         
<PITTS::Tensor3<double>> :: void PITTS::fold_left(const MatrixType&, int, Tensor3<T>&) [with T = double; MatrixType = Eigen::Block<const Eigen::Matrix<double, -1, -1>, -1, -1, true>](r1: 2, n: 2, r2: 4)  	 2.8721e-05	 1         	 0         	 0         	 0.00891334	 0         
<PITTS::Tensor3<double>> :: void PITTS::fold_left(const MatrixType&, int, Tensor3<T>&) [with T = double; MatrixType = Eigen::Block<const Eigen::Matrix<double, -1, -1>, -1, -1, true>](r1: 4, n: 2, r2: 8)  	 2.822e-05 	 1         	 0         	 0         	 0.0362863 	 0         
<PITTS::Tensor3<double>> :: void PITTS::fold_left(const MatrixType&, int, Tensor3<T>&) [with T = double; MatrixType = Eigen::Block<const Eigen::Matrix<double, -1, -1>, -1, -1, true>](r1: 8, n: 2, r2: 16) 	 2.6911e-05	 1         	 0         	 0         	 0.152205  	 0         
<PITTS::Tensor3<double>> :: void PITTS::fold_left(const MatrixType&, int, Tensor3<T>&) [with T = double; MatrixType = Eigen::Block<const Eigen::Matrix<double, -1, -1>, -1, -1, true>](r1: 16, n: 2, r2: 8) 	 1.226e-05 	 1         	 0         	 0         	 0.334095  	 0         
<PITTS::Tensor3<double>> :: void PITTS::fold_left(const MatrixType&, int, Tensor3<T>&) [with T = double; MatrixType = Eigen::Block<const Eigen::Matrix<double, -1, -1>, -1, -1, true>](r1: 8, n: 2, r2: 4)  	 6.43e-06  	 1         	 0         	 0         	 0.159253  	 0         
<PITTS::Tensor3<double>> :: void PITTS::fold_left(const MatrixType&, int, Tensor3<T>&) [with T = double; MatrixType = Eigen::Block<const Eigen::Matrix<double, -1, -1>, -1, -1, true>](r1: 41, n: 2, r2: 32)	 5.04e-06  	 1         	 0         	 0         	 8.33016   	 0         
<PITTS::Tensor3<double>> :: void PITTS::fold_left(const MatrixType&, int, Tensor3<T>&) [with T = double; MatrixType = Eigen::Block<const Eigen::Matrix<double, -1, -1>, -1, -1, true>](r1: 32, n: 2, r2: 16)	 4.741e-06 	 1         	 0         	 0         	 3.45581   	 0         
<PITTS::Tensor3<double>> :: void PITTS::fold_left(const MatrixType&, int, Tensor3<T>&) [with T = double; MatrixType = Eigen::Block<const Eigen::Matrix<double, -1, -1>, -1, -1, true>](r1: 4, n: 2, r2: 2)  	 7.6e-07   	 1         	 0         	 0         	 0.336842  	 0         
<PITTS::Tensor3<double>> :: void PITTS::fold_left(const MatrixType&, int, Tensor3<T>&) [with T = double; MatrixType = Eigen::Matrix<double, -1, -1>](r1: 2, n: 2, r2: 1)                                    	 4.9e-07   	 1         	 0         	 0         	 0.130612  	 0         
Timing statistics:
function                                                                                                                                                                              	 time [s]  	 #calls    
<PITTS::TensorTrain<double>> :: PITTS::TensorTrain<T> PITTS::fromDense_classical(Iter, Iter, const std::vector<int>&, T, int) [with Iter = const double*; T = double]                 	 534.867   	 1         
<PITTS::MultiVector<double>> :: void PITTS::randomize(MultiVector<T>&) [with T = double]                                                                                              	 0.620286  	 1         
<PITTS::Tensor3<double>> :: void PITTS::fold_left(const MatrixType&, int, Tensor3<T>&) [with T = double; MatrixType = Eigen::Block<const Eigen::Matrix<double, -1, -1>, -1, -1, true>]	 0.00577396	 29        
<PITTS::MultiVector<double>> :: void PITTS::MultiVector<T>::resize(long long int, long long int, bool, bool) [with T = double]                                                        	 0.000151934	 1         
<PITTS::Tensor3<double>> :: void PITTS::Tensor3<T>::resize(long long int, long long int, long long int, bool, bool) [with T = double]                                                 	 8.5634e-05	 60        
<PITTS::Tensor3<double>> :: void PITTS::fold_left(const MatrixType&, int, Tensor3<T>&) [with T = double; MatrixType = Eigen::Matrix<double, -1, -1>]                                  	 4.9e-07   	 1         
INFO: You are running LIKWID in a cpuset with 64 CPUs. Taking given IDs as logical ID in cpuset
[1;34m[pthread wrapper] 
[0m[1;34m[pthread wrapper] MAIN -> 0
[0m[1;34m[pthread wrapper] PIN_MASK: [0m[1;34m0->1  [0m[1;34m1->2  [0m[1;34m2->3  [0m[1;34m3->4  [0m[1;34m4->5  [0m[1;34m5->6  [0m[1;34m6->7  [0m[1;34m7->8  [0m[1;34m8->9  [0m[1;34m9->10  [0m[1;34m10->11  [0m[1;34m11->12  [0m[1;34m12->13  [0m[1;34m13->14  [0m[1;34m14->15  [0m[1;34m15->16  [0m[1;34m16->17  [0m[1;34m17->18  [0m[1;34m18->19  [0m[1;34m19->20  [0m[1;34m20->21  [0m[1;34m21->22  [0m[1;34m22->23  [0m[1;34m23->24  [0m[1;34m24->25  [0m[1;34m25->26  [0m[1;34m26->27  [0m[1;34m27->28  [0m[1;34m28->29  [0m[1;34m29->30  [0m[1;34m30->31  [0m[1;34m31->32  [0m[1;34m32->33  [0m[1;34m33->34  [0m[1;34m34->35  [0m[1;34m35->36  [0m[1;34m36->37  [0m[1;34m37->38  [0m[1;34m38->39  [0m[1;34m39->40  [0m[1;34m40->41  [0m[1;34m41->42  [0m[1;34m42->43  [0m[1;34m43->44  [0m[1;34m44->45  [0m[1;34m45->46  [0m[1;34m46->47  [0m[1;34m47->48  [0m[1;34m48->49  [0m[1;34m49->50  [0m[1;34m50->51  [0m[1;34m51->52  [0m[1;34m52->53  [0m[1;34m53->54  [0m[1;34m54->55  [0m[1;34m55->56  [0m[1;34m56->57  [0m[1;34m57->58  [0m[1;34m58->59  [0m[1;34m59->60  [0m[1;34m60->61  [0m[1;34m61->62  [0m[1;34m62->63  [0m[1;34m
[pthread wrapper] SKIP MASK: 0x0
[0m[1;34m	threadid 123708782917440 -> hwthread 1 - OK[0m[1;34m
[0m[1;34m	threadid 123708774520768 -> hwthread 2 - OK[0m[1;34m
[0m[1;34m	threadid 123708766124096 -> hwthread 3 - OK[0m[1;34m
[0m[1;34m	threadid 123708757727424 -> hwthread 4 - OK[0m[1;34m
[0m[1;34m	threadid 123708547000640 -> hwthread 5 - OK[0m[1;34m
[0m[1;34m	threadid 123708538603968 -> hwthread 6 - OK[0m[1;34m
[0m[1;34m	threadid 123708530207296 -> hwthread 7 - OK[0m[1;34m
[0m[1;34m	threadid 123708521810624 -> hwthread 8 - OK[0m[1;34m
[0m[1;34m	threadid 123708513413952 -> hwthread 9 - OK[0m[1;34m
[0m[1;34m	threadid 123708505017280 -> hwthread 10 - OK[0m[1;34m
[0m[1;34m	threadid 123708496620608 -> hwthread 11 - OK[0m[1;34m
[0m[1;34m	threadid 123707943021760 -> hwthread 12 - OK[0m[1;34m
[0m[1;34m	threadid 123707934625088 -> hwthread 13 - OK[0m[1;34m
[0m[1;34m	threadid 123707926228416 -> hwthread 14 - OK[0m[1;34m
[0m[1;34m	threadid 123707917831744 -> hwthread 15 - OK[0m[1;34m
[0m[1;34m	threadid 123707909435072 -> hwthread 16 - OK[0m[1;34m
[0m[1;34m	threadid 123707901038400 -> hwthread 17 - OK[0m[1;34m
[0m[1;34m	threadid 123707892641728 -> hwthread 18 - OK[0m[1;34m
[0m[1;34m	threadid 123707406151744 -> hwthread 19 - OK[0m[1;34m
[0m[1;34m	threadid 123707397755072 -> hwthread 20 - OK[0m[1;34m
[0m[1;34m	threadid 123707389358400 -> hwthread 21 - OK[0m[1;34m
[0m[1;34m	threadid 123707380961728 -> hwthread 22 - OK[0m[1;34m
[0m[1;34m	threadid 123707372565056 -> hwthread 23 - OK[0m[1;34m
[0m[1;34m	threadid 123707364168384 -> hwthread 24 - OK[0m[1;34m
[0m[1;34m	threadid 123707355771712 -> hwthread 25 - OK[0m[1;34m
[0m[1;34m	threadid 123706869281728 -> hwthread 26 - OK[0m[1;34m
[0m[1;34m	threadid 123706860885056 -> hwthread 27 - OK[0m[1;34m
[0m[1;34m	threadid 123706852488384 -> hwthread 28 - OK[0m[1;34m
[0m[1;34m	threadid 123706844091712 -> hwthread 29 - OK[0m[1;34m
[0m[1;34m	threadid 123706835695040 -> hwthread 30 - OK[0m[1;34m
[0m[1;34m	threadid 123706827298368 -> hwthread 31 - OK[0m[1;34m
[0m[1;34m	threadid 123706818901696 -> hwthread 32 - OK[0m[1;34m
[0m[1;34m	threadid 123706332407616 -> hwthread 33 - OK[0m[1;34m
[0m[1;34m	threadid 123706324006848 -> hwthread 34 - OK[0m[1;34m
[0m[1;34m	threadid 123706315606080 -> hwthread 35 - OK[0m[1;34m
[0m[1;34m	threadid 123706307205312 -> hwthread 36 - OK[0m[1;34m
[0m[1;34m	threadid 123706298804544 -> hwthread 37 - OK[0m[1;34m
[0m[1;34m	threadid 123706290403776 -> hwthread 38 - OK[0m[1;34m
[0m[1;34m	threadid 123706282003008 -> hwthread 39 - OK[0m[1;34m
[0m[1;34m	threadid 123705795537600 -> hwthread 40 - OK[0m[1;34m
[0m[1;34m	threadid 123705787136832 -> hwthread 41 - OK[0m[1;34m
[0m[1;34m	threadid 123705778736064 -> hwthread 42 - OK[0m[1;34m
[0m[1;34m	threadid 123705770335296 -> hwthread 43 - OK[0m[1;34m
[0m[1;34m	threadid 123705761934528 -> hwthread 44 - OK[0m[1;34m
[0m[1;34m	threadid 123705753533760 -> hwthread 45 - OK[0m[1;34m
[0m[1;34m	threadid 123705745132992 -> hwthread 46 - OK[0m[1;34m
[0m[1;34m	threadid 123705258667584 -> hwthread 47 - OK[0m[1;34m
[0m[1;34m	threadid 123705250266816 -> hwthread 48 - OK[0m[1;34m
[0m[1;34m	threadid 123705241866048 -> hwthread 49 - OK[0m[1;34m
[0m[1;34m	threadid 123705233465280 -> hwthread 50 - OK[0m[1;34m
[0m[1;34m	threadid 123705225064512 -> hwthread 51 - OK[0m[1;34m
[0m[1;34m	threadid 123705216663744 -> hwthread 52 - OK[0m[1;34m
[0m[1;34m	threadid 123705208262976 -> hwthread 53 - OK[0m[1;34m
[0m[1;34m	threadid 123704721797568 -> hwthread 54 - OK[0m[1;34m
[0m[1;34m	threadid 123704713396800 -> hwthread 55 - OK[0m[1;34m
[0m[1;34m	threadid 123704704996032 -> hwthread 56 - OK[0m[1;34m
[0m[1;34m	threadid 123704696595264 -> hwthread 57 - OK[0m[1;34m
[0m[1;34m	threadid 123704688194496 -> hwthread 58 - OK[0m[1;34m
[0m[1;34m	threadid 123704679793728 -> hwthread 59 - OK[0m[1;34m
[0m[1;34m	threadid 123704671392960 -> hwthread 60 - OK[0m[1;34m
[0m[1;34m	threadid 123704184927552 -> hwthread 61 - OK[0m[1;34m
[0m[1;34m	threadid 123704176526784 -> hwthread 62 - OK[0m[1;34m
[0m[1;34m	threadid 123704168126016 -> hwthread 63 - OK[0m[1;34m
[0m[1;34mRoundrobin placement triggered
	threadid 123704159725248 -> hwthread 0 - OK[0m[1;34m
[0m[1;34m	threadid 123704151332544 -> hwthread 1 - OK[0m[1;34m
[0mPITTS: version v0.9.6-2-g6da1bf0-dirty
PITTS: MPI #procs: 1
PITTS: OpenMP #threads: 64
PITTS: SIMD implementation: avx2
PITTS: Eigen SIMD implementation: AVX SSE, SSE2, SSE3, SSSE3, SSE4.1, SSE4.2
PITTS: cache sizes (L1/core, L2/core, L3/accessible) [byte]: (32768, 524288, 805306368)
PITTS: preprocessor definitions: PITTS_DIRECT_MKL_GEMM
Performance statistics:
function                                                                                                                                                                                                    	 time [s]  	 #calls    	 GFlop/s DP	 GFlop/s SP	 GByte/s   	Flops/Byte
<PITTS::MultiVector<double>> :: void PITTS::randomize(MultiVector<T>&) [with T = double](rows: 1073741824, cols: 1)                                                                                         	 0.620028  	 1         	 0         	 0         	 13.8541   	 0         
<PITTS::Tensor3<double>> :: void PITTS::fold_left(const MatrixType&, int, Tensor3<T>&) [with T = double; MatrixType = Eigen::Block<const Eigen::Matrix<double, -1, -1>, -1, -1, true>](r1: 42, n: 2, r2: 42)	 0.00430355	 18        	 0         	 0         	 0.236099  	 0         
<PITTS::Tensor3<double>> :: void PITTS::fold_left(const MatrixType&, int, Tensor3<T>&) [with T = double; MatrixType = Eigen::Block<const Eigen::Matrix<double, -1, -1>, -1, -1, true>](r1: 32, n: 2, r2: 42)	 0.000816017	 1         	 0         	 0         	 0.0527048 	 0         
<PITTS::Tensor3<double>> :: void PITTS::fold_left(const MatrixType&, int, Tensor3<T>&) [with T = double; MatrixType = Eigen::Block<const Eigen::Matrix<double, -1, -1>, -1, -1, true>](r1: 16, n: 2, r2: 32)	 0.000798096	 1         	 0         	 0         	 0.0205289 	 0         
<PITTS::Tensor3<double>> :: void PITTS::fold_left(const MatrixType&, int, Tensor3<T>&) [with T = double; MatrixType = Eigen::Block<const Eigen::Matrix<double, -1, -1>, -1, -1, true>](r1: 2, n: 2, r2: 4)  	 4.2352e-05	 1         	 0         	 0         	 0.00604458	 0         
<PITTS::Tensor3<double>> :: void PITTS::fold_left(const MatrixType&, int, Tensor3<T>&) [with T = double; MatrixType = Eigen::Block<const Eigen::Matrix<double, -1, -1>, -1, -1, true>](r1: 1, n: 2, r2: 2)  	 3.8021e-05	 1         	 0         	 0         	 0.00168328	 0         
<PITTS::Tensor3<double>> :: void PITTS::fold_left(const MatrixType&, int, Tensor3<T>&) [with T = double; MatrixType = Eigen::Block<const Eigen::Matrix<double, -1, -1>, -1, -1, true>](r1: 4, n: 2, r2: 8)  	 3.7151e-05	 1         	 0         	 0         	 0.0275632 	 0         
<PITTS::Tensor3<double>> :: void PITTS::fold_left(const MatrixType&, int, Tensor3<T>&) [with T = double; MatrixType = Eigen::Block<const Eigen::Matrix<double, -1, -1>, -1, -1, true>](r1: 8, n: 2, r2: 16) 	 3.6081e-05	 1         	 0         	 0         	 0.113522  	 0         
<PITTS::Tensor3<double>> :: void PITTS::fold_left(const MatrixType&, int, Tensor3<T>&) [with T = double; MatrixType = Eigen::Block<const Eigen::Matrix<double, -1, -1>, -1, -1, true>](r1: 16, n: 2, r2: 8) 	 1.194e-05 	 1         	 0         	 0         	 0.343049  	 0         
<PITTS::Tensor3<double>> :: void PITTS::fold_left(const MatrixType&, int, Tensor3<T>&) [with T = double; MatrixType = Eigen::Block<const Eigen::Matrix<double, -1, -1>, -1, -1, true>](r1: 42, n: 2, r2: 32)	 6.64e-06  	 1         	 0         	 0         	 6.47711   	 0         
<PITTS::Tensor3<double>> :: void PITTS::fold_left(const MatrixType&, int, Tensor3<T>&) [with T = double; MatrixType = Eigen::Block<const Eigen::Matrix<double, -1, -1>, -1, -1, true>](r1: 8, n: 2, r2: 4)  	 6.18e-06  	 1         	 0         	 0         	 0.165696  	 0         
<PITTS::Tensor3<double>> :: void PITTS::fold_left(const MatrixType&, int, Tensor3<T>&) [with T = double; MatrixType = Eigen::Block<const Eigen::Matrix<double, -1, -1>, -1, -1, true>](r1: 32, n: 2, r2: 16)	 4.68e-06  	 1         	 0         	 0         	 3.50085   	 0         
<PITTS::Tensor3<double>> :: void PITTS::fold_left(const MatrixType&, int, Tensor3<T>&) [with T = double; MatrixType = Eigen::Block<const Eigen::Matrix<double, -1, -1>, -1, -1, true>](r1: 4, n: 2, r2: 2)  	 1.04e-06  	 1         	 0         	 0         	 0.246154  	 0         
<PITTS::Tensor3<double>> :: void PITTS::fold_left(const MatrixType&, int, Tensor3<T>&) [with T = double; MatrixType = Eigen::Matrix<double, -1, -1>](r1: 2, n: 2, r2: 1)                                    	 5.7e-07   	 1         	 0         	 0         	 0.112281  	 0         
Timing statistics:
function                                                                                                                                                                              	 time [s]  	 #calls    
<PITTS::TensorTrain<double>> :: PITTS::TensorTrain<T> PITTS::fromDense_classical(Iter, Iter, const std::vector<int>&, T, int) [with Iter = const double*; T = double]                 	 534.138   	 1         
<PITTS::MultiVector<double>> :: void PITTS::randomize(MultiVector<T>&) [with T = double]                                                                                              	 0.620028  	 1         
<PITTS::Tensor3<double>> :: void PITTS::fold_left(const MatrixType&, int, Tensor3<T>&) [with T = double; MatrixType = Eigen::Block<const Eigen::Matrix<double, -1, -1>, -1, -1, true>]	 0.00610175	 29        
<PITTS::MultiVector<double>> :: void PITTS::MultiVector<T>::resize(long long int, long long int, bool, bool) [with T = double]                                                        	 0.000116244	 1         
<PITTS::Tensor3<double>> :: void PITTS::Tensor3<T>::resize(long long int, long long int, long long int, bool, bool) [with T = double]                                                 	 8.8294e-05	 60        
<PITTS::Tensor3<double>> :: void PITTS::fold_left(const MatrixType&, int, Tensor3<T>&) [with T = double; MatrixType = Eigen::Matrix<double, -1, -1>]                                  	 5.7e-07   	 1         
INFO: You are running LIKWID in a cpuset with 64 CPUs. Taking given IDs as logical ID in cpuset
[1;34m[pthread wrapper] 
[0m[1;34m[pthread wrapper] MAIN -> 0
[0m[1;34m[pthread wrapper] PIN_MASK: [0m[1;34m0->1  [0m[1;34m1->2  [0m[1;34m2->3  [0m[1;34m3->4  [0m[1;34m4->5  [0m[1;34m5->6  [0m[1;34m6->7  [0m[1;34m7->8  [0m[1;34m8->9  [0m[1;34m9->10  [0m[1;34m10->11  [0m[1;34m11->12  [0m[1;34m12->13  [0m[1;34m13->14  [0m[1;34m14->15  [0m[1;34m15->16  [0m[1;34m16->17  [0m[1;34m17->18  [0m[1;34m18->19  [0m[1;34m19->20  [0m[1;34m20->21  [0m[1;34m21->22  [0m[1;34m22->23  [0m[1;34m23->24  [0m[1;34m24->25  [0m[1;34m25->26  [0m[1;34m26->27  [0m[1;34m27->28  [0m[1;34m28->29  [0m[1;34m29->30  [0m[1;34m30->31  [0m[1;34m31->32  [0m[1;34m32->33  [0m[1;34m33->34  [0m[1;34m34->35  [0m[1;34m35->36  [0m[1;34m36->37  [0m[1;34m37->38  [0m[1;34m38->39  [0m[1;34m39->40  [0m[1;34m40->41  [0m[1;34m41->42  [0m[1;34m42->43  [0m[1;34m43->44  [0m[1;34m44->45  [0m[1;34m45->46  [0m[1;34m46->47  [0m[1;34m47->48  [0m[1;34m48->49  [0m[1;34m49->50  [0m[1;34m50->51  [0m[1;34m51->52  [0m[1;34m52->53  [0m[1;34m53->54  [0m[1;34m54->55  [0m[1;34m55->56  [0m[1;34m56->57  [0m[1;34m57->58  [0m[1;34m58->59  [0m[1;34m59->60  [0m[1;34m60->61  [0m[1;34m61->62  [0m[1;34m62->63  [0m[1;34m
[pthread wrapper] SKIP MASK: 0x0
[0m[1;34m	threadid 131089713575744 -> hwthread 1 - OK[0m[1;34m
[0m[1;34m	threadid 131089705179072 -> hwthread 2 - OK[0m[1;34m
[0m[1;34m	threadid 131089696782400 -> hwthread 3 - OK[0m[1;34m
[0m[1;34m	threadid 131089688385728 -> hwthread 4 - OK[0m[1;34m
[0m[1;34m	threadid 131089679989056 -> hwthread 5 - OK[0m[1;34m
[0m[1;34m	threadid 131089671592384 -> hwthread 6 - OK[0m[1;34m
[0m[1;34m	threadid 131089663195712 -> hwthread 7 - OK[0m[1;34m
[0m[1;34m	threadid 131089179863744 -> hwthread 8 - OK[0m[1;34m
[0m[1;34m	threadid 131089171467072 -> hwthread 9 - OK[0m[1;34m
[0m[1;34m	threadid 131089163070400 -> hwthread 10 - OK[0m[1;34m
[0m[1;34m	threadid 131089154673728 -> hwthread 11 - OK[0m[1;34m
[0m[1;34m	threadid 131089146277056 -> hwthread 12 - OK[0m[1;34m
[0m[1;34m	threadid 131089137880384 -> hwthread 13 - OK[0m[1;34m
[0m[1;34m	threadid 131089129483712 -> hwthread 14 - OK[0m[1;34m
[0m[1;34m	threadid 131088642993728 -> hwthread 15 - OK[0m[1;34m
[0m[1;34m	threadid 131088634597056 -> hwthread 16 - OK[0m[1;34m
[0m[1;34m	threadid 131088626200384 -> hwthread 17 - OK[0m[1;34m
[0m[1;34m	threadid 131088617803712 -> hwthread 18 - OK[0m[1;34m
[0m[1;34m	threadid 131088609407040 -> hwthread 19 - OK[0m[1;34m
[0m[1;34m	threadid 131088601010368 -> hwthread 20 - OK[0m[1;34m
[0m[1;34m	threadid 131088592613696 -> hwthread 21 - OK[0m[1;34m
[0m[1;34m	threadid 131088106123712 -> hwthread 22 - OK[0m[1;34m
[0m[1;34m	threadid 131088097727040 -> hwthread 23 - OK[0m[1;34m
[0m[1;34m	threadid 131088089330368 -> hwthread 24 - OK[0m[1;34m
[0m[1;34m	threadid 131088080933696 -> hwthread 25 - OK[0m[1;34m
[0m[1;34m	threadid 131088072537024 -> hwthread 26 - OK[0m[1;34m
[0m[1;34m	threadid 131088064140352 -> hwthread 27 - OK[0m[1;34m
[0m[1;34m	threadid 131088055743680 -> hwthread 28 - OK[0m[1;34m
[0m[1;34m	threadid 131087569253696 -> hwthread 29 - OK[0m[1;34m
[0m[1;34m	threadid 131087560857024 -> hwthread 30 - OK[0m[1;34m
[0m[1;34m	threadid 131087552460352 -> hwthread 31 - OK[0m[1;34m
[0m[1;34m	threadid 131087544063680 -> hwthread 32 - OK[0m[1;34m
[0m[1;34m	threadid 131087535662912 -> hwthread 33 - OK[0m[1;34m
[0m[1;34m	threadid 131087527262144 -> hwthread 34 - OK[0m[1;34m
[0m[1;34m	threadid 131087518861376 -> hwthread 35 - OK[0m[1;34m
[0m[1;34m	threadid 131087032379584 -> hwthread 36 - OK[0m[1;34m
[0m[1;34m	threadid 131087023978816 -> hwthread 37 - OK[0m[1;34m
[0m[1;34m	threadid 131087015578048 -> hwthread 38 - OK[0m[1;34m
[0m[1;34m	threadid 131087007177280 -> hwthread 39 - OK[0m[1;34m
[0m[1;34m	threadid 131086998776512 -> hwthread 40 - OK[0m[1;34m
[0m[1;34m	threadid 131086990375744 -> hwthread 41 - OK[0m[1;34m
[0m[1;34m	threadid 131086981974976 -> hwthread 42 - OK[0m[1;34m
[0m[1;34m	threadid 131086495509568 -> hwthread 43 - OK[0m[1;34m
[0m[1;34m	threadid 131086487108800 -> hwthread 44 - OK[0m[1;34m
[0m[1;34m	threadid 131086478708032 -> hwthread 45 - OK[0m[1;34m
[0m[1;34m	threadid 131086470307264 -> hwthread 46 - OK[0m[1;34m
[0m[1;34m	threadid 131086461906496 -> hwthread 47 - OK[0m[1;34m
[0m[1;34m	threadid 131086453505728 -> hwthread 48 - OK[0m[1;34m
[0m[1;34m	threadid 131086445104960 -> hwthread 49 - OK[0m[1;34m
[0m[1;34m	threadid 131085958639552 -> hwthread 50 - OK[0m[1;34m
[0m[1;34m	threadid 131085950238784 -> hwthread 51 - OK[0m[1;34m
[0m[1;34m	threadid 131085941838016 -> hwthread 52 - OK[0m[1;34m
[0m[1;34m	threadid 131085933437248 -> hwthread 53 - OK[0m[1;34m
[0m[1;34m	threadid 131085925036480 -> hwthread 54 - OK[0m[1;34m
[0m[1;34m	threadid 131085916635712 -> hwthread 55 - OK[0m[1;34m
[0m[1;34m	threadid 131085908234944 -> hwthread 56 - OK[0m[1;34m
[0m[1;34m	threadid 131085421769536 -> hwthread 57 - OK[0m[1;34m
[0m[1;34m	threadid 131085413368768 -> hwthread 58 - OK[0m[1;34m
[0m[1;34m	threadid 131085404968000 -> hwthread 59 - OK[0m[1;34m
[0m[1;34m	threadid 131085396567232 -> hwthread 60 - OK[0m[1;34m
[0m[1;34m	threadid 131085388166464 -> hwthread 61 - OK[0m[1;34m
[0m[1;34m	threadid 131085379765696 -> hwthread 62 - OK[0m[1;34m
[0m[1;34m	threadid 131085371364928 -> hwthread 63 - OK[0m[1;34m
[0m[1;34mRoundrobin placement triggered
	threadid 131084884899520 -> hwthread 0 - OK[0m[1;34m
[0m[1;34m	threadid 131084876506816 -> hwthread 1 - OK[0m[1;34m
[0mPITTS: version v0.9.6-2-g6da1bf0-dirty
PITTS: MPI #procs: 1
PITTS: OpenMP #threads: 64
PITTS: SIMD implementation: avx2
PITTS: Eigen SIMD implementation: AVX SSE, SSE2, SSE3, SSSE3, SSE4.1, SSE4.2
PITTS: cache sizes (L1/core, L2/core, L3/accessible) [byte]: (32768, 524288, 805306368)
PITTS: preprocessor definitions: PITTS_DIRECT_MKL_GEMM
Performance statistics:
function                                                                                                                                                                                                    	 time [s]  	 #calls    	 GFlop/s DP	 GFlop/s SP	 GByte/s   	Flops/Byte
<PITTS::MultiVector<double>> :: void PITTS::randomize(MultiVector<T>&) [with T = double](rows: 1073741824, cols: 1)                                                                                         	 0.618442  	 1         	 0         	 0         	 13.8896   	 0         
<PITTS::Tensor3<double>> :: void PITTS::fold_left(const MatrixType&, int, Tensor3<T>&) [with T = double; MatrixType = Eigen::Block<const Eigen::Matrix<double, -1, -1>, -1, -1, true>](r1: 43, n: 2, r2: 43)	 0.00395671	 18        	 0         	 0         	 0.269169  	 0         
<PITTS::Tensor3<double>> :: void PITTS::fold_left(const MatrixType&, int, Tensor3<T>&) [with T = double; MatrixType = Eigen::Block<const Eigen::Matrix<double, -1, -1>, -1, -1, true>](r1: 16, n: 2, r2: 32)	 0.000728574	 1         	 0         	 0         	 0.0224878 	 0         
<PITTS::Tensor3<double>> :: void PITTS::fold_left(const MatrixType&, int, Tensor3<T>&) [with T = double; MatrixType = Eigen::Block<const Eigen::Matrix<double, -1, -1>, -1, -1, true>](r1: 32, n: 2, r2: 43)	 0.00061489	 1         	 0         	 0         	 0.0716096 	 0         
<PITTS::Tensor3<double>> :: void PITTS::fold_left(const MatrixType&, int, Tensor3<T>&) [with T = double; MatrixType = Eigen::Block<const Eigen::Matrix<double, -1, -1>, -1, -1, true>](r1: 1, n: 2, r2: 2)  	 3.6991e-05	 1         	 0         	 0         	 0.00173015	 0         
<PITTS::Tensor3<double>> :: void PITTS::fold_left(const MatrixType&, int, Tensor3<T>&) [with T = double; MatrixType = Eigen::Block<const Eigen::Matrix<double, -1, -1>, -1, -1, true>](r1: 2, n: 2, r2: 4)  	 3.0931e-05	 1         	 0         	 0         	 0.00827649	 0         
<PITTS::Tensor3<double>> :: void PITTS::fold_left(const MatrixType&, int, Tensor3<T>&) [with T = double; MatrixType = Eigen::Block<const Eigen::Matrix<double, -1, -1>, -1, -1, true>](r1: 4, n: 2, r2: 8)  	 2.9501e-05	 1         	 0         	 0         	 0.0347107 	 0         
<PITTS::Tensor3<double>> :: void PITTS::fold_left(const MatrixType&, int, Tensor3<T>&) [with T = double; MatrixType = Eigen::Block<const Eigen::Matrix<double, -1, -1>, -1, -1, true>](r1: 8, n: 2, r2: 16) 	 2.7031e-05	 1         	 0         	 0         	 0.15153   	 0         
<PITTS::Tensor3<double>> :: void PITTS::fold_left(const MatrixType&, int, Tensor3<T>&) [with T = double; MatrixType = Eigen::Block<const Eigen::Matrix<double, -1, -1>, -1, -1, true>](r1: 16, n: 2, r2: 8) 	 1.1881e-05	 1         	 0         	 0         	 0.344752  	 0         
<PITTS::Tensor3<double>> :: void PITTS::fold_left(const MatrixType&, int, Tensor3<T>&) [with T = double; MatrixType = Eigen::Block<const Eigen::Matrix<double, -1, -1>, -1, -1, true>](r1: 8, n: 2, r2: 4)  	 6.36e-06  	 1         	 0         	 0         	 0.161006  	 0         
<PITTS::Tensor3<double>> :: void PITTS::fold_left(const MatrixType&, int, Tensor3<T>&) [with T = double; MatrixType = Eigen::Block<const Eigen::Matrix<double, -1, -1>, -1, -1, true>](r1: 43, n: 2, r2: 32)	 5.06e-06  	 1         	 0         	 0         	 8.70198   	 0         
<PITTS::Tensor3<double>> :: void PITTS::fold_left(const MatrixType&, int, Tensor3<T>&) [with T = double; MatrixType = Eigen::Block<const Eigen::Matrix<double, -1, -1>, -1, -1, true>](r1: 32, n: 2, r2: 16)	 4.9e-06   	 1         	 0         	 0         	 3.34367   	 0         
<PITTS::Tensor3<double>> :: void PITTS::fold_left(const MatrixType&, int, Tensor3<T>&) [with T = double; MatrixType = Eigen::Block<const Eigen::Matrix<double, -1, -1>, -1, -1, true>](r1: 4, n: 2, r2: 2)  	 8.7e-07   	 1         	 0         	 0         	 0.294253  	 0         
<PITTS::Tensor3<double>> :: void PITTS::fold_left(const MatrixType&, int, Tensor3<T>&) [with T = double; MatrixType = Eigen::Matrix<double, -1, -1>](r1: 2, n: 2, r2: 1)                                    	 5.8e-07   	 1         	 0         	 0         	 0.110345  	 0         
Timing statistics:
function                                                                                                                                                                              	 time [s]  	 #calls    
<PITTS::TensorTrain<double>> :: PITTS::TensorTrain<T> PITTS::fromDense_classical(Iter, Iter, const std::vector<int>&, T, int) [with Iter = const double*; T = double]                 	 551.485   	 1         
<PITTS::MultiVector<double>> :: void PITTS::randomize(MultiVector<T>&) [with T = double]                                                                                              	 0.618442  	 1         
<PITTS::Tensor3<double>> :: void PITTS::fold_left(const MatrixType&, int, Tensor3<T>&) [with T = double; MatrixType = Eigen::Block<const Eigen::Matrix<double, -1, -1>, -1, -1, true>]	 0.0054537 	 29        
<PITTS::MultiVector<double>> :: void PITTS::MultiVector<T>::resize(long long int, long long int, bool, bool) [with T = double]                                                        	 0.000118723	 1         
<PITTS::Tensor3<double>> :: void PITTS::Tensor3<T>::resize(long long int, long long int, long long int, bool, bool) [with T = double]                                                 	 9.8624e-05	 60        
<PITTS::Tensor3<double>> :: void PITTS::fold_left(const MatrixType&, int, Tensor3<T>&) [with T = double; MatrixType = Eigen::Matrix<double, -1, -1>]                                  	 5.8e-07   	 1         
INFO: You are running LIKWID in a cpuset with 64 CPUs. Taking given IDs as logical ID in cpuset
[1;34m[pthread wrapper] 
[0m[1;34m[pthread wrapper] MAIN -> 0
[0m[1;34m[pthread wrapper] PIN_MASK: [0m[1;34m0->1  [0m[1;34m1->2  [0m[1;34m2->3  [0m[1;34m3->4  [0m[1;34m4->5  [0m[1;34m5->6  [0m[1;34m6->7  [0m[1;34m7->8  [0m[1;34m8->9  [0m[1;34m9->10  [0m[1;34m10->11  [0m[1;34m11->12  [0m[1;34m12->13  [0m[1;34m13->14  [0m[1;34m14->15  [0m[1;34m15->16  [0m[1;34m16->17  [0m[1;34m17->18  [0m[1;34m18->19  [0m[1;34m19->20  [0m[1;34m20->21  [0m[1;34m21->22  [0m[1;34m22->23  [0m[1;34m23->24  [0m[1;34m24->25  [0m[1;34m25->26  [0m[1;34m26->27  [0m[1;34m27->28  [0m[1;34m28->29  [0m[1;34m29->30  [0m[1;34m30->31  [0m[1;34m31->32  [0m[1;34m32->33  [0m[1;34m33->34  [0m[1;34m34->35  [0m[1;34m35->36  [0m[1;34m36->37  [0m[1;34m37->38  [0m[1;34m38->39  [0m[1;34m39->40  [0m[1;34m40->41  [0m[1;34m41->42  [0m[1;34m42->43  [0m[1;34m43->44  [0m[1;34m44->45  [0m[1;34m45->46  [0m[1;34m46->47  [0m[1;34m47->48  [0m[1;34m48->49  [0m[1;34m49->50  [0m[1;34m50->51  [0m[1;34m51->52  [0m[1;34m52->53  [0m[1;34m53->54  [0m[1;34m54->55  [0m[1;34m55->56  [0m[1;34m56->57  [0m[1;34m57->58  [0m[1;34m58->59  [0m[1;34m59->60  [0m[1;34m60->61  [0m[1;34m61->62  [0m[1;34m62->63  [0m[1;34m
[pthread wrapper] SKIP MASK: 0x0
[0m[1;34m	threadid 134265289287488 -> hwthread 1 - OK[0m[1;34m
[0m[1;34m	threadid 134265280890816 -> hwthread 2 - OK[0m[1;34m
[0m[1;34m	threadid 134265272494144 -> hwthread 3 - OK[0m[1;34m
[0m[1;34m	threadid 134265264097472 -> hwthread 4 - OK[0m[1;34m
[0m[1;34m	threadid 134265255700800 -> hwthread 5 - OK[0m[1;34m
[0m[1;34m	threadid 134264905525696 -> hwthread 6 - OK[0m[1;34m
[0m[1;34m	threadid 134264897129024 -> hwthread 7 - OK[0m[1;34m
[0m[1;34m	threadid 134264888732352 -> hwthread 8 - OK[0m[1;34m
[0m[1;34m	threadid 134264880335680 -> hwthread 9 - OK[0m[1;34m
[0m[1;34m	threadid 134264871939008 -> hwthread 10 - OK[0m[1;34m
[0m[1;34m	threadid 134264863542336 -> hwthread 11 - OK[0m[1;34m
[0m[1;34m	threadid 134264855145664 -> hwthread 12 - OK[0m[1;34m
[0m[1;34m	threadid 134264368655680 -> hwthread 13 - OK[0m[1;34m
[0m[1;34m	threadid 134264360259008 -> hwthread 14 - OK[0m[1;34m
[0m[1;34m	threadid 134264351862336 -> hwthread 15 - OK[0m[1;34m
[0m[1;34m	threadid 134264343465664 -> hwthread 16 - OK[0m[1;34m
[0m[1;34m	threadid 134264335068992 -> hwthread 17 - OK[0m[1;34m
[0m[1;34m	threadid 134264326672320 -> hwthread 18 - OK[0m[1;34m
[0m[1;34m	threadid 134264318275648 -> hwthread 19 - OK[0m[1;34m
[0m[1;34m	threadid 134263831785664 -> hwthread 20 - OK[0m[1;34m
[0m[1;34m	threadid 134263823388992 -> hwthread 21 - OK[0m[1;34m
[0m[1;34m	threadid 134263814992320 -> hwthread 22 - OK[0m[1;34m
[0m[1;34m	threadid 134263806595648 -> hwthread 23 - OK[0m[1;34m
[0m[1;34m	threadid 134263798198976 -> hwthread 24 - OK[0m[1;34m
[0m[1;34m	threadid 134263789802304 -> hwthread 25 - OK[0m[1;34m
[0m[1;34m	threadid 134263781405632 -> hwthread 26 - OK[0m[1;34m
[0m[1;34m	threadid 134263294915648 -> hwthread 27 - OK[0m[1;34m
[0m[1;34m	threadid 134263286518976 -> hwthread 28 - OK[0m[1;34m
[0m[1;34m	threadid 134263278122304 -> hwthread 29 - OK[0m[1;34m
[0m[1;34m	threadid 134263269725632 -> hwthread 30 - OK[0m[1;34m
[0m[1;34m	threadid 134263261328960 -> hwthread 31 - OK[0m[1;34m
[0m[1;34m	threadid 134263252932288 -> hwthread 32 - OK[0m[1;34m
[0m[1;34m	threadid 134263244531520 -> hwthread 33 - OK[0m[1;34m
[0m[1;34m	threadid 134262758041536 -> hwthread 34 - OK[0m[1;34m
[0m[1;34m	threadid 134262749640768 -> hwthread 35 - OK[0m[1;34m
[0m[1;34m	threadid 134262741240000 -> hwthread 36 - OK[0m[1;34m
[0m[1;34m	threadid 134262732839232 -> hwthread 37 - OK[0m[1;34m
[0m[1;34m	threadid 134262724438464 -> hwthread 38 - OK[0m[1;34m
[0m[1;34m	threadid 134262716037696 -> hwthread 39 - OK[0m[1;34m
[0m[1;34m	threadid 134262707636928 -> hwthread 40 - OK[0m[1;34m
[0m[1;34m	threadid 134262221171520 -> hwthread 41 - OK[0m[1;34m
[0m[1;34m	threadid 134262212770752 -> hwthread 42 - OK[0m[1;34m
[0m[1;34m	threadid 134262204369984 -> hwthread 43 - OK[0m[1;34m
[0m[1;34m	threadid 134262195969216 -> hwthread 44 - OK[0m[1;34m
[0m[1;34m	threadid 134262187568448 -> hwthread 45 - OK[0m[1;34m
[0m[1;34m	threadid 134262179167680 -> hwthread 46 - OK[0m[1;34m
[0m[1;34m	threadid 134262170766912 -> hwthread 47 - OK[0m[1;34m
[0m[1;34m	threadid 134261684301504 -> hwthread 48 - OK[0m[1;34m
[0m[1;34m	threadid 134261675900736 -> hwthread 49 - OK[0m[1;34m
[0m[1;34m	threadid 134261667499968 -> hwthread 50 - OK[0m[1;34m
[0m[1;34m	threadid 134261659099200 -> hwthread 51 - OK[0m[1;34m
[0m[1;34m	threadid 134261650698432 -> hwthread 52 - OK[0m[1;34m
[0m[1;34m	threadid 134261642297664 -> hwthread 53 - OK[0m[1;34m
[0m[1;34m	threadid 134261633896896 -> hwthread 54 - OK[0m[1;34m
[0m[1;34m	threadid 134261147431488 -> hwthread 55 - OK[0m[1;34m
[0m[1;34m	threadid 134261139030720 -> hwthread 56 - OK[0m[1;34m
[0m[1;34m	threadid 134261130629952 -> hwthread 57 - OK[0m[1;34m
[0m[1;34m	threadid 134261122229184 -> hwthread 58 - OK[0m[1;34m
[0m[1;34m	threadid 134261113828416 -> hwthread 59 - OK[0m[1;34m
[0m[1;34m	threadid 134261105427648 -> hwthread 60 - OK[0m[1;34m
[0m[1;34m	threadid 134261097026880 -> hwthread 61 - OK[0m[1;34m
[0m[1;34m	threadid 134260610561472 -> hwthread 62 - OK[0m[1;34m
[0m[1;34m	threadid 134260602160704 -> hwthread 63 - OK[0m[1;34m
[0m[1;34mRoundrobin placement triggered
	threadid 134260593759936 -> hwthread 0 - OK[0m[1;34m
[0m[1;34m	threadid 134260585367232 -> hwthread 1 - OK[0m[1;34m
[0mPITTS: version v0.9.6-2-g6da1bf0-dirty
PITTS: MPI #procs: 1
PITTS: OpenMP #threads: 64
PITTS: SIMD implementation: avx2
PITTS: Eigen SIMD implementation: AVX SSE, SSE2, SSE3, SSSE3, SSE4.1, SSE4.2
PITTS: cache sizes (L1/core, L2/core, L3/accessible) [byte]: (32768, 524288, 805306368)
PITTS: preprocessor definitions: PITTS_DIRECT_MKL_GEMM
Performance statistics:
function                                                                                                                                                                                                    	 time [s]  	 #calls    	 GFlop/s DP	 GFlop/s SP	 GByte/s   	Flops/Byte
<PITTS::MultiVector<double>> :: void PITTS::randomize(MultiVector<T>&) [with T = double](rows: 1073741824, cols: 1)                                                                                         	 0.619536  	 1         	 0         	 0         	 13.8651   	 0         
<PITTS::Tensor3<double>> :: void PITTS::fold_left(const MatrixType&, int, Tensor3<T>&) [with T = double; MatrixType = Eigen::Block<const Eigen::Matrix<double, -1, -1>, -1, -1, true>](r1: 44, n: 2, r2: 44)	 0.00412466	 18        	 0         	 0         	 0.270358  	 0         
<PITTS::Tensor3<double>> :: void PITTS::fold_left(const MatrixType&, int, Tensor3<T>&) [with T = double; MatrixType = Eigen::Block<const Eigen::Matrix<double, -1, -1>, -1, -1, true>](r1: 16, n: 2, r2: 32)	 0.000738775	 1         	 0         	 0         	 0.0221773 	 0         
<PITTS::Tensor3<double>> :: void PITTS::fold_left(const MatrixType&, int, Tensor3<T>&) [with T = double; MatrixType = Eigen::Block<const Eigen::Matrix<double, -1, -1>, -1, -1, true>](r1: 32, n: 2, r2: 44)	 0.000624471	 1         	 0         	 0         	 0.0721507 	 0         
<PITTS::Tensor3<double>> :: void PITTS::fold_left(const MatrixType&, int, Tensor3<T>&) [with T = double; MatrixType = Eigen::Block<const Eigen::Matrix<double, -1, -1>, -1, -1, true>](r1: 1, n: 2, r2: 2)  	 3.7151e-05	 1         	 0         	 0         	 0.0017227 	 0         
<PITTS::Tensor3<double>> :: void PITTS::fold_left(const MatrixType&, int, Tensor3<T>&) [with T = double; MatrixType = Eigen::Block<const Eigen::Matrix<double, -1, -1>, -1, -1, true>](r1: 2, n: 2, r2: 4)  	 3.5651e-05	 1         	 0         	 0         	 0.00718072	 0         
<PITTS::Tensor3<double>> :: void PITTS::fold_left(const MatrixType&, int, Tensor3<T>&) [with T = double; MatrixType = Eigen::Block<const Eigen::Matrix<double, -1, -1>, -1, -1, true>](r1: 8, n: 2, r2: 16) 	 3.1421e-05	 1         	 0         	 0         	 0.130359  	 0         
<PITTS::Tensor3<double>> :: void PITTS::fold_left(const MatrixType&, int, Tensor3<T>&) [with T = double; MatrixType = Eigen::Block<const Eigen::Matrix<double, -1, -1>, -1, -1, true>](r1: 4, n: 2, r2: 8)  	 3.0301e-05	 1         	 0         	 0         	 0.0337943 	 0         
<PITTS::Tensor3<double>> :: void PITTS::fold_left(const MatrixType&, int, Tensor3<T>&) [with T = double; MatrixType = Eigen::Block<const Eigen::Matrix<double, -1, -1>, -1, -1, true>](r1: 16, n: 2, r2: 8) 	 1.236e-05 	 1         	 0         	 0         	 0.331392  	 0         
<PITTS::Tensor3<double>> :: void PITTS::fold_left(const MatrixType&, int, Tensor3<T>&) [with T = double; MatrixType = Eigen::Block<const Eigen::Matrix<double, -1, -1>, -1, -1, true>](r1: 8, n: 2, r2: 4)  	 6.31e-06  	 1         	 0         	 0         	 0.162282  	 0         
<PITTS::Tensor3<double>> :: void PITTS::fold_left(const MatrixType&, int, Tensor3<T>&) [with T = double; MatrixType = Eigen::Block<const Eigen::Matrix<double, -1, -1>, -1, -1, true>](r1: 44, n: 2, r2: 32)	 5.051e-06 	 1         	 0         	 0         	 8.92021   	 0         
<PITTS::Tensor3<double>> :: void PITTS::fold_left(const MatrixType&, int, Tensor3<T>&) [with T = double; MatrixType = Eigen::Block<const Eigen::Matrix<double, -1, -1>, -1, -1, true>](r1: 32, n: 2, r2: 16)	 4.43e-06  	 1         	 0         	 0         	 3.69842   	 0         
<PITTS::Tensor3<double>> :: void PITTS::fold_left(const MatrixType&, int, Tensor3<T>&) [with T = double; MatrixType = Eigen::Block<const Eigen::Matrix<double, -1, -1>, -1, -1, true>](r1: 4, n: 2, r2: 2)  	 9.2e-07   	 1         	 0         	 0         	 0.278261  	 0         
<PITTS::Tensor3<double>> :: void PITTS::fold_left(const MatrixType&, int, Tensor3<T>&) [with T = double; MatrixType = Eigen::Matrix<double, -1, -1>](r1: 2, n: 2, r2: 1)                                    	 6.7e-07   	 1         	 0         	 0         	 0.0955224 	 0         
Timing statistics:
function                                                                                                                                                                              	 time [s]  	 #calls    
<PITTS::TensorTrain<double>> :: PITTS::TensorTrain<T> PITTS::fromDense_classical(Iter, Iter, const std::vector<int>&, T, int) [with Iter = const double*; T = double]                 	 546.046   	 1         
<PITTS::MultiVector<double>> :: void PITTS::randomize(MultiVector<T>&) [with T = double]                                                                                              	 0.619536  	 1         
<PITTS::Tensor3<double>> :: void PITTS::fold_left(const MatrixType&, int, Tensor3<T>&) [with T = double; MatrixType = Eigen::Block<const Eigen::Matrix<double, -1, -1>, -1, -1, true>]	 0.0056515 	 29        
<PITTS::MultiVector<double>> :: void PITTS::MultiVector<T>::resize(long long int, long long int, bool, bool) [with T = double]                                                        	 0.000122074	 1         
<PITTS::Tensor3<double>> :: void PITTS::Tensor3<T>::resize(long long int, long long int, long long int, bool, bool) [with T = double]                                                 	 8.9802e-05	 60        
<PITTS::Tensor3<double>> :: void PITTS::fold_left(const MatrixType&, int, Tensor3<T>&) [with T = double; MatrixType = Eigen::Matrix<double, -1, -1>]                                  	 6.7e-07   	 1         
INFO: You are running LIKWID in a cpuset with 64 CPUs. Taking given IDs as logical ID in cpuset
[1;34m[pthread wrapper] 
[0m[1;34m[pthread wrapper] MAIN -> 0
[0m[1;34m[pthread wrapper] PIN_MASK: [0m[1;34m0->1  [0m[1;34m1->2  [0m[1;34m2->3  [0m[1;34m3->4  [0m[1;34m4->5  [0m[1;34m5->6  [0m[1;34m6->7  [0m[1;34m7->8  [0m[1;34m8->9  [0m[1;34m9->10  [0m[1;34m10->11  [0m[1;34m11->12  [0m[1;34m12->13  [0m[1;34m13->14  [0m[1;34m14->15  [0m[1;34m15->16  [0m[1;34m16->17  [0m[1;34m17->18  [0m[1;34m18->19  [0m[1;34m19->20  [0m[1;34m20->21  [0m[1;34m21->22  [0m[1;34m22->23  [0m[1;34m23->24  [0m[1;34m24->25  [0m[1;34m25->26  [0m[1;34m26->27  [0m[1;34m27->28  [0m[1;34m28->29  [0m[1;34m29->30  [0m[1;34m30->31  [0m[1;34m31->32  [0m[1;34m32->33  [0m[1;34m33->34  [0m[1;34m34->35  [0m[1;34m35->36  [0m[1;34m36->37  [0m[1;34m37->38  [0m[1;34m38->39  [0m[1;34m39->40  [0m[1;34m40->41  [0m[1;34m41->42  [0m[1;34m42->43  [0m[1;34m43->44  [0m[1;34m44->45  [0m[1;34m45->46  [0m[1;34m46->47  [0m[1;34m47->48  [0m[1;34m48->49  [0m[1;34m49->50  [0m[1;34m50->51  [0m[1;34m51->52  [0m[1;34m52->53  [0m[1;34m53->54  [0m[1;34m54->55  [0m[1;34m55->56  [0m[1;34m56->57  [0m[1;34m57->58  [0m[1;34m58->59  [0m[1;34m59->60  [0m[1;34m60->61  [0m[1;34m61->62  [0m[1;34m62->63  [0m[1;34m
[pthread wrapper] SKIP MASK: 0x0
[0m[1;34m	threadid 126168714950464 -> hwthread 1 - OK[0m[1;34m
[0m[1;34m	threadid 126168706553792 -> hwthread 2 - OK[0m[1;34m
[0m[1;34m	threadid 126168623736896 -> hwthread 3 - OK[0m[1;34m
[0m[1;34m	threadid 126168615340224 -> hwthread 4 - OK[0m[1;34m
[0m[1;34m	threadid 126168606943552 -> hwthread 5 - OK[0m[1;34m
[0m[1;34m	threadid 126168598546880 -> hwthread 6 - OK[0m[1;34m
[0m[1;34m	threadid 126168590150208 -> hwthread 7 - OK[0m[1;34m
[0m[1;34m	threadid 126168581753536 -> hwthread 8 - OK[0m[1;34m
[0m[1;34m	threadid 126168573356864 -> hwthread 9 - OK[0m[1;34m
[0m[1;34m	threadid 126168019758016 -> hwthread 10 - OK[0m[1;34m
[0m[1;34m	threadid 126168011361344 -> hwthread 11 - OK[0m[1;34m
[0m[1;34m	threadid 126168002964672 -> hwthread 12 - OK[0m[1;34m
[0m[1;34m	threadid 126167994568000 -> hwthread 13 - OK[0m[1;34m
[0m[1;34m	threadid 126167986171328 -> hwthread 14 - OK[0m[1;34m
[0m[1;34m	threadid 126167977774656 -> hwthread 15 - OK[0m[1;34m
[0m[1;34m	threadid 126167969377984 -> hwthread 16 - OK[0m[1;34m
[0m[1;34m	threadid 126167482888000 -> hwthread 17 - OK[0m[1;34m
[0m[1;34m	threadid 126167474491328 -> hwthread 18 - OK[0m[1;34m
[0m[1;34m	threadid 126167466094656 -> hwthread 19 - OK[0m[1;34m
[0m[1;34m	threadid 126167457697984 -> hwthread 20 - OK[0m[1;34m
[0m[1;34m	threadid 126167449301312 -> hwthread 21 - OK[0m[1;34m
[0m[1;34m	threadid 126167440904640 -> hwthread 22 - OK[0m[1;34m
[0m[1;34m	threadid 126167432507968 -> hwthread 23 - OK[0m[1;34m
[0m[1;34m	threadid 126166946017984 -> hwthread 24 - OK[0m[1;34m
[0m[1;34m	threadid 126166937621312 -> hwthread 25 - OK[0m[1;34m
[0m[1;34m	threadid 126166929224640 -> hwthread 26 - OK[0m[1;34m
[0m[1;34m	threadid 126166920827968 -> hwthread 27 - OK[0m[1;34m
[0m[1;34m	threadid 126166912431296 -> hwthread 28 - OK[0m[1;34m
[0m[1;34m	threadid 126166904034624 -> hwthread 29 - OK[0m[1;34m
[0m[1;34m	threadid 126166895637952 -> hwthread 30 - OK[0m[1;34m
[0m[1;34m	threadid 126166409147968 -> hwthread 31 - OK[0m[1;34m
[0m[1;34m	threadid 126166400751296 -> hwthread 32 - OK[0m[1;34m
[0m[1;34m	threadid 126166392350528 -> hwthread 33 - OK[0m[1;34m
[0m[1;34m	threadid 126166383949760 -> hwthread 34 - OK[0m[1;34m
[0m[1;34m	threadid 126166375548992 -> hwthread 35 - OK[0m[1;34m
[0m[1;34m	threadid 126166367148224 -> hwthread 36 - OK[0m[1;34m
[0m[1;34m	threadid 126166358747456 -> hwthread 37 - OK[0m[1;34m
[0m[1;34m	threadid 126165872273856 -> hwthread 38 - OK[0m[1;34m
[0m[1;34m	threadid 126165863873088 -> hwthread 39 - OK[0m[1;34m
[0m[1;34m	threadid 126165855472320 -> hwthread 40 - OK[0m[1;34m
[0m[1;34m	threadid 126165847071552 -> hwthread 41 - OK[0m[1;34m
[0m[1;34m	threadid 126165838670784 -> hwthread 42 - OK[0m[1;34m
[0m[1;34m	threadid 126165830270016 -> hwthread 43 - OK[0m[1;34m
[0m[1;34m	threadid 126165821869248 -> hwthread 44 - OK[0m[1;34m
[0m[1;34m	threadid 126165335403840 -> hwthread 45 - OK[0m[1;34m
[0m[1;34m	threadid 126165327003072 -> hwthread 46 - OK[0m[1;34m
[0m[1;34m	threadid 126165318602304 -> hwthread 47 - OK[0m[1;34m
[0m[1;34m	threadid 126165310201536 -> hwthread 48 - OK[0m[1;34m
[0m[1;34m	threadid 126165301800768 -> hwthread 49 - OK[0m[1;34m
[0m[1;34m	threadid 126165293400000 -> hwthread 50 - OK[0m[1;34m
[0m[1;34m	threadid 126165284999232 -> hwthread 51 - OK[0m[1;34m
[0m[1;34m	threadid 126164798533824 -> hwthread 52 - OK[0m[1;34m
[0m[1;34m	threadid 126164790133056 -> hwthread 53 - OK[0m[1;34m
[0m[1;34m	threadid 126164781732288 -> hwthread 54 - OK[0m[1;34m
[0m[1;34m	threadid 126164773331520 -> hwthread 55 - OK[0m[1;34m
[0m[1;34m	threadid 126164764930752 -> hwthread 56 - OK[0m[1;34m
[0m[1;34m	threadid 126164756529984 -> hwthread 57 - OK[0m[1;34m
[0m[1;34m	threadid 126164748129216 -> hwthread 58 - OK[0m[1;34m
[0m[1;34m	threadid 126164261663808 -> hwthread 59 - OK[0m[1;34m
[0m[1;34m	threadid 126164253263040 -> hwthread 60 - OK[0m[1;34m
[0m[1;34m	threadid 126164244862272 -> hwthread 61 - OK[0m[1;34m
[0m[1;34m	threadid 126164236461504 -> hwthread 62 - OK[0m[1;34m
[0m[1;34m	threadid 126164228060736 -> hwthread 63 - OK[0m[1;34m
[0m[1;34mRoundrobin placement triggered
	threadid 126164219659968 -> hwthread 0 - OK[0m[1;34m
[0m[1;34m	threadid 126164211267264 -> hwthread 1 - OK[0m[1;34m
[0mPITTS: version v0.9.6-2-g6da1bf0-dirty
PITTS: MPI #procs: 1
PITTS: OpenMP #threads: 64
PITTS: SIMD implementation: avx2
PITTS: Eigen SIMD implementation: AVX SSE, SSE2, SSE3, SSSE3, SSE4.1, SSE4.2
PITTS: cache sizes (L1/core, L2/core, L3/accessible) [byte]: (32768, 524288, 805306368)
PITTS: preprocessor definitions: PITTS_DIRECT_MKL_GEMM
Performance statistics:
function                                                                                                                                                                                                    	 time [s]  	 #calls    	 GFlop/s DP	 GFlop/s SP	 GByte/s   	Flops/Byte
<PITTS::MultiVector<double>> :: void PITTS::randomize(MultiVector<T>&) [with T = double](rows: 1073741824, cols: 1)                                                                                         	 0.619361  	 1         	 0         	 0         	 13.869    	 0         
<PITTS::Tensor3<double>> :: void PITTS::fold_left(const MatrixType&, int, Tensor3<T>&) [with T = double; MatrixType = Eigen::Block<const Eigen::Matrix<double, -1, -1>, -1, -1, true>](r1: 45, n: 2, r2: 45)	 0.00424298	 18        	 0         	 0         	 0.274901  	 0         
<PITTS::Tensor3<double>> :: void PITTS::fold_left(const MatrixType&, int, Tensor3<T>&) [with T = double; MatrixType = Eigen::Block<const Eigen::Matrix<double, -1, -1>, -1, -1, true>](r1: 16, n: 2, r2: 32)	 0.000799216	 1         	 0         	 0         	 0.0205001 	 0         
<PITTS::Tensor3<double>> :: void PITTS::fold_left(const MatrixType&, int, Tensor3<T>&) [with T = double; MatrixType = Eigen::Block<const Eigen::Matrix<double, -1, -1>, -1, -1, true>](r1: 32, n: 2, r2: 45)	 0.000704872	 1         	 0         	 0         	 0.0653736 	 0         
<PITTS::Tensor3<double>> :: void PITTS::fold_left(const MatrixType&, int, Tensor3<T>&) [with T = double; MatrixType = Eigen::Block<const Eigen::Matrix<double, -1, -1>, -1, -1, true>](r1: 8, n: 2, r2: 16) 	 3.9862e-05	 1         	 0         	 0         	 0.102755  	 0         
<PITTS::Tensor3<double>> :: void PITTS::fold_left(const MatrixType&, int, Tensor3<T>&) [with T = double; MatrixType = Eigen::Block<const Eigen::Matrix<double, -1, -1>, -1, -1, true>](r1: 1, n: 2, r2: 2)  	 3.7531e-05	 1         	 0         	 0         	 0.00170526	 0         
<PITTS::Tensor3<double>> :: void PITTS::fold_left(const MatrixType&, int, Tensor3<T>&) [with T = double; MatrixType = Eigen::Block<const Eigen::Matrix<double, -1, -1>, -1, -1, true>](r1: 4, n: 2, r2: 8)  	 2.8531e-05	 1         	 0         	 0         	 0.0358908 	 0         
<PITTS::Tensor3<double>> :: void PITTS::fold_left(const MatrixType&, int, Tensor3<T>&) [with T = double; MatrixType = Eigen::Block<const Eigen::Matrix<double, -1, -1>, -1, -1, true>](r1: 2, n: 2, r2: 4)  	 2.768e-05 	 1         	 0         	 0         	 0.00924855	 0         
<PITTS::Tensor3<double>> :: void PITTS::fold_left(const MatrixType&, int, Tensor3<T>&) [with T = double; MatrixType = Eigen::Block<const Eigen::Matrix<double, -1, -1>, -1, -1, true>](r1: 16, n: 2, r2: 8) 	 1.216e-05 	 1         	 0         	 0         	 0.336842  	 0         
<PITTS::Tensor3<double>> :: void PITTS::fold_left(const MatrixType&, int, Tensor3<T>&) [with T = double; MatrixType = Eigen::Block<const Eigen::Matrix<double, -1, -1>, -1, -1, true>](r1: 8, n: 2, r2: 4)  	 8.781e-06 	 1         	 0         	 0         	 0.116615  	 0         
<PITTS::Tensor3<double>> :: void PITTS::fold_left(const MatrixType&, int, Tensor3<T>&) [with T = double; MatrixType = Eigen::Block<const Eigen::Matrix<double, -1, -1>, -1, -1, true>](r1: 45, n: 2, r2: 32)	 5.241e-06 	 1         	 0         	 0         	 8.79222   	 0         
<PITTS::Tensor3<double>> :: void PITTS::fold_left(const MatrixType&, int, Tensor3<T>&) [with T = double; MatrixType = Eigen::Block<const Eigen::Matrix<double, -1, -1>, -1, -1, true>](r1: 32, n: 2, r2: 16)	 4.531e-06 	 1         	 0         	 0         	 3.61598   	 0         
<PITTS::Tensor3<double>> :: void PITTS::fold_left(const MatrixType&, int, Tensor3<T>&) [with T = double; MatrixType = Eigen::Block<const Eigen::Matrix<double, -1, -1>, -1, -1, true>](r1: 4, n: 2, r2: 2)  	 8.5e-07   	 1         	 0         	 0         	 0.301176  	 0         
<PITTS::Tensor3<double>> :: void PITTS::fold_left(const MatrixType&, int, Tensor3<T>&) [with T = double; MatrixType = Eigen::Matrix<double, -1, -1>](r1: 2, n: 2, r2: 1)                                    	 6.2e-07   	 1         	 0         	 0         	 0.103226  	 0         
Timing statistics:
function                                                                                                                                                                              	 time [s]  	 #calls    
<PITTS::TensorTrain<double>> :: PITTS::TensorTrain<T> PITTS::fromDense_classical(Iter, Iter, const std::vector<int>&, T, int) [with Iter = const double*; T = double]                 	 571.447   	 1         
<PITTS::MultiVector<double>> :: void PITTS::randomize(MultiVector<T>&) [with T = double]                                                                                              	 0.619361  	 1         
<PITTS::Tensor3<double>> :: void PITTS::fold_left(const MatrixType&, int, Tensor3<T>&) [with T = double; MatrixType = Eigen::Block<const Eigen::Matrix<double, -1, -1>, -1, -1, true>]	 0.00591224	 29        
<PITTS::MultiVector<double>> :: void PITTS::MultiVector<T>::resize(long long int, long long int, bool, bool) [with T = double]                                                        	 0.000150005	 1         
<PITTS::Tensor3<double>> :: void PITTS::Tensor3<T>::resize(long long int, long long int, long long int, bool, bool) [with T = double]                                                 	 8.9781e-05	 60        
<PITTS::Tensor3<double>> :: void PITTS::fold_left(const MatrixType&, int, Tensor3<T>&) [with T = double; MatrixType = Eigen::Matrix<double, -1, -1>]                                  	 6.2e-07   	 1         
INFO: You are running LIKWID in a cpuset with 64 CPUs. Taking given IDs as logical ID in cpuset
[1;34m[pthread wrapper] 
[0m[1;34m[pthread wrapper] MAIN -> 0
[0m[1;34m[pthread wrapper] PIN_MASK: [0m[1;34m0->1  [0m[1;34m1->2  [0m[1;34m2->3  [0m[1;34m3->4  [0m[1;34m4->5  [0m[1;34m5->6  [0m[1;34m6->7  [0m[1;34m7->8  [0m[1;34m8->9  [0m[1;34m9->10  [0m[1;34m10->11  [0m[1;34m11->12  [0m[1;34m12->13  [0m[1;34m13->14  [0m[1;34m14->15  [0m[1;34m15->16  [0m[1;34m16->17  [0m[1;34m17->18  [0m[1;34m18->19  [0m[1;34m19->20  [0m[1;34m20->21  [0m[1;34m21->22  [0m[1;34m22->23  [0m[1;34m23->24  [0m[1;34m24->25  [0m[1;34m25->26  [0m[1;34m26->27  [0m[1;34m27->28  [0m[1;34m28->29  [0m[1;34m29->30  [0m[1;34m30->31  [0m[1;34m31->32  [0m[1;34m32->33  [0m[1;34m33->34  [0m[1;34m34->35  [0m[1;34m35->36  [0m[1;34m36->37  [0m[1;34m37->38  [0m[1;34m38->39  [0m[1;34m39->40  [0m[1;34m40->41  [0m[1;34m41->42  [0m[1;34m42->43  [0m[1;34m43->44  [0m[1;34m44->45  [0m[1;34m45->46  [0m[1;34m46->47  [0m[1;34m47->48  [0m[1;34m48->49  [0m[1;34m49->50  [0m[1;34m50->51  [0m[1;34m51->52  [0m[1;34m52->53  [0m[1;34m53->54  [0m[1;34m54->55  [0m[1;34m55->56  [0m[1;34m56->57  [0m[1;34m57->58  [0m[1;34m58->59  [0m[1;34m59->60  [0m[1;34m60->61  [0m[1;34m61->62  [0m[1;34m62->63  [0m[1;34m
[pthread wrapper] SKIP MASK: 0x0
[0m[1;34m	threadid 124396438005568 -> hwthread 1 - OK[0m[1;34m
[0m[1;34m	threadid 124396429608896 -> hwthread 2 - OK[0m[1;34m
[0m[1;34m	threadid 124396345747520 -> hwthread 3 - OK[0m[1;34m
[0m[1;34m	threadid 124396337350848 -> hwthread 4 - OK[0m[1;34m
[0m[1;34m	threadid 124396328954176 -> hwthread 5 - OK[0m[1;34m
[0m[1;34m	threadid 124396320557504 -> hwthread 6 - OK[0m[1;34m
[0m[1;34m	threadid 124396312160832 -> hwthread 7 - OK[0m[1;34m
[0m[1;34m	threadid 124396303764160 -> hwthread 8 - OK[0m[1;34m
[0m[1;34m	threadid 124396295367488 -> hwthread 9 - OK[0m[1;34m
[0m[1;34m	threadid 124395741768640 -> hwthread 10 - OK[0m[1;34m
[0m[1;34m	threadid 124395733371968 -> hwthread 11 - OK[0m[1;34m
[0m[1;34m	threadid 124395724975296 -> hwthread 12 - OK[0m[1;34m
[0m[1;34m	threadid 124395716578624 -> hwthread 13 - OK[0m[1;34m
[0m[1;34m	threadid 124395708181952 -> hwthread 14 - OK[0m[1;34m
[0m[1;34m	threadid 124395699785280 -> hwthread 15 - OK[0m[1;34m
[0m[1;34m	threadid 124395691388608 -> hwthread 16 - OK[0m[1;34m
[0m[1;34m	threadid 124395204898624 -> hwthread 17 - OK[0m[1;34m
[0m[1;34m	threadid 124395196501952 -> hwthread 18 - OK[0m[1;34m
[0m[1;34m	threadid 124395188105280 -> hwthread 19 - OK[0m[1;34m
[0m[1;34m	threadid 124395179708608 -> hwthread 20 - OK[0m[1;34m
[0m[1;34m	threadid 124395171311936 -> hwthread 21 - OK[0m[1;34m
[0m[1;34m	threadid 124395162915264 -> hwthread 22 - OK[0m[1;34m
[0m[1;34m	threadid 124395154518592 -> hwthread 23 - OK[0m[1;34m
[0m[1;34m	threadid 124394668028608 -> hwthread 24 - OK[0m[1;34m
[0m[1;34m	threadid 124394659631936 -> hwthread 25 - OK[0m[1;34m
[0m[1;34m	threadid 124394651235264 -> hwthread 26 - OK[0m[1;34m
[0m[1;34m	threadid 124394642838592 -> hwthread 27 - OK[0m[1;34m
[0m[1;34m	threadid 124394634441920 -> hwthread 28 - OK[0m[1;34m
[0m[1;34m	threadid 124394626045248 -> hwthread 29 - OK[0m[1;34m
[0m[1;34m	threadid 124394617648576 -> hwthread 30 - OK[0m[1;34m
[0m[1;34m	threadid 124394131158592 -> hwthread 31 - OK[0m[1;34m
[0m[1;34m	threadid 124394122761920 -> hwthread 32 - OK[0m[1;34m
[0m[1;34m	threadid 124394114361152 -> hwthread 33 - OK[0m[1;34m
[0m[1;34m	threadid 124394105960384 -> hwthread 34 - OK[0m[1;34m
[0m[1;34m	threadid 124394097559616 -> hwthread 35 - OK[0m[1;34m
[0m[1;34m	threadid 124394089158848 -> hwthread 36 - OK[0m[1;34m
[0m[1;34m	threadid 124394080758080 -> hwthread 37 - OK[0m[1;34m
[0m[1;34m	threadid 124393594284480 -> hwthread 38 - OK[0m[1;34m
[0m[1;34m	threadid 124393585883712 -> hwthread 39 - OK[0m[1;34m
[0m[1;34m	threadid 124393577482944 -> hwthread 40 - OK[0m[1;34m
[0m[1;34m	threadid 124393569082176 -> hwthread 41 - OK[0m[1;34m
[0m[1;34m	threadid 124393560681408 -> hwthread 42 - OK[0m[1;34m
[0m[1;34m	threadid 124393552280640 -> hwthread 43 - OK[0m[1;34m
[0m[1;34m	threadid 124393543879872 -> hwthread 44 - OK[0m[1;34m
[0m[1;34m	threadid 124393057414464 -> hwthread 45 - OK[0m[1;34m
[0m[1;34m	threadid 124393049013696 -> hwthread 46 - OK[0m[1;34m
[0m[1;34m	threadid 124393040612928 -> hwthread 47 - OK[0m[1;34m
[0m[1;34m	threadid 124393032212160 -> hwthread 48 - OK[0m[1;34m
[0m[1;34m	threadid 124393023811392 -> hwthread 49 - OK[0m[1;34m
[0m[1;34m	threadid 124393015410624 -> hwthread 50 - OK[0m[1;34m
[0m[1;34m	threadid 124393007009856 -> hwthread 51 - OK[0m[1;34m
[0m[1;34m	threadid 124392520544448 -> hwthread 52 - OK[0m[1;34m
[0m[1;34m	threadid 124392512143680 -> hwthread 53 - OK[0m[1;34m
[0m[1;34m	threadid 124392503742912 -> hwthread 54 - OK[0m[1;34m
[0m[1;34m	threadid 124392495342144 -> hwthread 55 - OK[0m[1;34m
[0m[1;34m	threadid 124392486941376 -> hwthread 56 - OK[0m[1;34m
[0m[1;34m	threadid 124392478540608 -> hwthread 57 - OK[0m[1;34m
[0m[1;34m	threadid 124392470139840 -> hwthread 58 - OK[0m[1;34m
[0m[1;34m	threadid 124391983674432 -> hwthread 59 - OK[0m[1;34m
[0m[1;34m	threadid 124391975273664 -> hwthread 60 - OK[0m[1;34m
[0m[1;34m	threadid 124391966872896 -> hwthread 61 - OK[0m[1;34m
[0m[1;34m	threadid 124391958472128 -> hwthread 62 - OK[0m[1;34m
[0m[1;34m	threadid 124391950071360 -> hwthread 63 - OK[0m[1;34m
[0m[1;34mRoundrobin placement triggered
	threadid 124391941670592 -> hwthread 0 - OK[0m[1;34m
[0m[1;34m	threadid 124391933277888 -> hwthread 1 - OK[0m[1;34m
[0mPITTS: version v0.9.6-2-g6da1bf0-dirty
PITTS: MPI #procs: 1
PITTS: OpenMP #threads: 64
PITTS: SIMD implementation: avx2
PITTS: Eigen SIMD implementation: AVX SSE, SSE2, SSE3, SSSE3, SSE4.1, SSE4.2
PITTS: cache sizes (L1/core, L2/core, L3/accessible) [byte]: (32768, 524288, 805306368)
PITTS: preprocessor definitions: PITTS_DIRECT_MKL_GEMM
Performance statistics:
function                                                                                                                                                                                                    	 time [s]  	 #calls    	 GFlop/s DP	 GFlop/s SP	 GByte/s   	Flops/Byte
<PITTS::MultiVector<double>> :: void PITTS::randomize(MultiVector<T>&) [with T = double](rows: 1073741824, cols: 1)                                                                                         	 0.620396  	 1         	 0         	 0         	 13.8459   	 0         
<PITTS::Tensor3<double>> :: void PITTS::fold_left(const MatrixType&, int, Tensor3<T>&) [with T = double; MatrixType = Eigen::Block<const Eigen::Matrix<double, -1, -1>, -1, -1, true>](r1: 46, n: 2, r2: 46)	 0.00422207	 18        	 0         	 0         	 0.288678  	 0         
<PITTS::Tensor3<double>> :: void PITTS::fold_left(const MatrixType&, int, Tensor3<T>&) [with T = double; MatrixType = Eigen::Block<const Eigen::Matrix<double, -1, -1>, -1, -1, true>](r1: 32, n: 2, r2: 46)	 0.000727173	 1         	 0         	 0         	 0.0647769 	 0         
<PITTS::Tensor3<double>> :: void PITTS::fold_left(const MatrixType&, int, Tensor3<T>&) [with T = double; MatrixType = Eigen::Block<const Eigen::Matrix<double, -1, -1>, -1, -1, true>](r1: 16, n: 2, r2: 32)	 0.00063289	 1         	 0         	 0         	 0.0258876 	 0         
<PITTS::Tensor3<double>> :: void PITTS::fold_left(const MatrixType&, int, Tensor3<T>&) [with T = double; MatrixType = Eigen::Block<const Eigen::Matrix<double, -1, -1>, -1, -1, true>](r1: 2, n: 2, r2: 4)  	 4.6841e-05	 1         	 0         	 0         	 0.0054653 	 0         
<PITTS::Tensor3<double>> :: void PITTS::fold_left(const MatrixType&, int, Tensor3<T>&) [with T = double; MatrixType = Eigen::Block<const Eigen::Matrix<double, -1, -1>, -1, -1, true>](r1: 4, n: 2, r2: 8)  	 3.9851e-05	 1         	 0         	 0         	 0.0256957 	 0         
<PITTS::Tensor3<double>> :: void PITTS::fold_left(const MatrixType&, int, Tensor3<T>&) [with T = double; MatrixType = Eigen::Block<const Eigen::Matrix<double, -1, -1>, -1, -1, true>](r1: 1, n: 2, r2: 2)  	 3.6971e-05	 1         	 0         	 0         	 0.00173109	 0         
<PITTS::Tensor3<double>> :: void PITTS::fold_left(const MatrixType&, int, Tensor3<T>&) [with T = double; MatrixType = Eigen::Block<const Eigen::Matrix<double, -1, -1>, -1, -1, true>](r1: 8, n: 2, r2: 16) 	 2.787e-05 	 1         	 0         	 0         	 0.146968  	 0         
<PITTS::Tensor3<double>> :: void PITTS::fold_left(const MatrixType&, int, Tensor3<T>&) [with T = double; MatrixType = Eigen::Block<const Eigen::Matrix<double, -1, -1>, -1, -1, true>](r1: 16, n: 2, r2: 8) 	 1.2221e-05	 1         	 0         	 0         	 0.335161  	 0         
<PITTS::Tensor3<double>> :: void PITTS::fold_left(const MatrixType&, int, Tensor3<T>&) [with T = double; MatrixType = Eigen::Block<const Eigen::Matrix<double, -1, -1>, -1, -1, true>](r1: 32, n: 2, r2: 16)	 4.68e-06  	 1         	 0         	 0         	 3.50085   	 0         
<PITTS::Tensor3<double>> :: void PITTS::fold_left(const MatrixType&, int, Tensor3<T>&) [with T = double; MatrixType = Eigen::Block<const Eigen::Matrix<double, -1, -1>, -1, -1, true>](r1: 46, n: 2, r2: 32)	 4.57e-06  	 1         	 0         	 0         	 10.3072   	 0         
<PITTS::Tensor3<double>> :: void PITTS::fold_left(const MatrixType&, int, Tensor3<T>&) [with T = double; MatrixType = Eigen::Block<const Eigen::Matrix<double, -1, -1>, -1, -1, true>](r1: 8, n: 2, r2: 4)  	 4.02e-06  	 1         	 0         	 0         	 0.254726  	 0         
<PITTS::Tensor3<double>> :: void PITTS::fold_left(const MatrixType&, int, Tensor3<T>&) [with T = double; MatrixType = Eigen::Block<const Eigen::Matrix<double, -1, -1>, -1, -1, true>](r1: 4, n: 2, r2: 2)  	 8.2e-07   	 1         	 0         	 0         	 0.312195  	 0         
<PITTS::Tensor3<double>> :: void PITTS::fold_left(const MatrixType&, int, Tensor3<T>&) [with T = double; MatrixType = Eigen::Matrix<double, -1, -1>](r1: 2, n: 2, r2: 1)                                    	 5.6e-07   	 1         	 0         	 0         	 0.114286  	 0         
Timing statistics:
function                                                                                                                                                                              	 time [s]  	 #calls    
<PITTS::TensorTrain<double>> :: PITTS::TensorTrain<T> PITTS::fromDense_classical(Iter, Iter, const std::vector<int>&, T, int) [with Iter = const double*; T = double]                 	 560.15    	 1         
<PITTS::MultiVector<double>> :: void PITTS::randomize(MultiVector<T>&) [with T = double]                                                                                              	 0.620396  	 1         
<PITTS::Tensor3<double>> :: void PITTS::fold_left(const MatrixType&, int, Tensor3<T>&) [with T = double; MatrixType = Eigen::Block<const Eigen::Matrix<double, -1, -1>, -1, -1, true>]	 0.00575997	 29        
<PITTS::MultiVector<double>> :: void PITTS::MultiVector<T>::resize(long long int, long long int, bool, bool) [with T = double]                                                        	 0.000117694	 1         
<PITTS::Tensor3<double>> :: void PITTS::Tensor3<T>::resize(long long int, long long int, long long int, bool, bool) [with T = double]                                                 	 7.9143e-05	 60        
<PITTS::Tensor3<double>> :: void PITTS::fold_left(const MatrixType&, int, Tensor3<T>&) [with T = double; MatrixType = Eigen::Matrix<double, -1, -1>]                                  	 5.6e-07   	 1         
INFO: You are running LIKWID in a cpuset with 64 CPUs. Taking given IDs as logical ID in cpuset
[1;34m[pthread wrapper] 
[0m[1;34m[pthread wrapper] MAIN -> 0
[0m[1;34m[pthread wrapper] PIN_MASK: [0m[1;34m0->1  [0m[1;34m1->2  [0m[1;34m2->3  [0m[1;34m3->4  [0m[1;34m4->5  [0m[1;34m5->6  [0m[1;34m6->7  [0m[1;34m7->8  [0m[1;34m8->9  [0m[1;34m9->10  [0m[1;34m10->11  [0m[1;34m11->12  [0m[1;34m12->13  [0m[1;34m13->14  [0m[1;34m14->15  [0m[1;34m15->16  [0m[1;34m16->17  [0m[1;34m17->18  [0m[1;34m18->19  [0m[1;34m19->20  [0m[1;34m20->21  [0m[1;34m21->22  [0m[1;34m22->23  [0m[1;34m23->24  [0m[1;34m24->25  [0m[1;34m25->26  [0m[1;34m26->27  [0m[1;34m27->28  [0m[1;34m28->29  [0m[1;34m29->30  [0m[1;34m30->31  [0m[1;34m31->32  [0m[1;34m32->33  [0m[1;34m33->34  [0m[1;34m34->35  [0m[1;34m35->36  [0m[1;34m36->37  [0m[1;34m37->38  [0m[1;34m38->39  [0m[1;34m39->40  [0m[1;34m40->41  [0m[1;34m41->42  [0m[1;34m42->43  [0m[1;34m43->44  [0m[1;34m44->45  [0m[1;34m45->46  [0m[1;34m46->47  [0m[1;34m47->48  [0m[1;34m48->49  [0m[1;34m49->50  [0m[1;34m50->51  [0m[1;34m51->52  [0m[1;34m52->53  [0m[1;34m53->54  [0m[1;34m54->55  [0m[1;34m55->56  [0m[1;34m56->57  [0m[1;34m57->58  [0m[1;34m58->59  [0m[1;34m59->60  [0m[1;34m60->61  [0m[1;34m61->62  [0m[1;34m62->63  [0m[1;34m
[pthread wrapper] SKIP MASK: 0x0
[0m[1;34m	threadid 137344865777472 -> hwthread 1 - OK[0m[1;34m
[0m[1;34m	threadid 137344857380800 -> hwthread 2 - OK[0m[1;34m
[0m[1;34m	threadid 137344848984128 -> hwthread 3 - OK[0m[1;34m
[0m[1;34m	threadid 137344840587456 -> hwthread 4 - OK[0m[1;34m
[0m[1;34m	threadid 137344832190784 -> hwthread 5 - OK[0m[1;34m
[0m[1;34m	threadid 137344823794112 -> hwthread 6 - OK[0m[1;34m
[0m[1;34m	threadid 137344815397440 -> hwthread 7 - OK[0m[1;34m
[0m[1;34m	threadid 137344329968320 -> hwthread 8 - OK[0m[1;34m
[0m[1;34m	threadid 137344321571648 -> hwthread 9 - OK[0m[1;34m
[0m[1;34m	threadid 137344313174976 -> hwthread 10 - OK[0m[1;34m
[0m[1;34m	threadid 137344304778304 -> hwthread 11 - OK[0m[1;34m
[0m[1;34m	threadid 137344296381632 -> hwthread 12 - OK[0m[1;34m
[0m[1;34m	threadid 137344287984960 -> hwthread 13 - OK[0m[1;34m
[0m[1;34m	threadid 137344279588288 -> hwthread 14 - OK[0m[1;34m
[0m[1;34m	threadid 137343793098304 -> hwthread 15 - OK[0m[1;34m
[0m[1;34m	threadid 137343784701632 -> hwthread 16 - OK[0m[1;34m
[0m[1;34m	threadid 137343776304960 -> hwthread 17 - OK[0m[1;34m
[0m[1;34m	threadid 137343767908288 -> hwthread 18 - OK[0m[1;34m
[0m[1;34m	threadid 137343759511616 -> hwthread 19 - OK[0m[1;34m
[0m[1;34m	threadid 137343751114944 -> hwthread 20 - OK[0m[1;34m
[0m[1;34m	threadid 137343742718272 -> hwthread 21 - OK[0m[1;34m
[0m[1;34m	threadid 137343256228288 -> hwthread 22 - OK[0m[1;34m
[0m[1;34m	threadid 137343247831616 -> hwthread 23 - OK[0m[1;34m
[0m[1;34m	threadid 137343239434944 -> hwthread 24 - OK[0m[1;34m
[0m[1;34m	threadid 137343231038272 -> hwthread 25 - OK[0m[1;34m
[0m[1;34m	threadid 137343222641600 -> hwthread 26 - OK[0m[1;34m
[0m[1;34m	threadid 137343214244928 -> hwthread 27 - OK[0m[1;34m
[0m[1;34m	threadid 137343205848256 -> hwthread 28 - OK[0m[1;34m
[0m[1;34m	threadid 137342719358272 -> hwthread 29 - OK[0m[1;34m
[0m[1;34m	threadid 137342710961600 -> hwthread 30 - OK[0m[1;34m
[0m[1;34m	threadid 137342702564928 -> hwthread 31 - OK[0m[1;34m
[0m[1;34m	threadid 137342694168256 -> hwthread 32 - OK[0m[1;34m
[0m[1;34m	threadid 137342685767488 -> hwthread 33 - OK[0m[1;34m
[0m[1;34m	threadid 137342677366720 -> hwthread 34 - OK[0m[1;34m
[0m[1;34m	threadid 137342668965952 -> hwthread 35 - OK[0m[1;34m
[0m[1;34m	threadid 137342182484160 -> hwthread 36 - OK[0m[1;34m
[0m[1;34m	threadid 137342174083392 -> hwthread 37 - OK[0m[1;34m
[0m[1;34m	threadid 137342165682624 -> hwthread 38 - OK[0m[1;34m
[0m[1;34m	threadid 137342157281856 -> hwthread 39 - OK[0m[1;34m
[0m[1;34m	threadid 137342148881088 -> hwthread 40 - OK[0m[1;34m
[0m[1;34m	threadid 137342140480320 -> hwthread 41 - OK[0m[1;34m
[0m[1;34m	threadid 137342132079552 -> hwthread 42 - OK[0m[1;34m
[0m[1;34m	threadid 137341645614144 -> hwthread 43 - OK[0m[1;34m
[0m[1;34m	threadid 137341637213376 -> hwthread 44 - OK[0m[1;34m
[0m[1;34m	threadid 137341628812608 -> hwthread 45 - OK[0m[1;34m
[0m[1;34m	threadid 137341620411840 -> hwthread 46 - OK[0m[1;34m
[0m[1;34m	threadid 137341612011072 -> hwthread 47 - OK[0m[1;34m
[0m[1;34m	threadid 137341603610304 -> hwthread 48 - OK[0m[1;34m
[0m[1;34m	threadid 137341595209536 -> hwthread 49 - OK[0m[1;34m
[0m[1;34m	threadid 137341108744128 -> hwthread 50 - OK[0m[1;34m
[0m[1;34m	threadid 137341100343360 -> hwthread 51 - OK[0m[1;34m
[0m[1;34m	threadid 137341091942592 -> hwthread 52 - OK[0m[1;34m
[0m[1;34m	threadid 137341083541824 -> hwthread 53 - OK[0m[1;34m
[0m[1;34m	threadid 137341075141056 -> hwthread 54 - OK[0m[1;34m
[0m[1;34m	threadid 137341066740288 -> hwthread 55 - OK[0m[1;34m
[0m[1;34m	threadid 137341058339520 -> hwthread 56 - OK[0m[1;34m
[0m[1;34m	threadid 137340571874112 -> hwthread 57 - OK[0m[1;34m
[0m[1;34m	threadid 137340563473344 -> hwthread 58 - OK[0m[1;34m
[0m[1;34m	threadid 137340555072576 -> hwthread 59 - OK[0m[1;34m
[0m[1;34m	threadid 137340546671808 -> hwthread 60 - OK[0m[1;34m
[0m[1;34m	threadid 137340538271040 -> hwthread 61 - OK[0m[1;34m
[0m[1;34m	threadid 137340529870272 -> hwthread 62 - OK[0m[1;34m
[0m[1;34m	threadid 137340521469504 -> hwthread 63 - OK[0m[1;34m
[0m[1;34mRoundrobin placement triggered
	threadid 137340035004096 -> hwthread 0 - OK[0m[1;34m
[0m[1;34m	threadid 137340026611392 -> hwthread 1 - OK[0m[1;34m
[0mPITTS: version v0.9.6-2-g6da1bf0-dirty
PITTS: MPI #procs: 1
PITTS: OpenMP #threads: 64
PITTS: SIMD implementation: avx2
PITTS: Eigen SIMD implementation: AVX SSE, SSE2, SSE3, SSSE3, SSE4.1, SSE4.2
PITTS: cache sizes (L1/core, L2/core, L3/accessible) [byte]: (32768, 524288, 805306368)
PITTS: preprocessor definitions: PITTS_DIRECT_MKL_GEMM
Performance statistics:
function                                                                                                                                                                                                    	 time [s]  	 #calls    	 GFlop/s DP	 GFlop/s SP	 GByte/s   	Flops/Byte
<PITTS::MultiVector<double>> :: void PITTS::randomize(MultiVector<T>&) [with T = double](rows: 1073741824, cols: 1)                                                                                         	 0.61958   	 1         	 0         	 0         	 13.8641   	 0         
<PITTS::Tensor3<double>> :: void PITTS::fold_left(const MatrixType&, int, Tensor3<T>&) [with T = double; MatrixType = Eigen::Block<const Eigen::Matrix<double, -1, -1>, -1, -1, true>](r1: 47, n: 2, r2: 47)	 0.00393436	 18        	 0         	 0         	 0.323403  	 0         
<PITTS::Tensor3<double>> :: void PITTS::fold_left(const MatrixType&, int, Tensor3<T>&) [with T = double; MatrixType = Eigen::Block<const Eigen::Matrix<double, -1, -1>, -1, -1, true>](r1: 32, n: 2, r2: 47)	 0.000823976	 1         	 0         	 0         	 0.0584095 	 0         
<PITTS::Tensor3<double>> :: void PITTS::fold_left(const MatrixType&, int, Tensor3<T>&) [with T = double; MatrixType = Eigen::Block<const Eigen::Matrix<double, -1, -1>, -1, -1, true>](r1: 16, n: 2, r2: 32)	 0.000717733	 1         	 0         	 0         	 0.0228274 	 0         
<PITTS::Tensor3<double>> :: void PITTS::fold_left(const MatrixType&, int, Tensor3<T>&) [with T = double; MatrixType = Eigen::Block<const Eigen::Matrix<double, -1, -1>, -1, -1, true>](r1: 8, n: 2, r2: 16) 	 3.8091e-05	 1         	 0         	 0         	 0.107532  	 0         
<PITTS::Tensor3<double>> :: void PITTS::fold_left(const MatrixType&, int, Tensor3<T>&) [with T = double; MatrixType = Eigen::Block<const Eigen::Matrix<double, -1, -1>, -1, -1, true>](r1: 1, n: 2, r2: 2)  	 3.7902e-05	 1         	 0         	 0         	 0.00168857	 0         
<PITTS::Tensor3<double>> :: void PITTS::fold_left(const MatrixType&, int, Tensor3<T>&) [with T = double; MatrixType = Eigen::Block<const Eigen::Matrix<double, -1, -1>, -1, -1, true>](r1: 4, n: 2, r2: 8)  	 3.3741e-05	 1         	 0         	 0         	 0.0303488 	 0         
<PITTS::Tensor3<double>> :: void PITTS::fold_left(const MatrixType&, int, Tensor3<T>&) [with T = double; MatrixType = Eigen::Block<const Eigen::Matrix<double, -1, -1>, -1, -1, true>](r1: 2, n: 2, r2: 4)  	 3.0911e-05	 1         	 0         	 0         	 0.00828184	 0         
<PITTS::Tensor3<double>> :: void PITTS::fold_left(const MatrixType&, int, Tensor3<T>&) [with T = double; MatrixType = Eigen::Block<const Eigen::Matrix<double, -1, -1>, -1, -1, true>](r1: 16, n: 2, r2: 8) 	 1.246e-05 	 1         	 0         	 0         	 0.328732  	 0         
<PITTS::Tensor3<double>> :: void PITTS::fold_left(const MatrixType&, int, Tensor3<T>&) [with T = double; MatrixType = Eigen::Block<const Eigen::Matrix<double, -1, -1>, -1, -1, true>](r1: 47, n: 2, r2: 32)	 4.92e-06  	 1         	 0         	 0         	 9.78211   	 0         
<PITTS::Tensor3<double>> :: void PITTS::fold_left(const MatrixType&, int, Tensor3<T>&) [with T = double; MatrixType = Eigen::Block<const Eigen::Matrix<double, -1, -1>, -1, -1, true>](r1: 32, n: 2, r2: 16)	 4.34e-06  	 1         	 0         	 0         	 3.77512   	 0         
<PITTS::Tensor3<double>> :: void PITTS::fold_left(const MatrixType&, int, Tensor3<T>&) [with T = double; MatrixType = Eigen::Block<const Eigen::Matrix<double, -1, -1>, -1, -1, true>](r1: 8, n: 2, r2: 4)  	 4.241e-06 	 1         	 0         	 0         	 0.241452  	 0         
<PITTS::Tensor3<double>> :: void PITTS::fold_left(const MatrixType&, int, Tensor3<T>&) [with T = double; MatrixType = Eigen::Block<const Eigen::Matrix<double, -1, -1>, -1, -1, true>](r1: 4, n: 2, r2: 2)  	 8.8e-07   	 1         	 0         	 0         	 0.290909  	 0         
<PITTS::Tensor3<double>> :: void PITTS::fold_left(const MatrixType&, int, Tensor3<T>&) [with T = double; MatrixType = Eigen::Matrix<double, -1, -1>](r1: 2, n: 2, r2: 1)                                    	 6.6e-07   	 1         	 0         	 0         	 0.0969697 	 0         
Timing statistics:
function                                                                                                                                                                              	 time [s]  	 #calls    
<PITTS::TensorTrain<double>> :: PITTS::TensorTrain<T> PITTS::fromDense_classical(Iter, Iter, const std::vector<int>&, T, int) [with Iter = const double*; T = double]                 	 581.255   	 1         
<PITTS::MultiVector<double>> :: void PITTS::randomize(MultiVector<T>&) [with T = double]                                                                                              	 0.61958   	 1         
<PITTS::Tensor3<double>> :: void PITTS::fold_left(const MatrixType&, int, Tensor3<T>&) [with T = double; MatrixType = Eigen::Block<const Eigen::Matrix<double, -1, -1>, -1, -1, true>]	 0.00564356	 29        
<PITTS::MultiVector<double>> :: void PITTS::MultiVector<T>::resize(long long int, long long int, bool, bool) [with T = double]                                                        	 0.000138594	 1         
<PITTS::Tensor3<double>> :: void PITTS::Tensor3<T>::resize(long long int, long long int, long long int, bool, bool) [with T = double]                                                 	 9.5045e-05	 60        
<PITTS::Tensor3<double>> :: void PITTS::fold_left(const MatrixType&, int, Tensor3<T>&) [with T = double; MatrixType = Eigen::Matrix<double, -1, -1>]                                  	 6.6e-07   	 1         
INFO: You are running LIKWID in a cpuset with 64 CPUs. Taking given IDs as logical ID in cpuset
[1;34m[pthread wrapper] 
[0m[1;34m[pthread wrapper] MAIN -> 0
[0m[1;34m[pthread wrapper] PIN_MASK: [0m[1;34m0->1  [0m[1;34m1->2  [0m[1;34m2->3  [0m[1;34m3->4  [0m[1;34m4->5  [0m[1;34m5->6  [0m[1;34m6->7  [0m[1;34m7->8  [0m[1;34m8->9  [0m[1;34m9->10  [0m[1;34m10->11  [0m[1;34m11->12  [0m[1;34m12->13  [0m[1;34m13->14  [0m[1;34m14->15  [0m[1;34m15->16  [0m[1;34m16->17  [0m[1;34m17->18  [0m[1;34m18->19  [0m[1;34m19->20  [0m[1;34m20->21  [0m[1;34m21->22  [0m[1;34m22->23  [0m[1;34m23->24  [0m[1;34m24->25  [0m[1;34m25->26  [0m[1;34m26->27  [0m[1;34m27->28  [0m[1;34m28->29  [0m[1;34m29->30  [0m[1;34m30->31  [0m[1;34m31->32  [0m[1;34m32->33  [0m[1;34m33->34  [0m[1;34m34->35  [0m[1;34m35->36  [0m[1;34m36->37  [0m[1;34m37->38  [0m[1;34m38->39  [0m[1;34m39->40  [0m[1;34m40->41  [0m[1;34m41->42  [0m[1;34m42->43  [0m[1;34m43->44  [0m[1;34m44->45  [0m[1;34m45->46  [0m[1;34m46->47  [0m[1;34m47->48  [0m[1;34m48->49  [0m[1;34m49->50  [0m[1;34m50->51  [0m[1;34m51->52  [0m[1;34m52->53  [0m[1;34m53->54  [0m[1;34m54->55  [0m[1;34m55->56  [0m[1;34m56->57  [0m[1;34m57->58  [0m[1;34m58->59  [0m[1;34m59->60  [0m[1;34m60->61  [0m[1;34m61->62  [0m[1;34m62->63  [0m[1;34m
[pthread wrapper] SKIP MASK: 0x0
[0m[1;34m	threadid 131612781033280 -> hwthread 1 - OK[0m[1;34m
[0m[1;34m	threadid 131612772636608 -> hwthread 2 - OK[0m[1;34m
[0m[1;34m	threadid 131612696111168 -> hwthread 3 - OK[0m[1;34m
[0m[1;34m	threadid 131612687714496 -> hwthread 4 - OK[0m[1;34m
[0m[1;34m	threadid 131612679317824 -> hwthread 5 - OK[0m[1;34m
[0m[1;34m	threadid 131612670921152 -> hwthread 6 - OK[0m[1;34m
[0m[1;34m	threadid 131612662524480 -> hwthread 7 - OK[0m[1;34m
[0m[1;34m	threadid 131612654127808 -> hwthread 8 - OK[0m[1;34m
[0m[1;34m	threadid 131612645731136 -> hwthread 9 - OK[0m[1;34m
[0m[1;34m	threadid 131612092132288 -> hwthread 10 - OK[0m[1;34m
[0m[1;34m	threadid 131612083735616 -> hwthread 11 - OK[0m[1;34m
[0m[1;34m	threadid 131612075338944 -> hwthread 12 - OK[0m[1;34m
[0m[1;34m	threadid 131612066942272 -> hwthread 13 - OK[0m[1;34m
[0m[1;34m	threadid 131612058545600 -> hwthread 14 - OK[0m[1;34m
[0m[1;34m	threadid 131612050148928 -> hwthread 15 - OK[0m[1;34m
[0m[1;34m	threadid 131612041752256 -> hwthread 16 - OK[0m[1;34m
[0m[1;34m	threadid 131611555262272 -> hwthread 17 - OK[0m[1;34m
[0m[1;34m	threadid 131611546865600 -> hwthread 18 - OK[0m[1;34m
[0m[1;34m	threadid 131611538468928 -> hwthread 19 - OK[0m[1;34m
[0m[1;34m	threadid 131611530072256 -> hwthread 20 - OK[0m[1;34m
[0m[1;34m	threadid 131611521675584 -> hwthread 21 - OK[0m[1;34m
[0m[1;34m	threadid 131611513278912 -> hwthread 22 - OK[0m[1;34m
[0m[1;34m	threadid 131611504882240 -> hwthread 23 - OK[0m[1;34m
[0m[1;34m	threadid 131611018392256 -> hwthread 24 - OK[0m[1;34m
[0m[1;34m	threadid 131611009995584 -> hwthread 25 - OK[0m[1;34m
[0m[1;34m	threadid 131611001598912 -> hwthread 26 - OK[0m[1;34m
[0m[1;34m	threadid 131610993202240 -> hwthread 27 - OK[0m[1;34m
[0m[1;34m	threadid 131610984805568 -> hwthread 28 - OK[0m[1;34m
[0m[1;34m	threadid 131610976408896 -> hwthread 29 - OK[0m[1;34m
[0m[1;34m	threadid 131610968012224 -> hwthread 30 - OK[0m[1;34m
[0m[1;34m	threadid 131610481522240 -> hwthread 31 - OK[0m[1;34m
[0m[1;34m	threadid 131610473125568 -> hwthread 32 - OK[0m[1;34m
[0m[1;34m	threadid 131610464724800 -> hwthread 33 - OK[0m[1;34m
[0m[1;34m	threadid 131610456324032 -> hwthread 34 - OK[0m[1;34m
[0m[1;34m	threadid 131610447923264 -> hwthread 35 - OK[0m[1;34m
[0m[1;34m	threadid 131610439522496 -> hwthread 36 - OK[0m[1;34m
[0m[1;34m	threadid 131610431121728 -> hwthread 37 - OK[0m[1;34m
[0m[1;34m	threadid 131609944648128 -> hwthread 38 - OK[0m[1;34m
[0m[1;34m	threadid 131609936247360 -> hwthread 39 - OK[0m[1;34m
[0m[1;34m	threadid 131609927846592 -> hwthread 40 - OK[0m[1;34m
[0m[1;34m	threadid 131609919445824 -> hwthread 41 - OK[0m[1;34m
[0m[1;34m	threadid 131609911045056 -> hwthread 42 - OK[0m[1;34m
[0m[1;34m	threadid 131609902644288 -> hwthread 43 - OK[0m[1;34m
[0m[1;34m	threadid 131609894243520 -> hwthread 44 - OK[0m[1;34m
[0m[1;34m	threadid 131609407778112 -> hwthread 45 - OK[0m[1;34m
[0m[1;34m	threadid 131609399377344 -> hwthread 46 - OK[0m[1;34m
[0m[1;34m	threadid 131609390976576 -> hwthread 47 - OK[0m[1;34m
[0m[1;34m	threadid 131609382575808 -> hwthread 48 - OK[0m[1;34m
[0m[1;34m	threadid 131609374175040 -> hwthread 49 - OK[0m[1;34m
[0m[1;34m	threadid 131609365774272 -> hwthread 50 - OK[0m[1;34m
[0m[1;34m	threadid 131609357373504 -> hwthread 51 - OK[0m[1;34m
[0m[1;34m	threadid 131608870908096 -> hwthread 52 - OK[0m[1;34m
[0m[1;34m	threadid 131608862507328 -> hwthread 53 - OK[0m[1;34m
[0m[1;34m	threadid 131608854106560 -> hwthread 54 - OK[0m[1;34m
[0m[1;34m	threadid 131608845705792 -> hwthread 55 - OK[0m[1;34m
[0m[1;34m	threadid 131608837305024 -> hwthread 56 - OK[0m[1;34m
[0m[1;34m	threadid 131608828904256 -> hwthread 57 - OK[0m[1;34m
[0m[1;34m	threadid 131608820503488 -> hwthread 58 - OK[0m[1;34m
[0m[1;34m	threadid 131608334038080 -> hwthread 59 - OK[0m[1;34m
[0m[1;34m	threadid 131608325637312 -> hwthread 60 - OK[0m[1;34m
[0m[1;34m	threadid 131608317236544 -> hwthread 61 - OK[0m[1;34m
[0m[1;34m	threadid 131608308835776 -> hwthread 62 - OK[0m[1;34m
[0m[1;34m	threadid 131608300435008 -> hwthread 63 - OK[0m[1;34m
[0m[1;34mRoundrobin placement triggered
	threadid 131608292034240 -> hwthread 0 - OK[0m[1;34m
[0m[1;34m	threadid 131608283641536 -> hwthread 1 - OK[0m[1;34m
[0mPITTS: version v0.9.6-2-g6da1bf0-dirty
PITTS: MPI #procs: 1
PITTS: OpenMP #threads: 64
PITTS: SIMD implementation: avx2
PITTS: Eigen SIMD implementation: AVX SSE, SSE2, SSE3, SSSE3, SSE4.1, SSE4.2
PITTS: cache sizes (L1/core, L2/core, L3/accessible) [byte]: (32768, 524288, 805306368)
PITTS: preprocessor definitions: PITTS_DIRECT_MKL_GEMM
Performance statistics:
function                                                                                                                                                                                                    	 time [s]  	 #calls    	 GFlop/s DP	 GFlop/s SP	 GByte/s   	Flops/Byte
<PITTS::MultiVector<double>> :: void PITTS::randomize(MultiVector<T>&) [with T = double](rows: 1073741824, cols: 1)                                                                                         	 0.62076   	 1         	 0         	 0         	 13.8378   	 0         
<PITTS::Tensor3<double>> :: void PITTS::fold_left(const MatrixType&, int, Tensor3<T>&) [with T = double; MatrixType = Eigen::Block<const Eigen::Matrix<double, -1, -1>, -1, -1, true>](r1: 48, n: 2, r2: 48)	 0.00423323	 18        	 0         	 0         	 0.313496  	 0         
<PITTS::Tensor3<double>> :: void PITTS::fold_left(const MatrixType&, int, Tensor3<T>&) [with T = double; MatrixType = Eigen::Block<const Eigen::Matrix<double, -1, -1>, -1, -1, true>](r1: 32, n: 2, r2: 48)	 0.00109075	 1         	 0         	 0         	 0.0450628 	 0         
<PITTS::Tensor3<double>> :: void PITTS::fold_left(const MatrixType&, int, Tensor3<T>&) [with T = double; MatrixType = Eigen::Block<const Eigen::Matrix<double, -1, -1>, -1, -1, true>](r1: 16, n: 2, r2: 32)	 0.00062953	 1         	 0         	 0         	 0.0260258 	 0         
<PITTS::Tensor3<double>> :: void PITTS::fold_left(const MatrixType&, int, Tensor3<T>&) [with T = double; MatrixType = Eigen::Block<const Eigen::Matrix<double, -1, -1>, -1, -1, true>](r1: 2, n: 2, r2: 4)  	 3.8811e-05	 1         	 0         	 0         	 0.00659607	 0         
<PITTS::Tensor3<double>> :: void PITTS::fold_left(const MatrixType&, int, Tensor3<T>&) [with T = double; MatrixType = Eigen::Block<const Eigen::Matrix<double, -1, -1>, -1, -1, true>](r1: 1, n: 2, r2: 2)  	 3.7111e-05	 1         	 0         	 0         	 0.00172456	 0         
<PITTS::Tensor3<double>> :: void PITTS::fold_left(const MatrixType&, int, Tensor3<T>&) [with T = double; MatrixType = Eigen::Block<const Eigen::Matrix<double, -1, -1>, -1, -1, true>](r1: 4, n: 2, r2: 8)  	 2.6451e-05	 1         	 0         	 0         	 0.0387131 	 0         
<PITTS::Tensor3<double>> :: void PITTS::fold_left(const MatrixType&, int, Tensor3<T>&) [with T = double; MatrixType = Eigen::Block<const Eigen::Matrix<double, -1, -1>, -1, -1, true>](r1: 8, n: 2, r2: 16) 	 2.6161e-05	 1         	 0         	 0         	 0.156569  	 0         
<PITTS::Tensor3<double>> :: void PITTS::fold_left(const MatrixType&, int, Tensor3<T>&) [with T = double; MatrixType = Eigen::Block<const Eigen::Matrix<double, -1, -1>, -1, -1, true>](r1: 16, n: 2, r2: 8) 	 1.279e-05 	 1         	 0         	 0         	 0.32025   	 0         
<PITTS::Tensor3<double>> :: void PITTS::fold_left(const MatrixType&, int, Tensor3<T>&) [with T = double; MatrixType = Eigen::Block<const Eigen::Matrix<double, -1, -1>, -1, -1, true>](r1: 48, n: 2, r2: 32)	 6.931e-06 	 1         	 0         	 0         	 7.09162   	 0         
<PITTS::Tensor3<double>> :: void PITTS::fold_left(const MatrixType&, int, Tensor3<T>&) [with T = double; MatrixType = Eigen::Block<const Eigen::Matrix<double, -1, -1>, -1, -1, true>](r1: 32, n: 2, r2: 16)	 4.47e-06  	 1         	 0         	 0         	 3.66532   	 0         
<PITTS::Tensor3<double>> :: void PITTS::fold_left(const MatrixType&, int, Tensor3<T>&) [with T = double; MatrixType = Eigen::Block<const Eigen::Matrix<double, -1, -1>, -1, -1, true>](r1: 8, n: 2, r2: 4)  	 3.52e-06  	 1         	 0         	 0         	 0.290909  	 0         
<PITTS::Tensor3<double>> :: void PITTS::fold_left(const MatrixType&, int, Tensor3<T>&) [with T = double; MatrixType = Eigen::Block<const Eigen::Matrix<double, -1, -1>, -1, -1, true>](r1: 4, n: 2, r2: 2)  	 7.7e-07   	 1         	 0         	 0         	 0.332468  	 0         
<PITTS::Tensor3<double>> :: void PITTS::fold_left(const MatrixType&, int, Tensor3<T>&) [with T = double; MatrixType = Eigen::Matrix<double, -1, -1>](r1: 2, n: 2, r2: 1)                                    	 6.3e-07   	 1         	 0         	 0         	 0.101587  	 0         
Timing statistics:
function                                                                                                                                                                              	 time [s]  	 #calls    
<PITTS::TensorTrain<double>> :: PITTS::TensorTrain<T> PITTS::fromDense_classical(Iter, Iter, const std::vector<int>&, T, int) [with Iter = const double*; T = double]                 	 575.368   	 1         
<PITTS::MultiVector<double>> :: void PITTS::randomize(MultiVector<T>&) [with T = double]                                                                                              	 0.62076   	 1         
<PITTS::Tensor3<double>> :: void PITTS::fold_left(const MatrixType&, int, Tensor3<T>&) [with T = double; MatrixType = Eigen::Block<const Eigen::Matrix<double, -1, -1>, -1, -1, true>]	 0.00611053	 29        
<PITTS::MultiVector<double>> :: void PITTS::MultiVector<T>::resize(long long int, long long int, bool, bool) [with T = double]                                                        	 0.000145494	 1         
<PITTS::Tensor3<double>> :: void PITTS::Tensor3<T>::resize(long long int, long long int, long long int, bool, bool) [with T = double]                                                 	 0.000100973	 60        
<PITTS::Tensor3<double>> :: void PITTS::fold_left(const MatrixType&, int, Tensor3<T>&) [with T = double; MatrixType = Eigen::Matrix<double, -1, -1>]                                  	 6.3e-07   	 1         
INFO: You are running LIKWID in a cpuset with 64 CPUs. Taking given IDs as logical ID in cpuset
[1;34m[pthread wrapper] 
[0m[1;34m[pthread wrapper] MAIN -> 0
[0m[1;34m[pthread wrapper] PIN_MASK: [0m[1;34m0->1  [0m[1;34m1->2  [0m[1;34m2->3  [0m[1;34m3->4  [0m[1;34m4->5  [0m[1;34m5->6  [0m[1;34m6->7  [0m[1;34m7->8  [0m[1;34m8->9  [0m[1;34m9->10  [0m[1;34m10->11  [0m[1;34m11->12  [0m[1;34m12->13  [0m[1;34m13->14  [0m[1;34m14->15  [0m[1;34m15->16  [0m[1;34m16->17  [0m[1;34m17->18  [0m[1;34m18->19  [0m[1;34m19->20  [0m[1;34m20->21  [0m[1;34m21->22  [0m[1;34m22->23  [0m[1;34m23->24  [0m[1;34m24->25  [0m[1;34m25->26  [0m[1;34m26->27  [0m[1;34m27->28  [0m[1;34m28->29  [0m[1;34m29->30  [0m[1;34m30->31  [0m[1;34m31->32  [0m[1;34m32->33  [0m[1;34m33->34  [0m[1;34m34->35  [0m[1;34m35->36  [0m[1;34m36->37  [0m[1;34m37->38  [0m[1;34m38->39  [0m[1;34m39->40  [0m[1;34m40->41  [0m[1;34m41->42  [0m[1;34m42->43  [0m[1;34m43->44  [0m[1;34m44->45  [0m[1;34m45->46  [0m[1;34m46->47  [0m[1;34m47->48  [0m[1;34m48->49  [0m[1;34m49->50  [0m[1;34m50->51  [0m[1;34m51->52  [0m[1;34m52->53  [0m[1;34m53->54  [0m[1;34m54->55  [0m[1;34m55->56  [0m[1;34m56->57  [0m[1;34m57->58  [0m[1;34m58->59  [0m[1;34m59->60  [0m[1;34m60->61  [0m[1;34m61->62  [0m[1;34m62->63  [0m[1;34m
[pthread wrapper] SKIP MASK: 0x0
[0m[1;34m	threadid 123408865015616 -> hwthread 1 - OK[0m[1;34m
[0m[1;34m	threadid 123408856618944 -> hwthread 2 - OK[0m[1;34m
[0m[1;34m	threadid 123408848222272 -> hwthread 3 - OK[0m[1;34m
[0m[1;34m	threadid 123408637487296 -> hwthread 4 - OK[0m[1;34m
[0m[1;34m	threadid 123408629090624 -> hwthread 5 - OK[0m[1;34m
[0m[1;34m	threadid 123408620693952 -> hwthread 6 - OK[0m[1;34m
[0m[1;34m	threadid 123408612297280 -> hwthread 7 - OK[0m[1;34m
[0m[1;34m	threadid 123408603900608 -> hwthread 8 - OK[0m[1;34m
[0m[1;34m	threadid 123408595503936 -> hwthread 9 - OK[0m[1;34m
[0m[1;34m	threadid 123408587107264 -> hwthread 10 - OK[0m[1;34m
[0m[1;34m	threadid 123408100617280 -> hwthread 11 - OK[0m[1;34m
[0m[1;34m	threadid 123408092220608 -> hwthread 12 - OK[0m[1;34m
[0m[1;34m	threadid 123408083823936 -> hwthread 13 - OK[0m[1;34m
[0m[1;34m	threadid 123408075427264 -> hwthread 14 - OK[0m[1;34m
[0m[1;34m	threadid 123408067030592 -> hwthread 15 - OK[0m[1;34m
[0m[1;34m	threadid 123408058633920 -> hwthread 16 - OK[0m[1;34m
[0m[1;34m	threadid 123408050237248 -> hwthread 17 - OK[0m[1;34m
[0m[1;34m	threadid 123407563747264 -> hwthread 18 - OK[0m[1;34m
[0m[1;34m	threadid 123407555350592 -> hwthread 19 - OK[0m[1;34m
[0m[1;34m	threadid 123407546953920 -> hwthread 20 - OK[0m[1;34m
[0m[1;34m	threadid 123407538557248 -> hwthread 21 - OK[0m[1;34m
[0m[1;34m	threadid 123407530160576 -> hwthread 22 - OK[0m[1;34m
[0m[1;34m	threadid 123407521763904 -> hwthread 23 - OK[0m[1;34m
[0m[1;34m	threadid 123407513367232 -> hwthread 24 - OK[0m[1;34m
[0m[1;34m	threadid 123407026877248 -> hwthread 25 - OK[0m[1;34m
[0m[1;34m	threadid 123407018480576 -> hwthread 26 - OK[0m[1;34m
[0m[1;34m	threadid 123407010083904 -> hwthread 27 - OK[0m[1;34m
[0m[1;34m	threadid 123407001687232 -> hwthread 28 - OK[0m[1;34m
[0m[1;34m	threadid 123406993290560 -> hwthread 29 - OK[0m[1;34m
[0m[1;34m	threadid 123406984893888 -> hwthread 30 - OK[0m[1;34m
[0m[1;34m	threadid 123406976497216 -> hwthread 31 - OK[0m[1;34m
[0m[1;34m	threadid 123406490007232 -> hwthread 32 - OK[0m[1;34m
[0m[1;34m	threadid 123406481606464 -> hwthread 33 - OK[0m[1;34m
[0m[1;34m	threadid 123406473205696 -> hwthread 34 - OK[0m[1;34m
[0m[1;34m	threadid 123406464804928 -> hwthread 35 - OK[0m[1;34m
[0m[1;34m	threadid 123406456404160 -> hwthread 36 - OK[0m[1;34m
[0m[1;34m	threadid 123406448003392 -> hwthread 37 - OK[0m[1;34m
[0m[1;34m	threadid 123406439602624 -> hwthread 38 - OK[0m[1;34m
[0m[1;34m	threadid 123405953133120 -> hwthread 39 - OK[0m[1;34m
[0m[1;34m	threadid 123405944732352 -> hwthread 40 - OK[0m[1;34m
[0m[1;34m	threadid 123405936331584 -> hwthread 41 - OK[0m[1;34m
[0m[1;34m	threadid 123405927930816 -> hwthread 42 - OK[0m[1;34m
[0m[1;34m	threadid 123405919530048 -> hwthread 43 - OK[0m[1;34m
[0m[1;34m	threadid 123405911129280 -> hwthread 44 - OK[0m[1;34m
[0m[1;34m	threadid 123405902728512 -> hwthread 45 - OK[0m[1;34m
[0m[1;34m	threadid 123405416263104 -> hwthread 46 - OK[0m[1;34m
[0m[1;34m	threadid 123405407862336 -> hwthread 47 - OK[0m[1;34m
[0m[1;34m	threadid 123405399461568 -> hwthread 48 - OK[0m[1;34m
[0m[1;34m	threadid 123405391060800 -> hwthread 49 - OK[0m[1;34m
[0m[1;34m	threadid 123405382660032 -> hwthread 50 - OK[0m[1;34m
[0m[1;34m	threadid 123405374259264 -> hwthread 51 - OK[0m[1;34m
[0m[1;34m	threadid 123405365858496 -> hwthread 52 - OK[0m[1;34m
[0m[1;34m	threadid 123404879393088 -> hwthread 53 - OK[0m[1;34m
[0m[1;34m	threadid 123404870992320 -> hwthread 54 - OK[0m[1;34m
[0m[1;34m	threadid 123404862591552 -> hwthread 55 - OK[0m[1;34m
[0m[1;34m	threadid 123404854190784 -> hwthread 56 - OK[0m[1;34m
[0m[1;34m	threadid 123404845790016 -> hwthread 57 - OK[0m[1;34m
[0m[1;34m	threadid 123404837389248 -> hwthread 58 - OK[0m[1;34m
[0m[1;34m	threadid 123404828988480 -> hwthread 59 - OK[0m[1;34m
[0m[1;34m	threadid 123404342523072 -> hwthread 60 - OK[0m[1;34m
[0m[1;34m	threadid 123404334122304 -> hwthread 61 - OK[0m[1;34m
[0m[1;34m	threadid 123404325721536 -> hwthread 62 - OK[0m[1;34m
[0m[1;34m	threadid 123404317320768 -> hwthread 63 - OK[0m[1;34m
[0m[1;34mRoundrobin placement triggered
	threadid 123404308920000 -> hwthread 0 - OK[0m[1;34m
[0m[1;34m	threadid 123404300527296 -> hwthread 1 - OK[0m[1;34m
[0mPITTS: version v0.9.6-2-g6da1bf0-dirty
PITTS: MPI #procs: 1
PITTS: OpenMP #threads: 64
PITTS: SIMD implementation: avx2
PITTS: Eigen SIMD implementation: AVX SSE, SSE2, SSE3, SSSE3, SSE4.1, SSE4.2
PITTS: cache sizes (L1/core, L2/core, L3/accessible) [byte]: (32768, 524288, 805306368)
PITTS: preprocessor definitions: PITTS_DIRECT_MKL_GEMM
Performance statistics:
function                                                                                                                                                                                                    	 time [s]  	 #calls    	 GFlop/s DP	 GFlop/s SP	 GByte/s   	Flops/Byte
<PITTS::MultiVector<double>> :: void PITTS::randomize(MultiVector<T>&) [with T = double](rows: 1073741824, cols: 1)                                                                                         	 0.62314   	 1         	 0         	 0         	 13.7849   	 0         
<PITTS::Tensor3<double>> :: void PITTS::fold_left(const MatrixType&, int, Tensor3<T>&) [with T = double; MatrixType = Eigen::Block<const Eigen::Matrix<double, -1, -1>, -1, -1, true>](r1: 49, n: 2, r2: 49)	 0.00413188	 18        	 0         	 0         	 0.334709  	 0         
<PITTS::Tensor3<double>> :: void PITTS::fold_left(const MatrixType&, int, Tensor3<T>&) [with T = double; MatrixType = Eigen::Block<const Eigen::Matrix<double, -1, -1>, -1, -1, true>](r1: 16, n: 2, r2: 32)	 0.000699842	 1         	 0         	 0         	 0.023411  	 0         
<PITTS::Tensor3<double>> :: void PITTS::fold_left(const MatrixType&, int, Tensor3<T>&) [with T = double; MatrixType = Eigen::Block<const Eigen::Matrix<double, -1, -1>, -1, -1, true>](r1: 32, n: 2, r2: 49)	 0.000662041	 1         	 0         	 0         	 0.0757899 	 0         
<PITTS::Tensor3<double>> :: void PITTS::fold_left(const MatrixType&, int, Tensor3<T>&) [with T = double; MatrixType = Eigen::Block<const Eigen::Matrix<double, -1, -1>, -1, -1, true>](r1: 1, n: 2, r2: 2)  	 3.6331e-05	 1         	 0         	 0         	 0.00176158	 0         
<PITTS::Tensor3<double>> :: void PITTS::fold_left(const MatrixType&, int, Tensor3<T>&) [with T = double; MatrixType = Eigen::Block<const Eigen::Matrix<double, -1, -1>, -1, -1, true>](r1: 4, n: 2, r2: 8)  	 2.8941e-05	 1         	 0         	 0         	 0.0353823 	 0         
<PITTS::Tensor3<double>> :: void PITTS::fold_left(const MatrixType&, int, Tensor3<T>&) [with T = double; MatrixType = Eigen::Block<const Eigen::Matrix<double, -1, -1>, -1, -1, true>](r1: 8, n: 2, r2: 16) 	 2.8791e-05	 1         	 0         	 0         	 0.142267  	 0         
<PITTS::Tensor3<double>> :: void PITTS::fold_left(const MatrixType&, int, Tensor3<T>&) [with T = double; MatrixType = Eigen::Block<const Eigen::Matrix<double, -1, -1>, -1, -1, true>](r1: 2, n: 2, r2: 4)  	 2.8681e-05	 1         	 0         	 0         	 0.00892577	 0         
<PITTS::Tensor3<double>> :: void PITTS::fold_left(const MatrixType&, int, Tensor3<T>&) [with T = double; MatrixType = Eigen::Block<const Eigen::Matrix<double, -1, -1>, -1, -1, true>](r1: 16, n: 2, r2: 8) 	 1.1741e-05	 1         	 0         	 0         	 0.348863  	 0         
<PITTS::Tensor3<double>> :: void PITTS::fold_left(const MatrixType&, int, Tensor3<T>&) [with T = double; MatrixType = Eigen::Block<const Eigen::Matrix<double, -1, -1>, -1, -1, true>](r1: 8, n: 2, r2: 4)  	 6.67e-06  	 1         	 0         	 0         	 0.153523  	 0         
<PITTS::Tensor3<double>> :: void PITTS::fold_left(const MatrixType&, int, Tensor3<T>&) [with T = double; MatrixType = Eigen::Block<const Eigen::Matrix<double, -1, -1>, -1, -1, true>](r1: 32, n: 2, r2: 16)	 6.61e-06  	 1         	 0         	 0         	 2.47867   	 0         
<PITTS::Tensor3<double>> :: void PITTS::fold_left(const MatrixType&, int, Tensor3<T>&) [with T = double; MatrixType = Eigen::Block<const Eigen::Matrix<double, -1, -1>, -1, -1, true>](r1: 49, n: 2, r2: 32)	 5.83e-06  	 1         	 0         	 0         	 8.60652   	 0         
<PITTS::Tensor3<double>> :: void PITTS::fold_left(const MatrixType&, int, Tensor3<T>&) [with T = double; MatrixType = Eigen::Block<const Eigen::Matrix<double, -1, -1>, -1, -1, true>](r1: 4, n: 2, r2: 2)  	 1.14e-06  	 1         	 0         	 0         	 0.224561  	 0         
<PITTS::Tensor3<double>> :: void PITTS::fold_left(const MatrixType&, int, Tensor3<T>&) [with T = double; MatrixType = Eigen::Matrix<double, -1, -1>](r1: 2, n: 2, r2: 1)                                    	 6e-07     	 1         	 0         	 0         	 0.106667  	 0         
Timing statistics:
function                                                                                                                                                                              	 time [s]  	 #calls    
<PITTS::TensorTrain<double>> :: PITTS::TensorTrain<T> PITTS::fromDense_classical(Iter, Iter, const std::vector<int>&, T, int) [with Iter = const double*; T = double]                 	 574.217   	 1         
<PITTS::MultiVector<double>> :: void PITTS::randomize(MultiVector<T>&) [with T = double]                                                                                              	 0.62314   	 1         
<PITTS::Tensor3<double>> :: void PITTS::fold_left(const MatrixType&, int, Tensor3<T>&) [with T = double; MatrixType = Eigen::Block<const Eigen::Matrix<double, -1, -1>, -1, -1, true>]	 0.0056485 	 29        
<PITTS::MultiVector<double>> :: void PITTS::MultiVector<T>::resize(long long int, long long int, bool, bool) [with T = double]                                                        	 0.000131244	 1         
<PITTS::Tensor3<double>> :: void PITTS::Tensor3<T>::resize(long long int, long long int, long long int, bool, bool) [with T = double]                                                 	 9.2375e-05	 60        
<PITTS::Tensor3<double>> :: void PITTS::fold_left(const MatrixType&, int, Tensor3<T>&) [with T = double; MatrixType = Eigen::Matrix<double, -1, -1>]                                  	 6e-07     	 1         
INFO: You are running LIKWID in a cpuset with 64 CPUs. Taking given IDs as logical ID in cpuset
[1;34m[pthread wrapper] 
[0m[1;34m[pthread wrapper] MAIN -> 0
[0m[1;34m[pthread wrapper] PIN_MASK: [0m[1;34m0->1  [0m[1;34m1->2  [0m[1;34m2->3  [0m[1;34m3->4  [0m[1;34m4->5  [0m[1;34m5->6  [0m[1;34m6->7  [0m[1;34m7->8  [0m[1;34m8->9  [0m[1;34m9->10  [0m[1;34m10->11  [0m[1;34m11->12  [0m[1;34m12->13  [0m[1;34m13->14  [0m[1;34m14->15  [0m[1;34m15->16  [0m[1;34m16->17  [0m[1;34m17->18  [0m[1;34m18->19  [0m[1;34m19->20  [0m[1;34m20->21  [0m[1;34m21->22  [0m[1;34m22->23  [0m[1;34m23->24  [0m[1;34m24->25  [0m[1;34m25->26  [0m[1;34m26->27  [0m[1;34m27->28  [0m[1;34m28->29  [0m[1;34m29->30  [0m[1;34m30->31  [0m[1;34m31->32  [0m[1;34m32->33  [0m[1;34m33->34  [0m[1;34m34->35  [0m[1;34m35->36  [0m[1;34m36->37  [0m[1;34m37->38  [0m[1;34m38->39  [0m[1;34m39->40  [0m[1;34m40->41  [0m[1;34m41->42  [0m[1;34m42->43  [0m[1;34m43->44  [0m[1;34m44->45  [0m[1;34m45->46  [0m[1;34m46->47  [0m[1;34m47->48  [0m[1;34m48->49  [0m[1;34m49->50  [0m[1;34m50->51  [0m[1;34m51->52  [0m[1;34m52->53  [0m[1;34m53->54  [0m[1;34m54->55  [0m[1;34m55->56  [0m[1;34m56->57  [0m[1;34m57->58  [0m[1;34m58->59  [0m[1;34m59->60  [0m[1;34m60->61  [0m[1;34m61->62  [0m[1;34m62->63  [0m[1;34m
[pthread wrapper] SKIP MASK: 0x0
[0m[1;34m	threadid 129359787571008 -> hwthread 1 - OK[0m[1;34m
[0m[1;34m	threadid 129359779174336 -> hwthread 2 - OK[0m[1;34m
[0m[1;34m	threadid 129359770777664 -> hwthread 3 - OK[0m[1;34m
[0m[1;34m	threadid 129359762380992 -> hwthread 4 - OK[0m[1;34m
[0m[1;34m	threadid 129359753984320 -> hwthread 5 - OK[0m[1;34m
[0m[1;34m	threadid 129359745587648 -> hwthread 6 - OK[0m[1;34m
[0m[1;34m	threadid 129359737190976 -> hwthread 7 - OK[0m[1;34m
[0m[1;34m	threadid 129359728794304 -> hwthread 8 - OK[0m[1;34m
[0m[1;34m	threadid 129359247567680 -> hwthread 9 - OK[0m[1;34m
[0m[1;34m	threadid 129359239171008 -> hwthread 10 - OK[0m[1;34m
[0m[1;34m	threadid 129359230774336 -> hwthread 11 - OK[0m[1;34m
[0m[1;34m	threadid 129359222377664 -> hwthread 12 - OK[0m[1;34m
[0m[1;34m	threadid 129359213980992 -> hwthread 13 - OK[0m[1;34m
[0m[1;34m	threadid 129359205584320 -> hwthread 14 - OK[0m[1;34m
[0m[1;34m	threadid 129359197187648 -> hwthread 15 - OK[0m[1;34m
[0m[1;34m	threadid 129358643588800 -> hwthread 16 - OK[0m[1;34m
[0m[1;34m	threadid 129358635192128 -> hwthread 17 - OK[0m[1;34m
[0m[1;34m	threadid 129358626795456 -> hwthread 18 - OK[0m[1;34m
[0m[1;34m	threadid 129358618398784 -> hwthread 19 - OK[0m[1;34m
[0m[1;34m	threadid 129358610002112 -> hwthread 20 - OK[0m[1;34m
[0m[1;34m	threadid 129358601605440 -> hwthread 21 - OK[0m[1;34m
[0m[1;34m	threadid 129358593208768 -> hwthread 22 - OK[0m[1;34m
[0m[1;34m	threadid 129358106718784 -> hwthread 23 - OK[0m[1;34m
[0m[1;34m	threadid 129358098322112 -> hwthread 24 - OK[0m[1;34m
[0m[1;34m	threadid 129358089925440 -> hwthread 25 - OK[0m[1;34m
[0m[1;34m	threadid 129358081528768 -> hwthread 26 - OK[0m[1;34m
[0m[1;34m	threadid 129358073132096 -> hwthread 27 - OK[0m[1;34m
[0m[1;34m	threadid 129358064735424 -> hwthread 28 - OK[0m[1;34m
[0m[1;34m	threadid 129358056338752 -> hwthread 29 - OK[0m[1;34m
[0m[1;34m	threadid 129357569848768 -> hwthread 30 - OK[0m[1;34m
[0m[1;34m	threadid 129357561452096 -> hwthread 31 - OK[0m[1;34m
[0m[1;34m	threadid 129357553055424 -> hwthread 32 - OK[0m[1;34m
[0m[1;34m	threadid 129357544654656 -> hwthread 33 - OK[0m[1;34m
[0m[1;34m	threadid 129357536253888 -> hwthread 34 - OK[0m[1;34m
[0m[1;34m	threadid 129357527853120 -> hwthread 35 - OK[0m[1;34m
[0m[1;34m	threadid 129357519452352 -> hwthread 36 - OK[0m[1;34m
[0m[1;34m	threadid 129357032974656 -> hwthread 37 - OK[0m[1;34m
[0m[1;34m	threadid 129357024573888 -> hwthread 38 - OK[0m[1;34m
[0m[1;34m	threadid 129357016173120 -> hwthread 39 - OK[0m[1;34m
[0m[1;34m	threadid 129357007772352 -> hwthread 40 - OK[0m[1;34m
[0m[1;34m	threadid 129356999371584 -> hwthread 41 - OK[0m[1;34m
[0m[1;34m	threadid 129356990970816 -> hwthread 42 - OK[0m[1;34m
[0m[1;34m	threadid 129356982570048 -> hwthread 43 - OK[0m[1;34m
[0m[1;34m	threadid 129356496104640 -> hwthread 44 - OK[0m[1;34m
[0m[1;34m	threadid 129356487703872 -> hwthread 45 - OK[0m[1;34m
[0m[1;34m	threadid 129356479303104 -> hwthread 46 - OK[0m[1;34m
[0m[1;34m	threadid 129356470902336 -> hwthread 47 - OK[0m[1;34m
[0m[1;34m	threadid 129356462501568 -> hwthread 48 - OK[0m[1;34m
[0m[1;34m	threadid 129356454100800 -> hwthread 49 - OK[0m[1;34m
[0m[1;34m	threadid 129356445700032 -> hwthread 50 - OK[0m[1;34m
[0m[1;34m	threadid 129355959234624 -> hwthread 51 - OK[0m[1;34m
[0m[1;34m	threadid 129355950833856 -> hwthread 52 - OK[0m[1;34m
[0m[1;34m	threadid 129355942433088 -> hwthread 53 - OK[0m[1;34m
[0m[1;34m	threadid 129355934032320 -> hwthread 54 - OK[0m[1;34m
[0m[1;34m	threadid 129355925631552 -> hwthread 55 - OK[0m[1;34m
[0m[1;34m	threadid 129355917230784 -> hwthread 56 - OK[0m[1;34m
[0m[1;34m	threadid 129355908830016 -> hwthread 57 - OK[0m[1;34m
[0m[1;34m	threadid 129355422364608 -> hwthread 58 - OK[0m[1;34m
[0m[1;34m	threadid 129355413963840 -> hwthread 59 - OK[0m[1;34m
[0m[1;34m	threadid 129355405563072 -> hwthread 60 - OK[0m[1;34m
[0m[1;34m	threadid 129355397162304 -> hwthread 61 - OK[0m[1;34m
[0m[1;34m	threadid 129355388761536 -> hwthread 62 - OK[0m[1;34m
[0m[1;34m	threadid 129355380360768 -> hwthread 63 - OK[0m[1;34m
[0m[1;34mRoundrobin placement triggered
	threadid 129355371960000 -> hwthread 0 - OK[0m[1;34m
[0m[1;34m	threadid 129354885494464 -> hwthread 1 - OK[0m[1;34m
[0mPITTS: version v0.9.6-2-g6da1bf0-dirty
PITTS: MPI #procs: 1
PITTS: OpenMP #threads: 64
PITTS: SIMD implementation: avx2
PITTS: Eigen SIMD implementation: AVX SSE, SSE2, SSE3, SSSE3, SSE4.1, SSE4.2
PITTS: cache sizes (L1/core, L2/core, L3/accessible) [byte]: (32768, 524288, 805306368)
PITTS: preprocessor definitions: PITTS_DIRECT_MKL_GEMM
Performance statistics:
function                                                                                                                                                                                                    	 time [s]  	 #calls    	 GFlop/s DP	 GFlop/s SP	 GByte/s   	Flops/Byte
<PITTS::MultiVector<double>> :: void PITTS::randomize(MultiVector<T>&) [with T = double](rows: 1073741824, cols: 1)                                                                                         	 0.618755  	 1         	 0         	 0         	 13.8826   	 0         
<PITTS::Tensor3<double>> :: void PITTS::fold_left(const MatrixType&, int, Tensor3<T>&) [with T = double; MatrixType = Eigen::Block<const Eigen::Matrix<double, -1, -1>, -1, -1, true>](r1: 50, n: 2, r2: 50)	 0.00396888	 18        	 0         	 0         	 0.362822  	 0         
<PITTS::Tensor3<double>> :: void PITTS::fold_left(const MatrixType&, int, Tensor3<T>&) [with T = double; MatrixType = Eigen::Block<const Eigen::Matrix<double, -1, -1>, -1, -1, true>](r1: 16, n: 2, r2: 32)	 0.000759035	 1         	 0         	 0         	 0.0215853 	 0         
<PITTS::Tensor3<double>> :: void PITTS::fold_left(const MatrixType&, int, Tensor3<T>&) [with T = double; MatrixType = Eigen::Block<const Eigen::Matrix<double, -1, -1>, -1, -1, true>](r1: 32, n: 2, r2: 50)	 0.000714934	 1         	 0         	 0         	 0.071615  	 0         
<PITTS::Tensor3<double>> :: void PITTS::fold_left(const MatrixType&, int, Tensor3<T>&) [with T = double; MatrixType = Eigen::Block<const Eigen::Matrix<double, -1, -1>, -1, -1, true>](r1: 2, n: 2, r2: 4)  	 3.9071e-05	 1         	 0         	 0         	 0.00655217	 0         
<PITTS::Tensor3<double>> :: void PITTS::fold_left(const MatrixType&, int, Tensor3<T>&) [with T = double; MatrixType = Eigen::Block<const Eigen::Matrix<double, -1, -1>, -1, -1, true>](r1: 1, n: 2, r2: 2)  	 3.6171e-05	 1         	 0         	 0         	 0.00176937	 0         
<PITTS::Tensor3<double>> :: void PITTS::fold_left(const MatrixType&, int, Tensor3<T>&) [with T = double; MatrixType = Eigen::Block<const Eigen::Matrix<double, -1, -1>, -1, -1, true>](r1: 4, n: 2, r2: 8)  	 2.7861e-05	 1         	 0         	 0         	 0.0367539 	 0         
<PITTS::Tensor3<double>> :: void PITTS::fold_left(const MatrixType&, int, Tensor3<T>&) [with T = double; MatrixType = Eigen::Block<const Eigen::Matrix<double, -1, -1>, -1, -1, true>](r1: 8, n: 2, r2: 16) 	 2.6411e-05	 1         	 0         	 0         	 0.155087  	 0         
<PITTS::Tensor3<double>> :: void PITTS::fold_left(const MatrixType&, int, Tensor3<T>&) [with T = double; MatrixType = Eigen::Block<const Eigen::Matrix<double, -1, -1>, -1, -1, true>](r1: 16, n: 2, r2: 8) 	 1.417e-05 	 1         	 0         	 0         	 0.289061  	 0         
<PITTS::Tensor3<double>> :: void PITTS::fold_left(const MatrixType&, int, Tensor3<T>&) [with T = double; MatrixType = Eigen::Block<const Eigen::Matrix<double, -1, -1>, -1, -1, true>](r1: 50, n: 2, r2: 32)	 5.72e-06  	 1         	 0         	 0         	 8.95105   	 0         
<PITTS::Tensor3<double>> :: void PITTS::fold_left(const MatrixType&, int, Tensor3<T>&) [with T = double; MatrixType = Eigen::Block<const Eigen::Matrix<double, -1, -1>, -1, -1, true>](r1: 32, n: 2, r2: 16)	 4.99e-06  	 1         	 0         	 0         	 3.28337   	 0         
<PITTS::Tensor3<double>> :: void PITTS::fold_left(const MatrixType&, int, Tensor3<T>&) [with T = double; MatrixType = Eigen::Block<const Eigen::Matrix<double, -1, -1>, -1, -1, true>](r1: 8, n: 2, r2: 4)  	 4.03e-06  	 1         	 0         	 0         	 0.254094  	 0         
<PITTS::Tensor3<double>> :: void PITTS::fold_left(const MatrixType&, int, Tensor3<T>&) [with T = double; MatrixType = Eigen::Block<const Eigen::Matrix<double, -1, -1>, -1, -1, true>](r1: 4, n: 2, r2: 2)  	 1.15e-06  	 1         	 0         	 0         	 0.222609  	 0         
<PITTS::Tensor3<double>> :: void PITTS::fold_left(const MatrixType&, int, Tensor3<T>&) [with T = double; MatrixType = Eigen::Matrix<double, -1, -1>](r1: 2, n: 2, r2: 1)                                    	 6e-07     	 1         	 0         	 0         	 0.106667  	 0         
Timing statistics:
function                                                                                                                                                                              	 time [s]  	 #calls    
<PITTS::TensorTrain<double>> :: PITTS::TensorTrain<T> PITTS::fromDense_classical(Iter, Iter, const std::vector<int>&, T, int) [with Iter = const double*; T = double]                 	 568.157   	 1         
<PITTS::MultiVector<double>> :: void PITTS::randomize(MultiVector<T>&) [with T = double]                                                                                              	 0.618755  	 1         
<PITTS::Tensor3<double>> :: void PITTS::fold_left(const MatrixType&, int, Tensor3<T>&) [with T = double; MatrixType = Eigen::Block<const Eigen::Matrix<double, -1, -1>, -1, -1, true>]	 0.00560243	 29        
<PITTS::MultiVector<double>> :: void PITTS::MultiVector<T>::resize(long long int, long long int, bool, bool) [with T = double]                                                        	 0.000145315	 1         
<PITTS::Tensor3<double>> :: void PITTS::Tensor3<T>::resize(long long int, long long int, long long int, bool, bool) [with T = double]                                                 	 9.1872e-05	 60        
<PITTS::Tensor3<double>> :: void PITTS::fold_left(const MatrixType&, int, Tensor3<T>&) [with T = double; MatrixType = Eigen::Matrix<double, -1, -1>]                                  	 6e-07     	 1         
INFO: You are running LIKWID in a cpuset with 64 CPUs. Taking given IDs as logical ID in cpuset
[1;34m[pthread wrapper] 
[0m[1;34m[pthread wrapper] MAIN -> 0
[0m[1;34m[pthread wrapper] PIN_MASK: [0m[1;34m0->1  [0m[1;34m1->2  [0m[1;34m2->3  [0m[1;34m3->4  [0m[1;34m4->5  [0m[1;34m5->6  [0m[1;34m6->7  [0m[1;34m7->8  [0m[1;34m8->9  [0m[1;34m9->10  [0m[1;34m10->11  [0m[1;34m11->12  [0m[1;34m12->13  [0m[1;34m13->14  [0m[1;34m14->15  [0m[1;34m15->16  [0m[1;34m16->17  [0m[1;34m17->18  [0m[1;34m18->19  [0m[1;34m19->20  [0m[1;34m20->21  [0m[1;34m21->22  [0m[1;34m22->23  [0m[1;34m23->24  [0m[1;34m24->25  [0m[1;34m25->26  [0m[1;34m26->27  [0m[1;34m27->28  [0m[1;34m28->29  [0m[1;34m29->30  [0m[1;34m30->31  [0m[1;34m31->32  [0m[1;34m32->33  [0m[1;34m33->34  [0m[1;34m34->35  [0m[1;34m35->36  [0m[1;34m36->37  [0m[1;34m37->38  [0m[1;34m38->39  [0m[1;34m39->40  [0m[1;34m40->41  [0m[1;34m41->42  [0m[1;34m42->43  [0m[1;34m43->44  [0m[1;34m44->45  [0m[1;34m45->46  [0m[1;34m46->47  [0m[1;34m47->48  [0m[1;34m48->49  [0m[1;34m49->50  [0m[1;34m50->51  [0m[1;34m51->52  [0m[1;34m52->53  [0m[1;34m53->54  [0m[1;34m54->55  [0m[1;34m55->56  [0m[1;34m56->57  [0m[1;34m57->58  [0m[1;34m58->59  [0m[1;34m59->60  [0m[1;34m60->61  [0m[1;34m61->62  [0m[1;34m62->63  [0m[1;34m
[pthread wrapper] SKIP MASK: 0x0
[0m[1;34m	threadid 128378739865408 -> hwthread 1 - OK[0m[1;34m
[0m[1;34m	threadid 128378731468736 -> hwthread 2 - OK[0m[1;34m
[0m[1;34m	threadid 128378652846144 -> hwthread 3 - OK[0m[1;34m
[0m[1;34m	threadid 128378644449472 -> hwthread 4 - OK[0m[1;34m
[0m[1;34m	threadid 128378636052800 -> hwthread 5 - OK[0m[1;34m
[0m[1;34m	threadid 128378627656128 -> hwthread 6 - OK[0m[1;34m
[0m[1;34m	threadid 128378619259456 -> hwthread 7 - OK[0m[1;34m
[0m[1;34m	threadid 128378610862784 -> hwthread 8 - OK[0m[1;34m
[0m[1;34m	threadid 128378602466112 -> hwthread 9 - OK[0m[1;34m
[0m[1;34m	threadid 128378048867264 -> hwthread 10 - OK[0m[1;34m
[0m[1;34m	threadid 128378040470592 -> hwthread 11 - OK[0m[1;34m
[0m[1;34m	threadid 128378032073920 -> hwthread 12 - OK[0m[1;34m
[0m[1;34m	threadid 128378023677248 -> hwthread 13 - OK[0m[1;34m
[0m[1;34m	threadid 128378015280576 -> hwthread 14 - OK[0m[1;34m
[0m[1;34m	threadid 128378006883904 -> hwthread 15 - OK[0m[1;34m
[0m[1;34m	threadid 128377998487232 -> hwthread 16 - OK[0m[1;34m
[0m[1;34m	threadid 128377511997248 -> hwthread 17 - OK[0m[1;34m
[0m[1;34m	threadid 128377503600576 -> hwthread 18 - OK[0m[1;34m
[0m[1;34m	threadid 128377495203904 -> hwthread 19 - OK[0m[1;34m
[0m[1;34m	threadid 128377486807232 -> hwthread 20 - OK[0m[1;34m
[0m[1;34m	threadid 128377478410560 -> hwthread 21 - OK[0m[1;34m
[0m[1;34m	threadid 128377470013888 -> hwthread 22 - OK[0m[1;34m
[0m[1;34m	threadid 128377461617216 -> hwthread 23 - OK[0m[1;34m
[0m[1;34m	threadid 128376975127232 -> hwthread 24 - OK[0m[1;34m
[0m[1;34m	threadid 128376966730560 -> hwthread 25 - OK[0m[1;34m
[0m[1;34m	threadid 128376958333888 -> hwthread 26 - OK[0m[1;34m
[0m[1;34m	threadid 128376949937216 -> hwthread 27 - OK[0m[1;34m
[0m[1;34m	threadid 128376941540544 -> hwthread 28 - OK[0m[1;34m
[0m[1;34m	threadid 128376933143872 -> hwthread 29 - OK[0m[1;34m
[0m[1;34m	threadid 128376924747200 -> hwthread 30 - OK[0m[1;34m
[0m[1;34m	threadid 128376438257216 -> hwthread 31 - OK[0m[1;34m
[0m[1;34m	threadid 128376429860544 -> hwthread 32 - OK[0m[1;34m
[0m[1;34m	threadid 128376421459776 -> hwthread 33 - OK[0m[1;34m
[0m[1;34m	threadid 128376413059008 -> hwthread 34 - OK[0m[1;34m
[0m[1;34m	threadid 128376404658240 -> hwthread 35 - OK[0m[1;34m
[0m[1;34m	threadid 128376396257472 -> hwthread 36 - OK[0m[1;34m
[0m[1;34m	threadid 128376387856704 -> hwthread 37 - OK[0m[1;34m
[0m[1;34m	threadid 128375901383104 -> hwthread 38 - OK[0m[1;34m
[0m[1;34m	threadid 128375892982336 -> hwthread 39 - OK[0m[1;34m
[0m[1;34m	threadid 128375884581568 -> hwthread 40 - OK[0m[1;34m
[0m[1;34m	threadid 128375876180800 -> hwthread 41 - OK[0m[1;34m
[0m[1;34m	threadid 128375867780032 -> hwthread 42 - OK[0m[1;34m
[0m[1;34m	threadid 128375859379264 -> hwthread 43 - OK[0m[1;34m
[0m[1;34m	threadid 128375850978496 -> hwthread 44 - OK[0m[1;34m
[0m[1;34m	threadid 128375364513088 -> hwthread 45 - OK[0m[1;34m
[0m[1;34m	threadid 128375356112320 -> hwthread 46 - OK[0m[1;34m
[0m[1;34m	threadid 128375347711552 -> hwthread 47 - OK[0m[1;34m
[0m[1;34m	threadid 128375339310784 -> hwthread 48 - OK[0m[1;34m
[0m[1;34m	threadid 128375330910016 -> hwthread 49 - OK[0m[1;34m
[0m[1;34m	threadid 128375322509248 -> hwthread 50 - OK[0m[1;34m
[0m[1;34m	threadid 128375314108480 -> hwthread 51 - OK[0m[1;34m
[0m[1;34m	threadid 128374827643072 -> hwthread 52 - OK[0m[1;34m
[0m[1;34m	threadid 128374819242304 -> hwthread 53 - OK[0m[1;34m
[0m[1;34m	threadid 128374810841536 -> hwthread 54 - OK[0m[1;34m
[0m[1;34m	threadid 128374802440768 -> hwthread 55 - OK[0m[1;34m
[0m[1;34m	threadid 128374794040000 -> hwthread 56 - OK[0m[1;34m
[0m[1;34m	threadid 128374785639232 -> hwthread 57 - OK[0m[1;34m
[0m[1;34m	threadid 128374777238464 -> hwthread 58 - OK[0m[1;34m
[0m[1;34m	threadid 128374290773056 -> hwthread 59 - OK[0m[1;34m
[0m[1;34m	threadid 128374282372288 -> hwthread 60 - OK[0m[1;34m
[0m[1;34m	threadid 128374273971520 -> hwthread 61 - OK[0m[1;34m
[0m[1;34m	threadid 128374265570752 -> hwthread 62 - OK[0m[1;34m
[0m[1;34m	threadid 128374257169984 -> hwthread 63 - OK[0m[1;34m
[0m[1;34mRoundrobin placement triggered
	threadid 128374248769216 -> hwthread 0 - OK[0m[1;34m
[0m[1;34m	threadid 128374240376512 -> hwthread 1 - OK[0m[1;34m
[0mPITTS: version v0.9.6-2-g6da1bf0-dirty
PITTS: MPI #procs: 1
PITTS: OpenMP #threads: 64
PITTS: SIMD implementation: avx2
PITTS: Eigen SIMD implementation: AVX SSE, SSE2, SSE3, SSSE3, SSE4.1, SSE4.2
PITTS: cache sizes (L1/core, L2/core, L3/accessible) [byte]: (32768, 524288, 805306368)
PITTS: preprocessor definitions: PITTS_DIRECT_MKL_GEMM
Performance statistics:
function                                                                                                                                                                                                    	 time [s]  	 #calls    	 GFlop/s DP	 GFlop/s SP	 GByte/s   	Flops/Byte
<PITTS::MultiVector<double>> :: void PITTS::randomize(MultiVector<T>&) [with T = double](rows: 1073741824, cols: 1)                                                                                         	 0.620855  	 1         	 0         	 0         	 13.8356   	 0         
<PITTS::Tensor3<double>> :: void PITTS::fold_left(const MatrixType&, int, Tensor3<T>&) [with T = double; MatrixType = Eigen::Block<const Eigen::Matrix<double, -1, -1>, -1, -1, true>](r1: 51, n: 2, r2: 51)	 0.00618074	 18        	 0         	 0         	 0.242394  	 0         
<PITTS::Tensor3<double>> :: void PITTS::fold_left(const MatrixType&, int, Tensor3<T>&) [with T = double; MatrixType = Eigen::Block<const Eigen::Matrix<double, -1, -1>, -1, -1, true>](r1: 32, n: 2, r2: 51)	 0.000692053	 1         	 0         	 0         	 0.0754624 	 0         
<PITTS::Tensor3<double>> :: void PITTS::fold_left(const MatrixType&, int, Tensor3<T>&) [with T = double; MatrixType = Eigen::Block<const Eigen::Matrix<double, -1, -1>, -1, -1, true>](r1: 16, n: 2, r2: 32)	 0.00059764	 1         	 0         	 0         	 0.0274145 	 0         
<PITTS::Tensor3<double>> :: void PITTS::fold_left(const MatrixType&, int, Tensor3<T>&) [with T = double; MatrixType = Eigen::Block<const Eigen::Matrix<double, -1, -1>, -1, -1, true>](r1: 1, n: 2, r2: 2)  	 3.7241e-05	 1         	 0         	 0         	 0.00171854	 0         
<PITTS::Tensor3<double>> :: void PITTS::fold_left(const MatrixType&, int, Tensor3<T>&) [with T = double; MatrixType = Eigen::Block<const Eigen::Matrix<double, -1, -1>, -1, -1, true>](r1: 4, n: 2, r2: 8)  	 3.0741e-05	 1         	 0         	 0         	 0.0333106 	 0         
<PITTS::Tensor3<double>> :: void PITTS::fold_left(const MatrixType&, int, Tensor3<T>&) [with T = double; MatrixType = Eigen::Block<const Eigen::Matrix<double, -1, -1>, -1, -1, true>](r1: 8, n: 2, r2: 16) 	 3.0721e-05	 1         	 0         	 0         	 0.133329  	 0         
<PITTS::Tensor3<double>> :: void PITTS::fold_left(const MatrixType&, int, Tensor3<T>&) [with T = double; MatrixType = Eigen::Block<const Eigen::Matrix<double, -1, -1>, -1, -1, true>](r1: 2, n: 2, r2: 4)  	 3.0001e-05	 1         	 0         	 0         	 0.00853305	 0         
<PITTS::Tensor3<double>> :: void PITTS::fold_left(const MatrixType&, int, Tensor3<T>&) [with T = double; MatrixType = Eigen::Block<const Eigen::Matrix<double, -1, -1>, -1, -1, true>](r1: 16, n: 2, r2: 8) 	 1.5091e-05	 1         	 0         	 0         	 0.27142   	 0         
<PITTS::Tensor3<double>> :: void PITTS::fold_left(const MatrixType&, int, Tensor3<T>&) [with T = double; MatrixType = Eigen::Block<const Eigen::Matrix<double, -1, -1>, -1, -1, true>](r1: 8, n: 2, r2: 4)  	 7.15e-06  	 1         	 0         	 0         	 0.143217  	 0         
<PITTS::Tensor3<double>> :: void PITTS::fold_left(const MatrixType&, int, Tensor3<T>&) [with T = double; MatrixType = Eigen::Block<const Eigen::Matrix<double, -1, -1>, -1, -1, true>](r1: 51, n: 2, r2: 32)	 5.73e-06  	 1         	 0         	 0         	 9.11414   	 0         
<PITTS::Tensor3<double>> :: void PITTS::fold_left(const MatrixType&, int, Tensor3<T>&) [with T = double; MatrixType = Eigen::Block<const Eigen::Matrix<double, -1, -1>, -1, -1, true>](r1: 32, n: 2, r2: 16)	 4.88e-06  	 1         	 0         	 0         	 3.35738   	 0         
<PITTS::Tensor3<double>> :: void PITTS::fold_left(const MatrixType&, int, Tensor3<T>&) [with T = double; MatrixType = Eigen::Block<const Eigen::Matrix<double, -1, -1>, -1, -1, true>](r1: 4, n: 2, r2: 2)  	 1.06e-06  	 1         	 0         	 0         	 0.241509  	 0         
<PITTS::Tensor3<double>> :: void PITTS::fold_left(const MatrixType&, int, Tensor3<T>&) [with T = double; MatrixType = Eigen::Matrix<double, -1, -1>](r1: 2, n: 2, r2: 1)                                    	 6.5e-07   	 1         	 0         	 0         	 0.0984615 	 0         
Timing statistics:
function                                                                                                                                                                              	 time [s]  	 #calls    
<PITTS::TensorTrain<double>> :: PITTS::TensorTrain<T> PITTS::fromDense_classical(Iter, Iter, const std::vector<int>&, T, int) [with Iter = const double*; T = double]                 	 581.639   	 1         
<PITTS::MultiVector<double>> :: void PITTS::randomize(MultiVector<T>&) [with T = double]                                                                                              	 0.620855  	 1         
<PITTS::Tensor3<double>> :: void PITTS::fold_left(const MatrixType&, int, Tensor3<T>&) [with T = double; MatrixType = Eigen::Block<const Eigen::Matrix<double, -1, -1>, -1, -1, true>]	 0.00763305	 29        
<PITTS::MultiVector<double>> :: void PITTS::MultiVector<T>::resize(long long int, long long int, bool, bool) [with T = double]                                                        	 0.000115654	 1         
<PITTS::Tensor3<double>> :: void PITTS::Tensor3<T>::resize(long long int, long long int, long long int, bool, bool) [with T = double]                                                 	 9.242e-05 	 60        
<PITTS::Tensor3<double>> :: void PITTS::fold_left(const MatrixType&, int, Tensor3<T>&) [with T = double; MatrixType = Eigen::Matrix<double, -1, -1>]                                  	 6.5e-07   	 1         
INFO: You are running LIKWID in a cpuset with 64 CPUs. Taking given IDs as logical ID in cpuset
[1;34m[pthread wrapper] 
[0m[1;34m[pthread wrapper] MAIN -> 0
[0m[1;34m[pthread wrapper] PIN_MASK: [0m[1;34m0->1  [0m[1;34m1->2  [0m[1;34m2->3  [0m[1;34m3->4  [0m[1;34m4->5  [0m[1;34m5->6  [0m[1;34m6->7  [0m[1;34m7->8  [0m[1;34m8->9  [0m[1;34m9->10  [0m[1;34m10->11  [0m[1;34m11->12  [0m[1;34m12->13  [0m[1;34m13->14  [0m[1;34m14->15  [0m[1;34m15->16  [0m[1;34m16->17  [0m[1;34m17->18  [0m[1;34m18->19  [0m[1;34m19->20  [0m[1;34m20->21  [0m[1;34m21->22  [0m[1;34m22->23  [0m[1;34m23->24  [0m[1;34m24->25  [0m[1;34m25->26  [0m[1;34m26->27  [0m[1;34m27->28  [0m[1;34m28->29  [0m[1;34m29->30  [0m[1;34m30->31  [0m[1;34m31->32  [0m[1;34m32->33  [0m[1;34m33->34  [0m[1;34m34->35  [0m[1;34m35->36  [0m[1;34m36->37  [0m[1;34m37->38  [0m[1;34m38->39  [0m[1;34m39->40  [0m[1;34m40->41  [0m[1;34m41->42  [0m[1;34m42->43  [0m[1;34m43->44  [0m[1;34m44->45  [0m[1;34m45->46  [0m[1;34m46->47  [0m[1;34m47->48  [0m[1;34m48->49  [0m[1;34m49->50  [0m[1;34m50->51  [0m[1;34m51->52  [0m[1;34m52->53  [0m[1;34m53->54  [0m[1;34m54->55  [0m[1;34m55->56  [0m[1;34m56->57  [0m[1;34m57->58  [0m[1;34m58->59  [0m[1;34m59->60  [0m[1;34m60->61  [0m[1;34m61->62  [0m[1;34m62->63  [0m[1;34m
[pthread wrapper] SKIP MASK: 0x0
[0m[1;34m	threadid 130729956583232 -> hwthread 1 - OK[0m[1;34m
[0m[1;34m	threadid 130729948186560 -> hwthread 2 - OK[0m[1;34m
[0m[1;34m	threadid 130729939789888 -> hwthread 3 - OK[0m[1;34m
[0m[1;34m	threadid 130729931393216 -> hwthread 4 - OK[0m[1;34m
[0m[1;34m	threadid 130729922996544 -> hwthread 5 - OK[0m[1;34m
[0m[1;34m	threadid 130729914599872 -> hwthread 6 - OK[0m[1;34m
[0m[1;34m	threadid 130729906203200 -> hwthread 7 - OK[0m[1;34m
[0m[1;34m	threadid 130729897806528 -> hwthread 8 - OK[0m[1;34m
[0m[1;34m	threadid 130729889409856 -> hwthread 9 - OK[0m[1;34m
[0m[1;34m	threadid 130729342135232 -> hwthread 10 - OK[0m[1;34m
[0m[1;34m	threadid 130729333738560 -> hwthread 11 - OK[0m[1;34m
[0m[1;34m	threadid 130729325341888 -> hwthread 12 - OK[0m[1;34m
[0m[1;34m	threadid 130729316945216 -> hwthread 13 - OK[0m[1;34m
[0m[1;34m	threadid 130729308548544 -> hwthread 14 - OK[0m[1;34m
[0m[1;34m	threadid 130729300151872 -> hwthread 15 - OK[0m[1;34m
[0m[1;34m	threadid 130729291755200 -> hwthread 16 - OK[0m[1;34m
[0m[1;34m	threadid 130728738156352 -> hwthread 17 - OK[0m[1;34m
[0m[1;34m	threadid 130728729759680 -> hwthread 18 - OK[0m[1;34m
[0m[1;34m	threadid 130728721363008 -> hwthread 19 - OK[0m[1;34m
[0m[1;34m	threadid 130728712966336 -> hwthread 20 - OK[0m[1;34m
[0m[1;34m	threadid 130728704569664 -> hwthread 21 - OK[0m[1;34m
[0m[1;34m	threadid 130728696172992 -> hwthread 22 - OK[0m[1;34m
[0m[1;34m	threadid 130728687776320 -> hwthread 23 - OK[0m[1;34m
[0m[1;34m	threadid 130728201286336 -> hwthread 24 - OK[0m[1;34m
[0m[1;34m	threadid 130728192889664 -> hwthread 25 - OK[0m[1;34m
[0m[1;34m	threadid 130728184492992 -> hwthread 26 - OK[0m[1;34m
[0m[1;34m	threadid 130728176096320 -> hwthread 27 - OK[0m[1;34m
[0m[1;34m	threadid 130728167699648 -> hwthread 28 - OK[0m[1;34m
[0m[1;34m	threadid 130728159302976 -> hwthread 29 - OK[0m[1;34m
[0m[1;34m	threadid 130728150906304 -> hwthread 30 - OK[0m[1;34m
[0m[1;34m	threadid 130727664416320 -> hwthread 31 - OK[0m[1;34m
[0m[1;34m	threadid 130727656019648 -> hwthread 32 - OK[0m[1;34m
[0m[1;34m	threadid 130727647618880 -> hwthread 33 - OK[0m[1;34m
[0m[1;34m	threadid 130727639218112 -> hwthread 34 - OK[0m[1;34m
[0m[1;34m	threadid 130727630817344 -> hwthread 35 - OK[0m[1;34m
[0m[1;34m	threadid 130727622416576 -> hwthread 36 - OK[0m[1;34m
[0m[1;34m	threadid 130727614015808 -> hwthread 37 - OK[0m[1;34m
[0m[1;34m	threadid 130727127542208 -> hwthread 38 - OK[0m[1;34m
[0m[1;34m	threadid 130727119141440 -> hwthread 39 - OK[0m[1;34m
[0m[1;34m	threadid 130727110740672 -> hwthread 40 - OK[0m[1;34m
[0m[1;34m	threadid 130727102339904 -> hwthread 41 - OK[0m[1;34m
[0m[1;34m	threadid 130727093939136 -> hwthread 42 - OK[0m[1;34m
[0m[1;34m	threadid 130727085538368 -> hwthread 43 - OK[0m[1;34m
[0m[1;34m	threadid 130727077137600 -> hwthread 44 - OK[0m[1;34m
[0m[1;34m	threadid 130726590672192 -> hwthread 45 - OK[0m[1;34m
[0m[1;34m	threadid 130726582271424 -> hwthread 46 - OK[0m[1;34m
[0m[1;34m	threadid 130726573870656 -> hwthread 47 - OK[0m[1;34m
[0m[1;34m	threadid 130726565469888 -> hwthread 48 - OK[0m[1;34m
[0m[1;34m	threadid 130726557069120 -> hwthread 49 - OK[0m[1;34m
[0m[1;34m	threadid 130726548668352 -> hwthread 50 - OK[0m[1;34m
[0m[1;34m	threadid 130726540267584 -> hwthread 51 - OK[0m[1;34m
[0m[1;34m	threadid 130726053802176 -> hwthread 52 - OK[0m[1;34m
[0m[1;34m	threadid 130726045401408 -> hwthread 53 - OK[0m[1;34m
[0m[1;34m	threadid 130726037000640 -> hwthread 54 - OK[0m[1;34m
[0m[1;34m	threadid 130726028599872 -> hwthread 55 - OK[0m[1;34m
[0m[1;34m	threadid 130726020199104 -> hwthread 56 - OK[0m[1;34m
[0m[1;34m	threadid 130726011798336 -> hwthread 57 - OK[0m[1;34m
[0m[1;34m	threadid 130726003397568 -> hwthread 58 - OK[0m[1;34m
[0m[1;34m	threadid 130725516932160 -> hwthread 59 - OK[0m[1;34m
[0m[1;34m	threadid 130725508531392 -> hwthread 60 - OK[0m[1;34m
[0m[1;34m	threadid 130725500130624 -> hwthread 61 - OK[0m[1;34m
[0m[1;34m	threadid 130725491729856 -> hwthread 62 - OK[0m[1;34m
[0m[1;34m	threadid 130725483329088 -> hwthread 63 - OK[0m[1;34m
[0m[1;34mRoundrobin placement triggered
	threadid 130725474928320 -> hwthread 0 - OK[0m[1;34m
[0m[1;34m	threadid 130725466535616 -> hwthread 1 - OK[0m[1;34m
[0mPITTS: version v0.9.6-2-g6da1bf0-dirty
PITTS: MPI #procs: 1
PITTS: OpenMP #threads: 64
PITTS: SIMD implementation: avx2
PITTS: Eigen SIMD implementation: AVX SSE, SSE2, SSE3, SSSE3, SSE4.1, SSE4.2
PITTS: cache sizes (L1/core, L2/core, L3/accessible) [byte]: (32768, 524288, 805306368)
PITTS: preprocessor definitions: PITTS_DIRECT_MKL_GEMM
Performance statistics:
function                                                                                                                                                                                                    	 time [s]  	 #calls    	 GFlop/s DP	 GFlop/s SP	 GByte/s   	Flops/Byte
<PITTS::MultiVector<double>> :: void PITTS::randomize(MultiVector<T>&) [with T = double](rows: 1073741824, cols: 1)                                                                                         	 0.621319  	 1         	 0         	 0         	 13.8253   	 0         
<PITTS::Tensor3<double>> :: void PITTS::fold_left(const MatrixType&, int, Tensor3<T>&) [with T = double; MatrixType = Eigen::Block<const Eigen::Matrix<double, -1, -1>, -1, -1, true>](r1: 52, n: 2, r2: 52)	 0.00711105	 18        	 0         	 0         	 0.219026  	 0         
<PITTS::Tensor3<double>> :: void PITTS::fold_left(const MatrixType&, int, Tensor3<T>&) [with T = double; MatrixType = Eigen::Block<const Eigen::Matrix<double, -1, -1>, -1, -1, true>](r1: 16, n: 2, r2: 32)	 0.000779536	 1         	 0         	 0         	 0.0210176 	 0         
<PITTS::Tensor3<double>> :: void PITTS::fold_left(const MatrixType&, int, Tensor3<T>&) [with T = double; MatrixType = Eigen::Block<const Eigen::Matrix<double, -1, -1>, -1, -1, true>](r1: 32, n: 2, r2: 52)	 0.000669712	 1         	 0         	 0         	 0.0795088 	 0         
<PITTS::Tensor3<double>> :: void PITTS::fold_left(const MatrixType&, int, Tensor3<T>&) [with T = double; MatrixType = Eigen::Block<const Eigen::Matrix<double, -1, -1>, -1, -1, true>](r1: 1, n: 2, r2: 2)  	 3.6221e-05	 1         	 0         	 0         	 0.00176693	 0         
<PITTS::Tensor3<double>> :: void PITTS::fold_left(const MatrixType&, int, Tensor3<T>&) [with T = double; MatrixType = Eigen::Block<const Eigen::Matrix<double, -1, -1>, -1, -1, true>](r1: 2, n: 2, r2: 4)  	 3.1281e-05	 1         	 0         	 0         	 0.00818388	 0         
<PITTS::Tensor3<double>> :: void PITTS::fold_left(const MatrixType&, int, Tensor3<T>&) [with T = double; MatrixType = Eigen::Block<const Eigen::Matrix<double, -1, -1>, -1, -1, true>](r1: 8, n: 2, r2: 16) 	 2.7461e-05	 1         	 0         	 0         	 0.149157  	 0         
<PITTS::Tensor3<double>> :: void PITTS::fold_left(const MatrixType&, int, Tensor3<T>&) [with T = double; MatrixType = Eigen::Block<const Eigen::Matrix<double, -1, -1>, -1, -1, true>](r1: 4, n: 2, r2: 8)  	 2.647e-05 	 1         	 0         	 0         	 0.0386853 	 0         
<PITTS::Tensor3<double>> :: void PITTS::fold_left(const MatrixType&, int, Tensor3<T>&) [with T = double; MatrixType = Eigen::Block<const Eigen::Matrix<double, -1, -1>, -1, -1, true>](r1: 16, n: 2, r2: 8) 	 1.553e-05 	 1         	 0         	 0         	 0.263748  	 0         
<PITTS::Tensor3<double>> :: void PITTS::fold_left(const MatrixType&, int, Tensor3<T>&) [with T = double; MatrixType = Eigen::Block<const Eigen::Matrix<double, -1, -1>, -1, -1, true>](r1: 52, n: 2, r2: 32)	 6.45e-06  	 1         	 0         	 0         	 8.2555    	 0         
<PITTS::Tensor3<double>> :: void PITTS::fold_left(const MatrixType&, int, Tensor3<T>&) [with T = double; MatrixType = Eigen::Block<const Eigen::Matrix<double, -1, -1>, -1, -1, true>](r1: 32, n: 2, r2: 16)	 5.66e-06  	 1         	 0         	 0         	 2.8947    	 0         
<PITTS::Tensor3<double>> :: void PITTS::fold_left(const MatrixType&, int, Tensor3<T>&) [with T = double; MatrixType = Eigen::Block<const Eigen::Matrix<double, -1, -1>, -1, -1, true>](r1: 8, n: 2, r2: 4)  	 4.111e-06 	 1         	 0         	 0         	 0.249088  	 0         
<PITTS::Tensor3<double>> :: void PITTS::fold_left(const MatrixType&, int, Tensor3<T>&) [with T = double; MatrixType = Eigen::Block<const Eigen::Matrix<double, -1, -1>, -1, -1, true>](r1: 4, n: 2, r2: 2)  	 1.03e-06  	 1         	 0         	 0         	 0.248544  	 0         
<PITTS::Tensor3<double>> :: void PITTS::fold_left(const MatrixType&, int, Tensor3<T>&) [with T = double; MatrixType = Eigen::Matrix<double, -1, -1>](r1: 2, n: 2, r2: 1)                                    	 5.4e-07   	 1         	 0         	 0         	 0.118519  	 0         
Timing statistics:
function                                                                                                                                                                              	 time [s]  	 #calls    
<PITTS::TensorTrain<double>> :: PITTS::TensorTrain<T> PITTS::fromDense_classical(Iter, Iter, const std::vector<int>&, T, int) [with Iter = const double*; T = double]                 	 578.004   	 1         
<PITTS::MultiVector<double>> :: void PITTS::randomize(MultiVector<T>&) [with T = double]                                                                                              	 0.621319  	 1         
<PITTS::Tensor3<double>> :: void PITTS::fold_left(const MatrixType&, int, Tensor3<T>&) [with T = double; MatrixType = Eigen::Block<const Eigen::Matrix<double, -1, -1>, -1, -1, true>]	 0.00871451	 29        
<PITTS::MultiVector<double>> :: void PITTS::MultiVector<T>::resize(long long int, long long int, bool, bool) [with T = double]                                                        	 0.000123764	 1         
<PITTS::Tensor3<double>> :: void PITTS::Tensor3<T>::resize(long long int, long long int, long long int, bool, bool) [with T = double]                                                 	 8.8894e-05	 60        
<PITTS::Tensor3<double>> :: void PITTS::fold_left(const MatrixType&, int, Tensor3<T>&) [with T = double; MatrixType = Eigen::Matrix<double, -1, -1>]                                  	 5.4e-07   	 1         
INFO: You are running LIKWID in a cpuset with 64 CPUs. Taking given IDs as logical ID in cpuset
[1;34m[pthread wrapper] 
[0m[1;34m[pthread wrapper] MAIN -> 0
[0m[1;34m[pthread wrapper] PIN_MASK: [0m[1;34m0->1  [0m[1;34m1->2  [0m[1;34m2->3  [0m[1;34m3->4  [0m[1;34m4->5  [0m[1;34m5->6  [0m[1;34m6->7  [0m[1;34m7->8  [0m[1;34m8->9  [0m[1;34m9->10  [0m[1;34m10->11  [0m[1;34m11->12  [0m[1;34m12->13  [0m[1;34m13->14  [0m[1;34m14->15  [0m[1;34m15->16  [0m[1;34m16->17  [0m[1;34m17->18  [0m[1;34m18->19  [0m[1;34m19->20  [0m[1;34m20->21  [0m[1;34m21->22  [0m[1;34m22->23  [0m[1;34m23->24  [0m[1;34m24->25  [0m[1;34m25->26  [0m[1;34m26->27  [0m[1;34m27->28  [0m[1;34m28->29  [0m[1;34m29->30  [0m[1;34m30->31  [0m[1;34m31->32  [0m[1;34m32->33  [0m[1;34m33->34  [0m[1;34m34->35  [0m[1;34m35->36  [0m[1;34m36->37  [0m[1;34m37->38  [0m[1;34m38->39  [0m[1;34m39->40  [0m[1;34m40->41  [0m[1;34m41->42  [0m[1;34m42->43  [0m[1;34m43->44  [0m[1;34m44->45  [0m[1;34m45->46  [0m[1;34m46->47  [0m[1;34m47->48  [0m[1;34m48->49  [0m[1;34m49->50  [0m[1;34m50->51  [0m[1;34m51->52  [0m[1;34m52->53  [0m[1;34m53->54  [0m[1;34m54->55  [0m[1;34m55->56  [0m[1;34m56->57  [0m[1;34m57->58  [0m[1;34m58->59  [0m[1;34m59->60  [0m[1;34m60->61  [0m[1;34m61->62  [0m[1;34m62->63  [0m[1;34m
[pthread wrapper] SKIP MASK: 0x0
[0m[1;34m	threadid 132141998384960 -> hwthread 1 - OK[0m[1;34m
[0m[1;34m	threadid 132141916612544 -> hwthread 2 - OK[0m[1;34m
[0m[1;34m	threadid 132141908215872 -> hwthread 3 - OK[0m[1;34m
[0m[1;34m	threadid 132141899819200 -> hwthread 4 - OK[0m[1;34m
[0m[1;34m	threadid 132141891422528 -> hwthread 5 - OK[0m[1;34m
[0m[1;34m	threadid 132141883025856 -> hwthread 6 - OK[0m[1;34m
[0m[1;34m	threadid 132141874629184 -> hwthread 7 - OK[0m[1;34m
[0m[1;34m	threadid 132141866232512 -> hwthread 8 - OK[0m[1;34m
[0m[1;34m	threadid 132141379742528 -> hwthread 9 - OK[0m[1;34m
[0m[1;34m	threadid 132141371345856 -> hwthread 10 - OK[0m[1;34m
[0m[1;34m	threadid 132141362949184 -> hwthread 11 - OK[0m[1;34m
[0m[1;34m	threadid 132141354552512 -> hwthread 12 - OK[0m[1;34m
[0m[1;34m	threadid 132141346155840 -> hwthread 13 - OK[0m[1;34m
[0m[1;34m	threadid 132141337759168 -> hwthread 14 - OK[0m[1;34m
[0m[1;34m	threadid 132141329362496 -> hwthread 15 - OK[0m[1;34m
[0m[1;34m	threadid 132140842872512 -> hwthread 16 - OK[0m[1;34m
[0m[1;34m	threadid 132140834475840 -> hwthread 17 - OK[0m[1;34m
[0m[1;34m	threadid 132140826079168 -> hwthread 18 - OK[0m[1;34m
[0m[1;34m	threadid 132140817682496 -> hwthread 19 - OK[0m[1;34m
[0m[1;34m	threadid 132140809285824 -> hwthread 20 - OK[0m[1;34m
[0m[1;34m	threadid 132140800889152 -> hwthread 21 - OK[0m[1;34m
[0m[1;34m	threadid 132140792492480 -> hwthread 22 - OK[0m[1;34m
[0m[1;34m	threadid 132140306002496 -> hwthread 23 - OK[0m[1;34m
[0m[1;34m	threadid 132140297605824 -> hwthread 24 - OK[0m[1;34m
[0m[1;34m	threadid 132140289209152 -> hwthread 25 - OK[0m[1;34m
[0m[1;34m	threadid 132140280812480 -> hwthread 26 - OK[0m[1;34m
[0m[1;34m	threadid 132140272415808 -> hwthread 27 - OK[0m[1;34m
[0m[1;34m	threadid 132140264019136 -> hwthread 28 - OK[0m[1;34m
[0m[1;34m	threadid 132140255622464 -> hwthread 29 - OK[0m[1;34m
[0m[1;34m	threadid 132139769132480 -> hwthread 30 - OK[0m[1;34m
[0m[1;34m	threadid 132139760735808 -> hwthread 31 - OK[0m[1;34m
[0m[1;34m	threadid 132139752339136 -> hwthread 32 - OK[0m[1;34m
[0m[1;34m	threadid 132139743938368 -> hwthread 33 - OK[0m[1;34m
[0m[1;34m	threadid 132139735537600 -> hwthread 34 - OK[0m[1;34m
[0m[1;34m	threadid 132139727136832 -> hwthread 35 - OK[0m[1;34m
[0m[1;34m	threadid 132139718736064 -> hwthread 36 - OK[0m[1;34m
[0m[1;34m	threadid 132139232258368 -> hwthread 37 - OK[0m[1;34m
[0m[1;34m	threadid 132139223857600 -> hwthread 38 - OK[0m[1;34m
[0m[1;34m	threadid 132139215456832 -> hwthread 39 - OK[0m[1;34m
[0m[1;34m	threadid 132139207056064 -> hwthread 40 - OK[0m[1;34m
[0m[1;34m	threadid 132139198655296 -> hwthread 41 - OK[0m[1;34m
[0m[1;34m	threadid 132139190254528 -> hwthread 42 - OK[0m[1;34m
[0m[1;34m	threadid 132139181853760 -> hwthread 43 - OK[0m[1;34m
[0m[1;34m	threadid 132138695388352 -> hwthread 44 - OK[0m[1;34m
[0m[1;34m	threadid 132138686987584 -> hwthread 45 - OK[0m[1;34m
[0m[1;34m	threadid 132138678586816 -> hwthread 46 - OK[0m[1;34m
[0m[1;34m	threadid 132138670186048 -> hwthread 47 - OK[0m[1;34m
[0m[1;34m	threadid 132138661785280 -> hwthread 48 - OK[0m[1;34m
[0m[1;34m	threadid 132138653384512 -> hwthread 49 - OK[0m[1;34m
[0m[1;34m	threadid 132138644983744 -> hwthread 50 - OK[0m[1;34m
[0m[1;34m	threadid 132138158518336 -> hwthread 51 - OK[0m[1;34m
[0m[1;34m	threadid 132138150117568 -> hwthread 52 - OK[0m[1;34m
[0m[1;34m	threadid 132138141716800 -> hwthread 53 - OK[0m[1;34m
[0m[1;34m	threadid 132138133316032 -> hwthread 54 - OK[0m[1;34m
[0m[1;34m	threadid 132138124915264 -> hwthread 55 - OK[0m[1;34m
[0m[1;34m	threadid 132138116514496 -> hwthread 56 - OK[0m[1;34m
[0m[1;34m	threadid 132138108113728 -> hwthread 57 - OK[0m[1;34m
[0m[1;34m	threadid 132137621648320 -> hwthread 58 - OK[0m[1;34m
[0m[1;34m	threadid 132137613247552 -> hwthread 59 - OK[0m[1;34m
[0m[1;34m	threadid 132137604846784 -> hwthread 60 - OK[0m[1;34m
[0m[1;34m	threadid 132137596446016 -> hwthread 61 - OK[0m[1;34m
[0m[1;34m	threadid 132137588045248 -> hwthread 62 - OK[0m[1;34m
[0m[1;34m	threadid 132137579644480 -> hwthread 63 - OK[0m[1;34m
[0m[1;34mRoundrobin placement triggered
	threadid 132137571243712 -> hwthread 0 - OK[0m[1;34m
[0m[1;34m	threadid 132137084778176 -> hwthread 1 - OK[0m[1;34m
[0mPITTS: version v0.9.6-2-g6da1bf0-dirty
PITTS: MPI #procs: 1
PITTS: OpenMP #threads: 64
PITTS: SIMD implementation: avx2
PITTS: Eigen SIMD implementation: AVX SSE, SSE2, SSE3, SSSE3, SSE4.1, SSE4.2
PITTS: cache sizes (L1/core, L2/core, L3/accessible) [byte]: (32768, 524288, 805306368)
PITTS: preprocessor definitions: PITTS_DIRECT_MKL_GEMM
Performance statistics:
function                                                                                                                                                                                                    	 time [s]  	 #calls    	 GFlop/s DP	 GFlop/s SP	 GByte/s   	Flops/Byte
<PITTS::MultiVector<double>> :: void PITTS::randomize(MultiVector<T>&) [with T = double](rows: 1073741824, cols: 1)                                                                                         	 0.62163   	 1         	 0         	 0         	 13.8184   	 0         
<PITTS::Tensor3<double>> :: void PITTS::fold_left(const MatrixType&, int, Tensor3<T>&) [with T = double; MatrixType = Eigen::Block<const Eigen::Matrix<double, -1, -1>, -1, -1, true>](r1: 53, n: 2, r2: 53)	 0.00390173	 18        	 0         	 0         	 0.414684  	 0         
<PITTS::Tensor3<double>> :: void PITTS::fold_left(const MatrixType&, int, Tensor3<T>&) [with T = double; MatrixType = Eigen::Block<const Eigen::Matrix<double, -1, -1>, -1, -1, true>](r1: 32, n: 2, r2: 53)	 0.000875469	 1         	 0         	 0         	 0.0619919 	 0         
<PITTS::Tensor3<double>> :: void PITTS::fold_left(const MatrixType&, int, Tensor3<T>&) [with T = double; MatrixType = Eigen::Block<const Eigen::Matrix<double, -1, -1>, -1, -1, true>](r1: 16, n: 2, r2: 32)	 0.000660082	 1         	 0         	 0         	 0.0248212 	 0         
<PITTS::Tensor3<double>> :: void PITTS::fold_left(const MatrixType&, int, Tensor3<T>&) [with T = double; MatrixType = Eigen::Block<const Eigen::Matrix<double, -1, -1>, -1, -1, true>](r1: 1, n: 2, r2: 2)  	 3.9331e-05	 1         	 0         	 0         	 0.00162722	 0         
<PITTS::Tensor3<double>> :: void PITTS::fold_left(const MatrixType&, int, Tensor3<T>&) [with T = double; MatrixType = Eigen::Block<const Eigen::Matrix<double, -1, -1>, -1, -1, true>](r1: 2, n: 2, r2: 4)  	 3.9022e-05	 1         	 0         	 0         	 0.0065604 	 0         
<PITTS::Tensor3<double>> :: void PITTS::fold_left(const MatrixType&, int, Tensor3<T>&) [with T = double; MatrixType = Eigen::Block<const Eigen::Matrix<double, -1, -1>, -1, -1, true>](r1: 4, n: 2, r2: 8)  	 3.7561e-05	 1         	 0         	 0         	 0.0272623 	 0         
<PITTS::Tensor3<double>> :: void PITTS::fold_left(const MatrixType&, int, Tensor3<T>&) [with T = double; MatrixType = Eigen::Block<const Eigen::Matrix<double, -1, -1>, -1, -1, true>](r1: 8, n: 2, r2: 16) 	 2.5561e-05	 1         	 0         	 0         	 0.160244  	 0         
<PITTS::Tensor3<double>> :: void PITTS::fold_left(const MatrixType&, int, Tensor3<T>&) [with T = double; MatrixType = Eigen::Block<const Eigen::Matrix<double, -1, -1>, -1, -1, true>](r1: 16, n: 2, r2: 8) 	 1.633e-05 	 1         	 0         	 0         	 0.250827  	 0         
<PITTS::Tensor3<double>> :: void PITTS::fold_left(const MatrixType&, int, Tensor3<T>&) [with T = double; MatrixType = Eigen::Block<const Eigen::Matrix<double, -1, -1>, -1, -1, true>](r1: 53, n: 2, r2: 32)	 5.77e-06  	 1         	 0         	 0         	 9.40589   	 0         
<PITTS::Tensor3<double>> :: void PITTS::fold_left(const MatrixType&, int, Tensor3<T>&) [with T = double; MatrixType = Eigen::Block<const Eigen::Matrix<double, -1, -1>, -1, -1, true>](r1: 32, n: 2, r2: 16)	 5.19e-06  	 1         	 0         	 0         	 3.15684   	 0         
<PITTS::Tensor3<double>> :: void PITTS::fold_left(const MatrixType&, int, Tensor3<T>&) [with T = double; MatrixType = Eigen::Block<const Eigen::Matrix<double, -1, -1>, -1, -1, true>](r1: 8, n: 2, r2: 4)  	 3.671e-06 	 1         	 0         	 0         	 0.278943  	 0         
<PITTS::Tensor3<double>> :: void PITTS::fold_left(const MatrixType&, int, Tensor3<T>&) [with T = double; MatrixType = Eigen::Block<const Eigen::Matrix<double, -1, -1>, -1, -1, true>](r1: 4, n: 2, r2: 2)  	 8.1e-07   	 1         	 0         	 0         	 0.316049  	 0         
<PITTS::Tensor3<double>> :: void PITTS::fold_left(const MatrixType&, int, Tensor3<T>&) [with T = double; MatrixType = Eigen::Matrix<double, -1, -1>](r1: 2, n: 2, r2: 1)                                    	 6.3e-07   	 1         	 0         	 0         	 0.101587  	 0         
Timing statistics:
function                                                                                                                                                                              	 time [s]  	 #calls    
<PITTS::TensorTrain<double>> :: PITTS::TensorTrain<T> PITTS::fromDense_classical(Iter, Iter, const std::vector<int>&, T, int) [with Iter = const double*; T = double]                 	 593.752   	 1         
<PITTS::MultiVector<double>> :: void PITTS::randomize(MultiVector<T>&) [with T = double]                                                                                              	 0.62163   	 1         
<PITTS::Tensor3<double>> :: void PITTS::fold_left(const MatrixType&, int, Tensor3<T>&) [with T = double; MatrixType = Eigen::Block<const Eigen::Matrix<double, -1, -1>, -1, -1, true>]	 0.00561053	 29        
<PITTS::MultiVector<double>> :: void PITTS::MultiVector<T>::resize(long long int, long long int, bool, bool) [with T = double]                                                        	 0.000148355	 1         
<PITTS::Tensor3<double>> :: void PITTS::Tensor3<T>::resize(long long int, long long int, long long int, bool, bool) [with T = double]                                                 	 9.7595e-05	 60        
<PITTS::Tensor3<double>> :: void PITTS::fold_left(const MatrixType&, int, Tensor3<T>&) [with T = double; MatrixType = Eigen::Matrix<double, -1, -1>]                                  	 6.3e-07   	 1         
INFO: You are running LIKWID in a cpuset with 64 CPUs. Taking given IDs as logical ID in cpuset
[1;34m[pthread wrapper] 
[0m[1;34m[pthread wrapper] MAIN -> 0
[0m[1;34m[pthread wrapper] PIN_MASK: [0m[1;34m0->1  [0m[1;34m1->2  [0m[1;34m2->3  [0m[1;34m3->4  [0m[1;34m4->5  [0m[1;34m5->6  [0m[1;34m6->7  [0m[1;34m7->8  [0m[1;34m8->9  [0m[1;34m9->10  [0m[1;34m10->11  [0m[1;34m11->12  [0m[1;34m12->13  [0m[1;34m13->14  [0m[1;34m14->15  [0m[1;34m15->16  [0m[1;34m16->17  [0m[1;34m17->18  [0m[1;34m18->19  [0m[1;34m19->20  [0m[1;34m20->21  [0m[1;34m21->22  [0m[1;34m22->23  [0m[1;34m23->24  [0m[1;34m24->25  [0m[1;34m25->26  [0m[1;34m26->27  [0m[1;34m27->28  [0m[1;34m28->29  [0m[1;34m29->30  [0m[1;34m30->31  [0m[1;34m31->32  [0m[1;34m32->33  [0m[1;34m33->34  [0m[1;34m34->35  [0m[1;34m35->36  [0m[1;34m36->37  [0m[1;34m37->38  [0m[1;34m38->39  [0m[1;34m39->40  [0m[1;34m40->41  [0m[1;34m41->42  [0m[1;34m42->43  [0m[1;34m43->44  [0m[1;34m44->45  [0m[1;34m45->46  [0m[1;34m46->47  [0m[1;34m47->48  [0m[1;34m48->49  [0m[1;34m49->50  [0m[1;34m50->51  [0m[1;34m51->52  [0m[1;34m52->53  [0m[1;34m53->54  [0m[1;34m54->55  [0m[1;34m55->56  [0m[1;34m56->57  [0m[1;34m57->58  [0m[1;34m58->59  [0m[1;34m59->60  [0m[1;34m60->61  [0m[1;34m61->62  [0m[1;34m62->63  [0m[1;34m
[pthread wrapper] SKIP MASK: 0x0
[0m[1;34m	threadid 138605965064000 -> hwthread 1 - OK[0m[1;34m
[0m[1;34m	threadid 138605956667328 -> hwthread 2 - OK[0m[1;34m
[0m[1;34m	threadid 138605948270656 -> hwthread 3 - OK[0m[1;34m
[0m[1;34m	threadid 138605939873984 -> hwthread 4 - OK[0m[1;34m
[0m[1;34m	threadid 138605931477312 -> hwthread 5 - OK[0m[1;34m
[0m[1;34m	threadid 138605923080640 -> hwthread 6 - OK[0m[1;34m
[0m[1;34m	threadid 138605573958208 -> hwthread 7 - OK[0m[1;34m
[0m[1;34m	threadid 138605565561536 -> hwthread 8 - OK[0m[1;34m
[0m[1;34m	threadid 138605557164864 -> hwthread 9 - OK[0m[1;34m
[0m[1;34m	threadid 138605548768192 -> hwthread 10 - OK[0m[1;34m
[0m[1;34m	threadid 138605540371520 -> hwthread 11 - OK[0m[1;34m
[0m[1;34m	threadid 138605531974848 -> hwthread 12 - OK[0m[1;34m
[0m[1;34m	threadid 138605523578176 -> hwthread 13 - OK[0m[1;34m
[0m[1;34m	threadid 138604969979328 -> hwthread 14 - OK[0m[1;34m
[0m[1;34m	threadid 138604961582656 -> hwthread 15 - OK[0m[1;34m
[0m[1;34m	threadid 138604953185984 -> hwthread 16 - OK[0m[1;34m
[0m[1;34m	threadid 138604944789312 -> hwthread 17 - OK[0m[1;34m
[0m[1;34m	threadid 138604936392640 -> hwthread 18 - OK[0m[1;34m
[0m[1;34m	threadid 138604927995968 -> hwthread 19 - OK[0m[1;34m
[0m[1;34m	threadid 138604919599296 -> hwthread 20 - OK[0m[1;34m
[0m[1;34m	threadid 138604433109312 -> hwthread 21 - OK[0m[1;34m
[0m[1;34m	threadid 138604424712640 -> hwthread 22 - OK[0m[1;34m
[0m[1;34m	threadid 138604416315968 -> hwthread 23 - OK[0m[1;34m
[0m[1;34m	threadid 138604407919296 -> hwthread 24 - OK[0m[1;34m
[0m[1;34m	threadid 138604399522624 -> hwthread 25 - OK[0m[1;34m
[0m[1;34m	threadid 138604391125952 -> hwthread 26 - OK[0m[1;34m
[0m[1;34m	threadid 138604382729280 -> hwthread 27 - OK[0m[1;34m
[0m[1;34m	threadid 138603896239296 -> hwthread 28 - OK[0m[1;34m
[0m[1;34m	threadid 138603887842624 -> hwthread 29 - OK[0m[1;34m
[0m[1;34m	threadid 138603879445952 -> hwthread 30 - OK[0m[1;34m
[0m[1;34m	threadid 138603871049280 -> hwthread 31 - OK[0m[1;34m
[0m[1;34m	threadid 138603862652608 -> hwthread 32 - OK[0m[1;34m
[0m[1;34m	threadid 138603854251840 -> hwthread 33 - OK[0m[1;34m
[0m[1;34m	threadid 138603845851072 -> hwthread 34 - OK[0m[1;34m
[0m[1;34m	threadid 138603359365184 -> hwthread 35 - OK[0m[1;34m
[0m[1;34m	threadid 138603350964416 -> hwthread 36 - OK[0m[1;34m
[0m[1;34m	threadid 138603342563648 -> hwthread 37 - OK[0m[1;34m
[0m[1;34m	threadid 138603334162880 -> hwthread 38 - OK[0m[1;34m
[0m[1;34m	threadid 138603325762112 -> hwthread 39 - OK[0m[1;34m
[0m[1;34m	threadid 138603317361344 -> hwthread 40 - OK[0m[1;34m
[0m[1;34m	threadid 138603308960576 -> hwthread 41 - OK[0m[1;34m
[0m[1;34m	threadid 138602822495168 -> hwthread 42 - OK[0m[1;34m
[0m[1;34m	threadid 138602814094400 -> hwthread 43 - OK[0m[1;34m
[0m[1;34m	threadid 138602805693632 -> hwthread 44 - OK[0m[1;34m
[0m[1;34m	threadid 138602797292864 -> hwthread 45 - OK[0m[1;34m
[0m[1;34m	threadid 138602788892096 -> hwthread 46 - OK[0m[1;34m
[0m[1;34m	threadid 138602780491328 -> hwthread 47 - OK[0m[1;34m
[0m[1;34m	threadid 138602772090560 -> hwthread 48 - OK[0m[1;34m
[0m[1;34m	threadid 138602285625152 -> hwthread 49 - OK[0m[1;34m
[0m[1;34m	threadid 138602277224384 -> hwthread 50 - OK[0m[1;34m
[0m[1;34m	threadid 138602268823616 -> hwthread 51 - OK[0m[1;34m
[0m[1;34m	threadid 138602260422848 -> hwthread 52 - OK[0m[1;34m
[0m[1;34m	threadid 138602252022080 -> hwthread 53 - OK[0m[1;34m
[0m[1;34m	threadid 138602243621312 -> hwthread 54 - OK[0m[1;34m
[0m[1;34m	threadid 138602235220544 -> hwthread 55 - OK[0m[1;34m
[0m[1;34m	threadid 138601748755136 -> hwthread 56 - OK[0m[1;34m
[0m[1;34m	threadid 138601740354368 -> hwthread 57 - OK[0m[1;34m
[0m[1;34m	threadid 138601731953600 -> hwthread 58 - OK[0m[1;34m
[0m[1;34m	threadid 138601723552832 -> hwthread 59 - OK[0m[1;34m
[0m[1;34m	threadid 138601715152064 -> hwthread 60 - OK[0m[1;34m
[0m[1;34m	threadid 138601706751296 -> hwthread 61 - OK[0m[1;34m
[0m[1;34m	threadid 138601698350528 -> hwthread 62 - OK[0m[1;34m
[0m[1;34m	threadid 138601211885120 -> hwthread 63 - OK[0m[1;34m
[0m[1;34mRoundrobin placement triggered
	threadid 138601203484352 -> hwthread 0 - OK[0m[1;34m
[0m[1;34m	threadid 138601195091648 -> hwthread 1 - OK[0m[1;34m
[0mPITTS: version v0.9.6-2-g6da1bf0-dirty
PITTS: MPI #procs: 1
PITTS: OpenMP #threads: 64
PITTS: SIMD implementation: avx2
PITTS: Eigen SIMD implementation: AVX SSE, SSE2, SSE3, SSSE3, SSE4.1, SSE4.2
PITTS: cache sizes (L1/core, L2/core, L3/accessible) [byte]: (32768, 524288, 805306368)
PITTS: preprocessor definitions: PITTS_DIRECT_MKL_GEMM
Performance statistics:
function                                                                                                                                                                                                    	 time [s]  	 #calls    	 GFlop/s DP	 GFlop/s SP	 GByte/s   	Flops/Byte
<PITTS::MultiVector<double>> :: void PITTS::randomize(MultiVector<T>&) [with T = double](rows: 1073741824, cols: 1)                                                                                         	 0.621199  	 1         	 0         	 0         	 13.828    	 0         
<PITTS::Tensor3<double>> :: void PITTS::fold_left(const MatrixType&, int, Tensor3<T>&) [with T = double; MatrixType = Eigen::Block<const Eigen::Matrix<double, -1, -1>, -1, -1, true>](r1: 54, n: 2, r2: 54)	 0.00398712	 18        	 0         	 0         	 0.42126   	 0         
<PITTS::Tensor3<double>> :: void PITTS::fold_left(const MatrixType&, int, Tensor3<T>&) [with T = double; MatrixType = Eigen::Block<const Eigen::Matrix<double, -1, -1>, -1, -1, true>](r1: 32, n: 2, r2: 54)	 0.000821517	 1         	 0         	 0         	 0.0673096 	 0         
<PITTS::Tensor3<double>> :: void PITTS::fold_left(const MatrixType&, int, Tensor3<T>&) [with T = double; MatrixType = Eigen::Block<const Eigen::Matrix<double, -1, -1>, -1, -1, true>](r1: 16, n: 2, r2: 32)	 0.000615441	 1         	 0         	 0         	 0.0266216 	 0         
<PITTS::Tensor3<double>> :: void PITTS::fold_left(const MatrixType&, int, Tensor3<T>&) [with T = double; MatrixType = Eigen::Block<const Eigen::Matrix<double, -1, -1>, -1, -1, true>](r1: 1, n: 2, r2: 2)  	 3.7651e-05	 1         	 0         	 0         	 0.00169982	 0         
<PITTS::Tensor3<double>> :: void PITTS::fold_left(const MatrixType&, int, Tensor3<T>&) [with T = double; MatrixType = Eigen::Block<const Eigen::Matrix<double, -1, -1>, -1, -1, true>](r1: 2, n: 2, r2: 4)  	 3.4481e-05	 1         	 0         	 0         	 0.00742438	 0         
<PITTS::Tensor3<double>> :: void PITTS::fold_left(const MatrixType&, int, Tensor3<T>&) [with T = double; MatrixType = Eigen::Block<const Eigen::Matrix<double, -1, -1>, -1, -1, true>](r1: 8, n: 2, r2: 16) 	 2.9831e-05	 1         	 0         	 0         	 0.137307  	 0         
<PITTS::Tensor3<double>> :: void PITTS::fold_left(const MatrixType&, int, Tensor3<T>&) [with T = double; MatrixType = Eigen::Block<const Eigen::Matrix<double, -1, -1>, -1, -1, true>](r1: 4, n: 2, r2: 8)  	 2.7661e-05	 1         	 0         	 0         	 0.0370196 	 0         
<PITTS::Tensor3<double>> :: void PITTS::fold_left(const MatrixType&, int, Tensor3<T>&) [with T = double; MatrixType = Eigen::Block<const Eigen::Matrix<double, -1, -1>, -1, -1, true>](r1: 54, n: 2, r2: 32)	 1.414e-05 	 1         	 0         	 0         	 3.91061   	 0         
<PITTS::Tensor3<double>> :: void PITTS::fold_left(const MatrixType&, int, Tensor3<T>&) [with T = double; MatrixType = Eigen::Block<const Eigen::Matrix<double, -1, -1>, -1, -1, true>](r1: 16, n: 2, r2: 8) 	 1.3051e-05	 1         	 0         	 0         	 0.313846  	 0         
<PITTS::Tensor3<double>> :: void PITTS::fold_left(const MatrixType&, int, Tensor3<T>&) [with T = double; MatrixType = Eigen::Block<const Eigen::Matrix<double, -1, -1>, -1, -1, true>](r1: 32, n: 2, r2: 16)	 4.59e-06  	 1         	 0         	 0         	 3.5695    	 0         
<PITTS::Tensor3<double>> :: void PITTS::fold_left(const MatrixType&, int, Tensor3<T>&) [with T = double; MatrixType = Eigen::Block<const Eigen::Matrix<double, -1, -1>, -1, -1, true>](r1: 8, n: 2, r2: 4)  	 3.75e-06  	 1         	 0         	 0         	 0.273067  	 0         
<PITTS::Tensor3<double>> :: void PITTS::fold_left(const MatrixType&, int, Tensor3<T>&) [with T = double; MatrixType = Eigen::Block<const Eigen::Matrix<double, -1, -1>, -1, -1, true>](r1: 4, n: 2, r2: 2)  	 8.1e-07   	 1         	 0         	 0         	 0.316049  	 0         
<PITTS::Tensor3<double>> :: void PITTS::fold_left(const MatrixType&, int, Tensor3<T>&) [with T = double; MatrixType = Eigen::Matrix<double, -1, -1>](r1: 2, n: 2, r2: 1)                                    	 6.5e-07   	 1         	 0         	 0         	 0.0984615 	 0         
Timing statistics:
function                                                                                                                                                                              	 time [s]  	 #calls    
<PITTS::TensorTrain<double>> :: PITTS::TensorTrain<T> PITTS::fromDense_classical(Iter, Iter, const std::vector<int>&, T, int) [with Iter = const double*; T = double]                 	 592.748   	 1         
<PITTS::MultiVector<double>> :: void PITTS::randomize(MultiVector<T>&) [with T = double]                                                                                              	 0.621199  	 1         
<PITTS::Tensor3<double>> :: void PITTS::fold_left(const MatrixType&, int, Tensor3<T>&) [with T = double; MatrixType = Eigen::Block<const Eigen::Matrix<double, -1, -1>, -1, -1, true>]	 0.00559004	 29        
<PITTS::MultiVector<double>> :: void PITTS::MultiVector<T>::resize(long long int, long long int, bool, bool) [with T = double]                                                        	 0.000125875	 1         
<PITTS::Tensor3<double>> :: void PITTS::Tensor3<T>::resize(long long int, long long int, long long int, bool, bool) [with T = double]                                                 	 8.3992e-05	 60        
<PITTS::Tensor3<double>> :: void PITTS::fold_left(const MatrixType&, int, Tensor3<T>&) [with T = double; MatrixType = Eigen::Matrix<double, -1, -1>]                                  	 6.5e-07   	 1         
INFO: You are running LIKWID in a cpuset with 64 CPUs. Taking given IDs as logical ID in cpuset
[1;34m[pthread wrapper] 
[0m[1;34m[pthread wrapper] MAIN -> 0
[0m[1;34m[pthread wrapper] PIN_MASK: [0m[1;34m0->1  [0m[1;34m1->2  [0m[1;34m2->3  [0m[1;34m3->4  [0m[1;34m4->5  [0m[1;34m5->6  [0m[1;34m6->7  [0m[1;34m7->8  [0m[1;34m8->9  [0m[1;34m9->10  [0m[1;34m10->11  [0m[1;34m11->12  [0m[1;34m12->13  [0m[1;34m13->14  [0m[1;34m14->15  [0m[1;34m15->16  [0m[1;34m16->17  [0m[1;34m17->18  [0m[1;34m18->19  [0m[1;34m19->20  [0m[1;34m20->21  [0m[1;34m21->22  [0m[1;34m22->23  [0m[1;34m23->24  [0m[1;34m24->25  [0m[1;34m25->26  [0m[1;34m26->27  [0m[1;34m27->28  [0m[1;34m28->29  [0m[1;34m29->30  [0m[1;34m30->31  [0m[1;34m31->32  [0m[1;34m32->33  [0m[1;34m33->34  [0m[1;34m34->35  [0m[1;34m35->36  [0m[1;34m36->37  [0m[1;34m37->38  [0m[1;34m38->39  [0m[1;34m39->40  [0m[1;34m40->41  [0m[1;34m41->42  [0m[1;34m42->43  [0m[1;34m43->44  [0m[1;34m44->45  [0m[1;34m45->46  [0m[1;34m46->47  [0m[1;34m47->48  [0m[1;34m48->49  [0m[1;34m49->50  [0m[1;34m50->51  [0m[1;34m51->52  [0m[1;34m52->53  [0m[1;34m53->54  [0m[1;34m54->55  [0m[1;34m55->56  [0m[1;34m56->57  [0m[1;34m57->58  [0m[1;34m58->59  [0m[1;34m59->60  [0m[1;34m60->61  [0m[1;34m61->62  [0m[1;34m62->63  [0m[1;34m
[pthread wrapper] SKIP MASK: 0x0
[0m[1;34m	threadid 132868413044544 -> hwthread 1 - OK[0m[1;34m
[0m[1;34m	threadid 132868404647872 -> hwthread 2 - OK[0m[1;34m
[0m[1;34m	threadid 132868396251200 -> hwthread 3 - OK[0m[1;34m
[0m[1;34m	threadid 132868387854528 -> hwthread 4 - OK[0m[1;34m
[0m[1;34m	threadid 132868379457856 -> hwthread 5 - OK[0m[1;34m
[0m[1;34m	threadid 132868034521536 -> hwthread 6 - OK[0m[1;34m
[0m[1;34m	threadid 132868026124864 -> hwthread 7 - OK[0m[1;34m
[0m[1;34m	threadid 132868017728192 -> hwthread 8 - OK[0m[1;34m
[0m[1;34m	threadid 132868009331520 -> hwthread 9 - OK[0m[1;34m
[0m[1;34m	threadid 132868000934848 -> hwthread 10 - OK[0m[1;34m
[0m[1;34m	threadid 132867992538176 -> hwthread 11 - OK[0m[1;34m
[0m[1;34m	threadid 132867984141504 -> hwthread 12 - OK[0m[1;34m
[0m[1;34m	threadid 132867497651520 -> hwthread 13 - OK[0m[1;34m
[0m[1;34m	threadid 132867489254848 -> hwthread 14 - OK[0m[1;34m
[0m[1;34m	threadid 132867480858176 -> hwthread 15 - OK[0m[1;34m
[0m[1;34m	threadid 132867472461504 -> hwthread 16 - OK[0m[1;34m
[0m[1;34m	threadid 132867464064832 -> hwthread 17 - OK[0m[1;34m
[0m[1;34m	threadid 132867455668160 -> hwthread 18 - OK[0m[1;34m
[0m[1;34m	threadid 132867447271488 -> hwthread 19 - OK[0m[1;34m
[0m[1;34m	threadid 132866960781504 -> hwthread 20 - OK[0m[1;34m
[0m[1;34m	threadid 132866952384832 -> hwthread 21 - OK[0m[1;34m
[0m[1;34m	threadid 132866943988160 -> hwthread 22 - OK[0m[1;34m
[0m[1;34m	threadid 132866935591488 -> hwthread 23 - OK[0m[1;34m
[0m[1;34m	threadid 132866927194816 -> hwthread 24 - OK[0m[1;34m
[0m[1;34m	threadid 132866918798144 -> hwthread 25 - OK[0m[1;34m
[0m[1;34m	threadid 132866910401472 -> hwthread 26 - OK[0m[1;34m
[0m[1;34m	threadid 132866423911488 -> hwthread 27 - OK[0m[1;34m
[0m[1;34m	threadid 132866415514816 -> hwthread 28 - OK[0m[1;34m
[0m[1;34m	threadid 132866407118144 -> hwthread 29 - OK[0m[1;34m
[0m[1;34m	threadid 132866398721472 -> hwthread 30 - OK[0m[1;34m
[0m[1;34m	threadid 132866390324800 -> hwthread 31 - OK[0m[1;34m
[0m[1;34m	threadid 132866381928128 -> hwthread 32 - OK[0m[1;34m
[0m[1;34m	threadid 132866373527360 -> hwthread 33 - OK[0m[1;34m
[0m[1;34m	threadid 132865887037376 -> hwthread 34 - OK[0m[1;34m
[0m[1;34m	threadid 132865878636608 -> hwthread 35 - OK[0m[1;34m
[0m[1;34m	threadid 132865870235840 -> hwthread 36 - OK[0m[1;34m
[0m[1;34m	threadid 132865861835072 -> hwthread 37 - OK[0m[1;34m
[0m[1;34m	threadid 132865853434304 -> hwthread 38 - OK[0m[1;34m
[0m[1;34m	threadid 132865845033536 -> hwthread 39 - OK[0m[1;34m
[0m[1;34m	threadid 132865836632768 -> hwthread 40 - OK[0m[1;34m
[0m[1;34m	threadid 132865350167360 -> hwthread 41 - OK[0m[1;34m
[0m[1;34m	threadid 132865341766592 -> hwthread 42 - OK[0m[1;34m
[0m[1;34m	threadid 132865333365824 -> hwthread 43 - OK[0m[1;34m
[0m[1;34m	threadid 132865324965056 -> hwthread 44 - OK[0m[1;34m
[0m[1;34m	threadid 132865316564288 -> hwthread 45 - OK[0m[1;34m
[0m[1;34m	threadid 132865308163520 -> hwthread 46 - OK[0m[1;34m
[0m[1;34m	threadid 132865299762752 -> hwthread 47 - OK[0m[1;34m
[0m[1;34m	threadid 132864813297344 -> hwthread 48 - OK[0m[1;34m
[0m[1;34m	threadid 132864804896576 -> hwthread 49 - OK[0m[1;34m
[0m[1;34m	threadid 132864796495808 -> hwthread 50 - OK[0m[1;34m
[0m[1;34m	threadid 132864788095040 -> hwthread 51 - OK[0m[1;34m
[0m[1;34m	threadid 132864779694272 -> hwthread 52 - OK[0m[1;34m
[0m[1;34m	threadid 132864771293504 -> hwthread 53 - OK[0m[1;34m
[0m[1;34m	threadid 132864762892736 -> hwthread 54 - OK[0m[1;34m
[0m[1;34m	threadid 132864276427328 -> hwthread 55 - OK[0m[1;34m
[0m[1;34m	threadid 132864268026560 -> hwthread 56 - OK[0m[1;34m
[0m[1;34m	threadid 132864259625792 -> hwthread 57 - OK[0m[1;34m
[0m[1;34m	threadid 132864251225024 -> hwthread 58 - OK[0m[1;34m
[0m[1;34m	threadid 132864242824256 -> hwthread 59 - OK[0m[1;34m
[0m[1;34m	threadid 132864234423488 -> hwthread 60 - OK[0m[1;34m
[0m[1;34m	threadid 132864226022720 -> hwthread 61 - OK[0m[1;34m
[0m[1;34m	threadid 132863739557312 -> hwthread 62 - OK[0m[1;34m
[0m[1;34m	threadid 132863731156544 -> hwthread 63 - OK[0m[1;34m
[0m[1;34mRoundrobin placement triggered
	threadid 132863722755776 -> hwthread 0 - OK[0m[1;34m
[0m[1;34m	threadid 132863714363072 -> hwthread 1 - OK[0m[1;34m
[0mPITTS: version v0.9.6-2-g6da1bf0-dirty
PITTS: MPI #procs: 1
PITTS: OpenMP #threads: 64
PITTS: SIMD implementation: avx2
PITTS: Eigen SIMD implementation: AVX SSE, SSE2, SSE3, SSSE3, SSE4.1, SSE4.2
PITTS: cache sizes (L1/core, L2/core, L3/accessible) [byte]: (32768, 524288, 805306368)
PITTS: preprocessor definitions: PITTS_DIRECT_MKL_GEMM
Performance statistics:
function                                                                                                                                                                                                    	 time [s]  	 #calls    	 GFlop/s DP	 GFlop/s SP	 GByte/s   	Flops/Byte
<PITTS::MultiVector<double>> :: void PITTS::randomize(MultiVector<T>&) [with T = double](rows: 1073741824, cols: 1)                                                                                         	 0.618683  	 1         	 0         	 0         	 13.8842   	 0         
<PITTS::Tensor3<double>> :: void PITTS::fold_left(const MatrixType&, int, Tensor3<T>&) [with T = double; MatrixType = Eigen::Block<const Eigen::Matrix<double, -1, -1>, -1, -1, true>](r1: 55, n: 2, r2: 55)	 0.00445854	 18        	 0         	 0         	 0.3908    	 0         
<PITTS::Tensor3<double>> :: void PITTS::fold_left(const MatrixType&, int, Tensor3<T>&) [with T = double; MatrixType = Eigen::Block<const Eigen::Matrix<double, -1, -1>, -1, -1, true>](r1: 32, n: 2, r2: 55)	 0.000827258	 1         	 0         	 0         	 0.0680803 	 0         
<PITTS::Tensor3<double>> :: void PITTS::fold_left(const MatrixType&, int, Tensor3<T>&) [with T = double; MatrixType = Eigen::Block<const Eigen::Matrix<double, -1, -1>, -1, -1, true>](r1: 16, n: 2, r2: 32)	 0.000697384	 1         	 0         	 0         	 0.0234935 	 0         
<PITTS::Tensor3<double>> :: void PITTS::fold_left(const MatrixType&, int, Tensor3<T>&) [with T = double; MatrixType = Eigen::Block<const Eigen::Matrix<double, -1, -1>, -1, -1, true>](r1: 1, n: 2, r2: 2)  	 4.0491e-05	 1         	 0         	 0         	 0.0015806 	 0         
<PITTS::Tensor3<double>> :: void PITTS::fold_left(const MatrixType&, int, Tensor3<T>&) [with T = double; MatrixType = Eigen::Block<const Eigen::Matrix<double, -1, -1>, -1, -1, true>](r1: 2, n: 2, r2: 4)  	 3.1831e-05	 1         	 0         	 0         	 0.00804247	 0         
<PITTS::Tensor3<double>> :: void PITTS::fold_left(const MatrixType&, int, Tensor3<T>&) [with T = double; MatrixType = Eigen::Block<const Eigen::Matrix<double, -1, -1>, -1, -1, true>](r1: 8, n: 2, r2: 16) 	 2.9491e-05	 1         	 0         	 0         	 0.13889   	 0         
<PITTS::Tensor3<double>> :: void PITTS::fold_left(const MatrixType&, int, Tensor3<T>&) [with T = double; MatrixType = Eigen::Block<const Eigen::Matrix<double, -1, -1>, -1, -1, true>](r1: 4, n: 2, r2: 8)  	 2.8631e-05	 1         	 0         	 0         	 0.0357654 	 0         
<PITTS::Tensor3<double>> :: void PITTS::fold_left(const MatrixType&, int, Tensor3<T>&) [with T = double; MatrixType = Eigen::Block<const Eigen::Matrix<double, -1, -1>, -1, -1, true>](r1: 16, n: 2, r2: 8) 	 1.1791e-05	 1         	 0         	 0         	 0.347384  	 0         
<PITTS::Tensor3<double>> :: void PITTS::fold_left(const MatrixType&, int, Tensor3<T>&) [with T = double; MatrixType = Eigen::Block<const Eigen::Matrix<double, -1, -1>, -1, -1, true>](r1: 8, n: 2, r2: 4)  	 6.08e-06  	 1         	 0         	 0         	 0.168421  	 0         
<PITTS::Tensor3<double>> :: void PITTS::fold_left(const MatrixType&, int, Tensor3<T>&) [with T = double; MatrixType = Eigen::Block<const Eigen::Matrix<double, -1, -1>, -1, -1, true>](r1: 55, n: 2, r2: 32)	 5.15e-06  	 1         	 0         	 0         	 10.9359   	 0         
<PITTS::Tensor3<double>> :: void PITTS::fold_left(const MatrixType&, int, Tensor3<T>&) [with T = double; MatrixType = Eigen::Block<const Eigen::Matrix<double, -1, -1>, -1, -1, true>](r1: 32, n: 2, r2: 16)	 4.78e-06  	 1         	 0         	 0         	 3.42762   	 0         
<PITTS::Tensor3<double>> :: void PITTS::fold_left(const MatrixType&, int, Tensor3<T>&) [with T = double; MatrixType = Eigen::Block<const Eigen::Matrix<double, -1, -1>, -1, -1, true>](r1: 4, n: 2, r2: 2)  	 8.7e-07   	 1         	 0         	 0         	 0.294253  	 0         
<PITTS::Tensor3<double>> :: void PITTS::fold_left(const MatrixType&, int, Tensor3<T>&) [with T = double; MatrixType = Eigen::Matrix<double, -1, -1>](r1: 2, n: 2, r2: 1)                                    	 5.8e-07   	 1         	 0         	 0         	 0.110345  	 0         
Timing statistics:
function                                                                                                                                                                              	 time [s]  	 #calls    
<PITTS::TensorTrain<double>> :: PITTS::TensorTrain<T> PITTS::fromDense_classical(Iter, Iter, const std::vector<int>&, T, int) [with Iter = const double*; T = double]                 	 613.997   	 1         
<PITTS::MultiVector<double>> :: void PITTS::randomize(MultiVector<T>&) [with T = double]                                                                                              	 0.618683  	 1         
<PITTS::Tensor3<double>> :: void PITTS::fold_left(const MatrixType&, int, Tensor3<T>&) [with T = double; MatrixType = Eigen::Block<const Eigen::Matrix<double, -1, -1>, -1, -1, true>]	 0.0061423 	 29        
<PITTS::MultiVector<double>> :: void PITTS::MultiVector<T>::resize(long long int, long long int, bool, bool) [with T = double]                                                        	 0.000119904	 1         
<PITTS::Tensor3<double>> :: void PITTS::Tensor3<T>::resize(long long int, long long int, long long int, bool, bool) [with T = double]                                                 	 0.000105923	 60        
<PITTS::Tensor3<double>> :: void PITTS::fold_left(const MatrixType&, int, Tensor3<T>&) [with T = double; MatrixType = Eigen::Matrix<double, -1, -1>]                                  	 5.8e-07   	 1         
INFO: You are running LIKWID in a cpuset with 64 CPUs. Taking given IDs as logical ID in cpuset
[1;34m[pthread wrapper] 
[0m[1;34m[pthread wrapper] MAIN -> 0
[0m[1;34m[pthread wrapper] PIN_MASK: [0m[1;34m0->1  [0m[1;34m1->2  [0m[1;34m2->3  [0m[1;34m3->4  [0m[1;34m4->5  [0m[1;34m5->6  [0m[1;34m6->7  [0m[1;34m7->8  [0m[1;34m8->9  [0m[1;34m9->10  [0m[1;34m10->11  [0m[1;34m11->12  [0m[1;34m12->13  [0m[1;34m13->14  [0m[1;34m14->15  [0m[1;34m15->16  [0m[1;34m16->17  [0m[1;34m17->18  [0m[1;34m18->19  [0m[1;34m19->20  [0m[1;34m20->21  [0m[1;34m21->22  [0m[1;34m22->23  [0m[1;34m23->24  [0m[1;34m24->25  [0m[1;34m25->26  [0m[1;34m26->27  [0m[1;34m27->28  [0m[1;34m28->29  [0m[1;34m29->30  [0m[1;34m30->31  [0m[1;34m31->32  [0m[1;34m32->33  [0m[1;34m33->34  [0m[1;34m34->35  [0m[1;34m35->36  [0m[1;34m36->37  [0m[1;34m37->38  [0m[1;34m38->39  [0m[1;34m39->40  [0m[1;34m40->41  [0m[1;34m41->42  [0m[1;34m42->43  [0m[1;34m43->44  [0m[1;34m44->45  [0m[1;34m45->46  [0m[1;34m46->47  [0m[1;34m47->48  [0m[1;34m48->49  [0m[1;34m49->50  [0m[1;34m50->51  [0m[1;34m51->52  [0m[1;34m52->53  [0m[1;34m53->54  [0m[1;34m54->55  [0m[1;34m55->56  [0m[1;34m56->57  [0m[1;34m57->58  [0m[1;34m58->59  [0m[1;34m59->60  [0m[1;34m60->61  [0m[1;34m61->62  [0m[1;34m62->63  [0m[1;34m
[pthread wrapper] SKIP MASK: 0x0
[0m[1;34m	threadid 134558451218240 -> hwthread 1 - OK[0m[1;34m
[0m[1;34m	threadid 134558372587456 -> hwthread 2 - OK[0m[1;34m
[0m[1;34m	threadid 134558364190784 -> hwthread 3 - OK[0m[1;34m
[0m[1;34m	threadid 134558355794112 -> hwthread 4 - OK[0m[1;34m
[0m[1;34m	threadid 134558347397440 -> hwthread 5 - OK[0m[1;34m
[0m[1;34m	threadid 134558339000768 -> hwthread 6 - OK[0m[1;34m
[0m[1;34m	threadid 134558330604096 -> hwthread 7 - OK[0m[1;34m
[0m[1;34m	threadid 134558322207424 -> hwthread 8 - OK[0m[1;34m
[0m[1;34m	threadid 134557835717440 -> hwthread 9 - OK[0m[1;34m
[0m[1;34m	threadid 134557827320768 -> hwthread 10 - OK[0m[1;34m
[0m[1;34m	threadid 134557818924096 -> hwthread 11 - OK[0m[1;34m
[0m[1;34m	threadid 134557810527424 -> hwthread 12 - OK[0m[1;34m
[0m[1;34m	threadid 134557802130752 -> hwthread 13 - OK[0m[1;34m
[0m[1;34m	threadid 134557793734080 -> hwthread 14 - OK[0m[1;34m
[0m[1;34m	threadid 134557785337408 -> hwthread 15 - OK[0m[1;34m
[0m[1;34m	threadid 134557298847424 -> hwthread 16 - OK[0m[1;34m
[0m[1;34m	threadid 134557290450752 -> hwthread 17 - OK[0m[1;34m
[0m[1;34m	threadid 134557282054080 -> hwthread 18 - OK[0m[1;34m
[0m[1;34m	threadid 134557273657408 -> hwthread 19 - OK[0m[1;34m
[0m[1;34m	threadid 134557265260736 -> hwthread 20 - OK[0m[1;34m
[0m[1;34m	threadid 134557256864064 -> hwthread 21 - OK[0m[1;34m
[0m[1;34m	threadid 134557248467392 -> hwthread 22 - OK[0m[1;34m
[0m[1;34m	threadid 134556761977408 -> hwthread 23 - OK[0m[1;34m
[0m[1;34m	threadid 134556753580736 -> hwthread 24 - OK[0m[1;34m
[0m[1;34m	threadid 134556745184064 -> hwthread 25 - OK[0m[1;34m
[0m[1;34m	threadid 134556736787392 -> hwthread 26 - OK[0m[1;34m
[0m[1;34m	threadid 134556728390720 -> hwthread 27 - OK[0m[1;34m
[0m[1;34m	threadid 134556719994048 -> hwthread 28 - OK[0m[1;34m
[0m[1;34m	threadid 134556711597376 -> hwthread 29 - OK[0m[1;34m
[0m[1;34m	threadid 134556225107392 -> hwthread 30 - OK[0m[1;34m
[0m[1;34m	threadid 134556216710720 -> hwthread 31 - OK[0m[1;34m
[0m[1;34m	threadid 134556208314048 -> hwthread 32 - OK[0m[1;34m
[0m[1;34m	threadid 134556199913280 -> hwthread 33 - OK[0m[1;34m
[0m[1;34m	threadid 134556191512512 -> hwthread 34 - OK[0m[1;34m
[0m[1;34m	threadid 134556183111744 -> hwthread 35 - OK[0m[1;34m
[0m[1;34m	threadid 134556174710976 -> hwthread 36 - OK[0m[1;34m
[0m[1;34m	threadid 134555688233280 -> hwthread 37 - OK[0m[1;34m
[0m[1;34m	threadid 134555679832512 -> hwthread 38 - OK[0m[1;34m
[0m[1;34m	threadid 134555671431744 -> hwthread 39 - OK[0m[1;34m
[0m[1;34m	threadid 134555663030976 -> hwthread 40 - OK[0m[1;34m
[0m[1;34m	threadid 134555654630208 -> hwthread 41 - OK[0m[1;34m
[0m[1;34m	threadid 134555646229440 -> hwthread 42 - OK[0m[1;34m
[0m[1;34m	threadid 134555637828672 -> hwthread 43 - OK[0m[1;34m
[0m[1;34m	threadid 134555151363264 -> hwthread 44 - OK[0m[1;34m
[0m[1;34m	threadid 134555142962496 -> hwthread 45 - OK[0m[1;34m
[0m[1;34m	threadid 134555134561728 -> hwthread 46 - OK[0m[1;34m
[0m[1;34m	threadid 134555126160960 -> hwthread 47 - OK[0m[1;34m
[0m[1;34m	threadid 134555117760192 -> hwthread 48 - OK[0m[1;34m
[0m[1;34m	threadid 134555109359424 -> hwthread 49 - OK[0m[1;34m
[0m[1;34m	threadid 134555100958656 -> hwthread 50 - OK[0m[1;34m
[0m[1;34m	threadid 134554614493248 -> hwthread 51 - OK[0m[1;34m
[0m[1;34m	threadid 134554606092480 -> hwthread 52 - OK[0m[1;34m
[0m[1;34m	threadid 134554597691712 -> hwthread 53 - OK[0m[1;34m
[0m[1;34m	threadid 134554589290944 -> hwthread 54 - OK[0m[1;34m
[0m[1;34m	threadid 134554580890176 -> hwthread 55 - OK[0m[1;34m
[0m[1;34m	threadid 134554572489408 -> hwthread 56 - OK[0m[1;34m
[0m[1;34m	threadid 134554564088640 -> hwthread 57 - OK[0m[1;34m
[0m[1;34m	threadid 134554077623232 -> hwthread 58 - OK[0m[1;34m
[0m[1;34m	threadid 134554069222464 -> hwthread 59 - OK[0m[1;34m
[0m[1;34m	threadid 134554060821696 -> hwthread 60 - OK[0m[1;34m
[0m[1;34m	threadid 134554052420928 -> hwthread 61 - OK[0m[1;34m
[0m[1;34m	threadid 134554044020160 -> hwthread 62 - OK[0m[1;34m
[0m[1;34m	threadid 134554035619392 -> hwthread 63 - OK[0m[1;34m
[0m[1;34mRoundrobin placement triggered
	threadid 134554027218624 -> hwthread 0 - OK[0m[1;34m
[0m[1;34m	threadid 134553540753088 -> hwthread 1 - OK[0m[1;34m
[0mPITTS: version v0.9.6-2-g6da1bf0-dirty
PITTS: MPI #procs: 1
PITTS: OpenMP #threads: 64
PITTS: SIMD implementation: avx2
PITTS: Eigen SIMD implementation: AVX SSE, SSE2, SSE3, SSSE3, SSE4.1, SSE4.2
PITTS: cache sizes (L1/core, L2/core, L3/accessible) [byte]: (32768, 524288, 805306368)
PITTS: preprocessor definitions: PITTS_DIRECT_MKL_GEMM
Performance statistics:
function                                                                                                                                                                                                    	 time [s]  	 #calls    	 GFlop/s DP	 GFlop/s SP	 GByte/s   	Flops/Byte
<PITTS::MultiVector<double>> :: void PITTS::randomize(MultiVector<T>&) [with T = double](rows: 1073741824, cols: 1)                                                                                         	 0.626164  	 1         	 0         	 0         	 13.7184   	 0         
<PITTS::Tensor3<double>> :: void PITTS::fold_left(const MatrixType&, int, Tensor3<T>&) [with T = double; MatrixType = Eigen::Block<const Eigen::Matrix<double, -1, -1>, -1, -1, true>](r1: 56, n: 2, r2: 56)	 0.00385646	 18        	 0         	 0         	 0.468393  	 0         
<PITTS::Tensor3<double>> :: void PITTS::fold_left(const MatrixType&, int, Tensor3<T>&) [with T = double; MatrixType = Eigen::Block<const Eigen::Matrix<double, -1, -1>, -1, -1, true>](r1: 32, n: 2, r2: 56)	 0.000837958	 1         	 0         	 0         	 0.068433  	 0         
<PITTS::Tensor3<double>> :: void PITTS::fold_left(const MatrixType&, int, Tensor3<T>&) [with T = double; MatrixType = Eigen::Block<const Eigen::Matrix<double, -1, -1>, -1, -1, true>](r1: 16, n: 2, r2: 32)	 0.000568679	 1         	 0         	 0         	 0.0288106 	 0         
<PITTS::Tensor3<double>> :: void PITTS::fold_left(const MatrixType&, int, Tensor3<T>&) [with T = double; MatrixType = Eigen::Block<const Eigen::Matrix<double, -1, -1>, -1, -1, true>](r1: 1, n: 2, r2: 2)  	 3.6891e-05	 1         	 0         	 0         	 0.00173484	 0         
<PITTS::Tensor3<double>> :: void PITTS::fold_left(const MatrixType&, int, Tensor3<T>&) [with T = double; MatrixType = Eigen::Block<const Eigen::Matrix<double, -1, -1>, -1, -1, true>](r1: 4, n: 2, r2: 8)  	 3.0401e-05	 1         	 0         	 0         	 0.0336831 	 0         
<PITTS::Tensor3<double>> :: void PITTS::fold_left(const MatrixType&, int, Tensor3<T>&) [with T = double; MatrixType = Eigen::Block<const Eigen::Matrix<double, -1, -1>, -1, -1, true>](r1: 2, n: 2, r2: 4)  	 2.7711e-05	 1         	 0         	 0         	 0.00923821	 0         
<PITTS::Tensor3<double>> :: void PITTS::fold_left(const MatrixType&, int, Tensor3<T>&) [with T = double; MatrixType = Eigen::Block<const Eigen::Matrix<double, -1, -1>, -1, -1, true>](r1: 8, n: 2, r2: 16) 	 2.6711e-05	 1         	 0         	 0         	 0.153345  	 0         
<PITTS::Tensor3<double>> :: void PITTS::fold_left(const MatrixType&, int, Tensor3<T>&) [with T = double; MatrixType = Eigen::Block<const Eigen::Matrix<double, -1, -1>, -1, -1, true>](r1: 16, n: 2, r2: 8) 	 1.2521e-05	 1         	 0         	 0         	 0.32713   	 0         
<PITTS::Tensor3<double>> :: void PITTS::fold_left(const MatrixType&, int, Tensor3<T>&) [with T = double; MatrixType = Eigen::Block<const Eigen::Matrix<double, -1, -1>, -1, -1, true>](r1: 8, n: 2, r2: 4)  	 6.6e-06   	 1         	 0         	 0         	 0.155152  	 0         
<PITTS::Tensor3<double>> :: void PITTS::fold_left(const MatrixType&, int, Tensor3<T>&) [with T = double; MatrixType = Eigen::Block<const Eigen::Matrix<double, -1, -1>, -1, -1, true>](r1: 32, n: 2, r2: 16)	 5.66e-06  	 1         	 0         	 0         	 2.8947    	 0         
<PITTS::Tensor3<double>> :: void PITTS::fold_left(const MatrixType&, int, Tensor3<T>&) [with T = double; MatrixType = Eigen::Block<const Eigen::Matrix<double, -1, -1>, -1, -1, true>](r1: 56, n: 2, r2: 32)	 5.02e-06  	 1         	 0         	 0         	 11.4231   	 0         
<PITTS::Tensor3<double>> :: void PITTS::fold_left(const MatrixType&, int, Tensor3<T>&) [with T = double; MatrixType = Eigen::Block<const Eigen::Matrix<double, -1, -1>, -1, -1, true>](r1: 4, n: 2, r2: 2)  	 8e-07     	 1         	 0         	 0         	 0.32      	 0         
<PITTS::Tensor3<double>> :: void PITTS::fold_left(const MatrixType&, int, Tensor3<T>&) [with T = double; MatrixType = Eigen::Matrix<double, -1, -1>](r1: 2, n: 2, r2: 1)                                    	 6.4e-07   	 1         	 0         	 0         	 0.1       	 0         
Timing statistics:
function                                                                                                                                                                              	 time [s]  	 #calls    
<PITTS::TensorTrain<double>> :: PITTS::TensorTrain<T> PITTS::fromDense_classical(Iter, Iter, const std::vector<int>&, T, int) [with Iter = const double*; T = double]                 	 605.887   	 1         
<PITTS::MultiVector<double>> :: void PITTS::randomize(MultiVector<T>&) [with T = double]                                                                                              	 0.626164  	 1         
<PITTS::Tensor3<double>> :: void PITTS::fold_left(const MatrixType&, int, Tensor3<T>&) [with T = double; MatrixType = Eigen::Block<const Eigen::Matrix<double, -1, -1>, -1, -1, true>]	 0.00541541	 29        
<PITTS::MultiVector<double>> :: void PITTS::MultiVector<T>::resize(long long int, long long int, bool, bool) [with T = double]                                                        	 0.000118974	 1         
<PITTS::Tensor3<double>> :: void PITTS::Tensor3<T>::resize(long long int, long long int, long long int, bool, bool) [with T = double]                                                 	 8.7473e-05	 60        
<PITTS::Tensor3<double>> :: void PITTS::fold_left(const MatrixType&, int, Tensor3<T>&) [with T = double; MatrixType = Eigen::Matrix<double, -1, -1>]                                  	 6.4e-07   	 1         
INFO: You are running LIKWID in a cpuset with 64 CPUs. Taking given IDs as logical ID in cpuset
[1;34m[pthread wrapper] 
[0m[1;34m[pthread wrapper] MAIN -> 0
[0m[1;34m[pthread wrapper] PIN_MASK: [0m[1;34m0->1  [0m[1;34m1->2  [0m[1;34m2->3  [0m[1;34m3->4  [0m[1;34m4->5  [0m[1;34m5->6  [0m[1;34m6->7  [0m[1;34m7->8  [0m[1;34m8->9  [0m[1;34m9->10  [0m[1;34m10->11  [0m[1;34m11->12  [0m[1;34m12->13  [0m[1;34m13->14  [0m[1;34m14->15  [0m[1;34m15->16  [0m[1;34m16->17  [0m[1;34m17->18  [0m[1;34m18->19  [0m[1;34m19->20  [0m[1;34m20->21  [0m[1;34m21->22  [0m[1;34m22->23  [0m[1;34m23->24  [0m[1;34m24->25  [0m[1;34m25->26  [0m[1;34m26->27  [0m[1;34m27->28  [0m[1;34m28->29  [0m[1;34m29->30  [0m[1;34m30->31  [0m[1;34m31->32  [0m[1;34m32->33  [0m[1;34m33->34  [0m[1;34m34->35  [0m[1;34m35->36  [0m[1;34m36->37  [0m[1;34m37->38  [0m[1;34m38->39  [0m[1;34m39->40  [0m[1;34m40->41  [0m[1;34m41->42  [0m[1;34m42->43  [0m[1;34m43->44  [0m[1;34m44->45  [0m[1;34m45->46  [0m[1;34m46->47  [0m[1;34m47->48  [0m[1;34m48->49  [0m[1;34m49->50  [0m[1;34m50->51  [0m[1;34m51->52  [0m[1;34m52->53  [0m[1;34m53->54  [0m[1;34m54->55  [0m[1;34m55->56  [0m[1;34m56->57  [0m[1;34m57->58  [0m[1;34m58->59  [0m[1;34m59->60  [0m[1;34m60->61  [0m[1;34m61->62  [0m[1;34m62->63  [0m[1;34m
[pthread wrapper] SKIP MASK: 0x0
[0m[1;34m	threadid 124576537225024 -> hwthread 1 - OK[0m[1;34m
[0m[1;34m	threadid 124576528828352 -> hwthread 2 - OK[0m[1;34m
[0m[1;34m	threadid 124576520431680 -> hwthread 3 - OK[0m[1;34m
[0m[1;34m	threadid 124576512035008 -> hwthread 4 - OK[0m[1;34m
[0m[1;34m	threadid 124576503638336 -> hwthread 5 - OK[0m[1;34m
[0m[1;34m	threadid 124576495241664 -> hwthread 6 - OK[0m[1;34m
[0m[1;34m	threadid 124576486844992 -> hwthread 7 - OK[0m[1;34m
[0m[1;34m	threadid 124576478448320 -> hwthread 8 - OK[0m[1;34m
[0m[1;34m	threadid 124575996177216 -> hwthread 9 - OK[0m[1;34m
[0m[1;34m	threadid 124575987780544 -> hwthread 10 - OK[0m[1;34m
[0m[1;34m	threadid 124575979383872 -> hwthread 11 - OK[0m[1;34m
[0m[1;34m	threadid 124575970987200 -> hwthread 12 - OK[0m[1;34m
[0m[1;34m	threadid 124575962590528 -> hwthread 13 - OK[0m[1;34m
[0m[1;34m	threadid 124575954193856 -> hwthread 14 - OK[0m[1;34m
[0m[1;34m	threadid 124575945797184 -> hwthread 15 - OK[0m[1;34m
[0m[1;34m	threadid 124575392198336 -> hwthread 16 - OK[0m[1;34m
[0m[1;34m	threadid 124575383801664 -> hwthread 17 - OK[0m[1;34m
[0m[1;34m	threadid 124575375404992 -> hwthread 18 - OK[0m[1;34m
[0m[1;34m	threadid 124575367008320 -> hwthread 19 - OK[0m[1;34m
[0m[1;34m	threadid 124575358611648 -> hwthread 20 - OK[0m[1;34m
[0m[1;34m	threadid 124575350214976 -> hwthread 21 - OK[0m[1;34m
[0m[1;34m	threadid 124575341818304 -> hwthread 22 - OK[0m[1;34m
[0m[1;34m	threadid 124574855328320 -> hwthread 23 - OK[0m[1;34m
[0m[1;34m	threadid 124574846931648 -> hwthread 24 - OK[0m[1;34m
[0m[1;34m	threadid 124574838534976 -> hwthread 25 - OK[0m[1;34m
[0m[1;34m	threadid 124574830138304 -> hwthread 26 - OK[0m[1;34m
[0m[1;34m	threadid 124574821741632 -> hwthread 27 - OK[0m[1;34m
[0m[1;34m	threadid 124574813344960 -> hwthread 28 - OK[0m[1;34m
[0m[1;34m	threadid 124574804948288 -> hwthread 29 - OK[0m[1;34m
[0m[1;34m	threadid 124574318458304 -> hwthread 30 - OK[0m[1;34m
[0m[1;34m	threadid 124574310061632 -> hwthread 31 - OK[0m[1;34m
[0m[1;34m	threadid 124574301664960 -> hwthread 32 - OK[0m[1;34m
[0m[1;34m	threadid 124574293264192 -> hwthread 33 - OK[0m[1;34m
[0m[1;34m	threadid 124574284863424 -> hwthread 34 - OK[0m[1;34m
[0m[1;34m	threadid 124574276462656 -> hwthread 35 - OK[0m[1;34m
[0m[1;34m	threadid 124574268061888 -> hwthread 36 - OK[0m[1;34m
[0m[1;34m	threadid 124573781584192 -> hwthread 37 - OK[0m[1;34m
[0m[1;34m	threadid 124573773183424 -> hwthread 38 - OK[0m[1;34m
[0m[1;34m	threadid 124573764782656 -> hwthread 39 - OK[0m[1;34m
[0m[1;34m	threadid 124573756381888 -> hwthread 40 - OK[0m[1;34m
[0m[1;34m	threadid 124573747981120 -> hwthread 41 - OK[0m[1;34m
[0m[1;34m	threadid 124573739580352 -> hwthread 42 - OK[0m[1;34m
[0m[1;34m	threadid 124573731179584 -> hwthread 43 - OK[0m[1;34m
[0m[1;34m	threadid 124573244714176 -> hwthread 44 - OK[0m[1;34m
[0m[1;34m	threadid 124573236313408 -> hwthread 45 - OK[0m[1;34m
[0m[1;34m	threadid 124573227912640 -> hwthread 46 - OK[0m[1;34m
[0m[1;34m	threadid 124573219511872 -> hwthread 47 - OK[0m[1;34m
[0m[1;34m	threadid 124573211111104 -> hwthread 48 - OK[0m[1;34m
[0m[1;34m	threadid 124573202710336 -> hwthread 49 - OK[0m[1;34m
[0m[1;34m	threadid 124573194309568 -> hwthread 50 - OK[0m[1;34m
[0m[1;34m	threadid 124572707844160 -> hwthread 51 - OK[0m[1;34m
[0m[1;34m	threadid 124572699443392 -> hwthread 52 - OK[0m[1;34m
[0m[1;34m	threadid 124572691042624 -> hwthread 53 - OK[0m[1;34m
[0m[1;34m	threadid 124572682641856 -> hwthread 54 - OK[0m[1;34m
[0m[1;34m	threadid 124572674241088 -> hwthread 55 - OK[0m[1;34m
[0m[1;34m	threadid 124572665840320 -> hwthread 56 - OK[0m[1;34m
[0m[1;34m	threadid 124572657439552 -> hwthread 57 - OK[0m[1;34m
[0m[1;34m	threadid 124572170974144 -> hwthread 58 - OK[0m[1;34m
[0m[1;34m	threadid 124572162573376 -> hwthread 59 - OK[0m[1;34m
[0m[1;34m	threadid 124572154172608 -> hwthread 60 - OK[0m[1;34m
[0m[1;34m	threadid 124572145771840 -> hwthread 61 - OK[0m[1;34m
[0m[1;34m	threadid 124572137371072 -> hwthread 62 - OK[0m[1;34m
[0m[1;34m	threadid 124572128970304 -> hwthread 63 - OK[0m[1;34m
[0m[1;34mRoundrobin placement triggered
	threadid 124572120569536 -> hwthread 0 - OK[0m[1;34m
[0m[1;34m	threadid 124571634104000 -> hwthread 1 - OK[0m[1;34m
[0mPITTS: version v0.9.6-2-g6da1bf0-dirty
PITTS: MPI #procs: 1
PITTS: OpenMP #threads: 64
PITTS: SIMD implementation: avx2
PITTS: Eigen SIMD implementation: AVX SSE, SSE2, SSE3, SSSE3, SSE4.1, SSE4.2
PITTS: cache sizes (L1/core, L2/core, L3/accessible) [byte]: (32768, 524288, 805306368)
PITTS: preprocessor definitions: PITTS_DIRECT_MKL_GEMM
Performance statistics:
function                                                                                                                                                                                                    	 time [s]  	 #calls    	 GFlop/s DP	 GFlop/s SP	 GByte/s   	Flops/Byte
<PITTS::MultiVector<double>> :: void PITTS::randomize(MultiVector<T>&) [with T = double](rows: 1073741824, cols: 1)                                                                                         	 0.619788  	 1         	 0         	 0         	 13.8595   	 0         
<PITTS::Tensor3<double>> :: void PITTS::fold_left(const MatrixType&, int, Tensor3<T>&) [with T = double; MatrixType = Eigen::Block<const Eigen::Matrix<double, -1, -1>, -1, -1, true>](r1: 57, n: 2, r2: 57)	 0.00406799	 18        	 0         	 0         	 0.460037  	 0         
<PITTS::Tensor3<double>> :: void PITTS::fold_left(const MatrixType&, int, Tensor3<T>&) [with T = double; MatrixType = Eigen::Block<const Eigen::Matrix<double, -1, -1>, -1, -1, true>](r1: 32, n: 2, r2: 57)	 0.000777907	 1         	 0         	 0         	 0.0750321 	 0         
<PITTS::Tensor3<double>> :: void PITTS::fold_left(const MatrixType&, int, Tensor3<T>&) [with T = double; MatrixType = Eigen::Block<const Eigen::Matrix<double, -1, -1>, -1, -1, true>](r1: 16, n: 2, r2: 32)	 0.00058221	 1         	 0         	 0         	 0.028141  	 0         
<PITTS::Tensor3<double>> :: void PITTS::fold_left(const MatrixType&, int, Tensor3<T>&) [with T = double; MatrixType = Eigen::Block<const Eigen::Matrix<double, -1, -1>, -1, -1, true>](r1: 4, n: 2, r2: 8)  	 4.1902e-05	 1         	 0         	 0         	 0.024438  	 0         
<PITTS::Tensor3<double>> :: void PITTS::fold_left(const MatrixType&, int, Tensor3<T>&) [with T = double; MatrixType = Eigen::Block<const Eigen::Matrix<double, -1, -1>, -1, -1, true>](r1: 1, n: 2, r2: 2)  	 3.7891e-05	 1         	 0         	 0         	 0.00168906	 0         
<PITTS::Tensor3<double>> :: void PITTS::fold_left(const MatrixType&, int, Tensor3<T>&) [with T = double; MatrixType = Eigen::Block<const Eigen::Matrix<double, -1, -1>, -1, -1, true>](r1: 8, n: 2, r2: 16) 	 3.7002e-05	 1         	 0         	 0         	 0.110697  	 0         
<PITTS::Tensor3<double>> :: void PITTS::fold_left(const MatrixType&, int, Tensor3<T>&) [with T = double; MatrixType = Eigen::Block<const Eigen::Matrix<double, -1, -1>, -1, -1, true>](r1: 2, n: 2, r2: 4)  	 2.7721e-05	 1         	 0         	 0         	 0.00923488	 0         
<PITTS::Tensor3<double>> :: void PITTS::fold_left(const MatrixType&, int, Tensor3<T>&) [with T = double; MatrixType = Eigen::Block<const Eigen::Matrix<double, -1, -1>, -1, -1, true>](r1: 16, n: 2, r2: 8) 	 1.2131e-05	 1         	 0         	 0         	 0.337647  	 0         
<PITTS::Tensor3<double>> :: void PITTS::fold_left(const MatrixType&, int, Tensor3<T>&) [with T = double; MatrixType = Eigen::Block<const Eigen::Matrix<double, -1, -1>, -1, -1, true>](r1: 8, n: 2, r2: 4)  	 6.33e-06  	 1         	 0         	 0         	 0.161769  	 0         
<PITTS::Tensor3<double>> :: void PITTS::fold_left(const MatrixType&, int, Tensor3<T>&) [with T = double; MatrixType = Eigen::Block<const Eigen::Matrix<double, -1, -1>, -1, -1, true>](r1: 57, n: 2, r2: 32)	 5.19e-06  	 1         	 0         	 0         	 11.2462   	 0         
<PITTS::Tensor3<double>> :: void PITTS::fold_left(const MatrixType&, int, Tensor3<T>&) [with T = double; MatrixType = Eigen::Block<const Eigen::Matrix<double, -1, -1>, -1, -1, true>](r1: 32, n: 2, r2: 16)	 4.53e-06  	 1         	 0         	 0         	 3.61678   	 0         
<PITTS::Tensor3<double>> :: void PITTS::fold_left(const MatrixType&, int, Tensor3<T>&) [with T = double; MatrixType = Eigen::Block<const Eigen::Matrix<double, -1, -1>, -1, -1, true>](r1: 4, n: 2, r2: 2)  	 9.1e-07   	 1         	 0         	 0         	 0.281319  	 0         
<PITTS::Tensor3<double>> :: void PITTS::fold_left(const MatrixType&, int, Tensor3<T>&) [with T = double; MatrixType = Eigen::Matrix<double, -1, -1>](r1: 2, n: 2, r2: 1)                                    	 6.4e-07   	 1         	 0         	 0         	 0.1       	 0         
Timing statistics:
function                                                                                                                                                                              	 time [s]  	 #calls    
<PITTS::TensorTrain<double>> :: PITTS::TensorTrain<T> PITTS::fromDense_classical(Iter, Iter, const std::vector<int>&, T, int) [with Iter = const double*; T = double]                 	 634.633   	 1         
<PITTS::MultiVector<double>> :: void PITTS::randomize(MultiVector<T>&) [with T = double]                                                                                              	 0.619788  	 1         
<PITTS::Tensor3<double>> :: void PITTS::fold_left(const MatrixType&, int, Tensor3<T>&) [with T = double; MatrixType = Eigen::Block<const Eigen::Matrix<double, -1, -1>, -1, -1, true>]	 0.00560171	 29        
<PITTS::MultiVector<double>> :: void PITTS::MultiVector<T>::resize(long long int, long long int, bool, bool) [with T = double]                                                        	 0.000124304	 1         
<PITTS::Tensor3<double>> :: void PITTS::Tensor3<T>::resize(long long int, long long int, long long int, bool, bool) [with T = double]                                                 	 0.000104046	 60        
<PITTS::Tensor3<double>> :: void PITTS::fold_left(const MatrixType&, int, Tensor3<T>&) [with T = double; MatrixType = Eigen::Matrix<double, -1, -1>]                                  	 6.4e-07   	 1         
INFO: You are running LIKWID in a cpuset with 64 CPUs. Taking given IDs as logical ID in cpuset
[1;34m[pthread wrapper] 
[0m[1;34m[pthread wrapper] MAIN -> 0
[0m[1;34m[pthread wrapper] PIN_MASK: [0m[1;34m0->1  [0m[1;34m1->2  [0m[1;34m2->3  [0m[1;34m3->4  [0m[1;34m4->5  [0m[1;34m5->6  [0m[1;34m6->7  [0m[1;34m7->8  [0m[1;34m8->9  [0m[1;34m9->10  [0m[1;34m10->11  [0m[1;34m11->12  [0m[1;34m12->13  [0m[1;34m13->14  [0m[1;34m14->15  [0m[1;34m15->16  [0m[1;34m16->17  [0m[1;34m17->18  [0m[1;34m18->19  [0m[1;34m19->20  [0m[1;34m20->21  [0m[1;34m21->22  [0m[1;34m22->23  [0m[1;34m23->24  [0m[1;34m24->25  [0m[1;34m25->26  [0m[1;34m26->27  [0m[1;34m27->28  [0m[1;34m28->29  [0m[1;34m29->30  [0m[1;34m30->31  [0m[1;34m31->32  [0m[1;34m32->33  [0m[1;34m33->34  [0m[1;34m34->35  [0m[1;34m35->36  [0m[1;34m36->37  [0m[1;34m37->38  [0m[1;34m38->39  [0m[1;34m39->40  [0m[1;34m40->41  [0m[1;34m41->42  [0m[1;34m42->43  [0m[1;34m43->44  [0m[1;34m44->45  [0m[1;34m45->46  [0m[1;34m46->47  [0m[1;34m47->48  [0m[1;34m48->49  [0m[1;34m49->50  [0m[1;34m50->51  [0m[1;34m51->52  [0m[1;34m52->53  [0m[1;34m53->54  [0m[1;34m54->55  [0m[1;34m55->56  [0m[1;34m56->57  [0m[1;34m57->58  [0m[1;34m58->59  [0m[1;34m59->60  [0m[1;34m60->61  [0m[1;34m61->62  [0m[1;34m62->63  [0m[1;34m
[pthread wrapper] SKIP MASK: 0x0
[0m[1;34m	threadid 126842581264192 -> hwthread 1 - OK[0m[1;34m
[0m[1;34m	threadid 126842572867520 -> hwthread 2 - OK[0m[1;34m
[0m[1;34m	threadid 126842564470848 -> hwthread 3 - OK[0m[1;34m
[0m[1;34m	threadid 126842556074176 -> hwthread 4 - OK[0m[1;34m
[0m[1;34m	threadid 126842547677504 -> hwthread 5 - OK[0m[1;34m
[0m[1;34m	threadid 126842195405248 -> hwthread 6 - OK[0m[1;34m
[0m[1;34m	threadid 126842187008576 -> hwthread 7 - OK[0m[1;34m
[0m[1;34m	threadid 126842178611904 -> hwthread 8 - OK[0m[1;34m
[0m[1;34m	threadid 126842170215232 -> hwthread 9 - OK[0m[1;34m
[0m[1;34m	threadid 126842161818560 -> hwthread 10 - OK[0m[1;34m
[0m[1;34m	threadid 126842153421888 -> hwthread 11 - OK[0m[1;34m
[0m[1;34m	threadid 126842145025216 -> hwthread 12 - OK[0m[1;34m
[0m[1;34m	threadid 126841658535232 -> hwthread 13 - OK[0m[1;34m
[0m[1;34m	threadid 126841650138560 -> hwthread 14 - OK[0m[1;34m
[0m[1;34m	threadid 126841641741888 -> hwthread 15 - OK[0m[1;34m
[0m[1;34m	threadid 126841633345216 -> hwthread 16 - OK[0m[1;34m
[0m[1;34m	threadid 126841624948544 -> hwthread 17 - OK[0m[1;34m
[0m[1;34m	threadid 126841616551872 -> hwthread 18 - OK[0m[1;34m
[0m[1;34m	threadid 126841608155200 -> hwthread 19 - OK[0m[1;34m
[0m[1;34m	threadid 126841121665216 -> hwthread 20 - OK[0m[1;34m
[0m[1;34m	threadid 126841113268544 -> hwthread 21 - OK[0m[1;34m
[0m[1;34m	threadid 126841104871872 -> hwthread 22 - OK[0m[1;34m
[0m[1;34m	threadid 126841096475200 -> hwthread 23 - OK[0m[1;34m
[0m[1;34m	threadid 126841088078528 -> hwthread 24 - OK[0m[1;34m
[0m[1;34m	threadid 126841079681856 -> hwthread 25 - OK[0m[1;34m
[0m[1;34m	threadid 126841071285184 -> hwthread 26 - OK[0m[1;34m
[0m[1;34m	threadid 126840584795200 -> hwthread 27 - OK[0m[1;34m
[0m[1;34m	threadid 126840576398528 -> hwthread 28 - OK[0m[1;34m
[0m[1;34m	threadid 126840568001856 -> hwthread 29 - OK[0m[1;34m
[0m[1;34m	threadid 126840559605184 -> hwthread 30 - OK[0m[1;34m
[0m[1;34m	threadid 126840551208512 -> hwthread 31 - OK[0m[1;34m
[0m[1;34m	threadid 126840542811840 -> hwthread 32 - OK[0m[1;34m
[0m[1;34m	threadid 126840534411072 -> hwthread 33 - OK[0m[1;34m
[0m[1;34m	threadid 126840047921088 -> hwthread 34 - OK[0m[1;34m
[0m[1;34m	threadid 126840039520320 -> hwthread 35 - OK[0m[1;34m
[0m[1;34m	threadid 126840031119552 -> hwthread 36 - OK[0m[1;34m
[0m[1;34m	threadid 126840022718784 -> hwthread 37 - OK[0m[1;34m
[0m[1;34m	threadid 126840014318016 -> hwthread 38 - OK[0m[1;34m
[0m[1;34m	threadid 126840005917248 -> hwthread 39 - OK[0m[1;34m
[0m[1;34m	threadid 126839997516480 -> hwthread 40 - OK[0m[1;34m
[0m[1;34m	threadid 126839511051072 -> hwthread 41 - OK[0m[1;34m
[0m[1;34m	threadid 126839502650304 -> hwthread 42 - OK[0m[1;34m
[0m[1;34m	threadid 126839494249536 -> hwthread 43 - OK[0m[1;34m
[0m[1;34m	threadid 126839485848768 -> hwthread 44 - OK[0m[1;34m
[0m[1;34m	threadid 126839477448000 -> hwthread 45 - OK[0m[1;34m
[0m[1;34m	threadid 126839469047232 -> hwthread 46 - OK[0m[1;34m
[0m[1;34m	threadid 126839460646464 -> hwthread 47 - OK[0m[1;34m
[0m[1;34m	threadid 126838974181056 -> hwthread 48 - OK[0m[1;34m
[0m[1;34m	threadid 126838965780288 -> hwthread 49 - OK[0m[1;34m
[0m[1;34m	threadid 126838957379520 -> hwthread 50 - OK[0m[1;34m
[0m[1;34m	threadid 126838948978752 -> hwthread 51 - OK[0m[1;34m
[0m[1;34m	threadid 126838940577984 -> hwthread 52 - OK[0m[1;34m
[0m[1;34m	threadid 126838932177216 -> hwthread 53 - OK[0m[1;34m
[0m[1;34m	threadid 126838923776448 -> hwthread 54 - OK[0m[1;34m
[0m[1;34m	threadid 126838437311040 -> hwthread 55 - OK[0m[1;34m
[0m[1;34m	threadid 126838428910272 -> hwthread 56 - OK[0m[1;34m
[0m[1;34m	threadid 126838420509504 -> hwthread 57 - OK[0m[1;34m
[0m[1;34m	threadid 126838412108736 -> hwthread 58 - OK[0m[1;34m
[0m[1;34m	threadid 126838403707968 -> hwthread 59 - OK[0m[1;34m
[0m[1;34m	threadid 126838395307200 -> hwthread 60 - OK[0m[1;34m
[0m[1;34m	threadid 126838386906432 -> hwthread 61 - OK[0m[1;34m
[0m[1;34m	threadid 126837900441024 -> hwthread 62 - OK[0m[1;34m
[0m[1;34m	threadid 126837892040256 -> hwthread 63 - OK[0m[1;34m
[0m[1;34mRoundrobin placement triggered
	threadid 126837883639488 -> hwthread 0 - OK[0m[1;34m
[0m[1;34m	threadid 126837875246784 -> hwthread 1 - OK[0m[1;34m
[0mPITTS: version v0.9.6-2-g6da1bf0-dirty
PITTS: MPI #procs: 1
PITTS: OpenMP #threads: 64
PITTS: SIMD implementation: avx2
PITTS: Eigen SIMD implementation: AVX SSE, SSE2, SSE3, SSSE3, SSE4.1, SSE4.2
PITTS: cache sizes (L1/core, L2/core, L3/accessible) [byte]: (32768, 524288, 805306368)
PITTS: preprocessor definitions: PITTS_DIRECT_MKL_GEMM
Performance statistics:
function                                                                                                                                                                                                    	 time [s]  	 #calls    	 GFlop/s DP	 GFlop/s SP	 GByte/s   	Flops/Byte
<PITTS::MultiVector<double>> :: void PITTS::randomize(MultiVector<T>&) [with T = double](rows: 1073741824, cols: 1)                                                                                         	 0.620663  	 1         	 0         	 0         	 13.8399   	 0         
<PITTS::Tensor3<double>> :: void PITTS::fold_left(const MatrixType&, int, Tensor3<T>&) [with T = double; MatrixType = Eigen::Block<const Eigen::Matrix<double, -1, -1>, -1, -1, true>](r1: 58, n: 2, r2: 58)	 0.00426559	 18        	 0         	 0         	 0.454254  	 0         
<PITTS::Tensor3<double>> :: void PITTS::fold_left(const MatrixType&, int, Tensor3<T>&) [with T = double; MatrixType = Eigen::Block<const Eigen::Matrix<double, -1, -1>, -1, -1, true>](r1: 32, n: 2, r2: 58)	 0.00108136	 1         	 0         	 0         	 0.0549236 	 0         
<PITTS::Tensor3<double>> :: void PITTS::fold_left(const MatrixType&, int, Tensor3<T>&) [with T = double; MatrixType = Eigen::Block<const Eigen::Matrix<double, -1, -1>, -1, -1, true>](r1: 16, n: 2, r2: 32)	 0.000684003	 1         	 0         	 0         	 0.0239531 	 0         
<PITTS::Tensor3<double>> :: void PITTS::fold_left(const MatrixType&, int, Tensor3<T>&) [with T = double; MatrixType = Eigen::Block<const Eigen::Matrix<double, -1, -1>, -1, -1, true>](r1: 4, n: 2, r2: 8)  	 4.0741e-05	 1         	 0         	 0         	 0.0251344 	 0         
<PITTS::Tensor3<double>> :: void PITTS::fold_left(const MatrixType&, int, Tensor3<T>&) [with T = double; MatrixType = Eigen::Block<const Eigen::Matrix<double, -1, -1>, -1, -1, true>](r1: 1, n: 2, r2: 2)  	 3.8881e-05	 1         	 0         	 0         	 0.00164605	 0         
<PITTS::Tensor3<double>> :: void PITTS::fold_left(const MatrixType&, int, Tensor3<T>&) [with T = double; MatrixType = Eigen::Block<const Eigen::Matrix<double, -1, -1>, -1, -1, true>](r1: 2, n: 2, r2: 4)  	 3.1431e-05	 1         	 0         	 0         	 0.00814483	 0         
<PITTS::Tensor3<double>> :: void PITTS::fold_left(const MatrixType&, int, Tensor3<T>&) [with T = double; MatrixType = Eigen::Block<const Eigen::Matrix<double, -1, -1>, -1, -1, true>](r1: 8, n: 2, r2: 16) 	 2.8111e-05	 1         	 0         	 0         	 0.145708  	 0         
<PITTS::Tensor3<double>> :: void PITTS::fold_left(const MatrixType&, int, Tensor3<T>&) [with T = double; MatrixType = Eigen::Block<const Eigen::Matrix<double, -1, -1>, -1, -1, true>](r1: 32, n: 2, r2: 16)	 1.2531e-05	 1         	 0         	 0         	 1.30748   	 0         
<PITTS::Tensor3<double>> :: void PITTS::fold_left(const MatrixType&, int, Tensor3<T>&) [with T = double; MatrixType = Eigen::Block<const Eigen::Matrix<double, -1, -1>, -1, -1, true>](r1: 16, n: 2, r2: 8) 	 1.212e-05 	 1         	 0         	 0         	 0.337954  	 0         
<PITTS::Tensor3<double>> :: void PITTS::fold_left(const MatrixType&, int, Tensor3<T>&) [with T = double; MatrixType = Eigen::Block<const Eigen::Matrix<double, -1, -1>, -1, -1, true>](r1: 8, n: 2, r2: 4)  	 6.481e-06 	 1         	 0         	 0         	 0.158     	 0         
<PITTS::Tensor3<double>> :: void PITTS::fold_left(const MatrixType&, int, Tensor3<T>&) [with T = double; MatrixType = Eigen::Block<const Eigen::Matrix<double, -1, -1>, -1, -1, true>](r1: 58, n: 2, r2: 32)	 5.481e-06 	 1         	 0         	 0         	 10.836    	 0         
<PITTS::Tensor3<double>> :: void PITTS::fold_left(const MatrixType&, int, Tensor3<T>&) [with T = double; MatrixType = Eigen::Block<const Eigen::Matrix<double, -1, -1>, -1, -1, true>](r1: 4, n: 2, r2: 2)  	 9e-07     	 1         	 0         	 0         	 0.284444  	 0         
<PITTS::Tensor3<double>> :: void PITTS::fold_left(const MatrixType&, int, Tensor3<T>&) [with T = double; MatrixType = Eigen::Matrix<double, -1, -1>](r1: 2, n: 2, r2: 1)                                    	 4.81e-07  	 1         	 0         	 0         	 0.133056  	 0         
Timing statistics:
function                                                                                                                                                                              	 time [s]  	 #calls    
<PITTS::TensorTrain<double>> :: PITTS::TensorTrain<T> PITTS::fromDense_classical(Iter, Iter, const std::vector<int>&, T, int) [with Iter = const double*; T = double]                 	 627.882   	 1         
<PITTS::MultiVector<double>> :: void PITTS::randomize(MultiVector<T>&) [with T = double]                                                                                              	 0.620663  	 1         
<PITTS::Tensor3<double>> :: void PITTS::fold_left(const MatrixType&, int, Tensor3<T>&) [with T = double; MatrixType = Eigen::Block<const Eigen::Matrix<double, -1, -1>, -1, -1, true>]	 0.00620763	 29        
<PITTS::MultiVector<double>> :: void PITTS::MultiVector<T>::resize(long long int, long long int, bool, bool) [with T = double]                                                        	 0.000156436	 1         
<PITTS::Tensor3<double>> :: void PITTS::Tensor3<T>::resize(long long int, long long int, long long int, bool, bool) [with T = double]                                                 	 0.000100123	 60        
<PITTS::Tensor3<double>> :: void PITTS::fold_left(const MatrixType&, int, Tensor3<T>&) [with T = double; MatrixType = Eigen::Matrix<double, -1, -1>]                                  	 4.81e-07  	 1         
INFO: You are running LIKWID in a cpuset with 64 CPUs. Taking given IDs as logical ID in cpuset
[1;34m[pthread wrapper] 
[0m[1;34m[pthread wrapper] MAIN -> 0
[0m[1;34m[pthread wrapper] PIN_MASK: [0m[1;34m0->1  [0m[1;34m1->2  [0m[1;34m2->3  [0m[1;34m3->4  [0m[1;34m4->5  [0m[1;34m5->6  [0m[1;34m6->7  [0m[1;34m7->8  [0m[1;34m8->9  [0m[1;34m9->10  [0m[1;34m10->11  [0m[1;34m11->12  [0m[1;34m12->13  [0m[1;34m13->14  [0m[1;34m14->15  [0m[1;34m15->16  [0m[1;34m16->17  [0m[1;34m17->18  [0m[1;34m18->19  [0m[1;34m19->20  [0m[1;34m20->21  [0m[1;34m21->22  [0m[1;34m22->23  [0m[1;34m23->24  [0m[1;34m24->25  [0m[1;34m25->26  [0m[1;34m26->27  [0m[1;34m27->28  [0m[1;34m28->29  [0m[1;34m29->30  [0m[1;34m30->31  [0m[1;34m31->32  [0m[1;34m32->33  [0m[1;34m33->34  [0m[1;34m34->35  [0m[1;34m35->36  [0m[1;34m36->37  [0m[1;34m37->38  [0m[1;34m38->39  [0m[1;34m39->40  [0m[1;34m40->41  [0m[1;34m41->42  [0m[1;34m42->43  [0m[1;34m43->44  [0m[1;34m44->45  [0m[1;34m45->46  [0m[1;34m46->47  [0m[1;34m47->48  [0m[1;34m48->49  [0m[1;34m49->50  [0m[1;34m50->51  [0m[1;34m51->52  [0m[1;34m52->53  [0m[1;34m53->54  [0m[1;34m54->55  [0m[1;34m55->56  [0m[1;34m56->57  [0m[1;34m57->58  [0m[1;34m58->59  [0m[1;34m59->60  [0m[1;34m60->61  [0m[1;34m61->62  [0m[1;34m62->63  [0m[1;34m
[pthread wrapper] SKIP MASK: 0x0
[0m[1;34m	threadid 133971665991488 -> hwthread 1 - OK[0m[1;34m
[0m[1;34m	threadid 133971657594816 -> hwthread 2 - OK[0m[1;34m
[0m[1;34m	threadid 133971649198144 -> hwthread 3 - OK[0m[1;34m
[0m[1;34m	threadid 133971438463168 -> hwthread 4 - OK[0m[1;34m
[0m[1;34m	threadid 133971430066496 -> hwthread 5 - OK[0m[1;34m
[0m[1;34m	threadid 133971421669824 -> hwthread 6 - OK[0m[1;34m
[0m[1;34m	threadid 133971413273152 -> hwthread 7 - OK[0m[1;34m
[0m[1;34m	threadid 133971404876480 -> hwthread 8 - OK[0m[1;34m
[0m[1;34m	threadid 133971396479808 -> hwthread 9 - OK[0m[1;34m
[0m[1;34m	threadid 133971388083136 -> hwthread 10 - OK[0m[1;34m
[0m[1;34m	threadid 133970901593152 -> hwthread 11 - OK[0m[1;34m
[0m[1;34m	threadid 133970893196480 -> hwthread 12 - OK[0m[1;34m
[0m[1;34m	threadid 133970884799808 -> hwthread 13 - OK[0m[1;34m
[0m[1;34m	threadid 133970876403136 -> hwthread 14 - OK[0m[1;34m
[0m[1;34m	threadid 133970868006464 -> hwthread 15 - OK[0m[1;34m
[0m[1;34m	threadid 133970859609792 -> hwthread 16 - OK[0m[1;34m
[0m[1;34m	threadid 133970851213120 -> hwthread 17 - OK[0m[1;34m
[0m[1;34m	threadid 133970364723136 -> hwthread 18 - OK[0m[1;34m
[0m[1;34m	threadid 133970356326464 -> hwthread 19 - OK[0m[1;34m
[0m[1;34m	threadid 133970347929792 -> hwthread 20 - OK[0m[1;34m
[0m[1;34m	threadid 133970339533120 -> hwthread 21 - OK[0m[1;34m
[0m[1;34m	threadid 133970331136448 -> hwthread 22 - OK[0m[1;34m
[0m[1;34m	threadid 133970322739776 -> hwthread 23 - OK[0m[1;34m
[0m[1;34m	threadid 133970314343104 -> hwthread 24 - OK[0m[1;34m
[0m[1;34m	threadid 133969827853120 -> hwthread 25 - OK[0m[1;34m
[0m[1;34m	threadid 133969819456448 -> hwthread 26 - OK[0m[1;34m
[0m[1;34m	threadid 133969811059776 -> hwthread 27 - OK[0m[1;34m
[0m[1;34m	threadid 133969802663104 -> hwthread 28 - OK[0m[1;34m
[0m[1;34m	threadid 133969794266432 -> hwthread 29 - OK[0m[1;34m
[0m[1;34m	threadid 133969785869760 -> hwthread 30 - OK[0m[1;34m
[0m[1;34m	threadid 133969777473088 -> hwthread 31 - OK[0m[1;34m
[0m[1;34m	threadid 133969290983104 -> hwthread 32 - OK[0m[1;34m
[0m[1;34m	threadid 133969282582336 -> hwthread 33 - OK[0m[1;34m
[0m[1;34m	threadid 133969274181568 -> hwthread 34 - OK[0m[1;34m
[0m[1;34m	threadid 133969265780800 -> hwthread 35 - OK[0m[1;34m
[0m[1;34m	threadid 133969257380032 -> hwthread 36 - OK[0m[1;34m
[0m[1;34m	threadid 133969248979264 -> hwthread 37 - OK[0m[1;34m
[0m[1;34m	threadid 133969240578496 -> hwthread 38 - OK[0m[1;34m
[0m[1;34m	threadid 133968754108992 -> hwthread 39 - OK[0m[1;34m
[0m[1;34m	threadid 133968745708224 -> hwthread 40 - OK[0m[1;34m
[0m[1;34m	threadid 133968737307456 -> hwthread 41 - OK[0m[1;34m
[0m[1;34m	threadid 133968728906688 -> hwthread 42 - OK[0m[1;34m
[0m[1;34m	threadid 133968720505920 -> hwthread 43 - OK[0m[1;34m
[0m[1;34m	threadid 133968712105152 -> hwthread 44 - OK[0m[1;34m
[0m[1;34m	threadid 133968703704384 -> hwthread 45 - OK[0m[1;34m
[0m[1;34m	threadid 133968217238976 -> hwthread 46 - OK[0m[1;34m
[0m[1;34m	threadid 133968208838208 -> hwthread 47 - OK[0m[1;34m
[0m[1;34m	threadid 133968200437440 -> hwthread 48 - OK[0m[1;34m
[0m[1;34m	threadid 133968192036672 -> hwthread 49 - OK[0m[1;34m
[0m[1;34m	threadid 133968183635904 -> hwthread 50 - OK[0m[1;34m
[0m[1;34m	threadid 133968175235136 -> hwthread 51 - OK[0m[1;34m
[0m[1;34m	threadid 133968166834368 -> hwthread 52 - OK[0m[1;34m
[0m[1;34m	threadid 133967680368960 -> hwthread 53 - OK[0m[1;34m
[0m[1;34m	threadid 133967671968192 -> hwthread 54 - OK[0m[1;34m
[0m[1;34m	threadid 133967663567424 -> hwthread 55 - OK[0m[1;34m
[0m[1;34m	threadid 133967655166656 -> hwthread 56 - OK[0m[1;34m
[0m[1;34m	threadid 133967646765888 -> hwthread 57 - OK[0m[1;34m
[0m[1;34m	threadid 133967638365120 -> hwthread 58 - OK[0m[1;34m
[0m[1;34m	threadid 133967629964352 -> hwthread 59 - OK[0m[1;34m
[0m[1;34m	threadid 133967143498944 -> hwthread 60 - OK[0m[1;34m
[0m[1;34m	threadid 133967135098176 -> hwthread 61 - OK[0m[1;34m
[0m[1;34m	threadid 133967126697408 -> hwthread 62 - OK[0m[1;34m
[0m[1;34m	threadid 133967118296640 -> hwthread 63 - OK[0m[1;34m
[0m[1;34mRoundrobin placement triggered
	threadid 133967109895872 -> hwthread 0 - OK[0m[1;34m
[0m[1;34m	threadid 133967101503168 -> hwthread 1 - OK[0m[1;34m
[0mPITTS: version v0.9.6-2-g6da1bf0-dirty
PITTS: MPI #procs: 1
PITTS: OpenMP #threads: 64
PITTS: SIMD implementation: avx2
PITTS: Eigen SIMD implementation: AVX SSE, SSE2, SSE3, SSSE3, SSE4.1, SSE4.2
PITTS: cache sizes (L1/core, L2/core, L3/accessible) [byte]: (32768, 524288, 805306368)
PITTS: preprocessor definitions: PITTS_DIRECT_MKL_GEMM
Performance statistics:
function                                                                                                                                                                                                    	 time [s]  	 #calls    	 GFlop/s DP	 GFlop/s SP	 GByte/s   	Flops/Byte
<PITTS::MultiVector<double>> :: void PITTS::randomize(MultiVector<T>&) [with T = double](rows: 1073741824, cols: 1)                                                                                         	 0.620901  	 1         	 0         	 0         	 13.8346   	 0         
<PITTS::Tensor3<double>> :: void PITTS::fold_left(const MatrixType&, int, Tensor3<T>&) [with T = double; MatrixType = Eigen::Block<const Eigen::Matrix<double, -1, -1>, -1, -1, true>](r1: 59, n: 2, r2: 59)	 0.00448044	 18        	 0         	 0         	 0.447513  	 0         
<PITTS::Tensor3<double>> :: void PITTS::fold_left(const MatrixType&, int, Tensor3<T>&) [with T = double; MatrixType = Eigen::Block<const Eigen::Matrix<double, -1, -1>, -1, -1, true>](r1: 32, n: 2, r2: 59)	 0.000902021	 1         	 0         	 0         	 0.0669785 	 0         
<PITTS::Tensor3<double>> :: void PITTS::fold_left(const MatrixType&, int, Tensor3<T>&) [with T = double; MatrixType = Eigen::Block<const Eigen::Matrix<double, -1, -1>, -1, -1, true>](r1: 16, n: 2, r2: 32)	 0.000636582	 1         	 0         	 0         	 0.0257375 	 0         
<PITTS::Tensor3<double>> :: void PITTS::fold_left(const MatrixType&, int, Tensor3<T>&) [with T = double; MatrixType = Eigen::Block<const Eigen::Matrix<double, -1, -1>, -1, -1, true>](r1: 2, n: 2, r2: 4)  	 4.4451e-05	 1         	 0         	 0         	 0.00575915	 0         
<PITTS::Tensor3<double>> :: void PITTS::fold_left(const MatrixType&, int, Tensor3<T>&) [with T = double; MatrixType = Eigen::Block<const Eigen::Matrix<double, -1, -1>, -1, -1, true>](r1: 1, n: 2, r2: 2)  	 3.9292e-05	 1         	 0         	 0         	 0.00162883	 0         
<PITTS::Tensor3<double>> :: void PITTS::fold_left(const MatrixType&, int, Tensor3<T>&) [with T = double; MatrixType = Eigen::Block<const Eigen::Matrix<double, -1, -1>, -1, -1, true>](r1: 4, n: 2, r2: 8)  	 2.9961e-05	 1         	 0         	 0         	 0.0341778 	 0         
<PITTS::Tensor3<double>> :: void PITTS::fold_left(const MatrixType&, int, Tensor3<T>&) [with T = double; MatrixType = Eigen::Block<const Eigen::Matrix<double, -1, -1>, -1, -1, true>](r1: 8, n: 2, r2: 16) 	 2.6191e-05	 1         	 0         	 0         	 0.15639   	 0         
<PITTS::Tensor3<double>> :: void PITTS::fold_left(const MatrixType&, int, Tensor3<T>&) [with T = double; MatrixType = Eigen::Block<const Eigen::Matrix<double, -1, -1>, -1, -1, true>](r1: 32, n: 2, r2: 16)	 1.398e-05 	 1         	 0         	 0         	 1.17196   	 0         
<PITTS::Tensor3<double>> :: void PITTS::fold_left(const MatrixType&, int, Tensor3<T>&) [with T = double; MatrixType = Eigen::Block<const Eigen::Matrix<double, -1, -1>, -1, -1, true>](r1: 16, n: 2, r2: 8) 	 1.187e-05 	 1         	 0         	 0         	 0.345072  	 0         
<PITTS::Tensor3<double>> :: void PITTS::fold_left(const MatrixType&, int, Tensor3<T>&) [with T = double; MatrixType = Eigen::Block<const Eigen::Matrix<double, -1, -1>, -1, -1, true>](r1: 8, n: 2, r2: 4)  	 6.39e-06  	 1         	 0         	 0         	 0.16025   	 0         
<PITTS::Tensor3<double>> :: void PITTS::fold_left(const MatrixType&, int, Tensor3<T>&) [with T = double; MatrixType = Eigen::Block<const Eigen::Matrix<double, -1, -1>, -1, -1, true>](r1: 59, n: 2, r2: 32)	 5.23e-06  	 1         	 0         	 0         	 11.5518   	 0         
<PITTS::Tensor3<double>> :: void PITTS::fold_left(const MatrixType&, int, Tensor3<T>&) [with T = double; MatrixType = Eigen::Block<const Eigen::Matrix<double, -1, -1>, -1, -1, true>](r1: 4, n: 2, r2: 2)  	 9.2e-07   	 1         	 0         	 0         	 0.278261  	 0         
<PITTS::Tensor3<double>> :: void PITTS::fold_left(const MatrixType&, int, Tensor3<T>&) [with T = double; MatrixType = Eigen::Matrix<double, -1, -1>](r1: 2, n: 2, r2: 1)                                    	 4.4e-07   	 1         	 0         	 0         	 0.145455  	 0         
Timing statistics:
function                                                                                                                                                                              	 time [s]  	 #calls    
<PITTS::TensorTrain<double>> :: PITTS::TensorTrain<T> PITTS::fromDense_classical(Iter, Iter, const std::vector<int>&, T, int) [with Iter = const double*; T = double]                 	 644.46    	 1         
<PITTS::MultiVector<double>> :: void PITTS::randomize(MultiVector<T>&) [with T = double]                                                                                              	 0.620901  	 1         
<PITTS::Tensor3<double>> :: void PITTS::fold_left(const MatrixType&, int, Tensor3<T>&) [with T = double; MatrixType = Eigen::Block<const Eigen::Matrix<double, -1, -1>, -1, -1, true>]	 0.00619733	 29        
<PITTS::MultiVector<double>> :: void PITTS::MultiVector<T>::resize(long long int, long long int, bool, bool) [with T = double]                                                        	 0.000141894	 1         
<PITTS::Tensor3<double>> :: void PITTS::Tensor3<T>::resize(long long int, long long int, long long int, bool, bool) [with T = double]                                                 	 9.4772e-05	 60        
<PITTS::Tensor3<double>> :: void PITTS::fold_left(const MatrixType&, int, Tensor3<T>&) [with T = double; MatrixType = Eigen::Matrix<double, -1, -1>]                                  	 4.4e-07   	 1         
INFO: You are running LIKWID in a cpuset with 64 CPUs. Taking given IDs as logical ID in cpuset
[1;34m[pthread wrapper] 
[0m[1;34m[pthread wrapper] MAIN -> 0
[0m[1;34m[pthread wrapper] PIN_MASK: [0m[1;34m0->1  [0m[1;34m1->2  [0m[1;34m2->3  [0m[1;34m3->4  [0m[1;34m4->5  [0m[1;34m5->6  [0m[1;34m6->7  [0m[1;34m7->8  [0m[1;34m8->9  [0m[1;34m9->10  [0m[1;34m10->11  [0m[1;34m11->12  [0m[1;34m12->13  [0m[1;34m13->14  [0m[1;34m14->15  [0m[1;34m15->16  [0m[1;34m16->17  [0m[1;34m17->18  [0m[1;34m18->19  [0m[1;34m19->20  [0m[1;34m20->21  [0m[1;34m21->22  [0m[1;34m22->23  [0m[1;34m23->24  [0m[1;34m24->25  [0m[1;34m25->26  [0m[1;34m26->27  [0m[1;34m27->28  [0m[1;34m28->29  [0m[1;34m29->30  [0m[1;34m30->31  [0m[1;34m31->32  [0m[1;34m32->33  [0m[1;34m33->34  [0m[1;34m34->35  [0m[1;34m35->36  [0m[1;34m36->37  [0m[1;34m37->38  [0m[1;34m38->39  [0m[1;34m39->40  [0m[1;34m40->41  [0m[1;34m41->42  [0m[1;34m42->43  [0m[1;34m43->44  [0m[1;34m44->45  [0m[1;34m45->46  [0m[1;34m46->47  [0m[1;34m47->48  [0m[1;34m48->49  [0m[1;34m49->50  [0m[1;34m50->51  [0m[1;34m51->52  [0m[1;34m52->53  [0m[1;34m53->54  [0m[1;34m54->55  [0m[1;34m55->56  [0m[1;34m56->57  [0m[1;34m57->58  [0m[1;34m58->59  [0m[1;34m59->60  [0m[1;34m60->61  [0m[1;34m61->62  [0m[1;34m62->63  [0m[1;34m
[pthread wrapper] SKIP MASK: 0x0
[0m[1;34m	threadid 134333167806272 -> hwthread 1 - OK[0m[1;34m
[0m[1;34m	threadid 134333088131008 -> hwthread 2 - OK[0m[1;34m
[0m[1;34m	threadid 134333079734336 -> hwthread 3 - OK[0m[1;34m
[0m[1;34m	threadid 134333071337664 -> hwthread 4 - OK[0m[1;34m
[0m[1;34m	threadid 134333062940992 -> hwthread 5 - OK[0m[1;34m
[0m[1;34m	threadid 134333054544320 -> hwthread 6 - OK[0m[1;34m
[0m[1;34m	threadid 134333046147648 -> hwthread 7 - OK[0m[1;34m
[0m[1;34m	threadid 134333037750976 -> hwthread 8 - OK[0m[1;34m
[0m[1;34m	threadid 134332551260992 -> hwthread 9 - OK[0m[1;34m
[0m[1;34m	threadid 134332542864320 -> hwthread 10 - OK[0m[1;34m
[0m[1;34m	threadid 134332534467648 -> hwthread 11 - OK[0m[1;34m
[0m[1;34m	threadid 134332526070976 -> hwthread 12 - OK[0m[1;34m
[0m[1;34m	threadid 134332517674304 -> hwthread 13 - OK[0m[1;34m
[0m[1;34m	threadid 134332509277632 -> hwthread 14 - OK[0m[1;34m
[0m[1;34m	threadid 134332500880960 -> hwthread 15 - OK[0m[1;34m
[0m[1;34m	threadid 134332014390976 -> hwthread 16 - OK[0m[1;34m
[0m[1;34m	threadid 134332005994304 -> hwthread 17 - OK[0m[1;34m
[0m[1;34m	threadid 134331997597632 -> hwthread 18 - OK[0m[1;34m
[0m[1;34m	threadid 134331989200960 -> hwthread 19 - OK[0m[1;34m
[0m[1;34m	threadid 134331980804288 -> hwthread 20 - OK[0m[1;34m
[0m[1;34m	threadid 134331972407616 -> hwthread 21 - OK[0m[1;34m
[0m[1;34m	threadid 134331964010944 -> hwthread 22 - OK[0m[1;34m
[0m[1;34m	threadid 134331477520960 -> hwthread 23 - OK[0m[1;34m
[0m[1;34m	threadid 134331469124288 -> hwthread 24 - OK[0m[1;34m
[0m[1;34m	threadid 134331460727616 -> hwthread 25 - OK[0m[1;34m
[0m[1;34m	threadid 134331452330944 -> hwthread 26 - OK[0m[1;34m
[0m[1;34m	threadid 134331443934272 -> hwthread 27 - OK[0m[1;34m
[0m[1;34m	threadid 134331435537600 -> hwthread 28 - OK[0m[1;34m
[0m[1;34m	threadid 134331427140928 -> hwthread 29 - OK[0m[1;34m
[0m[1;34m	threadid 134330940650944 -> hwthread 30 - OK[0m[1;34m
[0m[1;34m	threadid 134330932254272 -> hwthread 31 - OK[0m[1;34m
[0m[1;34m	threadid 134330923857600 -> hwthread 32 - OK[0m[1;34m
[0m[1;34m	threadid 134330915456832 -> hwthread 33 - OK[0m[1;34m
[0m[1;34m	threadid 134330907056064 -> hwthread 34 - OK[0m[1;34m
[0m[1;34m	threadid 134330898655296 -> hwthread 35 - OK[0m[1;34m
[0m[1;34m	threadid 134330890254528 -> hwthread 36 - OK[0m[1;34m
[0m[1;34m	threadid 134330403776832 -> hwthread 37 - OK[0m[1;34m
[0m[1;34m	threadid 134330395376064 -> hwthread 38 - OK[0m[1;34m
[0m[1;34m	threadid 134330386975296 -> hwthread 39 - OK[0m[1;34m
[0m[1;34m	threadid 134330378574528 -> hwthread 40 - OK[0m[1;34m
[0m[1;34m	threadid 134330370173760 -> hwthread 41 - OK[0m[1;34m
[0m[1;34m	threadid 134330361772992 -> hwthread 42 - OK[0m[1;34m
[0m[1;34m	threadid 134330353372224 -> hwthread 43 - OK[0m[1;34m
[0m[1;34m	threadid 134329866906816 -> hwthread 44 - OK[0m[1;34m
[0m[1;34m	threadid 134329858506048 -> hwthread 45 - OK[0m[1;34m
[0m[1;34m	threadid 134329850105280 -> hwthread 46 - OK[0m[1;34m
[0m[1;34m	threadid 134329841704512 -> hwthread 47 - OK[0m[1;34m
[0m[1;34m	threadid 134329833303744 -> hwthread 48 - OK[0m[1;34m
[0m[1;34m	threadid 134329824902976 -> hwthread 49 - OK[0m[1;34m
[0m[1;34m	threadid 134329816502208 -> hwthread 50 - OK[0m[1;34m
[0m[1;34m	threadid 134329330036800 -> hwthread 51 - OK[0m[1;34m
[0m[1;34m	threadid 134329321636032 -> hwthread 52 - OK[0m[1;34m
[0m[1;34m	threadid 134329313235264 -> hwthread 53 - OK[0m[1;34m
[0m[1;34m	threadid 134329304834496 -> hwthread 54 - OK[0m[1;34m
[0m[1;34m	threadid 134329296433728 -> hwthread 55 - OK[0m[1;34m
[0m[1;34m	threadid 134329288032960 -> hwthread 56 - OK[0m[1;34m
[0m[1;34m	threadid 134329279632192 -> hwthread 57 - OK[0m[1;34m
[0m[1;34m	threadid 134328793166784 -> hwthread 58 - OK[0m[1;34m
[0m[1;34m	threadid 134328784766016 -> hwthread 59 - OK[0m[1;34m
[0m[1;34m	threadid 134328776365248 -> hwthread 60 - OK[0m[1;34m
[0m[1;34m	threadid 134328767964480 -> hwthread 61 - OK[0m[1;34m
[0m[1;34m	threadid 134328759563712 -> hwthread 62 - OK[0m[1;34m
[0m[1;34m	threadid 134328751162944 -> hwthread 63 - OK[0m[1;34m
[0m[1;34mRoundrobin placement triggered
	threadid 134328742762176 -> hwthread 0 - OK[0m[1;34m
[0m[1;34m	threadid 134328256296640 -> hwthread 1 - OK[0m[1;34m
[0mPITTS: version v0.9.6-2-g6da1bf0-dirty
PITTS: MPI #procs: 1
PITTS: OpenMP #threads: 64
PITTS: SIMD implementation: avx2
PITTS: Eigen SIMD implementation: AVX SSE, SSE2, SSE3, SSSE3, SSE4.1, SSE4.2
PITTS: cache sizes (L1/core, L2/core, L3/accessible) [byte]: (32768, 524288, 805306368)
PITTS: preprocessor definitions: PITTS_DIRECT_MKL_GEMM
Performance statistics:
function                                                                                                                                                                                                    	 time [s]  	 #calls    	 GFlop/s DP	 GFlop/s SP	 GByte/s   	Flops/Byte
<PITTS::MultiVector<double>> :: void PITTS::randomize(MultiVector<T>&) [with T = double](rows: 1073741824, cols: 1)                                                                                         	 0.619565  	 1         	 0         	 0         	 13.8645   	 0         
<PITTS::Tensor3<double>> :: void PITTS::fold_left(const MatrixType&, int, Tensor3<T>&) [with T = double; MatrixType = Eigen::Block<const Eigen::Matrix<double, -1, -1>, -1, -1, true>](r1: 60, n: 2, r2: 60)	 0.00427762	 18        	 0         	 0         	 0.484755  	 0         
<PITTS::Tensor3<double>> :: void PITTS::fold_left(const MatrixType&, int, Tensor3<T>&) [with T = double; MatrixType = Eigen::Block<const Eigen::Matrix<double, -1, -1>, -1, -1, true>](r1: 32, n: 2, r2: 60)	 0.000690883	 1         	 0         	 0         	 0.0889297 	 0         
<PITTS::Tensor3<double>> :: void PITTS::fold_left(const MatrixType&, int, Tensor3<T>&) [with T = double; MatrixType = Eigen::Block<const Eigen::Matrix<double, -1, -1>, -1, -1, true>](r1: 16, n: 2, r2: 32)	 0.000633492	 1         	 0         	 0         	 0.025863  	 0         
<PITTS::Tensor3<double>> :: void PITTS::fold_left(const MatrixType&, int, Tensor3<T>&) [with T = double; MatrixType = Eigen::Block<const Eigen::Matrix<double, -1, -1>, -1, -1, true>](r1: 4, n: 2, r2: 8)  	 3.7261e-05	 1         	 0         	 0         	 0.0274818 	 0         
<PITTS::Tensor3<double>> :: void PITTS::fold_left(const MatrixType&, int, Tensor3<T>&) [with T = double; MatrixType = Eigen::Block<const Eigen::Matrix<double, -1, -1>, -1, -1, true>](r1: 1, n: 2, r2: 2)  	 3.6511e-05	 1         	 0         	 0         	 0.0017529 	 0         
<PITTS::Tensor3<double>> :: void PITTS::fold_left(const MatrixType&, int, Tensor3<T>&) [with T = double; MatrixType = Eigen::Block<const Eigen::Matrix<double, -1, -1>, -1, -1, true>](r1: 2, n: 2, r2: 4)  	 2.9881e-05	 1         	 0         	 0         	 0.00856732	 0         
<PITTS::Tensor3<double>> :: void PITTS::fold_left(const MatrixType&, int, Tensor3<T>&) [with T = double; MatrixType = Eigen::Block<const Eigen::Matrix<double, -1, -1>, -1, -1, true>](r1: 8, n: 2, r2: 16) 	 2.8561e-05	 1         	 0         	 0         	 0.143412  	 0         
<PITTS::Tensor3<double>> :: void PITTS::fold_left(const MatrixType&, int, Tensor3<T>&) [with T = double; MatrixType = Eigen::Block<const Eigen::Matrix<double, -1, -1>, -1, -1, true>](r1: 16, n: 2, r2: 8) 	 1.3831e-05	 1         	 0         	 0         	 0.296146  	 0         
<PITTS::Tensor3<double>> :: void PITTS::fold_left(const MatrixType&, int, Tensor3<T>&) [with T = double; MatrixType = Eigen::Block<const Eigen::Matrix<double, -1, -1>, -1, -1, true>](r1: 32, n: 2, r2: 16)	 1.1221e-05	 1         	 0         	 0         	 1.46012   	 0         
<PITTS::Tensor3<double>> :: void PITTS::fold_left(const MatrixType&, int, Tensor3<T>&) [with T = double; MatrixType = Eigen::Block<const Eigen::Matrix<double, -1, -1>, -1, -1, true>](r1: 60, n: 2, r2: 32)	 5.23e-06  	 1         	 0         	 0         	 11.7476   	 0         
<PITTS::Tensor3<double>> :: void PITTS::fold_left(const MatrixType&, int, Tensor3<T>&) [with T = double; MatrixType = Eigen::Block<const Eigen::Matrix<double, -1, -1>, -1, -1, true>](r1: 8, n: 2, r2: 4)  	 3.65e-06  	 1         	 0         	 0         	 0.280548  	 0         
<PITTS::Tensor3<double>> :: void PITTS::fold_left(const MatrixType&, int, Tensor3<T>&) [with T = double; MatrixType = Eigen::Block<const Eigen::Matrix<double, -1, -1>, -1, -1, true>](r1: 4, n: 2, r2: 2)  	 8.5e-07   	 1         	 0         	 0         	 0.301176  	 0         
<PITTS::Tensor3<double>> :: void PITTS::fold_left(const MatrixType&, int, Tensor3<T>&) [with T = double; MatrixType = Eigen::Matrix<double, -1, -1>](r1: 2, n: 2, r2: 1)                                    	 5.2e-07   	 1         	 0         	 0         	 0.123077  	 0         
Timing statistics:
function                                                                                                                                                                              	 time [s]  	 #calls    
<PITTS::TensorTrain<double>> :: PITTS::TensorTrain<T> PITTS::fromDense_classical(Iter, Iter, const std::vector<int>&, T, int) [with Iter = const double*; T = double]                 	 630.114   	 1         
<PITTS::MultiVector<double>> :: void PITTS::randomize(MultiVector<T>&) [with T = double]                                                                                              	 0.619565  	 1         
<PITTS::Tensor3<double>> :: void PITTS::fold_left(const MatrixType&, int, Tensor3<T>&) [with T = double; MatrixType = Eigen::Block<const Eigen::Matrix<double, -1, -1>, -1, -1, true>]	 0.00576899	 29        
<PITTS::MultiVector<double>> :: void PITTS::MultiVector<T>::resize(long long int, long long int, bool, bool) [with T = double]                                                        	 0.000123304	 1         
<PITTS::Tensor3<double>> :: void PITTS::Tensor3<T>::resize(long long int, long long int, long long int, bool, bool) [with T = double]                                                 	 9.6943e-05	 60        
<PITTS::Tensor3<double>> :: void PITTS::fold_left(const MatrixType&, int, Tensor3<T>&) [with T = double; MatrixType = Eigen::Matrix<double, -1, -1>]                                  	 5.2e-07   	 1         
INFO: You are running LIKWID in a cpuset with 64 CPUs. Taking given IDs as logical ID in cpuset
[1;34m[pthread wrapper] 
[0m[1;34m[pthread wrapper] MAIN -> 0
[0m[1;34m[pthread wrapper] PIN_MASK: [0m[1;34m0->1  [0m[1;34m1->2  [0m[1;34m2->3  [0m[1;34m3->4  [0m[1;34m4->5  [0m[1;34m5->6  [0m[1;34m6->7  [0m[1;34m7->8  [0m[1;34m8->9  [0m[1;34m9->10  [0m[1;34m10->11  [0m[1;34m11->12  [0m[1;34m12->13  [0m[1;34m13->14  [0m[1;34m14->15  [0m[1;34m15->16  [0m[1;34m16->17  [0m[1;34m17->18  [0m[1;34m18->19  [0m[1;34m19->20  [0m[1;34m20->21  [0m[1;34m21->22  [0m[1;34m22->23  [0m[1;34m23->24  [0m[1;34m24->25  [0m[1;34m25->26  [0m[1;34m26->27  [0m[1;34m27->28  [0m[1;34m28->29  [0m[1;34m29->30  [0m[1;34m30->31  [0m[1;34m31->32  [0m[1;34m32->33  [0m[1;34m33->34  [0m[1;34m34->35  [0m[1;34m35->36  [0m[1;34m36->37  [0m[1;34m37->38  [0m[1;34m38->39  [0m[1;34m39->40  [0m[1;34m40->41  [0m[1;34m41->42  [0m[1;34m42->43  [0m[1;34m43->44  [0m[1;34m44->45  [0m[1;34m45->46  [0m[1;34m46->47  [0m[1;34m47->48  [0m[1;34m48->49  [0m[1;34m49->50  [0m[1;34m50->51  [0m[1;34m51->52  [0m[1;34m52->53  [0m[1;34m53->54  [0m[1;34m54->55  [0m[1;34m55->56  [0m[1;34m56->57  [0m[1;34m57->58  [0m[1;34m58->59  [0m[1;34m59->60  [0m[1;34m60->61  [0m[1;34m61->62  [0m[1;34m62->63  [0m[1;34m
[pthread wrapper] SKIP MASK: 0x0
[0m[1;34m	threadid 125509451097920 -> hwthread 1 - OK[0m[1;34m
[0m[1;34m	threadid 125509442701248 -> hwthread 2 - OK[0m[1;34m
[0m[1;34m	threadid 125509434304576 -> hwthread 3 - OK[0m[1;34m
[0m[1;34m	threadid 125509425907904 -> hwthread 4 - OK[0m[1;34m
[0m[1;34m	threadid 125509212039488 -> hwthread 5 - OK[0m[1;34m
[0m[1;34m	threadid 125509203642816 -> hwthread 6 - OK[0m[1;34m
[0m[1;34m	threadid 125509195246144 -> hwthread 7 - OK[0m[1;34m
[0m[1;34m	threadid 125509186849472 -> hwthread 8 - OK[0m[1;34m
[0m[1;34m	threadid 125509178452800 -> hwthread 9 - OK[0m[1;34m
[0m[1;34m	threadid 125509170056128 -> hwthread 10 - OK[0m[1;34m
[0m[1;34m	threadid 125509161659456 -> hwthread 11 - OK[0m[1;34m
[0m[1;34m	threadid 125508608060608 -> hwthread 12 - OK[0m[1;34m
[0m[1;34m	threadid 125508599663936 -> hwthread 13 - OK[0m[1;34m
[0m[1;34m	threadid 125508591267264 -> hwthread 14 - OK[0m[1;34m
[0m[1;34m	threadid 125508582870592 -> hwthread 15 - OK[0m[1;34m
[0m[1;34m	threadid 125508574473920 -> hwthread 16 - OK[0m[1;34m
[0m[1;34m	threadid 125508566077248 -> hwthread 17 - OK[0m[1;34m
[0m[1;34m	threadid 125508557680576 -> hwthread 18 - OK[0m[1;34m
[0m[1;34m	threadid 125508071190592 -> hwthread 19 - OK[0m[1;34m
[0m[1;34m	threadid 125508062793920 -> hwthread 20 - OK[0m[1;34m
[0m[1;34m	threadid 125508054397248 -> hwthread 21 - OK[0m[1;34m
[0m[1;34m	threadid 125508046000576 -> hwthread 22 - OK[0m[1;34m
[0m[1;34m	threadid 125508037603904 -> hwthread 23 - OK[0m[1;34m
[0m[1;34m	threadid 125508029207232 -> hwthread 24 - OK[0m[1;34m
[0m[1;34m	threadid 125508020810560 -> hwthread 25 - OK[0m[1;34m
[0m[1;34m	threadid 125507534320576 -> hwthread 26 - OK[0m[1;34m
[0m[1;34m	threadid 125507525923904 -> hwthread 27 - OK[0m[1;34m
[0m[1;34m	threadid 125507517527232 -> hwthread 28 - OK[0m[1;34m
[0m[1;34m	threadid 125507509130560 -> hwthread 29 - OK[0m[1;34m
[0m[1;34m	threadid 125507500733888 -> hwthread 30 - OK[0m[1;34m
[0m[1;34m	threadid 125507492337216 -> hwthread 31 - OK[0m[1;34m
[0m[1;34m	threadid 125507483940544 -> hwthread 32 - OK[0m[1;34m
[0m[1;34m	threadid 125506997446464 -> hwthread 33 - OK[0m[1;34m
[0m[1;34m	threadid 125506989045696 -> hwthread 34 - OK[0m[1;34m
[0m[1;34m	threadid 125506980644928 -> hwthread 35 - OK[0m[1;34m
[0m[1;34m	threadid 125506972244160 -> hwthread 36 - OK[0m[1;34m
[0m[1;34m	threadid 125506963843392 -> hwthread 37 - OK[0m[1;34m
[0m[1;34m	threadid 125506955442624 -> hwthread 38 - OK[0m[1;34m
[0m[1;34m	threadid 125506947041856 -> hwthread 39 - OK[0m[1;34m
[0m[1;34m	threadid 125506460576448 -> hwthread 40 - OK[0m[1;34m
[0m[1;34m	threadid 125506452175680 -> hwthread 41 - OK[0m[1;34m
[0m[1;34m	threadid 125506443774912 -> hwthread 42 - OK[0m[1;34m
[0m[1;34m	threadid 125506435374144 -> hwthread 43 - OK[0m[1;34m
[0m[1;34m	threadid 125506426973376 -> hwthread 44 - OK[0m[1;34m
[0m[1;34m	threadid 125506418572608 -> hwthread 45 - OK[0m[1;34m
[0m[1;34m	threadid 125506410171840 -> hwthread 46 - OK[0m[1;34m
[0m[1;34m	threadid 125505923706432 -> hwthread 47 - OK[0m[1;34m
[0m[1;34m	threadid 125505915305664 -> hwthread 48 - OK[0m[1;34m
[0m[1;34m	threadid 125505906904896 -> hwthread 49 - OK[0m[1;34m
[0m[1;34m	threadid 125505898504128 -> hwthread 50 - OK[0m[1;34m
[0m[1;34m	threadid 125505890103360 -> hwthread 51 - OK[0m[1;34m
[0m[1;34m	threadid 125505881702592 -> hwthread 52 - OK[0m[1;34m
[0m[1;34m	threadid 125505873301824 -> hwthread 53 - OK[0m[1;34m
[0m[1;34m	threadid 125505386836416 -> hwthread 54 - OK[0m[1;34m
[0m[1;34m	threadid 125505378435648 -> hwthread 55 - OK[0m[1;34m
[0m[1;34m	threadid 125505370034880 -> hwthread 56 - OK[0m[1;34m
[0m[1;34m	threadid 125505361634112 -> hwthread 57 - OK[0m[1;34m
[0m[1;34m	threadid 125505353233344 -> hwthread 58 - OK[0m[1;34m
[0m[1;34m	threadid 125505344832576 -> hwthread 59 - OK[0m[1;34m
[0m[1;34m	threadid 125505336431808 -> hwthread 60 - OK[0m[1;34m
[0m[1;34m	threadid 125504849966400 -> hwthread 61 - OK[0m[1;34m
[0m[1;34m	threadid 125504841565632 -> hwthread 62 - OK[0m[1;34m
[0m[1;34m	threadid 125504833164864 -> hwthread 63 - OK[0m[1;34m
[0m[1;34mRoundrobin placement triggered
	threadid 125504824764096 -> hwthread 0 - OK[0m[1;34m
[0m[1;34m	threadid 125504816371392 -> hwthread 1 - OK[0m[1;34m
[0mPITTS: version v0.9.6-2-g6da1bf0-dirty
PITTS: MPI #procs: 1
PITTS: OpenMP #threads: 64
PITTS: SIMD implementation: avx2
PITTS: Eigen SIMD implementation: AVX SSE, SSE2, SSE3, SSSE3, SSE4.1, SSE4.2
PITTS: cache sizes (L1/core, L2/core, L3/accessible) [byte]: (32768, 524288, 805306368)
PITTS: preprocessor definitions: PITTS_DIRECT_MKL_GEMM
Performance statistics:
function                                                                                                                                                                                                    	 time [s]  	 #calls    	 GFlop/s DP	 GFlop/s SP	 GByte/s   	Flops/Byte
<PITTS::MultiVector<double>> :: void PITTS::randomize(MultiVector<T>&) [with T = double](rows: 1073741824, cols: 1)                                                                                         	 0.641241  	 1         	 0         	 0         	 13.3958   	 0         
<PITTS::Tensor3<double>> :: void PITTS::fold_left(const MatrixType&, int, Tensor3<T>&) [with T = double; MatrixType = Eigen::Block<const Eigen::Matrix<double, -1, -1>, -1, -1, true>](r1: 61, n: 2, r2: 61)	 0.0043894 	 18        	 0         	 0         	 0.488289  	 0         
<PITTS::Tensor3<double>> :: void PITTS::fold_left(const MatrixType&, int, Tensor3<T>&) [with T = double; MatrixType = Eigen::Block<const Eigen::Matrix<double, -1, -1>, -1, -1, true>](r1: 16, n: 2, r2: 32)	 0.000757106	 1         	 0         	 0         	 0.0216403 	 0         
<PITTS::Tensor3<double>> :: void PITTS::fold_left(const MatrixType&, int, Tensor3<T>&) [with T = double; MatrixType = Eigen::Block<const Eigen::Matrix<double, -1, -1>, -1, -1, true>](r1: 32, n: 2, r2: 61)	 0.000652451	 1         	 0         	 0         	 0.0957375 	 0         
<PITTS::Tensor3<double>> :: void PITTS::fold_left(const MatrixType&, int, Tensor3<T>&) [with T = double; MatrixType = Eigen::Block<const Eigen::Matrix<double, -1, -1>, -1, -1, true>](r1: 1, n: 2, r2: 2)  	 3.7441e-05	 1         	 0         	 0         	 0.00170936	 0         
<PITTS::Tensor3<double>> :: void PITTS::fold_left(const MatrixType&, int, Tensor3<T>&) [with T = double; MatrixType = Eigen::Block<const Eigen::Matrix<double, -1, -1>, -1, -1, true>](r1: 2, n: 2, r2: 4)  	 3.1571e-05	 1         	 0         	 0         	 0.00810871	 0         
<PITTS::Tensor3<double>> :: void PITTS::fold_left(const MatrixType&, int, Tensor3<T>&) [with T = double; MatrixType = Eigen::Block<const Eigen::Matrix<double, -1, -1>, -1, -1, true>](r1: 4, n: 2, r2: 8)  	 2.7681e-05	 1         	 0         	 0         	 0.0369929 	 0         
<PITTS::Tensor3<double>> :: void PITTS::fold_left(const MatrixType&, int, Tensor3<T>&) [with T = double; MatrixType = Eigen::Block<const Eigen::Matrix<double, -1, -1>, -1, -1, true>](r1: 8, n: 2, r2: 16) 	 2.6741e-05	 1         	 0         	 0         	 0.153173  	 0         
<PITTS::Tensor3<double>> :: void PITTS::fold_left(const MatrixType&, int, Tensor3<T>&) [with T = double; MatrixType = Eigen::Block<const Eigen::Matrix<double, -1, -1>, -1, -1, true>](r1: 16, n: 2, r2: 8) 	 1.159e-05 	 1         	 0         	 0         	 0.353408  	 0         
<PITTS::Tensor3<double>> :: void PITTS::fold_left(const MatrixType&, int, Tensor3<T>&) [with T = double; MatrixType = Eigen::Block<const Eigen::Matrix<double, -1, -1>, -1, -1, true>](r1: 61, n: 2, r2: 32)	 5.12e-06  	 1         	 0         	 0         	 12.2      	 0         
<PITTS::Tensor3<double>> :: void PITTS::fold_left(const MatrixType&, int, Tensor3<T>&) [with T = double; MatrixType = Eigen::Block<const Eigen::Matrix<double, -1, -1>, -1, -1, true>](r1: 32, n: 2, r2: 16)	 4.16e-06  	 1         	 0         	 0         	 3.93846   	 0         
<PITTS::Tensor3<double>> :: void PITTS::fold_left(const MatrixType&, int, Tensor3<T>&) [with T = double; MatrixType = Eigen::Block<const Eigen::Matrix<double, -1, -1>, -1, -1, true>](r1: 8, n: 2, r2: 4)  	 3.7e-06   	 1         	 0         	 0         	 0.276757  	 0         
<PITTS::Tensor3<double>> :: void PITTS::fold_left(const MatrixType&, int, Tensor3<T>&) [with T = double; MatrixType = Eigen::Block<const Eigen::Matrix<double, -1, -1>, -1, -1, true>](r1: 4, n: 2, r2: 2)  	 7.9e-07   	 1         	 0         	 0         	 0.324051  	 0         
<PITTS::Tensor3<double>> :: void PITTS::fold_left(const MatrixType&, int, Tensor3<T>&) [with T = double; MatrixType = Eigen::Matrix<double, -1, -1>](r1: 2, n: 2, r2: 1)                                    	 5.7e-07   	 1         	 0         	 0         	 0.112281  	 0         
Timing statistics:
function                                                                                                                                                                              	 time [s]  	 #calls    
<PITTS::TensorTrain<double>> :: PITTS::TensorTrain<T> PITTS::fromDense_classical(Iter, Iter, const std::vector<int>&, T, int) [with Iter = const double*; T = double]                 	 670.059   	 1         
<PITTS::MultiVector<double>> :: void PITTS::randomize(MultiVector<T>&) [with T = double]                                                                                              	 0.641241  	 1         
<PITTS::Tensor3<double>> :: void PITTS::fold_left(const MatrixType&, int, Tensor3<T>&) [with T = double; MatrixType = Eigen::Block<const Eigen::Matrix<double, -1, -1>, -1, -1, true>]	 0.00594775	 29        
<PITTS::MultiVector<double>> :: void PITTS::MultiVector<T>::resize(long long int, long long int, bool, bool) [with T = double]                                                        	 0.000167615	 1         
<PITTS::Tensor3<double>> :: void PITTS::Tensor3<T>::resize(long long int, long long int, long long int, bool, bool) [with T = double]                                                 	 9.4464e-05	 60        
<PITTS::Tensor3<double>> :: void PITTS::fold_left(const MatrixType&, int, Tensor3<T>&) [with T = double; MatrixType = Eigen::Matrix<double, -1, -1>]                                  	 5.7e-07   	 1         
INFO: You are running LIKWID in a cpuset with 64 CPUs. Taking given IDs as logical ID in cpuset
[1;34m[pthread wrapper] 
[0m[1;34m[pthread wrapper] MAIN -> 0
[0m[1;34m[pthread wrapper] PIN_MASK: [0m[1;34m0->1  [0m[1;34m1->2  [0m[1;34m2->3  [0m[1;34m3->4  [0m[1;34m4->5  [0m[1;34m5->6  [0m[1;34m6->7  [0m[1;34m7->8  [0m[1;34m8->9  [0m[1;34m9->10  [0m[1;34m10->11  [0m[1;34m11->12  [0m[1;34m12->13  [0m[1;34m13->14  [0m[1;34m14->15  [0m[1;34m15->16  [0m[1;34m16->17  [0m[1;34m17->18  [0m[1;34m18->19  [0m[1;34m19->20  [0m[1;34m20->21  [0m[1;34m21->22  [0m[1;34m22->23  [0m[1;34m23->24  [0m[1;34m24->25  [0m[1;34m25->26  [0m[1;34m26->27  [0m[1;34m27->28  [0m[1;34m28->29  [0m[1;34m29->30  [0m[1;34m30->31  [0m[1;34m31->32  [0m[1;34m32->33  [0m[1;34m33->34  [0m[1;34m34->35  [0m[1;34m35->36  [0m[1;34m36->37  [0m[1;34m37->38  [0m[1;34m38->39  [0m[1;34m39->40  [0m[1;34m40->41  [0m[1;34m41->42  [0m[1;34m42->43  [0m[1;34m43->44  [0m[1;34m44->45  [0m[1;34m45->46  [0m[1;34m46->47  [0m[1;34m47->48  [0m[1;34m48->49  [0m[1;34m49->50  [0m[1;34m50->51  [0m[1;34m51->52  [0m[1;34m52->53  [0m[1;34m53->54  [0m[1;34m54->55  [0m[1;34m55->56  [0m[1;34m56->57  [0m[1;34m57->58  [0m[1;34m58->59  [0m[1;34m59->60  [0m[1;34m60->61  [0m[1;34m61->62  [0m[1;34m62->63  [0m[1;34m
[pthread wrapper] SKIP MASK: 0x0
[0m[1;34m	threadid 129548476725056 -> hwthread 1 - OK[0m[1;34m
[0m[1;34m	threadid 129548468328384 -> hwthread 2 - OK[0m[1;34m
[0m[1;34m	threadid 129548459931712 -> hwthread 3 - OK[0m[1;34m
[0m[1;34m	threadid 129548451535040 -> hwthread 4 - OK[0m[1;34m
[0m[1;34m	threadid 129548443138368 -> hwthread 5 - OK[0m[1;34m
[0m[1;34m	threadid 129548091910592 -> hwthread 6 - OK[0m[1;34m
[0m[1;34m	threadid 129548083513920 -> hwthread 7 - OK[0m[1;34m
[0m[1;34m	threadid 129548075117248 -> hwthread 8 - OK[0m[1;34m
[0m[1;34m	threadid 129548066720576 -> hwthread 9 - OK[0m[1;34m
[0m[1;34m	threadid 129548058323904 -> hwthread 10 - OK[0m[1;34m
[0m[1;34m	threadid 129548049927232 -> hwthread 11 - OK[0m[1;34m
[0m[1;34m	threadid 129548041530560 -> hwthread 12 - OK[0m[1;34m
[0m[1;34m	threadid 129547555040576 -> hwthread 13 - OK[0m[1;34m
[0m[1;34m	threadid 129547546643904 -> hwthread 14 - OK[0m[1;34m
[0m[1;34m	threadid 129547538247232 -> hwthread 15 - OK[0m[1;34m
[0m[1;34m	threadid 129547529850560 -> hwthread 16 - OK[0m[1;34m
[0m[1;34m	threadid 129547521453888 -> hwthread 17 - OK[0m[1;34m
[0m[1;34m	threadid 129547513057216 -> hwthread 18 - OK[0m[1;34m
[0m[1;34m	threadid 129547504660544 -> hwthread 19 - OK[0m[1;34m
[0m[1;34m	threadid 129547018170560 -> hwthread 20 - OK[0m[1;34m
[0m[1;34m	threadid 129547009773888 -> hwthread 21 - OK[0m[1;34m
[0m[1;34m	threadid 129547001377216 -> hwthread 22 - OK[0m[1;34m
[0m[1;34m	threadid 129546992980544 -> hwthread 23 - OK[0m[1;34m
[0m[1;34m	threadid 129546984583872 -> hwthread 24 - OK[0m[1;34m
[0m[1;34m	threadid 129546976187200 -> hwthread 25 - OK[0m[1;34m
[0m[1;34m	threadid 129546967790528 -> hwthread 26 - OK[0m[1;34m
[0m[1;34m	threadid 129546481300544 -> hwthread 27 - OK[0m[1;34m
[0m[1;34m	threadid 129546472903872 -> hwthread 28 - OK[0m[1;34m
[0m[1;34m	threadid 129546464507200 -> hwthread 29 - OK[0m[1;34m
[0m[1;34m	threadid 129546456110528 -> hwthread 30 - OK[0m[1;34m
[0m[1;34m	threadid 129546447713856 -> hwthread 31 - OK[0m[1;34m
[0m[1;34m	threadid 129546439317184 -> hwthread 32 - OK[0m[1;34m
[0m[1;34m	threadid 129546430916416 -> hwthread 33 - OK[0m[1;34m
[0m[1;34m	threadid 129545944426432 -> hwthread 34 - OK[0m[1;34m
[0m[1;34m	threadid 129545936025664 -> hwthread 35 - OK[0m[1;34m
[0m[1;34m	threadid 129545927624896 -> hwthread 36 - OK[0m[1;34m
[0m[1;34m	threadid 129545919224128 -> hwthread 37 - OK[0m[1;34m
[0m[1;34m	threadid 129545910823360 -> hwthread 38 - OK[0m[1;34m
[0m[1;34m	threadid 129545902422592 -> hwthread 39 - OK[0m[1;34m
[0m[1;34m	threadid 129545894021824 -> hwthread 40 - OK[0m[1;34m
[0m[1;34m	threadid 129545407556416 -> hwthread 41 - OK[0m[1;34m
[0m[1;34m	threadid 129545399155648 -> hwthread 42 - OK[0m[1;34m
[0m[1;34m	threadid 129545390754880 -> hwthread 43 - OK[0m[1;34m
[0m[1;34m	threadid 129545382354112 -> hwthread 44 - OK[0m[1;34m
[0m[1;34m	threadid 129545373953344 -> hwthread 45 - OK[0m[1;34m
[0m[1;34m	threadid 129545365552576 -> hwthread 46 - OK[0m[1;34m
[0m[1;34m	threadid 129545357151808 -> hwthread 47 - OK[0m[1;34m
[0m[1;34m	threadid 129544870686400 -> hwthread 48 - OK[0m[1;34m
[0m[1;34m	threadid 129544862285632 -> hwthread 49 - OK[0m[1;34m
[0m[1;34m	threadid 129544853884864 -> hwthread 50 - OK[0m[1;34m
[0m[1;34m	threadid 129544845484096 -> hwthread 51 - OK[0m[1;34m
[0m[1;34m	threadid 129544837083328 -> hwthread 52 - OK[0m[1;34m
[0m[1;34m	threadid 129544828682560 -> hwthread 53 - OK[0m[1;34m
[0m[1;34m	threadid 129544820281792 -> hwthread 54 - OK[0m[1;34m
[0m[1;34m	threadid 129544333816384 -> hwthread 55 - OK[0m[1;34m
[0m[1;34m	threadid 129544325415616 -> hwthread 56 - OK[0m[1;34m
[0m[1;34m	threadid 129544317014848 -> hwthread 57 - OK[0m[1;34m
[0m[1;34m	threadid 129544308614080 -> hwthread 58 - OK[0m[1;34m
[0m[1;34m	threadid 129544300213312 -> hwthread 59 - OK[0m[1;34m
[0m[1;34m	threadid 129544291812544 -> hwthread 60 - OK[0m[1;34m
[0m[1;34m	threadid 129544283411776 -> hwthread 61 - OK[0m[1;34m
[0m[1;34m	threadid 129543796946368 -> hwthread 62 - OK[0m[1;34m
[0m[1;34m	threadid 129543788545600 -> hwthread 63 - OK[0m[1;34m
[0m[1;34mRoundrobin placement triggered
	threadid 129543780144832 -> hwthread 0 - OK[0m[1;34m
[0m[1;34m	threadid 129543771752128 -> hwthread 1 - OK[0m[1;34m
[0mPITTS: version v0.9.6-2-g6da1bf0-dirty
PITTS: MPI #procs: 1
PITTS: OpenMP #threads: 64
PITTS: SIMD implementation: avx2
PITTS: Eigen SIMD implementation: AVX SSE, SSE2, SSE3, SSSE3, SSE4.1, SSE4.2
PITTS: cache sizes (L1/core, L2/core, L3/accessible) [byte]: (32768, 524288, 805306368)
PITTS: preprocessor definitions: PITTS_DIRECT_MKL_GEMM
Performance statistics:
function                                                                                                                                                                                                    	 time [s]  	 #calls    	 GFlop/s DP	 GFlop/s SP	 GByte/s   	Flops/Byte
<PITTS::MultiVector<double>> :: void PITTS::randomize(MultiVector<T>&) [with T = double](rows: 1073741824, cols: 1)                                                                                         	 0.621375  	 1         	 0         	 0         	 13.8241   	 0         
<PITTS::Tensor3<double>> :: void PITTS::fold_left(const MatrixType&, int, Tensor3<T>&) [with T = double; MatrixType = Eigen::Block<const Eigen::Matrix<double, -1, -1>, -1, -1, true>](r1: 62, n: 2, r2: 62)	 0.00405394	 18        	 0         	 0         	 0.54617   	 0         
<PITTS::Tensor3<double>> :: void PITTS::fold_left(const MatrixType&, int, Tensor3<T>&) [with T = double; MatrixType = Eigen::Block<const Eigen::Matrix<double, -1, -1>, -1, -1, true>](r1: 32, n: 2, r2: 62)	 0.000816617	 1         	 0         	 0         	 0.0777451 	 0         
<PITTS::Tensor3<double>> :: void PITTS::fold_left(const MatrixType&, int, Tensor3<T>&) [with T = double; MatrixType = Eigen::Block<const Eigen::Matrix<double, -1, -1>, -1, -1, true>](r1: 16, n: 2, r2: 32)	 0.000636761	 1         	 0         	 0         	 0.0257302 	 0         
<PITTS::Tensor3<double>> :: void PITTS::fold_left(const MatrixType&, int, Tensor3<T>&) [with T = double; MatrixType = Eigen::Block<const Eigen::Matrix<double, -1, -1>, -1, -1, true>](r1: 2, n: 2, r2: 4)  	 4.5091e-05	 1         	 0         	 0         	 0.00567741	 0         
<PITTS::Tensor3<double>> :: void PITTS::fold_left(const MatrixType&, int, Tensor3<T>&) [with T = double; MatrixType = Eigen::Block<const Eigen::Matrix<double, -1, -1>, -1, -1, true>](r1: 1, n: 2, r2: 2)  	 3.6531e-05	 1         	 0         	 0         	 0.00175194	 0         
<PITTS::Tensor3<double>> :: void PITTS::fold_left(const MatrixType&, int, Tensor3<T>&) [with T = double; MatrixType = Eigen::Block<const Eigen::Matrix<double, -1, -1>, -1, -1, true>](r1: 8, n: 2, r2: 16) 	 2.9071e-05	 1         	 0         	 0         	 0.140896  	 0         
<PITTS::Tensor3<double>> :: void PITTS::fold_left(const MatrixType&, int, Tensor3<T>&) [with T = double; MatrixType = Eigen::Block<const Eigen::Matrix<double, -1, -1>, -1, -1, true>](r1: 4, n: 2, r2: 8)  	 2.5521e-05	 1         	 0         	 0         	 0.0401238 	 0         
<PITTS::Tensor3<double>> :: void PITTS::fold_left(const MatrixType&, int, Tensor3<T>&) [with T = double; MatrixType = Eigen::Block<const Eigen::Matrix<double, -1, -1>, -1, -1, true>](r1: 16, n: 2, r2: 8) 	 1.2641e-05	 1         	 0         	 0         	 0.324025  	 0         
<PITTS::Tensor3<double>> :: void PITTS::fold_left(const MatrixType&, int, Tensor3<T>&) [with T = double; MatrixType = Eigen::Block<const Eigen::Matrix<double, -1, -1>, -1, -1, true>](r1: 62, n: 2, r2: 32)	 5.62e-06  	 1         	 0         	 0         	 11.2968   	 0         
<PITTS::Tensor3<double>> :: void PITTS::fold_left(const MatrixType&, int, Tensor3<T>&) [with T = double; MatrixType = Eigen::Block<const Eigen::Matrix<double, -1, -1>, -1, -1, true>](r1: 32, n: 2, r2: 16)	 4.59e-06  	 1         	 0         	 0         	 3.5695    	 0         
<PITTS::Tensor3<double>> :: void PITTS::fold_left(const MatrixType&, int, Tensor3<T>&) [with T = double; MatrixType = Eigen::Block<const Eigen::Matrix<double, -1, -1>, -1, -1, true>](r1: 8, n: 2, r2: 4)  	 3.761e-06 	 1         	 0         	 0         	 0.272268  	 0         
<PITTS::Tensor3<double>> :: void PITTS::fold_left(const MatrixType&, int, Tensor3<T>&) [with T = double; MatrixType = Eigen::Block<const Eigen::Matrix<double, -1, -1>, -1, -1, true>](r1: 4, n: 2, r2: 2)  	 1.05e-06  	 1         	 0         	 0         	 0.24381   	 0         
<PITTS::Tensor3<double>> :: void PITTS::fold_left(const MatrixType&, int, Tensor3<T>&) [with T = double; MatrixType = Eigen::Matrix<double, -1, -1>](r1: 2, n: 2, r2: 1)                                    	 4.7e-07   	 1         	 0         	 0         	 0.13617   	 0         
Timing statistics:
function                                                                                                                                                                              	 time [s]  	 #calls    
<PITTS::TensorTrain<double>> :: PITTS::TensorTrain<T> PITTS::fromDense_classical(Iter, Iter, const std::vector<int>&, T, int) [with Iter = const double*; T = double]                 	 658.829   	 1         
<PITTS::MultiVector<double>> :: void PITTS::randomize(MultiVector<T>&) [with T = double]                                                                                              	 0.621375  	 1         
<PITTS::Tensor3<double>> :: void PITTS::fold_left(const MatrixType&, int, Tensor3<T>&) [with T = double; MatrixType = Eigen::Block<const Eigen::Matrix<double, -1, -1>, -1, -1, true>]	 0.0056712 	 29        
<PITTS::MultiVector<double>> :: void PITTS::MultiVector<T>::resize(long long int, long long int, bool, bool) [with T = double]                                                        	 0.000125375	 1         
<PITTS::Tensor3<double>> :: void PITTS::Tensor3<T>::resize(long long int, long long int, long long int, bool, bool) [with T = double]                                                 	 0.000110323	 60        
<PITTS::Tensor3<double>> :: void PITTS::fold_left(const MatrixType&, int, Tensor3<T>&) [with T = double; MatrixType = Eigen::Matrix<double, -1, -1>]                                  	 4.7e-07   	 1         
INFO: You are running LIKWID in a cpuset with 64 CPUs. Taking given IDs as logical ID in cpuset
[1;34m[pthread wrapper] 
[0m[1;34m[pthread wrapper] MAIN -> 0
[0m[1;34m[pthread wrapper] PIN_MASK: [0m[1;34m0->1  [0m[1;34m1->2  [0m[1;34m2->3  [0m[1;34m3->4  [0m[1;34m4->5  [0m[1;34m5->6  [0m[1;34m6->7  [0m[1;34m7->8  [0m[1;34m8->9  [0m[1;34m9->10  [0m[1;34m10->11  [0m[1;34m11->12  [0m[1;34m12->13  [0m[1;34m13->14  [0m[1;34m14->15  [0m[1;34m15->16  [0m[1;34m16->17  [0m[1;34m17->18  [0m[1;34m18->19  [0m[1;34m19->20  [0m[1;34m20->21  [0m[1;34m21->22  [0m[1;34m22->23  [0m[1;34m23->24  [0m[1;34m24->25  [0m[1;34m25->26  [0m[1;34m26->27  [0m[1;34m27->28  [0m[1;34m28->29  [0m[1;34m29->30  [0m[1;34m30->31  [0m[1;34m31->32  [0m[1;34m32->33  [0m[1;34m33->34  [0m[1;34m34->35  [0m[1;34m35->36  [0m[1;34m36->37  [0m[1;34m37->38  [0m[1;34m38->39  [0m[1;34m39->40  [0m[1;34m40->41  [0m[1;34m41->42  [0m[1;34m42->43  [0m[1;34m43->44  [0m[1;34m44->45  [0m[1;34m45->46  [0m[1;34m46->47  [0m[1;34m47->48  [0m[1;34m48->49  [0m[1;34m49->50  [0m[1;34m50->51  [0m[1;34m51->52  [0m[1;34m52->53  [0m[1;34m53->54  [0m[1;34m54->55  [0m[1;34m55->56  [0m[1;34m56->57  [0m[1;34m57->58  [0m[1;34m58->59  [0m[1;34m59->60  [0m[1;34m60->61  [0m[1;34m61->62  [0m[1;34m62->63  [0m[1;34m
[pthread wrapper] SKIP MASK: 0x0
[0m[1;34m	threadid 132852406527808 -> hwthread 1 - OK[0m[1;34m
[0m[1;34m	threadid 132852398131136 -> hwthread 2 - OK[0m[1;34m
[0m[1;34m	threadid 132852389734464 -> hwthread 3 - OK[0m[1;34m
[0m[1;34m	threadid 132852381337792 -> hwthread 4 - OK[0m[1;34m
[0m[1;34m	threadid 132852372941120 -> hwthread 5 - OK[0m[1;34m
[0m[1;34m	threadid 132852364544448 -> hwthread 6 - OK[0m[1;34m
[0m[1;34m	threadid 132852356147776 -> hwthread 7 - OK[0m[1;34m
[0m[1;34m	threadid 132852347751104 -> hwthread 8 - OK[0m[1;34m
[0m[1;34m	threadid 132851861285696 -> hwthread 9 - OK[0m[1;34m
[0m[1;34m	threadid 132851852889024 -> hwthread 10 - OK[0m[1;34m
[0m[1;34m	threadid 132851844492352 -> hwthread 11 - OK[0m[1;34m
[0m[1;34m	threadid 132851836095680 -> hwthread 12 - OK[0m[1;34m
[0m[1;34m	threadid 132851827699008 -> hwthread 13 - OK[0m[1;34m
[0m[1;34m	threadid 132851819302336 -> hwthread 14 - OK[0m[1;34m
[0m[1;34m	threadid 132851810905664 -> hwthread 15 - OK[0m[1;34m
[0m[1;34m	threadid 132851257306816 -> hwthread 16 - OK[0m[1;34m
[0m[1;34m	threadid 132851248910144 -> hwthread 17 - OK[0m[1;34m
[0m[1;34m	threadid 132851240513472 -> hwthread 18 - OK[0m[1;34m
[0m[1;34m	threadid 132851232116800 -> hwthread 19 - OK[0m[1;34m
[0m[1;34m	threadid 132851223720128 -> hwthread 20 - OK[0m[1;34m
[0m[1;34m	threadid 132851215323456 -> hwthread 21 - OK[0m[1;34m
[0m[1;34m	threadid 132851206926784 -> hwthread 22 - OK[0m[1;34m
[0m[1;34m	threadid 132850720436800 -> hwthread 23 - OK[0m[1;34m
[0m[1;34m	threadid 132850712040128 -> hwthread 24 - OK[0m[1;34m
[0m[1;34m	threadid 132850703643456 -> hwthread 25 - OK[0m[1;34m
[0m[1;34m	threadid 132850695246784 -> hwthread 26 - OK[0m[1;34m
[0m[1;34m	threadid 132850686850112 -> hwthread 27 - OK[0m[1;34m
[0m[1;34m	threadid 132850678453440 -> hwthread 28 - OK[0m[1;34m
[0m[1;34m	threadid 132850670056768 -> hwthread 29 - OK[0m[1;34m
[0m[1;34m	threadid 132850183566784 -> hwthread 30 - OK[0m[1;34m
[0m[1;34m	threadid 132850175170112 -> hwthread 31 - OK[0m[1;34m
[0m[1;34m	threadid 132850166773440 -> hwthread 32 - OK[0m[1;34m
[0m[1;34m	threadid 132850158372672 -> hwthread 33 - OK[0m[1;34m
[0m[1;34m	threadid 132850149971904 -> hwthread 34 - OK[0m[1;34m
[0m[1;34m	threadid 132850141571136 -> hwthread 35 - OK[0m[1;34m
[0m[1;34m	threadid 132850133170368 -> hwthread 36 - OK[0m[1;34m
[0m[1;34m	threadid 132849646692672 -> hwthread 37 - OK[0m[1;34m
[0m[1;34m	threadid 132849638291904 -> hwthread 38 - OK[0m[1;34m
[0m[1;34m	threadid 132849629891136 -> hwthread 39 - OK[0m[1;34m
[0m[1;34m	threadid 132849621490368 -> hwthread 40 - OK[0m[1;34m
[0m[1;34m	threadid 132849613089600 -> hwthread 41 - OK[0m[1;34m
[0m[1;34m	threadid 132849604688832 -> hwthread 42 - OK[0m[1;34m
[0m[1;34m	threadid 132849596288064 -> hwthread 43 - OK[0m[1;34m
[0m[1;34m	threadid 132849109822656 -> hwthread 44 - OK[0m[1;34m
[0m[1;34m	threadid 132849101421888 -> hwthread 45 - OK[0m[1;34m
[0m[1;34m	threadid 132849093021120 -> hwthread 46 - OK[0m[1;34m
[0m[1;34m	threadid 132849084620352 -> hwthread 47 - OK[0m[1;34m
[0m[1;34m	threadid 132849076219584 -> hwthread 48 - OK[0m[1;34m
[0m[1;34m	threadid 132849067818816 -> hwthread 49 - OK[0m[1;34m
[0m[1;34m	threadid 132849059418048 -> hwthread 50 - OK[0m[1;34m
[0m[1;34m	threadid 132848572952640 -> hwthread 51 - OK[0m[1;34m
[0m[1;34m	threadid 132848564551872 -> hwthread 52 - OK[0m[1;34m
[0m[1;34m	threadid 132848556151104 -> hwthread 53 - OK[0m[1;34m
[0m[1;34m	threadid 132848547750336 -> hwthread 54 - OK[0m[1;34m
[0m[1;34m	threadid 132848539349568 -> hwthread 55 - OK[0m[1;34m
[0m[1;34m	threadid 132848530948800 -> hwthread 56 - OK[0m[1;34m
[0m[1;34m	threadid 132848522548032 -> hwthread 57 - OK[0m[1;34m
[0m[1;34m	threadid 132848036082624 -> hwthread 58 - OK[0m[1;34m
[0m[1;34m	threadid 132848027681856 -> hwthread 59 - OK[0m[1;34m
[0m[1;34m	threadid 132848019281088 -> hwthread 60 - OK[0m[1;34m
[0m[1;34m	threadid 132848010880320 -> hwthread 61 - OK[0m[1;34m
[0m[1;34m	threadid 132848002479552 -> hwthread 62 - OK[0m[1;34m
[0m[1;34m	threadid 132847994078784 -> hwthread 63 - OK[0m[1;34m
[0m[1;34mRoundrobin placement triggered
	threadid 132847985678016 -> hwthread 0 - OK[0m[1;34m
[0m[1;34m	threadid 132847499212480 -> hwthread 1 - OK[0m[1;34m
[0mPITTS: version v0.9.6-2-g6da1bf0-dirty
PITTS: MPI #procs: 1
PITTS: OpenMP #threads: 64
PITTS: SIMD implementation: avx2
PITTS: Eigen SIMD implementation: AVX SSE, SSE2, SSE3, SSSE3, SSE4.1, SSE4.2
PITTS: cache sizes (L1/core, L2/core, L3/accessible) [byte]: (32768, 524288, 805306368)
PITTS: preprocessor definitions: PITTS_DIRECT_MKL_GEMM
Performance statistics:
function                                                                                                                                                                                                    	 time [s]  	 #calls    	 GFlop/s DP	 GFlop/s SP	 GByte/s   	Flops/Byte
<PITTS::MultiVector<double>> :: void PITTS::randomize(MultiVector<T>&) [with T = double](rows: 1073741824, cols: 1)                                                                                         	 0.645499  	 1         	 0         	 0         	 13.3074   	 0         
<PITTS::Tensor3<double>> :: void PITTS::fold_left(const MatrixType&, int, Tensor3<T>&) [with T = double; MatrixType = Eigen::Block<const Eigen::Matrix<double, -1, -1>, -1, -1, true>](r1: 63, n: 2, r2: 63)	 0.00389453	 18        	 0         	 0         	 0.587014  	 0         
<PITTS::Tensor3<double>> :: void PITTS::fold_left(const MatrixType&, int, Tensor3<T>&) [with T = double; MatrixType = Eigen::Block<const Eigen::Matrix<double, -1, -1>, -1, -1, true>](r1: 32, n: 2, r2: 63)	 0.000727154	 1         	 0         	 0         	 0.0887185 	 0         
<PITTS::Tensor3<double>> :: void PITTS::fold_left(const MatrixType&, int, Tensor3<T>&) [with T = double; MatrixType = Eigen::Block<const Eigen::Matrix<double, -1, -1>, -1, -1, true>](r1: 16, n: 2, r2: 32)	 0.000643191	 1         	 0         	 0         	 0.025473  	 0         
<PITTS::Tensor3<double>> :: void PITTS::fold_left(const MatrixType&, int, Tensor3<T>&) [with T = double; MatrixType = Eigen::Block<const Eigen::Matrix<double, -1, -1>, -1, -1, true>](r1: 4, n: 2, r2: 8)  	 4.0941e-05	 1         	 0         	 0         	 0.0250116 	 0         
<PITTS::Tensor3<double>> :: void PITTS::fold_left(const MatrixType&, int, Tensor3<T>&) [with T = double; MatrixType = Eigen::Block<const Eigen::Matrix<double, -1, -1>, -1, -1, true>](r1: 1, n: 2, r2: 2)  	 3.6811e-05	 1         	 0         	 0         	 0.00173861	 0         
<PITTS::Tensor3<double>> :: void PITTS::fold_left(const MatrixType&, int, Tensor3<T>&) [with T = double; MatrixType = Eigen::Block<const Eigen::Matrix<double, -1, -1>, -1, -1, true>](r1: 8, n: 2, r2: 16) 	 2.8381e-05	 1         	 0         	 0         	 0.144322  	 0         
<PITTS::Tensor3<double>> :: void PITTS::fold_left(const MatrixType&, int, Tensor3<T>&) [with T = double; MatrixType = Eigen::Block<const Eigen::Matrix<double, -1, -1>, -1, -1, true>](r1: 2, n: 2, r2: 4)  	 2.7771e-05	 1         	 0         	 0         	 0.00921825	 0         
<PITTS::Tensor3<double>> :: void PITTS::fold_left(const MatrixType&, int, Tensor3<T>&) [with T = double; MatrixType = Eigen::Block<const Eigen::Matrix<double, -1, -1>, -1, -1, true>](r1: 16, n: 2, r2: 8) 	 1.1771e-05	 1         	 0         	 0         	 0.347974  	 0         
<PITTS::Tensor3<double>> :: void PITTS::fold_left(const MatrixType&, int, Tensor3<T>&) [with T = double; MatrixType = Eigen::Block<const Eigen::Matrix<double, -1, -1>, -1, -1, true>](r1: 8, n: 2, r2: 4)  	 6.591e-06 	 1         	 0         	 0         	 0.155363  	 0         
<PITTS::Tensor3<double>> :: void PITTS::fold_left(const MatrixType&, int, Tensor3<T>&) [with T = double; MatrixType = Eigen::Block<const Eigen::Matrix<double, -1, -1>, -1, -1, true>](r1: 63, n: 2, r2: 32)	 5.62e-06  	 1         	 0         	 0         	 11.479    	 0         
<PITTS::Tensor3<double>> :: void PITTS::fold_left(const MatrixType&, int, Tensor3<T>&) [with T = double; MatrixType = Eigen::Block<const Eigen::Matrix<double, -1, -1>, -1, -1, true>](r1: 32, n: 2, r2: 16)	 4.66e-06  	 1         	 0         	 0         	 3.51588   	 0         
<PITTS::Tensor3<double>> :: void PITTS::fold_left(const MatrixType&, int, Tensor3<T>&) [with T = double; MatrixType = Eigen::Block<const Eigen::Matrix<double, -1, -1>, -1, -1, true>](r1: 4, n: 2, r2: 2)  	 7.6e-07   	 1         	 0         	 0         	 0.336842  	 0         
<PITTS::Tensor3<double>> :: void PITTS::fold_left(const MatrixType&, int, Tensor3<T>&) [with T = double; MatrixType = Eigen::Matrix<double, -1, -1>](r1: 2, n: 2, r2: 1)                                    	 5.8e-07   	 1         	 0         	 0         	 0.110345  	 0         
Timing statistics:
function                                                                                                                                                                              	 time [s]  	 #calls    
<PITTS::TensorTrain<double>> :: PITTS::TensorTrain<T> PITTS::fromDense_classical(Iter, Iter, const std::vector<int>&, T, int) [with Iter = const double*; T = double]                 	 677.649   	 1         
<PITTS::MultiVector<double>> :: void PITTS::randomize(MultiVector<T>&) [with T = double]                                                                                              	 0.645499  	 1         
<PITTS::Tensor3<double>> :: void PITTS::fold_left(const MatrixType&, int, Tensor3<T>&) [with T = double; MatrixType = Eigen::Block<const Eigen::Matrix<double, -1, -1>, -1, -1, true>]	 0.00542818	 29        
<PITTS::MultiVector<double>> :: void PITTS::MultiVector<T>::resize(long long int, long long int, bool, bool) [with T = double]                                                        	 0.000151075	 1         
<PITTS::Tensor3<double>> :: void PITTS::Tensor3<T>::resize(long long int, long long int, long long int, bool, bool) [with T = double]                                                 	 0.000107342	 60        
<PITTS::Tensor3<double>> :: void PITTS::fold_left(const MatrixType&, int, Tensor3<T>&) [with T = double; MatrixType = Eigen::Matrix<double, -1, -1>]                                  	 5.8e-07   	 1         
INFO: You are running LIKWID in a cpuset with 64 CPUs. Taking given IDs as logical ID in cpuset
[1;34m[pthread wrapper] 
[0m[1;34m[pthread wrapper] MAIN -> 0
[0m[1;34m[pthread wrapper] PIN_MASK: [0m[1;34m0->1  [0m[1;34m1->2  [0m[1;34m2->3  [0m[1;34m3->4  [0m[1;34m4->5  [0m[1;34m5->6  [0m[1;34m6->7  [0m[1;34m7->8  [0m[1;34m8->9  [0m[1;34m9->10  [0m[1;34m10->11  [0m[1;34m11->12  [0m[1;34m12->13  [0m[1;34m13->14  [0m[1;34m14->15  [0m[1;34m15->16  [0m[1;34m16->17  [0m[1;34m17->18  [0m[1;34m18->19  [0m[1;34m19->20  [0m[1;34m20->21  [0m[1;34m21->22  [0m[1;34m22->23  [0m[1;34m23->24  [0m[1;34m24->25  [0m[1;34m25->26  [0m[1;34m26->27  [0m[1;34m27->28  [0m[1;34m28->29  [0m[1;34m29->30  [0m[1;34m30->31  [0m[1;34m31->32  [0m[1;34m32->33  [0m[1;34m33->34  [0m[1;34m34->35  [0m[1;34m35->36  [0m[1;34m36->37  [0m[1;34m37->38  [0m[1;34m38->39  [0m[1;34m39->40  [0m[1;34m40->41  [0m[1;34m41->42  [0m[1;34m42->43  [0m[1;34m43->44  [0m[1;34m44->45  [0m[1;34m45->46  [0m[1;34m46->47  [0m[1;34m47->48  [0m[1;34m48->49  [0m[1;34m49->50  [0m[1;34m50->51  [0m[1;34m51->52  [0m[1;34m52->53  [0m[1;34m53->54  [0m[1;34m54->55  [0m[1;34m55->56  [0m[1;34m56->57  [0m[1;34m57->58  [0m[1;34m58->59  [0m[1;34m59->60  [0m[1;34m60->61  [0m[1;34m61->62  [0m[1;34m62->63  [0m[1;34m
[pthread wrapper] SKIP MASK: 0x0
[0m[1;34m	threadid 125115759044416 -> hwthread 1 - OK[0m[1;34m
[0m[1;34m	threadid 125115750647744 -> hwthread 2 - OK[0m[1;34m
[0m[1;34m	threadid 125115742251072 -> hwthread 3 - OK[0m[1;34m
[0m[1;34m	threadid 125115733854400 -> hwthread 4 - OK[0m[1;34m
[0m[1;34m	threadid 125115725457728 -> hwthread 5 - OK[0m[1;34m
[0m[1;34m	threadid 125115717061056 -> hwthread 6 - OK[0m[1;34m
[0m[1;34m	threadid 125115708664384 -> hwthread 7 - OK[0m[1;34m
[0m[1;34m	threadid 125115700267712 -> hwthread 8 - OK[0m[1;34m
[0m[1;34m	threadid 125115215899456 -> hwthread 9 - OK[0m[1;34m
[0m[1;34m	threadid 125115207502784 -> hwthread 10 - OK[0m[1;34m
[0m[1;34m	threadid 125115199106112 -> hwthread 11 - OK[0m[1;34m
[0m[1;34m	threadid 125115190709440 -> hwthread 12 - OK[0m[1;34m
[0m[1;34m	threadid 125115182312768 -> hwthread 13 - OK[0m[1;34m
[0m[1;34m	threadid 125115173916096 -> hwthread 14 - OK[0m[1;34m
[0m[1;34m	threadid 125115165519424 -> hwthread 15 - OK[0m[1;34m
[0m[1;34m	threadid 125114611920576 -> hwthread 16 - OK[0m[1;34m
[0m[1;34m	threadid 125114603523904 -> hwthread 17 - OK[0m[1;34m
[0m[1;34m	threadid 125114595127232 -> hwthread 18 - OK[0m[1;34m
[0m[1;34m	threadid 125114586730560 -> hwthread 19 - OK[0m[1;34m
[0m[1;34m	threadid 125114578333888 -> hwthread 20 - OK[0m[1;34m
[0m[1;34m	threadid 125114569937216 -> hwthread 21 - OK[0m[1;34m
[0m[1;34m	threadid 125114561540544 -> hwthread 22 - OK[0m[1;34m
[0m[1;34m	threadid 125114075050560 -> hwthread 23 - OK[0m[1;34m
[0m[1;34m	threadid 125114066653888 -> hwthread 24 - OK[0m[1;34m
[0m[1;34m	threadid 125114058257216 -> hwthread 25 - OK[0m[1;34m
[0m[1;34m	threadid 125114049860544 -> hwthread 26 - OK[0m[1;34m
[0m[1;34m	threadid 125114041463872 -> hwthread 27 - OK[0m[1;34m
[0m[1;34m	threadid 125114033067200 -> hwthread 28 - OK[0m[1;34m
[0m[1;34m	threadid 125114024670528 -> hwthread 29 - OK[0m[1;34m
[0m[1;34m	threadid 125113538180544 -> hwthread 30 - OK[0m[1;34m
[0m[1;34m	threadid 125113529783872 -> hwthread 31 - OK[0m[1;34m
[0m[1;34m	threadid 125113521387200 -> hwthread 32 - OK[0m[1;34m
[0m[1;34m	threadid 125113512986432 -> hwthread 33 - OK[0m[1;34m
[0m[1;34m	threadid 125113504585664 -> hwthread 34 - OK[0m[1;34m
[0m[1;34m	threadid 125113496184896 -> hwthread 35 - OK[0m[1;34m
[0m[1;34m	threadid 125113487784128 -> hwthread 36 - OK[0m[1;34m
[0m[1;34m	threadid 125113001306432 -> hwthread 37 - OK[0m[1;34m
[0m[1;34m	threadid 125112992905664 -> hwthread 38 - OK[0m[1;34m
[0m[1;34m	threadid 125112984504896 -> hwthread 39 - OK[0m[1;34m
[0m[1;34m	threadid 125112976104128 -> hwthread 40 - OK[0m[1;34m
[0m[1;34m	threadid 125112967703360 -> hwthread 41 - OK[0m[1;34m
[0m[1;34m	threadid 125112959302592 -> hwthread 42 - OK[0m[1;34m
[0m[1;34m	threadid 125112950901824 -> hwthread 43 - OK[0m[1;34m
[0m[1;34m	threadid 125112464436416 -> hwthread 44 - OK[0m[1;34m
[0m[1;34m	threadid 125112456035648 -> hwthread 45 - OK[0m[1;34m
[0m[1;34m	threadid 125112447634880 -> hwthread 46 - OK[0m[1;34m
[0m[1;34m	threadid 125112439234112 -> hwthread 47 - OK[0m[1;34m
[0m[1;34m	threadid 125112430833344 -> hwthread 48 - OK[0m[1;34m
[0m[1;34m	threadid 125112422432576 -> hwthread 49 - OK[0m[1;34m
[0m[1;34m	threadid 125112414031808 -> hwthread 50 - OK[0m[1;34m
[0m[1;34m	threadid 125111927566400 -> hwthread 51 - OK[0m[1;34m
[0m[1;34m	threadid 125111919165632 -> hwthread 52 - OK[0m[1;34m
[0m[1;34m	threadid 125111910764864 -> hwthread 53 - OK[0m[1;34m
[0m[1;34m	threadid 125111902364096 -> hwthread 54 - OK[0m[1;34m
[0m[1;34m	threadid 125111893963328 -> hwthread 55 - OK[0m[1;34m
[0m[1;34m	threadid 125111885562560 -> hwthread 56 - OK[0m[1;34m
[0m[1;34m	threadid 125111877161792 -> hwthread 57 - OK[0m[1;34m
[0m[1;34m	threadid 125111390696384 -> hwthread 58 - OK[0m[1;34m
[0m[1;34m	threadid 125111382295616 -> hwthread 59 - OK[0m[1;34m
[0m[1;34m	threadid 125111373894848 -> hwthread 60 - OK[0m[1;34m
[0m[1;34m	threadid 125111365494080 -> hwthread 61 - OK[0m[1;34m
[0m[1;34m	threadid 125111357093312 -> hwthread 62 - OK[0m[1;34m
[0m[1;34m	threadid 125111348692544 -> hwthread 63 - OK[0m[1;34m
[0m[1;34mRoundrobin placement triggered
	threadid 125111340291776 -> hwthread 0 - OK[0m[1;34m
[0m[1;34m	threadid 125110853826240 -> hwthread 1 - OK[0m[1;34m
[0mPITTS: version v0.9.6-2-g6da1bf0-dirty
PITTS: MPI #procs: 1
PITTS: OpenMP #threads: 64
PITTS: SIMD implementation: avx2
PITTS: Eigen SIMD implementation: AVX SSE, SSE2, SSE3, SSSE3, SSE4.1, SSE4.2
PITTS: cache sizes (L1/core, L2/core, L3/accessible) [byte]: (32768, 524288, 805306368)
PITTS: preprocessor definitions: PITTS_DIRECT_MKL_GEMM
Performance statistics:
function                                                                                                                                                                                                    	 time [s]  	 #calls    	 GFlop/s DP	 GFlop/s SP	 GByte/s   	Flops/Byte
<PITTS::MultiVector<double>> :: void PITTS::randomize(MultiVector<T>&) [with T = double](rows: 1073741824, cols: 1)                                                                                         	 0.669656  	 1         	 0         	 0         	 12.8274   	 0         
<PITTS::Tensor3<double>> :: void PITTS::fold_left(const MatrixType&, int, Tensor3<T>&) [with T = double; MatrixType = Eigen::Block<const Eigen::Matrix<double, -1, -1>, -1, -1, true>](r1: 64, n: 2, r2: 64)	 0.00469163	 18        	 0         	 0         	 0.502873  	 0         
<PITTS::Tensor3<double>> :: void PITTS::fold_left(const MatrixType&, int, Tensor3<T>&) [with T = double; MatrixType = Eigen::Block<const Eigen::Matrix<double, -1, -1>, -1, -1, true>](r1: 16, n: 2, r2: 32)	 0.000603299	 1         	 0         	 0         	 0.0271573 	 0         
<PITTS::Tensor3<double>> :: void PITTS::fold_left(const MatrixType&, int, Tensor3<T>&) [with T = double; MatrixType = Eigen::Block<const Eigen::Matrix<double, -1, -1>, -1, -1, true>](r1: 32, n: 2, r2: 64)	 0.000570299	 1         	 0         	 0         	 0.114915  	 0         
<PITTS::Tensor3<double>> :: void PITTS::fold_left(const MatrixType&, int, Tensor3<T>&) [with T = double; MatrixType = Eigen::Block<const Eigen::Matrix<double, -1, -1>, -1, -1, true>](r1: 2, n: 2, r2: 4)  	 4.2271e-05	 1         	 0         	 0         	 0.00605616	 0         
<PITTS::Tensor3<double>> :: void PITTS::fold_left(const MatrixType&, int, Tensor3<T>&) [with T = double; MatrixType = Eigen::Block<const Eigen::Matrix<double, -1, -1>, -1, -1, true>](r1: 1, n: 2, r2: 2)  	 3.7402e-05	 1         	 0         	 0         	 0.00171114	 0         
<PITTS::Tensor3<double>> :: void PITTS::fold_left(const MatrixType&, int, Tensor3<T>&) [with T = double; MatrixType = Eigen::Block<const Eigen::Matrix<double, -1, -1>, -1, -1, true>](r1: 8, n: 2, r2: 16) 	 3.5242e-05	 1         	 0         	 0         	 0.116225  	 0         
<PITTS::Tensor3<double>> :: void PITTS::fold_left(const MatrixType&, int, Tensor3<T>&) [with T = double; MatrixType = Eigen::Block<const Eigen::Matrix<double, -1, -1>, -1, -1, true>](r1: 4, n: 2, r2: 8)  	 3.0881e-05	 1         	 0         	 0         	 0.0331595 	 0         
<PITTS::Tensor3<double>> :: void PITTS::fold_left(const MatrixType&, int, Tensor3<T>&) [with T = double; MatrixType = Eigen::Block<const Eigen::Matrix<double, -1, -1>, -1, -1, true>](r1: 16, n: 2, r2: 8) 	 1.3661e-05	 1         	 0         	 0         	 0.299832  	 0         
<PITTS::Tensor3<double>> :: void PITTS::fold_left(const MatrixType&, int, Tensor3<T>&) [with T = double; MatrixType = Eigen::Block<const Eigen::Matrix<double, -1, -1>, -1, -1, true>](r1: 8, n: 2, r2: 4)  	 9.51e-06  	 1         	 0         	 0         	 0.107676  	 0         
<PITTS::Tensor3<double>> :: void PITTS::fold_left(const MatrixType&, int, Tensor3<T>&) [with T = double; MatrixType = Eigen::Block<const Eigen::Matrix<double, -1, -1>, -1, -1, true>](r1: 64, n: 2, r2: 32)	 5.9e-06   	 1         	 0         	 0         	 11.1078   	 0         
<PITTS::Tensor3<double>> :: void PITTS::fold_left(const MatrixType&, int, Tensor3<T>&) [with T = double; MatrixType = Eigen::Block<const Eigen::Matrix<double, -1, -1>, -1, -1, true>](r1: 32, n: 2, r2: 16)	 4.57e-06  	 1         	 0         	 0         	 3.58512   	 0         
<PITTS::Tensor3<double>> :: void PITTS::fold_left(const MatrixType&, int, Tensor3<T>&) [with T = double; MatrixType = Eigen::Block<const Eigen::Matrix<double, -1, -1>, -1, -1, true>](r1: 4, n: 2, r2: 2)  	 8.2e-07   	 1         	 0         	 0         	 0.312195  	 0         
<PITTS::Tensor3<double>> :: void PITTS::fold_left(const MatrixType&, int, Tensor3<T>&) [with T = double; MatrixType = Eigen::Matrix<double, -1, -1>](r1: 2, n: 2, r2: 1)                                    	 5.8e-07   	 1         	 0         	 0         	 0.110345  	 0         
Timing statistics:
function                                                                                                                                                                              	 time [s]  	 #calls    
<PITTS::TensorTrain<double>> :: PITTS::TensorTrain<T> PITTS::fromDense_classical(Iter, Iter, const std::vector<int>&, T, int) [with Iter = const double*; T = double]                 	 661.729   	 1         
<PITTS::MultiVector<double>> :: void PITTS::randomize(MultiVector<T>&) [with T = double]                                                                                              	 0.669656  	 1         
<PITTS::Tensor3<double>> :: void PITTS::fold_left(const MatrixType&, int, Tensor3<T>&) [with T = double; MatrixType = Eigen::Block<const Eigen::Matrix<double, -1, -1>, -1, -1, true>]	 0.00604549	 29        
<PITTS::MultiVector<double>> :: void PITTS::MultiVector<T>::resize(long long int, long long int, bool, bool) [with T = double]                                                        	 0.000149455	 1         
<PITTS::Tensor3<double>> :: void PITTS::Tensor3<T>::resize(long long int, long long int, long long int, bool, bool) [with T = double]                                                 	 9.9723e-05	 60        
<PITTS::Tensor3<double>> :: void PITTS::fold_left(const MatrixType&, int, Tensor3<T>&) [with T = double; MatrixType = Eigen::Matrix<double, -1, -1>]                                  	 5.8e-07   	 1         
INFO: You are running LIKWID in a cpuset with 64 CPUs. Taking given IDs as logical ID in cpuset
[1;34m[pthread wrapper] 
[0m[1;34m[pthread wrapper] MAIN -> 0
[0m[1;34m[pthread wrapper] PIN_MASK: [0m[1;34m0->1  [0m[1;34m1->2  [0m[1;34m2->3  [0m[1;34m3->4  [0m[1;34m4->5  [0m[1;34m5->6  [0m[1;34m6->7  [0m[1;34m7->8  [0m[1;34m8->9  [0m[1;34m9->10  [0m[1;34m10->11  [0m[1;34m11->12  [0m[1;34m12->13  [0m[1;34m13->14  [0m[1;34m14->15  [0m[1;34m15->16  [0m[1;34m16->17  [0m[1;34m17->18  [0m[1;34m18->19  [0m[1;34m19->20  [0m[1;34m20->21  [0m[1;34m21->22  [0m[1;34m22->23  [0m[1;34m23->24  [0m[1;34m24->25  [0m[1;34m25->26  [0m[1;34m26->27  [0m[1;34m27->28  [0m[1;34m28->29  [0m[1;34m29->30  [0m[1;34m30->31  [0m[1;34m31->32  [0m[1;34m32->33  [0m[1;34m33->34  [0m[1;34m34->35  [0m[1;34m35->36  [0m[1;34m36->37  [0m[1;34m37->38  [0m[1;34m38->39  [0m[1;34m39->40  [0m[1;34m40->41  [0m[1;34m41->42  [0m[1;34m42->43  [0m[1;34m43->44  [0m[1;34m44->45  [0m[1;34m45->46  [0m[1;34m46->47  [0m[1;34m47->48  [0m[1;34m48->49  [0m[1;34m49->50  [0m[1;34m50->51  [0m[1;34m51->52  [0m[1;34m52->53  [0m[1;34m53->54  [0m[1;34m54->55  [0m[1;34m55->56  [0m[1;34m56->57  [0m[1;34m57->58  [0m[1;34m58->59  [0m[1;34m59->60  [0m[1;34m60->61  [0m[1;34m61->62  [0m[1;34m62->63  [0m[1;34m
[pthread wrapper] SKIP MASK: 0x0
[0m[1;34m	threadid 123606799460160 -> hwthread 1 - OK[0m[1;34m
[0m[1;34m	threadid 123606791063488 -> hwthread 2 - OK[0m[1;34m
[0m[1;34m	threadid 123606782666816 -> hwthread 3 - OK[0m[1;34m
[0m[1;34m	threadid 123606774270144 -> hwthread 4 - OK[0m[1;34m
[0m[1;34m	threadid 123606765873472 -> hwthread 5 - OK[0m[1;34m
[0m[1;34m	threadid 123606757476800 -> hwthread 6 - OK[0m[1;34m
[0m[1;34m	threadid 123606407309888 -> hwthread 7 - OK[0m[1;34m
[0m[1;34m	threadid 123606398913216 -> hwthread 8 - OK[0m[1;34m
[0m[1;34m	threadid 123606390516544 -> hwthread 9 - OK[0m[1;34m
[0m[1;34m	threadid 123606382119872 -> hwthread 10 - OK[0m[1;34m
[0m[1;34m	threadid 123606373723200 -> hwthread 11 - OK[0m[1;34m
[0m[1;34m	threadid 123606365326528 -> hwthread 12 - OK[0m[1;34m
[0m[1;34m	threadid 123606356929856 -> hwthread 13 - OK[0m[1;34m
[0m[1;34m	threadid 123605803331008 -> hwthread 14 - OK[0m[1;34m
[0m[1;34m	threadid 123605794934336 -> hwthread 15 - OK[0m[1;34m
[0m[1;34m	threadid 123605786537664 -> hwthread 16 - OK[0m[1;34m
[0m[1;34m	threadid 123605778140992 -> hwthread 17 - OK[0m[1;34m
[0m[1;34m	threadid 123605769744320 -> hwthread 18 - OK[0m[1;34m
[0m[1;34m	threadid 123605761347648 -> hwthread 19 - OK[0m[1;34m
[0m[1;34m	threadid 123605752950976 -> hwthread 20 - OK[0m[1;34m
[0m[1;34m	threadid 123605266460992 -> hwthread 21 - OK[0m[1;34m
[0m[1;34m	threadid 123605258064320 -> hwthread 22 - OK[0m[1;34m
[0m[1;34m	threadid 123605249667648 -> hwthread 23 - OK[0m[1;34m
[0m[1;34m	threadid 123605241270976 -> hwthread 24 - OK[0m[1;34m
[0m[1;34m	threadid 123605232874304 -> hwthread 25 - OK[0m[1;34m
[0m[1;34m	threadid 123605224477632 -> hwthread 26 - OK[0m[1;34m
[0m[1;34m	threadid 123605216080960 -> hwthread 27 - OK[0m[1;34m
[0m[1;34m	threadid 123604729590976 -> hwthread 28 - OK[0m[1;34m
[0m[1;34m	threadid 123604721194304 -> hwthread 29 - OK[0m[1;34m
[0m[1;34m	threadid 123604712797632 -> hwthread 30 - OK[0m[1;34m
[0m[1;34m	threadid 123604704400960 -> hwthread 31 - OK[0m[1;34m
[0m[1;34m	threadid 123604696004288 -> hwthread 32 - OK[0m[1;34m
[0m[1;34m	threadid 123604687603520 -> hwthread 33 - OK[0m[1;34m
[0m[1;34m	threadid 123604679202752 -> hwthread 34 - OK[0m[1;34m
[0m[1;34m	threadid 123604192716864 -> hwthread 35 - OK[0m[1;34m
[0m[1;34m	threadid 123604184316096 -> hwthread 36 - OK[0m[1;34m
[0m[1;34m	threadid 123604175915328 -> hwthread 37 - OK[0m[1;34m
[0m[1;34m	threadid 123604167514560 -> hwthread 38 - OK[0m[1;34m
[0m[1;34m	threadid 123604159113792 -> hwthread 39 - OK[0m[1;34m
[0m[1;34m	threadid 123604150713024 -> hwthread 40 - OK[0m[1;34m
[0m[1;34m	threadid 123604142312256 -> hwthread 41 - OK[0m[1;34m
[0m[1;34m	threadid 123603655846848 -> hwthread 42 - OK[0m[1;34m
[0m[1;34m	threadid 123603647446080 -> hwthread 43 - OK[0m[1;34m
[0m[1;34m	threadid 123603639045312 -> hwthread 44 - OK[0m[1;34m
[0m[1;34m	threadid 123603630644544 -> hwthread 45 - OK[0m[1;34m
[0m[1;34m	threadid 123603622243776 -> hwthread 46 - OK[0m[1;34m
[0m[1;34m	threadid 123603613843008 -> hwthread 47 - OK[0m[1;34m
[0m[1;34m	threadid 123603605442240 -> hwthread 48 - OK[0m[1;34m
[0m[1;34m	threadid 123603118976832 -> hwthread 49 - OK[0m[1;34m
[0m[1;34m	threadid 123603110576064 -> hwthread 50 - OK[0m[1;34m
[0m[1;34m	threadid 123603102175296 -> hwthread 51 - OK[0m[1;34m
[0m[1;34m	threadid 123603093774528 -> hwthread 52 - OK[0m[1;34m
[0m[1;34m	threadid 123603085373760 -> hwthread 53 - OK[0m[1;34m
[0m[1;34m	threadid 123603076972992 -> hwthread 54 - OK[0m[1;34m
[0m[1;34m	threadid 123603068572224 -> hwthread 55 - OK[0m[1;34m
[0m[1;34m	threadid 123602582106816 -> hwthread 56 - OK[0m[1;34m
[0m[1;34m	threadid 123602573706048 -> hwthread 57 - OK[0m[1;34m
[0m[1;34m	threadid 123602565305280 -> hwthread 58 - OK[0m[1;34m
[0m[1;34m	threadid 123602556904512 -> hwthread 59 - OK[0m[1;34m
[0m[1;34m	threadid 123602548503744 -> hwthread 60 - OK[0m[1;34m
[0m[1;34m	threadid 123602540102976 -> hwthread 61 - OK[0m[1;34m
[0m[1;34m	threadid 123602531702208 -> hwthread 62 - OK[0m[1;34m
[0m[1;34m	threadid 123602045236800 -> hwthread 63 - OK[0m[1;34m
[0m[1;34mRoundrobin placement triggered
	threadid 123602036836032 -> hwthread 0 - OK[0m[1;34m
[0m[1;34m	threadid 123602028443328 -> hwthread 1 - OK[0m[1;34m
[0mPITTS: version v0.9.6-2-g6da1bf0-dirty
PITTS: MPI #procs: 1
PITTS: OpenMP #threads: 64
PITTS: SIMD implementation: avx2
PITTS: Eigen SIMD implementation: AVX SSE, SSE2, SSE3, SSSE3, SSE4.1, SSE4.2
PITTS: cache sizes (L1/core, L2/core, L3/accessible) [byte]: (32768, 524288, 805306368)
PITTS: preprocessor definitions: PITTS_DIRECT_MKL_GEMM
Performance statistics:
function                                                                                                                                                                                                    	 time [s]  	 #calls    	 GFlop/s DP	 GFlop/s SP	 GByte/s   	Flops/Byte
<PITTS::MultiVector<double>> :: void PITTS::randomize(MultiVector<T>&) [with T = double](rows: 1073741824, cols: 1)                                                                                         	 0.621632  	 1         	 0         	 0         	 13.8184   	 0         
<PITTS::Tensor3<double>> :: void PITTS::fold_left(const MatrixType&, int, Tensor3<T>&) [with T = double; MatrixType = Eigen::Block<const Eigen::Matrix<double, -1, -1>, -1, -1, true>](r1: 65, n: 2, r2: 65)	 0.00418134	 16        	 0         	 0         	 0.517345  	 0         
<PITTS::Tensor3<double>> :: void PITTS::fold_left(const MatrixType&, int, Tensor3<T>&) [with T = double; MatrixType = Eigen::Block<const Eigen::Matrix<double, -1, -1>, -1, -1, true>](r1: 32, n: 2, r2: 64)	 0.00092218	 1         	 0         	 0         	 0.0710664 	 0         
<PITTS::Tensor3<double>> :: void PITTS::fold_left(const MatrixType&, int, Tensor3<T>&) [with T = double; MatrixType = Eigen::Block<const Eigen::Matrix<double, -1, -1>, -1, -1, true>](r1: 16, n: 2, r2: 32)	 0.000868507	 1         	 0         	 0         	 0.0188646 	 0         
<PITTS::Tensor3<double>> :: void PITTS::fold_left(const MatrixType&, int, Tensor3<T>&) [with T = double; MatrixType = Eigen::Block<const Eigen::Matrix<double, -1, -1>, -1, -1, true>](r1: 64, n: 2, r2: 65)	 0.000794745	 1         	 0         	 0         	 0.1675    	 0         
<PITTS::Tensor3<double>> :: void PITTS::fold_left(const MatrixType&, int, Tensor3<T>&) [with T = double; MatrixType = Eigen::Block<const Eigen::Matrix<double, -1, -1>, -1, -1, true>](r1: 2, n: 2, r2: 4)  	 4.0551e-05	 1         	 0         	 0         	 0.00631304	 0         
<PITTS::Tensor3<double>> :: void PITTS::fold_left(const MatrixType&, int, Tensor3<T>&) [with T = double; MatrixType = Eigen::Block<const Eigen::Matrix<double, -1, -1>, -1, -1, true>](r1: 1, n: 2, r2: 2)  	 3.7001e-05	 1         	 0         	 0         	 0.00172968	 0         
<PITTS::Tensor3<double>> :: void PITTS::fold_left(const MatrixType&, int, Tensor3<T>&) [with T = double; MatrixType = Eigen::Block<const Eigen::Matrix<double, -1, -1>, -1, -1, true>](r1: 4, n: 2, r2: 8)  	 3.2771e-05	 1         	 0         	 0         	 0.0312471 	 0         
<PITTS::Tensor3<double>> :: void PITTS::fold_left(const MatrixType&, int, Tensor3<T>&) [with T = double; MatrixType = Eigen::Block<const Eigen::Matrix<double, -1, -1>, -1, -1, true>](r1: 8, n: 2, r2: 16) 	 3.0541e-05	 1         	 0         	 0         	 0.134115  	 0         
<PITTS::Tensor3<double>> :: void PITTS::fold_left(const MatrixType&, int, Tensor3<T>&) [with T = double; MatrixType = Eigen::Block<const Eigen::Matrix<double, -1, -1>, -1, -1, true>](r1: 16, n: 2, r2: 8) 	 1.272e-05 	 1         	 0         	 0         	 0.322013  	 0         
<PITTS::Tensor3<double>> :: void PITTS::fold_left(const MatrixType&, int, Tensor3<T>&) [with T = double; MatrixType = Eigen::Block<const Eigen::Matrix<double, -1, -1>, -1, -1, true>](r1: 8, n: 2, r2: 4)  	 8.53e-06  	 1         	 0         	 0         	 0.120047  	 0         
<PITTS::Tensor3<double>> :: void PITTS::fold_left(const MatrixType&, int, Tensor3<T>&) [with T = double; MatrixType = Eigen::Block<const Eigen::Matrix<double, -1, -1>, -1, -1, true>](r1: 65, n: 2, r2: 64)	 8.39e-06  	 1         	 0         	 0         	 15.8665   	 0         
<PITTS::Tensor3<double>> :: void PITTS::fold_left(const MatrixType&, int, Tensor3<T>&) [with T = double; MatrixType = Eigen::Block<const Eigen::Matrix<double, -1, -1>, -1, -1, true>](r1: 64, n: 2, r2: 32)	 5.531e-06 	 1         	 0         	 0         	 11.8489   	 0         
<PITTS::Tensor3<double>> :: void PITTS::fold_left(const MatrixType&, int, Tensor3<T>&) [with T = double; MatrixType = Eigen::Block<const Eigen::Matrix<double, -1, -1>, -1, -1, true>](r1: 32, n: 2, r2: 16)	 4.38e-06  	 1         	 0         	 0         	 3.74064   	 0         
<PITTS::Tensor3<double>> :: void PITTS::fold_left(const MatrixType&, int, Tensor3<T>&) [with T = double; MatrixType = Eigen::Block<const Eigen::Matrix<double, -1, -1>, -1, -1, true>](r1: 4, n: 2, r2: 2)  	 1.03e-06  	 1         	 0         	 0         	 0.248544  	 0         
<PITTS::Tensor3<double>> :: void PITTS::fold_left(const MatrixType&, int, Tensor3<T>&) [with T = double; MatrixType = Eigen::Matrix<double, -1, -1>](r1: 2, n: 2, r2: 1)                                    	 4.1e-07   	 1         	 0         	 0         	 0.156098  	 0         
Timing statistics:
function                                                                                                                                                                              	 time [s]  	 #calls    
<PITTS::TensorTrain<double>> :: PITTS::TensorTrain<T> PITTS::fromDense_classical(Iter, Iter, const std::vector<int>&, T, int) [with Iter = const double*; T = double]                 	 593.136   	 1         
<PITTS::MultiVector<double>> :: void PITTS::randomize(MultiVector<T>&) [with T = double]                                                                                              	 0.621632  	 1         
<PITTS::Tensor3<double>> :: void PITTS::fold_left(const MatrixType&, int, Tensor3<T>&) [with T = double; MatrixType = Eigen::Block<const Eigen::Matrix<double, -1, -1>, -1, -1, true>]	 0.00694822	 29        
<PITTS::MultiVector<double>> :: void PITTS::MultiVector<T>::resize(long long int, long long int, bool, bool) [with T = double]                                                        	 0.000150945	 1         
<PITTS::Tensor3<double>> :: void PITTS::Tensor3<T>::resize(long long int, long long int, long long int, bool, bool) [with T = double]                                                 	 8.9684e-05	 60        
<PITTS::Tensor3<double>> :: void PITTS::fold_left(const MatrixType&, int, Tensor3<T>&) [with T = double; MatrixType = Eigen::Matrix<double, -1, -1>]                                  	 4.1e-07   	 1         
INFO: You are running LIKWID in a cpuset with 64 CPUs. Taking given IDs as logical ID in cpuset
[1;34m[pthread wrapper] 
[0m[1;34m[pthread wrapper] MAIN -> 0
[0m[1;34m[pthread wrapper] PIN_MASK: [0m[1;34m0->1  [0m[1;34m1->2  [0m[1;34m2->3  [0m[1;34m3->4  [0m[1;34m4->5  [0m[1;34m5->6  [0m[1;34m6->7  [0m[1;34m7->8  [0m[1;34m8->9  [0m[1;34m9->10  [0m[1;34m10->11  [0m[1;34m11->12  [0m[1;34m12->13  [0m[1;34m13->14  [0m[1;34m14->15  [0m[1;34m15->16  [0m[1;34m16->17  [0m[1;34m17->18  [0m[1;34m18->19  [0m[1;34m19->20  [0m[1;34m20->21  [0m[1;34m21->22  [0m[1;34m22->23  [0m[1;34m23->24  [0m[1;34m24->25  [0m[1;34m25->26  [0m[1;34m26->27  [0m[1;34m27->28  [0m[1;34m28->29  [0m[1;34m29->30  [0m[1;34m30->31  [0m[1;34m31->32  [0m[1;34m32->33  [0m[1;34m33->34  [0m[1;34m34->35  [0m[1;34m35->36  [0m[1;34m36->37  [0m[1;34m37->38  [0m[1;34m38->39  [0m[1;34m39->40  [0m[1;34m40->41  [0m[1;34m41->42  [0m[1;34m42->43  [0m[1;34m43->44  [0m[1;34m44->45  [0m[1;34m45->46  [0m[1;34m46->47  [0m[1;34m47->48  [0m[1;34m48->49  [0m[1;34m49->50  [0m[1;34m50->51  [0m[1;34m51->52  [0m[1;34m52->53  [0m[1;34m53->54  [0m[1;34m54->55  [0m[1;34m55->56  [0m[1;34m56->57  [0m[1;34m57->58  [0m[1;34m58->59  [0m[1;34m59->60  [0m[1;34m60->61  [0m[1;34m61->62  [0m[1;34m62->63  [0m[1;34m
[pthread wrapper] SKIP MASK: 0x0
[0m[1;34m	threadid 137619821279040 -> hwthread 1 - OK[0m[1;34m
[0m[1;34m	threadid 137619812882368 -> hwthread 2 - OK[0m[1;34m
[0m[1;34m	threadid 137619804485696 -> hwthread 3 - OK[0m[1;34m
[0m[1;34m	threadid 137619796089024 -> hwthread 4 - OK[0m[1;34m
[0m[1;34m	threadid 137619787692352 -> hwthread 5 - OK[0m[1;34m
[0m[1;34m	threadid 137619779295680 -> hwthread 6 - OK[0m[1;34m
[0m[1;34m	threadid 137619770899008 -> hwthread 7 - OK[0m[1;34m
[0m[1;34m	threadid 137619762502336 -> hwthread 8 - OK[0m[1;34m
[0m[1;34m	threadid 137619754105664 -> hwthread 9 - OK[0m[1;34m
[0m[1;34m	threadid 137619207875520 -> hwthread 10 - OK[0m[1;34m
[0m[1;34m	threadid 137619199478848 -> hwthread 11 - OK[0m[1;34m
[0m[1;34m	threadid 137619191082176 -> hwthread 12 - OK[0m[1;34m
[0m[1;34m	threadid 137619182685504 -> hwthread 13 - OK[0m[1;34m
[0m[1;34m	threadid 137619174288832 -> hwthread 14 - OK[0m[1;34m
[0m[1;34m	threadid 137619165892160 -> hwthread 15 - OK[0m[1;34m
[0m[1;34m	threadid 137619157495488 -> hwthread 16 - OK[0m[1;34m
[0m[1;34m	threadid 137618603896640 -> hwthread 17 - OK[0m[1;34m
[0m[1;34m	threadid 137618595499968 -> hwthread 18 - OK[0m[1;34m
[0m[1;34m	threadid 137618587103296 -> hwthread 19 - OK[0m[1;34m
[0m[1;34m	threadid 137618578706624 -> hwthread 20 - OK[0m[1;34m
[0m[1;34m	threadid 137618570309952 -> hwthread 21 - OK[0m[1;34m
[0m[1;34m	threadid 137618561913280 -> hwthread 22 - OK[0m[1;34m
[0m[1;34m	threadid 137618553516608 -> hwthread 23 - OK[0m[1;34m
[0m[1;34m	threadid 137618067026624 -> hwthread 24 - OK[0m[1;34m
[0m[1;34m	threadid 137618058629952 -> hwthread 25 - OK[0m[1;34m
[0m[1;34m	threadid 137618050233280 -> hwthread 26 - OK[0m[1;34m
[0m[1;34m	threadid 137618041836608 -> hwthread 27 - OK[0m[1;34m
[0m[1;34m	threadid 137618033439936 -> hwthread 28 - OK[0m[1;34m
[0m[1;34m	threadid 137618025043264 -> hwthread 29 - OK[0m[1;34m
[0m[1;34m	threadid 137618016646592 -> hwthread 30 - OK[0m[1;34m
[0m[1;34m	threadid 137617530156608 -> hwthread 31 - OK[0m[1;34m
[0m[1;34m	threadid 137617521759936 -> hwthread 32 - OK[0m[1;34m
[0m[1;34m	threadid 137617513359168 -> hwthread 33 - OK[0m[1;34m
[0m[1;34m	threadid 137617504958400 -> hwthread 34 - OK[0m[1;34m
[0m[1;34m	threadid 137617496557632 -> hwthread 35 - OK[0m[1;34m
[0m[1;34m	threadid 137617488156864 -> hwthread 36 - OK[0m[1;34m
[0m[1;34m	threadid 137617479756096 -> hwthread 37 - OK[0m[1;34m
[0m[1;34m	threadid 137616993282496 -> hwthread 38 - OK[0m[1;34m
[0m[1;34m	threadid 137616984881728 -> hwthread 39 - OK[0m[1;34m
[0m[1;34m	threadid 137616976480960 -> hwthread 40 - OK[0m[1;34m
[0m[1;34m	threadid 137616968080192 -> hwthread 41 - OK[0m[1;34m
[0m[1;34m	threadid 137616959679424 -> hwthread 42 - OK[0m[1;34m
[0m[1;34m	threadid 137616951278656 -> hwthread 43 - OK[0m[1;34m
[0m[1;34m	threadid 137616942877888 -> hwthread 44 - OK[0m[1;34m
[0m[1;34m	threadid 137616456412480 -> hwthread 45 - OK[0m[1;34m
[0m[1;34m	threadid 137616448011712 -> hwthread 46 - OK[0m[1;34m
[0m[1;34m	threadid 137616439610944 -> hwthread 47 - OK[0m[1;34m
[0m[1;34m	threadid 137616431210176 -> hwthread 48 - OK[0m[1;34m
[0m[1;34m	threadid 137616422809408 -> hwthread 49 - OK[0m[1;34m
[0m[1;34m	threadid 137616414408640 -> hwthread 50 - OK[0m[1;34m
[0m[1;34m	threadid 137616406007872 -> hwthread 51 - OK[0m[1;34m
[0m[1;34m	threadid 137615919542464 -> hwthread 52 - OK[0m[1;34m
[0m[1;34m	threadid 137615911141696 -> hwthread 53 - OK[0m[1;34m
[0m[1;34m	threadid 137615902740928 -> hwthread 54 - OK[0m[1;34m
[0m[1;34m	threadid 137615894340160 -> hwthread 55 - OK[0m[1;34m
[0m[1;34m	threadid 137615885939392 -> hwthread 56 - OK[0m[1;34m
[0m[1;34m	threadid 137615877538624 -> hwthread 57 - OK[0m[1;34m
[0m[1;34m	threadid 137615869137856 -> hwthread 58 - OK[0m[1;34m
[0m[1;34m	threadid 137615382672448 -> hwthread 59 - OK[0m[1;34m
[0m[1;34m	threadid 137615374271680 -> hwthread 60 - OK[0m[1;34m
[0m[1;34m	threadid 137615365870912 -> hwthread 61 - OK[0m[1;34m
[0m[1;34m	threadid 137615357470144 -> hwthread 62 - OK[0m[1;34m
[0m[1;34m	threadid 137615349069376 -> hwthread 63 - OK[0m[1;34m
[0m[1;34mRoundrobin placement triggered
	threadid 137615340668608 -> hwthread 0 - OK[0m[1;34m
[0m[1;34m	threadid 137615332275904 -> hwthread 1 - OK[0m[1;34m
[0mPITTS: version v0.9.6-2-g6da1bf0-dirty
PITTS: MPI #procs: 1
PITTS: OpenMP #threads: 64
PITTS: SIMD implementation: avx2
PITTS: Eigen SIMD implementation: AVX SSE, SSE2, SSE3, SSSE3, SSE4.1, SSE4.2
PITTS: cache sizes (L1/core, L2/core, L3/accessible) [byte]: (32768, 524288, 805306368)
PITTS: preprocessor definitions: PITTS_DIRECT_MKL_GEMM
Performance statistics:
function                                                                                                                                                                                                    	 time [s]  	 #calls    	 GFlop/s DP	 GFlop/s SP	 GByte/s   	Flops/Byte
<PITTS::MultiVector<double>> :: void PITTS::randomize(MultiVector<T>&) [with T = double](rows: 1073741824, cols: 1)                                                                                         	 0.619449  	 1         	 0         	 0         	 13.8671   	 0         
<PITTS::Tensor3<double>> :: void PITTS::fold_left(const MatrixType&, int, Tensor3<T>&) [with T = double; MatrixType = Eigen::Block<const Eigen::Matrix<double, -1, -1>, -1, -1, true>](r1: 66, n: 2, r2: 66)	 0.00362236	 16        	 0         	 0         	 0.615696  	 0         
<PITTS::Tensor3<double>> :: void PITTS::fold_left(const MatrixType&, int, Tensor3<T>&) [with T = double; MatrixType = Eigen::Block<const Eigen::Matrix<double, -1, -1>, -1, -1, true>](r1: 16, n: 2, r2: 32)	 0.000785125	 1         	 0         	 0         	 0.020868  	 0         
<PITTS::Tensor3<double>> :: void PITTS::fold_left(const MatrixType&, int, Tensor3<T>&) [with T = double; MatrixType = Eigen::Block<const Eigen::Matrix<double, -1, -1>, -1, -1, true>](r1: 64, n: 2, r2: 66)	 0.000723673	 1         	 0         	 0         	 0.18678   	 0         
<PITTS::Tensor3<double>> :: void PITTS::fold_left(const MatrixType&, int, Tensor3<T>&) [with T = double; MatrixType = Eigen::Block<const Eigen::Matrix<double, -1, -1>, -1, -1, true>](r1: 32, n: 2, r2: 64)	 0.000673191	 1         	 0         	 0         	 0.0973513 	 0         
<PITTS::Tensor3<double>> :: void PITTS::fold_left(const MatrixType&, int, Tensor3<T>&) [with T = double; MatrixType = Eigen::Block<const Eigen::Matrix<double, -1, -1>, -1, -1, true>](r1: 1, n: 2, r2: 2)  	 3.7001e-05	 1         	 0         	 0         	 0.00172968	 0         
<PITTS::Tensor3<double>> :: void PITTS::fold_left(const MatrixType&, int, Tensor3<T>&) [with T = double; MatrixType = Eigen::Block<const Eigen::Matrix<double, -1, -1>, -1, -1, true>](r1: 2, n: 2, r2: 4)  	 2.9551e-05	 1         	 0         	 0         	 0.00866299	 0         
<PITTS::Tensor3<double>> :: void PITTS::fold_left(const MatrixType&, int, Tensor3<T>&) [with T = double; MatrixType = Eigen::Block<const Eigen::Matrix<double, -1, -1>, -1, -1, true>](r1: 4, n: 2, r2: 8)  	 2.657e-05 	 1         	 0         	 0         	 0.0385397 	 0         
<PITTS::Tensor3<double>> :: void PITTS::fold_left(const MatrixType&, int, Tensor3<T>&) [with T = double; MatrixType = Eigen::Block<const Eigen::Matrix<double, -1, -1>, -1, -1, true>](r1: 8, n: 2, r2: 16) 	 2.5431e-05	 1         	 0         	 0         	 0.161063  	 0         
<PITTS::Tensor3<double>> :: void PITTS::fold_left(const MatrixType&, int, Tensor3<T>&) [with T = double; MatrixType = Eigen::Block<const Eigen::Matrix<double, -1, -1>, -1, -1, true>](r1: 16, n: 2, r2: 8) 	 1.249e-05 	 1         	 0         	 0         	 0.327942  	 0         
<PITTS::Tensor3<double>> :: void PITTS::fold_left(const MatrixType&, int, Tensor3<T>&) [with T = double; MatrixType = Eigen::Block<const Eigen::Matrix<double, -1, -1>, -1, -1, true>](r1: 66, n: 2, r2: 64)	 8.441e-06 	 1         	 0         	 0         	 16.0133   	 0         
<PITTS::Tensor3<double>> :: void PITTS::fold_left(const MatrixType&, int, Tensor3<T>&) [with T = double; MatrixType = Eigen::Block<const Eigen::Matrix<double, -1, -1>, -1, -1, true>](r1: 64, n: 2, r2: 32)	 5.36e-06  	 1         	 0         	 0         	 12.2269   	 0         
<PITTS::Tensor3<double>> :: void PITTS::fold_left(const MatrixType&, int, Tensor3<T>&) [with T = double; MatrixType = Eigen::Block<const Eigen::Matrix<double, -1, -1>, -1, -1, true>](r1: 32, n: 2, r2: 16)	 4.57e-06  	 1         	 0         	 0         	 3.58512   	 0         
<PITTS::Tensor3<double>> :: void PITTS::fold_left(const MatrixType&, int, Tensor3<T>&) [with T = double; MatrixType = Eigen::Block<const Eigen::Matrix<double, -1, -1>, -1, -1, true>](r1: 8, n: 2, r2: 4)  	 3.91e-06  	 1         	 0         	 0         	 0.261893  	 0         
<PITTS::Tensor3<double>> :: void PITTS::fold_left(const MatrixType&, int, Tensor3<T>&) [with T = double; MatrixType = Eigen::Block<const Eigen::Matrix<double, -1, -1>, -1, -1, true>](r1: 4, n: 2, r2: 2)  	 9.8e-07   	 1         	 0         	 0         	 0.261224  	 0         
<PITTS::Tensor3<double>> :: void PITTS::fold_left(const MatrixType&, int, Tensor3<T>&) [with T = double; MatrixType = Eigen::Matrix<double, -1, -1>](r1: 2, n: 2, r2: 1)                                    	 4.8e-07   	 1         	 0         	 0         	 0.133333  	 0         
Timing statistics:
function                                                                                                                                                                              	 time [s]  	 #calls    
<PITTS::TensorTrain<double>> :: PITTS::TensorTrain<T> PITTS::fromDense_classical(Iter, Iter, const std::vector<int>&, T, int) [with Iter = const double*; T = double]                 	 588.983   	 1         
<PITTS::MultiVector<double>> :: void PITTS::randomize(MultiVector<T>&) [with T = double]                                                                                              	 0.619449  	 1         
<PITTS::Tensor3<double>> :: void PITTS::fold_left(const MatrixType&, int, Tensor3<T>&) [with T = double; MatrixType = Eigen::Block<const Eigen::Matrix<double, -1, -1>, -1, -1, true>]	 0.00595865	 29        
<PITTS::MultiVector<double>> :: void PITTS::MultiVector<T>::resize(long long int, long long int, bool, bool) [with T = double]                                                        	 0.000136175	 1         
<PITTS::Tensor3<double>> :: void PITTS::Tensor3<T>::resize(long long int, long long int, long long int, bool, bool) [with T = double]                                                 	 9.7023e-05	 60        
<PITTS::Tensor3<double>> :: void PITTS::fold_left(const MatrixType&, int, Tensor3<T>&) [with T = double; MatrixType = Eigen::Matrix<double, -1, -1>]                                  	 4.8e-07   	 1         
INFO: You are running LIKWID in a cpuset with 64 CPUs. Taking given IDs as logical ID in cpuset
[1;34m[pthread wrapper] 
[0m[1;34m[pthread wrapper] MAIN -> 0
[0m[1;34m[pthread wrapper] PIN_MASK: [0m[1;34m0->1  [0m[1;34m1->2  [0m[1;34m2->3  [0m[1;34m3->4  [0m[1;34m4->5  [0m[1;34m5->6  [0m[1;34m6->7  [0m[1;34m7->8  [0m[1;34m8->9  [0m[1;34m9->10  [0m[1;34m10->11  [0m[1;34m11->12  [0m[1;34m12->13  [0m[1;34m13->14  [0m[1;34m14->15  [0m[1;34m15->16  [0m[1;34m16->17  [0m[1;34m17->18  [0m[1;34m18->19  [0m[1;34m19->20  [0m[1;34m20->21  [0m[1;34m21->22  [0m[1;34m22->23  [0m[1;34m23->24  [0m[1;34m24->25  [0m[1;34m25->26  [0m[1;34m26->27  [0m[1;34m27->28  [0m[1;34m28->29  [0m[1;34m29->30  [0m[1;34m30->31  [0m[1;34m31->32  [0m[1;34m32->33  [0m[1;34m33->34  [0m[1;34m34->35  [0m[1;34m35->36  [0m[1;34m36->37  [0m[1;34m37->38  [0m[1;34m38->39  [0m[1;34m39->40  [0m[1;34m40->41  [0m[1;34m41->42  [0m[1;34m42->43  [0m[1;34m43->44  [0m[1;34m44->45  [0m[1;34m45->46  [0m[1;34m46->47  [0m[1;34m47->48  [0m[1;34m48->49  [0m[1;34m49->50  [0m[1;34m50->51  [0m[1;34m51->52  [0m[1;34m52->53  [0m[1;34m53->54  [0m[1;34m54->55  [0m[1;34m55->56  [0m[1;34m56->57  [0m[1;34m57->58  [0m[1;34m58->59  [0m[1;34m59->60  [0m[1;34m60->61  [0m[1;34m61->62  [0m[1;34m62->63  [0m[1;34m
[pthread wrapper] SKIP MASK: 0x0
[0m[1;34m	threadid 139206454126400 -> hwthread 1 - OK[0m[1;34m
[0m[1;34m	threadid 139206445729728 -> hwthread 2 - OK[0m[1;34m
[0m[1;34m	threadid 139206437333056 -> hwthread 3 - OK[0m[1;34m
[0m[1;34m	threadid 139206428936384 -> hwthread 4 - OK[0m[1;34m
[0m[1;34m	threadid 139206420539712 -> hwthread 5 - OK[0m[1;34m
[0m[1;34m	threadid 139206412143040 -> hwthread 6 - OK[0m[1;34m
[0m[1;34m	threadid 139206064073280 -> hwthread 7 - OK[0m[1;34m
[0m[1;34m	threadid 139206055676608 -> hwthread 8 - OK[0m[1;34m
[0m[1;34m	threadid 139206047279936 -> hwthread 9 - OK[0m[1;34m
[0m[1;34m	threadid 139206038883264 -> hwthread 10 - OK[0m[1;34m
[0m[1;34m	threadid 139206030486592 -> hwthread 11 - OK[0m[1;34m
[0m[1;34m	threadid 139206022089920 -> hwthread 12 - OK[0m[1;34m
[0m[1;34m	threadid 139206013693248 -> hwthread 13 - OK[0m[1;34m
[0m[1;34m	threadid 139205460094400 -> hwthread 14 - OK[0m[1;34m
[0m[1;34m	threadid 139205451697728 -> hwthread 15 - OK[0m[1;34m
[0m[1;34m	threadid 139205443301056 -> hwthread 16 - OK[0m[1;34m
[0m[1;34m	threadid 139205434904384 -> hwthread 17 - OK[0m[1;34m
[0m[1;34m	threadid 139205426507712 -> hwthread 18 - OK[0m[1;34m
[0m[1;34m	threadid 139205418111040 -> hwthread 19 - OK[0m[1;34m
[0m[1;34m	threadid 139205409714368 -> hwthread 20 - OK[0m[1;34m
[0m[1;34m	threadid 139204923224384 -> hwthread 21 - OK[0m[1;34m
[0m[1;34m	threadid 139204914827712 -> hwthread 22 - OK[0m[1;34m
[0m[1;34m	threadid 139204906431040 -> hwthread 23 - OK[0m[1;34m
[0m[1;34m	threadid 139204898034368 -> hwthread 24 - OK[0m[1;34m
[0m[1;34m	threadid 139204889637696 -> hwthread 25 - OK[0m[1;34m
[0m[1;34m	threadid 139204881241024 -> hwthread 26 - OK[0m[1;34m
[0m[1;34m	threadid 139204872844352 -> hwthread 27 - OK[0m[1;34m
[0m[1;34m	threadid 139204386354368 -> hwthread 28 - OK[0m[1;34m
[0m[1;34m	threadid 139204377957696 -> hwthread 29 - OK[0m[1;34m
[0m[1;34m	threadid 139204369561024 -> hwthread 30 - OK[0m[1;34m
[0m[1;34m	threadid 139204361164352 -> hwthread 31 - OK[0m[1;34m
[0m[1;34m	threadid 139204352767680 -> hwthread 32 - OK[0m[1;34m
[0m[1;34m	threadid 139204344366912 -> hwthread 33 - OK[0m[1;34m
[0m[1;34m	threadid 139204335966144 -> hwthread 34 - OK[0m[1;34m
[0m[1;34m	threadid 139203849480256 -> hwthread 35 - OK[0m[1;34m
[0m[1;34m	threadid 139203841079488 -> hwthread 36 - OK[0m[1;34m
[0m[1;34m	threadid 139203832678720 -> hwthread 37 - OK[0m[1;34m
[0m[1;34m	threadid 139203824277952 -> hwthread 38 - OK[0m[1;34m
[0m[1;34m	threadid 139203815877184 -> hwthread 39 - OK[0m[1;34m
[0m[1;34m	threadid 139203807476416 -> hwthread 40 - OK[0m[1;34m
[0m[1;34m	threadid 139203799075648 -> hwthread 41 - OK[0m[1;34m
[0m[1;34m	threadid 139203312610240 -> hwthread 42 - OK[0m[1;34m
[0m[1;34m	threadid 139203304209472 -> hwthread 43 - OK[0m[1;34m
[0m[1;34m	threadid 139203295808704 -> hwthread 44 - OK[0m[1;34m
[0m[1;34m	threadid 139203287407936 -> hwthread 45 - OK[0m[1;34m
[0m[1;34m	threadid 139203279007168 -> hwthread 46 - OK[0m[1;34m
[0m[1;34m	threadid 139203270606400 -> hwthread 47 - OK[0m[1;34m
[0m[1;34m	threadid 139203262205632 -> hwthread 48 - OK[0m[1;34m
[0m[1;34m	threadid 139202775740224 -> hwthread 49 - OK[0m[1;34m
[0m[1;34m	threadid 139202767339456 -> hwthread 50 - OK[0m[1;34m
[0m[1;34m	threadid 139202758938688 -> hwthread 51 - OK[0m[1;34m
[0m[1;34m	threadid 139202750537920 -> hwthread 52 - OK[0m[1;34m
[0m[1;34m	threadid 139202742137152 -> hwthread 53 - OK[0m[1;34m
[0m[1;34m	threadid 139202733736384 -> hwthread 54 - OK[0m[1;34m
[0m[1;34m	threadid 139202725335616 -> hwthread 55 - OK[0m[1;34m
[0m[1;34m	threadid 139202238870208 -> hwthread 56 - OK[0m[1;34m
[0m[1;34m	threadid 139202230469440 -> hwthread 57 - OK[0m[1;34m
[0m[1;34m	threadid 139202222068672 -> hwthread 58 - OK[0m[1;34m
[0m[1;34m	threadid 139202213667904 -> hwthread 59 - OK[0m[1;34m
[0m[1;34m	threadid 139202205267136 -> hwthread 60 - OK[0m[1;34m
[0m[1;34m	threadid 139202196866368 -> hwthread 61 - OK[0m[1;34m
[0m[1;34m	threadid 139202188465600 -> hwthread 62 - OK[0m[1;34m
[0m[1;34m	threadid 139201702000192 -> hwthread 63 - OK[0m[1;34m
[0m[1;34mRoundrobin placement triggered
	threadid 139201693599424 -> hwthread 0 - OK[0m[1;34m
[0m[1;34m	threadid 139201685206720 -> hwthread 1 - OK[0m[1;34m
srun: Job step aborted: Waiting up to 32 seconds for job step to finish.
[2025-09-21T22:46:45.123] error: *** STEP 242895.66 ON be-amd01 CANCELLED AT 2025-09-21T22:46:45 DUE to SIGNAL Terminated ***
[2025-09-21T22:46:45.124] error: *** JOB 242895 ON be-amd01 CANCELLED AT 2025-09-21T22:46:45 DUE to SIGNAL Terminated ***
